human_file,computer_file,iou,length_um_human,width_um_human,length_um_computer,width_um_computer,length_diff_um,width_diff_um,abs_length_diff_um,abs_width_diff_um
86_png.rf.1cb8c3a1af1d5cc935a1d538bc6dd131_roi_3.png,86_png.rf.1cb8c3a1af1d5cc935a1d538bc6dd131_roi_13.png,0.9622155427932739,631.868747954308,39.62614666944365,635.2560053677364,39.92085778596828,3.387257413428415,0.2947111165246312,3.387257413428415,0.2947111165246312
161_png.rf.158ad654011e9670046a475b12f8593d_roi_15.png,161_png.rf.158ad654011e9670046a475b12f8593d_roi_6.png,0.9621749520301819,606.0800697328397,37.39786843721577,612.6665310877925,37.884455522770544,6.586461354952803,0.48658708555477403,6.586461354952803,0.48658708555477403
77_png.rf.e21cdb67d45225a97432fb9511bacd58_roi_56.png,77_png.rf.e21cdb67d45225a97432fb9511bacd58_roi_46.png,0.9615692496299744,658.7761668651453,40.48255615034088,663.9475830616831,40.92769114489757,5.171416196537734,0.4451349945566889,5.171416196537734,0.4451349945566889
79_png.rf.5ec9f077f4d5af0f3ab029d7283bba4e_roi_24.png,79_png.rf.5ec9f077f4d5af0f3ab029d7283bba4e_roi_15.png,0.9607371687889099,715.0389214304697,37.19620556892738,708.7779692588273,38.42814109079556,-6.26095217164243,1.2319355218681807,6.26095217164243,1.2319355218681807
79_png.rf.5ec9f077f4d5af0f3ab029d7283bba4e_roi_19.png,79_png.rf.5ec9f077f4d5af0f3ab029d7283bba4e_roi_25.png,0.9592927694320679,722.9938211707064,36.03750004068535,525.8762438405238,50.18356745345877,-197.1175773301826,14.14606741277342,197.1175773301826,14.14606741277342
86_png.rf.1cb8c3a1af1d5cc935a1d538bc6dd131_roi_7.png,86_png.rf.1cb8c3a1af1d5cc935a1d538bc6dd131_roi_7.png,0.9589794874191284,595.4468971929117,36.35707588796289,604.674418663219,36.31288811955518,9.227521470307238,-0.04418776840770988,9.227521470307238,0.04418776840770988
85_png.rf.75439e009b13787c8bd637122941d6c9_roi_30.png,85_png.rf.75439e009b13787c8bd637122941d6c9_roi_15.png,0.9588178396224976,647.5548019719404,33.88890593227953,639.1135309649786,35.381437174047974,-8.441271006961756,1.4925312417684466,8.441271006961756,1.4925312417684466
79_png.rf.5ec9f077f4d5af0f3ab029d7283bba4e_roi_26.png,79_png.rf.5ec9f077f4d5af0f3ab029d7283bba4e_roi_29.png,0.9586179256439209,671.3990776759258,39.38229053181977,692.4014885344527,39.182686747749806,21.0024108585269,-0.19960378406996426,21.0024108585269,0.19960378406996426
77_png.rf.e21cdb67d45225a97432fb9511bacd58_roi_54.png,77_png.rf.e21cdb67d45225a97432fb9511bacd58_roi_19.png,0.9584382772445679,713.9884654852282,35.62625785264218,707.4150126583563,36.69704692498465,-6.573452826871858,1.070789072342464,6.573452826871858,1.070789072342464
156_png.rf.6120be0c3a28f4801b0a45145ce1e961_roi_28.png,156_png.rf.6120be0c3a28f4801b0a45145ce1e961_roi_7.png,0.958184003829956,685.7122847881899,39.17899862386473,689.2595993549571,39.45440598905386,3.547314566767227,0.2754073651891318,3.547314566767227,0.2754073651891318
78_png.rf.64c5d696884a3b905e0a4e7625969623_roi_13.png,78_png.rf.64c5d696884a3b905e0a4e7625969623_roi_5.png,0.9581361413002014,721.0009768270643,40.72896806388988,709.0249058847735,42.087666449556274,-11.97607094229079,1.3586983856663934,11.97607094229079,1.3586983856663934
79_png.rf.5ec9f077f4d5af0f3ab029d7283bba4e_roi_27.png,79_png.rf.5ec9f077f4d5af0f3ab029d7283bba4e_roi_7.png,0.9580631256103516,719.8193808383277,34.45474131640118,721.3623135558553,34.611611479589634,1.5429327175276057,0.15687016318845082,1.5429327175276057,0.15687016318845082
79_png.rf.5ec9f077f4d5af0f3ab029d7283bba4e_roi_31.png,79_png.rf.5ec9f077f4d5af0f3ab029d7283bba4e_roi_30.png,0.9577465057373047,672.3155310840659,38.15857387058984,697.3425856269743,38.15756624486982,25.02705454290833,-0.0010076257200211103,25.02705454290833,0.0010076257200211103
79_png.rf.5ec9f077f4d5af0f3ab029d7283bba4e_roi_20.png,79_png.rf.5ec9f077f4d5af0f3ab029d7283bba4e_roi_10.png,0.9577294588088989,708.7209015945205,37.39963053144068,707.7050956108521,38.352203788622674,-1.015805983668315,0.9525732571819958,1.015805983668315,0.9525732571819958
84_png.rf.58f1729113639cc3714467029dcb4780_roi_33.png,84_png.rf.58f1729113639cc3714467029dcb4780_roi_17.png,0.9576306343078613,665.1918830882602,38.96396632353684,643.3188132009959,41.46811904293146,-21.87306988726425,2.504152719394625,21.87306988726425,2.504152719394625
165_png.rf.632345fe644e540f32370605842f049a_roi_29.png,165_png.rf.632345fe644e540f32370605842f049a_roi_19.png,0.957456111907959,615.3547135310138,40.246241030606846,607.8241694919337,40.15295409468157,-7.530544039080041,-0.0932869359252777,7.530544039080041,0.0932869359252777
77_png.rf.e21cdb67d45225a97432fb9511bacd58_roi_43.png,77_png.rf.e21cdb67d45225a97432fb9511bacd58_roi_17.png,0.9562317728996277,644.6316269661794,39.68578009991891,646.4223810202728,40.87117464824197,1.7907540540934406,1.1853945483230603,1.7907540540934406,1.1853945483230603
77_png.rf.e21cdb67d45225a97432fb9511bacd58_roi_49.png,77_png.rf.e21cdb67d45225a97432fb9511bacd58_roi_40.png,0.9557446837425232,663.3487608098359,37.99747711062599,672.8959911285435,37.90589561000167,9.547230318707648,-0.09158150062431503,9.547230318707648,0.09158150062431503
85_png.rf.75439e009b13787c8bd637122941d6c9_roi_14.png,85_png.rf.75439e009b13787c8bd637122941d6c9_roi_32.png,0.955524206161499,749.7403593540072,40.1245187822238,740.4441412434784,41.42747946801242,-9.296218110528798,1.3029606857886193,9.296218110528798,1.3029606857886193
171_png.rf.febf282da9ce93abe816ac234ff149c0_roi_4.png,171_png.rf.febf282da9ce93abe816ac234ff149c0_roi_22.png,0.9554823040962219,630.6366898545043,40.675271232696176,631.1338464567684,42.099201880116354,0.49715660226411273,1.4239306474201783,0.49715660226411273,1.4239306474201783
87_png.rf.83a425900a4820bbace2d64b95c0f070_roi_33.png,87_png.rf.83a425900a4820bbace2d64b95c0f070_roi_16.png,0.9554808735847473,665.3387144437296,38.18722846715119,657.4301181996898,39.44866131868124,-7.908596244039813,1.2614328515300457,7.908596244039813,1.2614328515300457
167_png.rf.4aadee1e7f1b32608b2901d34d9bd4ac_roi_19.png,167_png.rf.4aadee1e7f1b32608b2901d34d9bd4ac_roi_1.png,0.9554807543754578,728.6050782803643,39.42550174269858,724.465545084706,39.716778803916455,-4.1395331956582595,0.2912770612178761,4.1395331956582595,0.2912770612178761
85_png.rf.75439e009b13787c8bd637122941d6c9_roi_31.png,85_png.rf.75439e009b13787c8bd637122941d6c9_roi_9.png,0.954954981803894,667.2395873747013,35.90497692443789,655.5358989051082,36.29581954533616,-11.70368846959309,0.39084262089826893,11.70368846959309,0.39084262089826893
163_png.rf.cd0f9f7ac75a6e8ddaa98127ab6df9d3_roi_4.png,163_png.rf.cd0f9f7ac75a6e8ddaa98127ab6df9d3_roi_27.png,0.9545913338661194,567.1519917027197,37.7312290538471,561.2569171716157,37.80385754443917,-5.895074531104001,0.07262849059206644,5.895074531104001,0.07262849059206644
84_png.rf.58f1729113639cc3714467029dcb4780_roi_56.png,84_png.rf.58f1729113639cc3714467029dcb4780_roi_15.png,0.9544879794120789,677.1415555559936,37.43952578335134,694.8279415863095,37.41127638091657,17.68638603031593,-0.02824940243477414,17.68638603031593,0.02824940243477414
79_png.rf.5ec9f077f4d5af0f3ab029d7283bba4e_roi_28.png,79_png.rf.5ec9f077f4d5af0f3ab029d7283bba4e_roi_27.png,0.9543960690498352,686.7274994618928,37.73997530168314,682.9934052280743,38.76570709839597,-3.734094233818496,1.025731796712833,3.734094233818496,1.025731796712833
87_png.rf.83a425900a4820bbace2d64b95c0f070_roi_38.png,87_png.rf.83a425900a4820bbace2d64b95c0f070_roi_23.png,0.9543396234512329,747.499776712384,37.859804119532846,743.5674868499905,38.68588533437348,-3.9322898623935316,0.8260812148406345,3.9322898623935316,0.8260812148406345
87_png.rf.83a425900a4820bbace2d64b95c0f070_roi_41.png,87_png.rf.83a425900a4820bbace2d64b95c0f070_roi_1.png,0.9542835354804993,718.3481500500031,38.3896918427527,715.1958035869256,39.51027087889874,-3.1523464630774924,1.1205790361460402,3.1523464630774924,1.1205790361460402
85_png.rf.75439e009b13787c8bd637122941d6c9_roi_27.png,85_png.rf.75439e009b13787c8bd637122941d6c9_roi_1.png,0.9542566537857056,656.3065503323667,37.90150086869645,655.6400709951513,39.29422764769329,-0.6664793372153781,1.3927267789968383,0.6664793372153781,1.3927267789968383
77_png.rf.e21cdb67d45225a97432fb9511bacd58_roi_34.png,77_png.rf.e21cdb67d45225a97432fb9511bacd58_roi_9.png,0.9541918635368347,668.5219027743921,37.352206913568914,663.3442546742621,37.328714640086886,-5.17764810013,-0.023492273482027315,5.17764810013,0.023492273482027315
79_png.rf.5ec9f077f4d5af0f3ab029d7283bba4e_roi_5.png,79_png.rf.5ec9f077f4d5af0f3ab029d7283bba4e_roi_45.png,0.9541202783584595,679.8703156552818,35.641813175650405,672.6131485759242,35.98795615780258,-7.2571670793576,0.3461429821521733,7.2571670793576,0.3461429821521733
156_png.rf.6120be0c3a28f4801b0a45145ce1e961_roi_8.png,156_png.rf.6120be0c3a28f4801b0a45145ce1e961_roi_0.png,0.9540084600448608,647.2871245155444,38.92604773478618,654.4346548356197,39.32240354436129,7.147530320075248,0.3963558095751125,7.147530320075248,0.3963558095751125
77_png.rf.e21cdb67d45225a97432fb9511bacd58_roi_45.png,77_png.rf.e21cdb67d45225a97432fb9511bacd58_roi_39.png,0.9539262652397156,671.9450914067141,39.59802703705444,685.1671213787932,39.68196369036188,13.222029972079099,0.08393665330743971,13.222029972079099,0.08393665330743971
163_png.rf.cd0f9f7ac75a6e8ddaa98127ab6df9d3_roi_19.png,163_png.rf.cd0f9f7ac75a6e8ddaa98127ab6df9d3_roi_8.png,0.9537902474403381,575.8183825731617,35.83546959590924,571.2675524842009,36.289881017342246,-4.550830088960765,0.45441142143300794,4.550830088960765,0.45441142143300794
77_png.rf.e21cdb67d45225a97432fb9511bacd58_roi_46.png,77_png.rf.e21cdb67d45225a97432fb9511bacd58_roi_1.png,0.9537037014961243,675.2319949420803,37.42430619128309,684.6164963686313,37.438717852361215,9.384501426550969,0.01441166107812819,9.384501426550969,0.01441166107812819
161_png.rf.158ad654011e9670046a475b12f8593d_roi_12.png,161_png.rf.158ad654011e9670046a475b12f8593d_roi_3.png,0.9535176157951355,649.1145778912568,39.07984186476447,657.2533644683025,39.85269705877618,8.138786577045721,0.7728551940117114,8.138786577045721,0.7728551940117114
165_png.rf.632345fe644e540f32370605842f049a_roi_28.png,165_png.rf.632345fe644e540f32370605842f049a_roi_5.png,0.9533718824386597,651.8919457983073,42.25807295772506,670.2219448678068,41.890631099806384,18.329999069499422,-0.3674418579186778,18.329999069499422,0.3674418579186778
87_png.rf.83a425900a4820bbace2d64b95c0f070_roi_11.png,87_png.rf.83a425900a4820bbace2d64b95c0f070_roi_24.png,0.9531974196434021,647.7557574037024,35.37267206246128,643.978006156262,36.57515874332631,-3.777751247440392,1.2024866808650359,3.777751247440392,1.2024866808650359
76_png.rf.7f70179db28531c420ff564284110692_roi_41.png,76_png.rf.7f70179db28531c420ff564284110692_roi_34.png,0.9530938267707825,594.0491441181197,36.500816932406586,583.6057303058325,36.885290096108335,-10.44341381228719,0.3844731637017489,10.44341381228719,0.3844731637017489
84_png.rf.58f1729113639cc3714467029dcb4780_roi_44.png,84_png.rf.58f1729113639cc3714467029dcb4780_roi_37.png,0.9530819058418274,645.0021040627598,36.30209617763919,619.0709327204758,37.7720541707556,-25.931171342284074,1.4699579931164095,25.931171342284074,1.4699579931164095
79_png.rf.5ec9f077f4d5af0f3ab029d7283bba4e_roi_4.png,79_png.rf.5ec9f077f4d5af0f3ab029d7283bba4e_roi_40.png,0.9527390003204346,585.7213192927263,33.87943036319959,589.8243854057521,34.69319404937488,4.103066113025761,0.8137636861752924,4.103066113025761,0.8137636861752924
157_png.rf.355ba2b71e0720acf76aee03119c688a_roi_21.png,157_png.rf.355ba2b71e0720acf76aee03119c688a_roi_4.png,0.9527176022529602,593.619390222821,40.34447500203018,613.3069778241362,40.42719365633933,19.68758760131516,0.08271865430914715,19.68758760131516,0.08271865430914715
77_png.rf.e21cdb67d45225a97432fb9511bacd58_roi_32.png,77_png.rf.e21cdb67d45225a97432fb9511bacd58_roi_23.png,0.952708899974823,600.2144608075893,37.959722187296464,601.3541461453688,39.06454849167638,1.1396853377794969,1.1048263043799196,1.1396853377794969,1.1048263043799196
86_png.rf.1cb8c3a1af1d5cc935a1d538bc6dd131_roi_8.png,86_png.rf.1cb8c3a1af1d5cc935a1d538bc6dd131_roi_15.png,0.9525032043457031,1017.5457062323692,24.88209107338203,666.395358167157,37.41405099843072,-351.15034806521214,12.531959925048689,351.15034806521214,12.531959925048689
76_png.rf.7f70179db28531c420ff564284110692_roi_53.png,76_png.rf.7f70179db28531c420ff564284110692_roi_0.png,0.9524450302124023,620.6846098814815,38.68102785949542,634.754800068994,37.76665539429064,14.07019018751248,-0.9143724652047851,14.07019018751248,0.9143724652047851
167_png.rf.4aadee1e7f1b32608b2901d34d9bd4ac_roi_27.png,167_png.rf.4aadee1e7f1b32608b2901d34d9bd4ac_roi_18.png,0.9523623585700989,708.0371715087045,39.06331396900086,700.6189581661489,39.129764979874,-7.418213342555646,0.06645101087313776,7.418213342555646,0.06645101087313776
87_png.rf.83a425900a4820bbace2d64b95c0f070_roi_14.png,87_png.rf.83a425900a4820bbace2d64b95c0f070_roi_8.png,0.9522399306297302,758.2071765390112,37.9008708404988,759.3679250822294,38.20457624333061,1.1607485432181193,0.3037054028318096,1.1607485432181193,0.3037054028318096
76_png.rf.7f70179db28531c420ff564284110692_roi_49.png,76_png.rf.7f70179db28531c420ff564284110692_roi_17.png,0.9520707130432129,627.5170815940734,36.75488372187477,626.4273419155147,37.33339688917222,-1.089739678558658,0.5785131672974515,1.089739678558658,0.5785131672974515
79_png.rf.5ec9f077f4d5af0f3ab029d7283bba4e_roi_6.png,79_png.rf.5ec9f077f4d5af0f3ab029d7283bba4e_roi_67.png,0.9520354866981506,688.66712252498,37.89983557902066,697.6060601030375,38.94343320684438,8.938937578057562,1.043597627823722,8.938937578057562,1.043597627823722
77_png.rf.e21cdb67d45225a97432fb9511bacd58_roi_29.png,77_png.rf.e21cdb67d45225a97432fb9511bacd58_roi_58.png,0.9514999985694885,643.4564136158732,32.97740822282123,610.5632562536888,35.628763610734595,-32.89315736218441,2.6513553879133624,32.89315736218441,2.6513553879133624
84_png.rf.58f1729113639cc3714467029dcb4780_roi_32.png,84_png.rf.58f1729113639cc3714467029dcb4780_roi_34.png,0.9512544870376587,690.1515586404644,43.41401012150416,677.8907001018567,44.08018622373002,-12.260858538607636,0.6661761022258545,12.260858538607636,0.6661761022258545
84_png.rf.58f1729113639cc3714467029dcb4780_roi_34.png,84_png.rf.58f1729113639cc3714467029dcb4780_roi_9.png,0.9512194991111755,613.6547479053098,39.66124339455072,629.055417820856,39.88490354758274,15.400669915546132,0.22366015303201436,15.400669915546132,0.22366015303201436
77_png.rf.e21cdb67d45225a97432fb9511bacd58_roi_50.png,77_png.rf.e21cdb67d45225a97432fb9511bacd58_roi_34.png,0.9509974122047424,679.9633914866229,36.00724234518544,673.1490492560856,37.20876482830438,-6.81434223053725,1.2015224831189428,6.81434223053725,1.2015224831189428
77_png.rf.e21cdb67d45225a97432fb9511bacd58_roi_15.png,77_png.rf.e21cdb67d45225a97432fb9511bacd58_roi_15.png,0.9509434103965759,648.731929927681,34.63584999839944,644.9192748783145,35.78467146976281,-3.8126550493665263,1.1488214713633695,3.8126550493665263,1.1488214713633695
167_png.rf.4aadee1e7f1b32608b2901d34d9bd4ac_roi_15.png,167_png.rf.4aadee1e7f1b32608b2901d34d9bd4ac_roi_25.png,0.9506173133850098,741.2807013110854,38.85188308280742,737.8240518779346,39.15215980557189,-3.456649433150801,0.3002767227644725,3.456649433150801,0.3002767227644725
84_png.rf.58f1729113639cc3714467029dcb4780_roi_46.png,84_png.rf.58f1729113639cc3714467029dcb4780_roi_20.png,0.9505195617675781,590.5528789278474,35.98623718693594,584.0346681243376,37.89037423659376,-6.51821080350976,1.9041370496578196,6.51821080350976,1.9041370496578196
86_png.rf.1cb8c3a1af1d5cc935a1d538bc6dd131_roi_20.png,86_png.rf.1cb8c3a1af1d5cc935a1d538bc6dd131_roi_14.png,0.9504526257514954,602.8913656175781,37.40625171262716,597.1873806742649,38.03717586145063,-5.70398494331323,0.6309241488234676,5.70398494331323,0.6309241488234676
79_png.rf.5ec9f077f4d5af0f3ab029d7283bba4e_roi_25.png,79_png.rf.5ec9f077f4d5af0f3ab029d7283bba4e_roi_53.png,0.9504504799842834,683.8503549100456,37.62991629067,688.7469243997477,38.88548045753815,4.896569489702188,1.2555641668681474,4.896569489702188,1.2555641668681474
84_png.rf.58f1729113639cc3714467029dcb4780_roi_4.png,84_png.rf.58f1729113639cc3714467029dcb4780_roi_25.png,0.9503602981567383,668.7733075697852,39.99055379686798,666.7782999011879,40.663046122260674,-1.9950076685972817,0.672492325392696,1.9950076685972817,0.672492325392696
156_png.rf.6120be0c3a28f4801b0a45145ce1e961_roi_26.png,156_png.rf.6120be0c3a28f4801b0a45145ce1e961_roi_25.png,0.950281023979187,614.3343993945152,39.87564275504525,613.4067901443825,41.096798617831546,-0.9276092501327184,1.221155862786297,0.9276092501327184,1.221155862786297
165_png.rf.632345fe644e540f32370605842f049a_roi_23.png,165_png.rf.632345fe644e540f32370605842f049a_roi_16.png,0.9502740502357483,675.5191267378405,40.56982311780197,665.8940947799618,41.82189914840199,-9.625031957878605,1.2520760306000227,9.625031957878605,1.2520760306000227
87_png.rf.83a425900a4820bbace2d64b95c0f070_roi_0.png,87_png.rf.83a425900a4820bbace2d64b95c0f070_roi_43.png,0.9501965641975403,674.2253634239585,36.4457742086299,677.5656884525794,36.865379675712695,3.340325028620896,0.4196054670827962,3.340325028620896,0.4196054670827962
167_png.rf.4aadee1e7f1b32608b2901d34d9bd4ac_roi_22.png,167_png.rf.4aadee1e7f1b32608b2901d34d9bd4ac_roi_8.png,0.9501069188117981,803.928327379956,37.81005895175682,789.5721976645439,37.663755361897294,-14.35612971541218,-0.14630358985952796,14.35612971541218,0.14630358985952796
84_png.rf.58f1729113639cc3714467029dcb4780_roi_24.png,84_png.rf.58f1729113639cc3714467029dcb4780_roi_29.png,0.9500932693481445,593.0856263612774,38.58502778869321,582.6963803070813,39.99507567017029,-10.389246054196065,1.4100478814770767,10.389246054196065,1.4100478814770767
77_png.rf.e21cdb67d45225a97432fb9511bacd58_roi_13.png,77_png.rf.e21cdb67d45225a97432fb9511bacd58_roi_3.png,0.9500693678855896,662.9638407373782,34.841349715186915,655.7721093764081,35.8178101367946,-7.191731360970039,0.9764604216076833,7.191731360970039,0.9764604216076833
76_png.rf.7f70179db28531c420ff564284110692_roi_20.png,76_png.rf.7f70179db28531c420ff564284110692_roi_29.png,0.9500662684440613,635.6081228749863,39.18317409307489,628.3508440632054,38.03553578391293,-7.257278811780907,-1.1476383091619624,7.257278811780907,1.1476383091619624
86_png.rf.1cb8c3a1af1d5cc935a1d538bc6dd131_roi_1.png,86_png.rf.1cb8c3a1af1d5cc935a1d538bc6dd131_roi_3.png,0.9500499367713928,603.0545454963326,35.13135828332687,596.5241070476651,36.36344808097845,-6.530438448667496,1.2320897976515823,6.530438448667496,1.2320897976515823
76_png.rf.7f70179db28531c420ff564284110692_roi_38.png,76_png.rf.7f70179db28531c420ff564284110692_roi_14.png,0.9500247240066528,589.9762758698164,37.13775763666443,593.3048268874295,36.071368044097454,3.3285510176131083,-1.0663895925669777,3.3285510176131083,1.0663895925669777
163_png.rf.cd0f9f7ac75a6e8ddaa98127ab6df9d3_roi_21.png,163_png.rf.cd0f9f7ac75a6e8ddaa98127ab6df9d3_roi_10.png,0.9498525261878967,586.0177142635172,37.81589152577399,579.6732930509745,37.34732373432192,-6.34442121254267,-0.46856779145207383,6.34442121254267,0.46856779145207383
86_png.rf.1cb8c3a1af1d5cc935a1d538bc6dd131_roi_0.png,86_png.rf.1cb8c3a1af1d5cc935a1d538bc6dd131_roi_8.png,0.9498341679573059,711.0253996866547,36.08620462966247,698.3577805662443,37.59010315648265,-12.66761912041045,1.5038985268201799,12.66761912041045,1.5038985268201799
164_png.rf.67de034d315f10061f576d8a59ec9e00_roi_13.png,164_png.rf.67de034d315f10061f576d8a59ec9e00_roi_3.png,0.9497262239456177,617.1026132251127,35.30384502443006,624.8479432119206,33.96157245014466,7.74532998680786,-1.3422725742854027,7.74532998680786,1.3422725742854027
85_png.rf.75439e009b13787c8bd637122941d6c9_roi_1.png,85_png.rf.75439e009b13787c8bd637122941d6c9_roi_20.png,0.9497206807136536,663.719506154038,37.46159313143748,660.1846707741043,37.87494295181512,-3.534835379933611,0.4133498203776398,3.534835379933611,0.4133498203776398
156_png.rf.6120be0c3a28f4801b0a45145ce1e961_roi_27.png,156_png.rf.6120be0c3a28f4801b0a45145ce1e961_roi_24.png,0.9497098922729492,571.617290079649,38.10401690990504,568.3168863346672,40.002979970832094,-3.3004037449818497,1.898963060927052,3.3004037449818497,1.898963060927052
85_png.rf.75439e009b13787c8bd637122941d6c9_roi_3.png,85_png.rf.75439e009b13787c8bd637122941d6c9_roi_23.png,0.9497076272964478,675.5083448398696,40.885041887504336,682.2585155859848,40.11791373016241,6.750170746115259,-0.7671281573419293,6.750170746115259,0.7671281573419293
77_png.rf.e21cdb67d45225a97432fb9511bacd58_roi_24.png,77_png.rf.e21cdb67d45225a97432fb9511bacd58_roi_12.png,0.949404776096344,596.9862797616756,36.02276476911821,594.4386248867274,36.38668466716092,-2.5476548749481935,0.36391989804270963,2.5476548749481935,0.36391989804270963
84_png.rf.58f1729113639cc3714467029dcb4780_roi_14.png,84_png.rf.58f1729113639cc3714467029dcb4780_roi_8.png,0.94930499792099,654.2466667165811,39.9621408160293,657.8478016886635,40.58290047109159,3.6011349720823773,0.6207596550622938,3.6011349720823773,0.6207596550622938
154_png.rf.14ad9631fdb98926098b64b2cc23b499_roi_18.png,154_png.rf.14ad9631fdb98926098b64b2cc23b499_roi_9.png,0.949145495891571,659.1051589393579,38.47386249198969,649.6812764010998,40.36481483021743,-9.423882538258113,1.8909523382277413,9.423882538258113,1.8909523382277413
84_png.rf.58f1729113639cc3714467029dcb4780_roi_19.png,84_png.rf.58f1729113639cc3714467029dcb4780_roi_10.png,0.9490811824798584,669.763832845928,42.51343382185754,663.0605646689858,41.78855651651484,-6.703268176942288,-0.7248773053427016,6.703268176942288,0.7248773053427016
79_png.rf.5ec9f077f4d5af0f3ab029d7283bba4e_roi_23.png,79_png.rf.5ec9f077f4d5af0f3ab029d7283bba4e_roi_12.png,0.9490504860877991,657.8806448522281,34.58481634730773,649.3474055935083,36.16387746871659,-8.533239258719846,1.5790611214088628,8.533239258719846,1.5790611214088628
154_png.rf.14ad9631fdb98926098b64b2cc23b499_roi_16.png,154_png.rf.14ad9631fdb98926098b64b2cc23b499_roi_4.png,0.9489973783493042,643.260576670351,37.74957656249818,654.0170059880006,38.41174688413227,10.756429317649577,0.6621703216340933,10.756429317649577,0.6621703216340933
167_png.rf.4aadee1e7f1b32608b2901d34d9bd4ac_roi_21.png,167_png.rf.4aadee1e7f1b32608b2901d34d9bd4ac_roi_3.png,0.9488914012908936,746.8887103317944,38.64971775829477,734.6243066977584,38.86072105866563,-12.264403634036057,0.21100330037086223,12.264403634036057,0.21100330037086223
86_png.rf.1cb8c3a1af1d5cc935a1d538bc6dd131_roi_19.png,86_png.rf.1cb8c3a1af1d5cc935a1d538bc6dd131_roi_12.png,0.948845624923706,608.5479164798166,38.04419044713559,617.3110334495918,38.99034558980076,8.763116969775183,0.9461551426651695,8.763116969775183,0.9461551426651695
76_png.rf.7f70179db28531c420ff564284110692_roi_2.png,76_png.rf.7f70179db28531c420ff564284110692_roi_23.png,0.9488396644592285,562.3387455358511,36.85206267514541,565.747422807108,35.345265060056995,3.40867727125692,-1.5067976150884164,3.40867727125692,1.5067976150884164
165_png.rf.632345fe644e540f32370605842f049a_roi_22.png,165_png.rf.632345fe644e540f32370605842f049a_roi_23.png,0.9488139748573303,646.3724236553007,39.97800407623087,655.3435689563706,38.95085529227322,8.971145301069896,-1.0271487839576494,8.971145301069896,1.0271487839576494
156_png.rf.6120be0c3a28f4801b0a45145ce1e961_roi_5.png,156_png.rf.6120be0c3a28f4801b0a45145ce1e961_roi_10.png,0.9487534761428833,609.8768880238568,37.86476977081532,601.265948460179,39.16312374300736,-8.610939563677903,1.2983539721920394,8.610939563677903,1.2983539721920394
79_png.rf.5ec9f077f4d5af0f3ab029d7283bba4e_roi_2.png,79_png.rf.5ec9f077f4d5af0f3ab029d7283bba4e_roi_4.png,0.9487179517745972,642.6030341105837,39.54411274756259,640.4566657325988,39.73950732184859,-2.1463683779849134,0.1953945742859986,2.1463683779849134,0.1953945742859986
84_png.rf.58f1729113639cc3714467029dcb4780_roi_30.png,84_png.rf.58f1729113639cc3714467029dcb4780_roi_3.png,0.9483240246772766,623.0815796293447,36.65674938320987,623.0532704408974,37.27049229031308,-0.028309188447224187,0.6137429071032088,0.028309188447224187,0.6137429071032088
84_png.rf.58f1729113639cc3714467029dcb4780_roi_55.png,84_png.rf.58f1729113639cc3714467029dcb4780_roi_1.png,0.948316752910614,594.1394248205204,37.88100438196017,596.0425964355331,38.31677909628965,1.9031716150127522,0.435774714329483,1.9031716150127522,0.435774714329483
156_png.rf.6120be0c3a28f4801b0a45145ce1e961_roi_29.png,156_png.rf.6120be0c3a28f4801b0a45145ce1e961_roi_4.png,0.9483146071434021,618.2631640254309,37.89536208191289,618.9473145313777,39.2272181567869,0.6841505059468318,1.331856074874004,0.6841505059468318,1.331856074874004
164_png.rf.67de034d315f10061f576d8a59ec9e00_roi_4.png,164_png.rf.67de034d315f10061f576d8a59ec9e00_roi_20.png,0.9482758641242981,476.8068737890506,30.247243483626384,482.8448200543184,29.763469188736803,6.037946265267806,-0.48377429488958157,6.037946265267806,0.48377429488958157
84_png.rf.58f1729113639cc3714467029dcb4780_roi_27.png,84_png.rf.58f1729113639cc3714467029dcb4780_roi_24.png,0.9482187032699585,657.4571924502936,38.57269274187207,658.4359168638956,40.051685397000696,0.9787244136019808,1.4789926551286285,0.9787244136019808,1.4789926551286285
166_png.rf.aab41b925e03ee5bae283600f05ed7c1_roi_20.png,166_png.rf.aab41b925e03ee5bae283600f05ed7c1_roi_0.png,0.9481865167617798,630.7449006112814,33.539278733298026,628.7697991917069,32.495801371984214,-1.975101419574571,-1.043477361313812,1.975101419574571,1.043477361313812
84_png.rf.58f1729113639cc3714467029dcb4780_roi_1.png,84_png.rf.58f1729113639cc3714467029dcb4780_roi_11.png,0.9481241106987,606.5306060752476,37.54270877855672,613.4040623947081,38.44623646244069,6.873456319460502,0.903527683883965,6.873456319460502,0.903527683883965
77_png.rf.e21cdb67d45225a97432fb9511bacd58_roi_31.png,77_png.rf.e21cdb67d45225a97432fb9511bacd58_roi_49.png,0.9481151103973389,714.2896559030864,37.21507477126384,712.699545118732,37.15954720145339,-1.590110784354465,-0.05552756981045093,1.590110784354465,0.05552756981045093
161_png.rf.158ad654011e9670046a475b12f8593d_roi_23.png,161_png.rf.158ad654011e9670046a475b12f8593d_roi_22.png,0.9480793476104736,603.9521337221965,41.48366617107367,618.939233651488,41.93224402260567,14.987099929291503,0.4485778515320007,14.987099929291503,0.4485778515320007
87_png.rf.83a425900a4820bbace2d64b95c0f070_roi_8.png,87_png.rf.83a425900a4820bbace2d64b95c0f070_roi_0.png,0.948035478591919,698.7319701648127,36.66506787149163,706.4751504545181,35.77863669323709,7.743180289705492,-0.88643117825454,7.743180289705492,0.88643117825454
165_png.rf.632345fe644e540f32370605842f049a_roi_1.png,165_png.rf.632345fe644e540f32370605842f049a_roi_11.png,0.9480019211769104,596.7529677570619,38.12150698467041,573.2481766770314,38.074786850684525,-23.504791080030486,-0.046720133985886036,23.504791080030486,0.046720133985886036
85_png.rf.75439e009b13787c8bd637122941d6c9_roi_28.png,85_png.rf.75439e009b13787c8bd637122941d6c9_roi_3.png,0.9479681253433228,724.31209839942,38.52178916327821,723.7635791816753,39.61546730537465,-0.5485192177447971,1.0936781420964437,0.5485192177447971,1.0936781420964437
79_png.rf.5ec9f077f4d5af0f3ab029d7283bba4e_roi_0.png,79_png.rf.5ec9f077f4d5af0f3ab029d7283bba4e_roi_14.png,0.9479289650917053,696.2467502001199,38.9422102707096,693.3730211730841,39.60698384369767,-2.873729027035779,0.6647735729880679,2.873729027035779,0.6647735729880679
87_png.rf.83a425900a4820bbace2d64b95c0f070_roi_1.png,87_png.rf.83a425900a4820bbace2d64b95c0f070_roi_13.png,0.9477611780166626,686.0462504705937,37.09555348737653,691.9025399911377,37.92182310554213,5.85628952054401,0.826269618165604,5.85628952054401,0.826269618165604
156_png.rf.6120be0c3a28f4801b0a45145ce1e961_roi_30.png,156_png.rf.6120be0c3a28f4801b0a45145ce1e961_roi_20.png,0.9475051760673523,618.8660901443224,32.47097604315352,626.2874815955283,33.93735904506512,7.421391451205977,1.466383001911602,7.421391451205977,1.466383001911602
85_png.rf.75439e009b13787c8bd637122941d6c9_roi_22.png,85_png.rf.75439e009b13787c8bd637122941d6c9_roi_2.png,0.9473684430122375,656.8162347936989,35.727457053656245,645.0228545181387,36.94851672298668,-11.79338027556014,1.2210596693304367,11.79338027556014,1.2210596693304367
86_png.rf.1cb8c3a1af1d5cc935a1d538bc6dd131_roi_13.png,86_png.rf.1cb8c3a1af1d5cc935a1d538bc6dd131_roi_9.png,0.9471973776817322,678.776486087282,38.22537286702983,678.4086151621863,39.72731917038819,-0.36787092509575814,1.501946303358359,0.36787092509575814,1.501946303358359
76_png.rf.7f70179db28531c420ff564284110692_roi_36.png,76_png.rf.7f70179db28531c420ff564284110692_roi_5.png,0.9470587968826294,575.3705836744746,38.80461633654703,581.9886928295775,37.010317019502686,6.618109155102957,-1.7942993170443415,6.618109155102957,1.7942993170443415
154_png.rf.14ad9631fdb98926098b64b2cc23b499_roi_17.png,154_png.rf.14ad9631fdb98926098b64b2cc23b499_roi_23.png,0.9470459222793579,629.9449411754011,38.57230973264842,630.2356559485984,39.08058436721829,0.29071477319723726,0.5082746345698723,0.29071477319723726,0.5082746345698723
156_png.rf.6120be0c3a28f4801b0a45145ce1e961_roi_0.png,156_png.rf.6120be0c3a28f4801b0a45145ce1e961_roi_28.png,0.9469964504241943,627.340443050499,38.84665786963856,631.2641579614993,38.27610875835552,3.9237149110003884,-0.570549111283043,3.9237149110003884,0.570549111283043
76_png.rf.7f70179db28531c420ff564284110692_roi_44.png,76_png.rf.7f70179db28531c420ff564284110692_roi_3.png,0.9468698501586914,654.4485587816683,39.76284757564405,631.0107451869686,41.86022619668379,-23.43781359469972,2.097378621039738,23.43781359469972,2.097378621039738
84_png.rf.58f1729113639cc3714467029dcb4780_roi_16.png,84_png.rf.58f1729113639cc3714467029dcb4780_roi_2.png,0.9468473196029663,597.6981621240764,33.91688582934124,592.4768485291821,35.33210678745716,-5.221313594894241,1.415220958115917,5.221313594894241,1.415220958115917
167_png.rf.4aadee1e7f1b32608b2901d34d9bd4ac_roi_17.png,167_png.rf.4aadee1e7f1b32608b2901d34d9bd4ac_roi_20.png,0.9467665553092957,762.317350319855,35.89318690949038,748.9023671019098,36.0765334913624,-13.414983217945178,0.1833465818720157,13.414983217945178,0.1833465818720157
85_png.rf.75439e009b13787c8bd637122941d6c9_roi_24.png,85_png.rf.75439e009b13787c8bd637122941d6c9_roi_12.png,0.9467573761940002,754.8655263879369,34.90092293767629,731.6229202277597,37.03027393514362,-23.242606160177274,2.129350997467327,23.242606160177274,2.129350997467327
76_png.rf.7f70179db28531c420ff564284110692_roi_52.png,76_png.rf.7f70179db28531c420ff564284110692_roi_2.png,0.9466426968574524,522.1625333714192,33.36585102122572,528.6223451109818,34.46105582409638,6.4598117395626105,1.0952048028706542,6.4598117395626105,1.0952048028706542
77_png.rf.e21cdb67d45225a97432fb9511bacd58_roi_11.png,77_png.rf.e21cdb67d45225a97432fb9511bacd58_roi_18.png,0.9466145634651184,660.2008180530665,37.11072076924687,651.6419389970183,38.42934135916544,-8.558879056048227,1.3186205899185737,8.558879056048227,1.3186205899185737
167_png.rf.4aadee1e7f1b32608b2901d34d9bd4ac_roi_10.png,167_png.rf.4aadee1e7f1b32608b2901d34d9bd4ac_roi_16.png,0.946494460105896,671.0590748633877,43.50894400761749,673.9239489414526,43.00410109482935,2.864874078064986,-0.5048429127881349,2.864874078064986,0.5048429127881349
76_png.rf.7f70179db28531c420ff564284110692_roi_40.png,76_png.rf.7f70179db28531c420ff564284110692_roi_19.png,0.9461215138435364,686.4641095071576,41.76770284028353,684.5815173719533,40.47909611212142,-1.882592135204277,-1.2886067281621152,1.882592135204277,1.2886067281621152
87_png.rf.83a425900a4820bbace2d64b95c0f070_roi_39.png,87_png.rf.83a425900a4820bbace2d64b95c0f070_roi_11.png,0.9460896253585815,718.4375564980521,38.73518505245811,703.947213103141,40.84767454148598,-14.490343394911065,2.1124894890278725,14.490343394911065,2.1124894890278725
79_png.rf.5ec9f077f4d5af0f3ab029d7283bba4e_roi_1.png,79_png.rf.5ec9f077f4d5af0f3ab029d7283bba4e_roi_21.png,0.9460417628288269,728.2923475583473,37.20704839150602,715.7043761167545,38.18174294354186,-12.5879714415928,0.9746945520358423,12.5879714415928,0.9746945520358423
85_png.rf.75439e009b13787c8bd637122941d6c9_roi_20.png,85_png.rf.75439e009b13787c8bd637122941d6c9_roi_10.png,0.9460188746452332,655.3119628492199,35.89207244011675,657.7629928919479,37.139958114449136,2.451030042728007,1.2478856743323874,2.451030042728007,1.2478856743323874
79_png.rf.5ec9f077f4d5af0f3ab029d7283bba4e_roi_22.png,79_png.rf.5ec9f077f4d5af0f3ab029d7283bba4e_roi_54.png,0.9460188746452332,673.9805645720764,35.4299164234448,657.2457105294515,36.2035168717113,-16.73485404262499,0.7736004482664995,16.73485404262499,0.7736004482664995
161_png.rf.158ad654011e9670046a475b12f8593d_roi_32.png,161_png.rf.158ad654011e9670046a475b12f8593d_roi_39.png,0.9458673000335693,500.6354748640802,35.990490019767094,501.9348732425621,37.61382816819568,1.2993983784818965,1.6233381484285871,1.2993983784818965,1.6233381484285871
169_png.rf.532ef687b8a694ac82b673d458edb7af_roi_29.png,169_png.rf.532ef687b8a694ac82b673d458edb7af_roi_4.png,0.9457755088806152,697.8377982861532,35.970892803381666,701.9808538645534,37.19633185984485,4.143055578400208,1.2254390564631805,4.143055578400208,1.2254390564631805
257_png.rf.d0e9b62c92e89f70b1ab6feac50e3c89_roi_33.png,257_png.rf.d0e9b62c92e89f70b1ab6feac50e3c89_roi_29.png,0.9457533955574036,909.3668041987725,43.48391854482431,881.0644197292148,43.91104868464463,-28.302384469557637,0.42713013982032066,28.302384469557637,0.42713013982032066
85_png.rf.75439e009b13787c8bd637122941d6c9_roi_2.png,85_png.rf.75439e009b13787c8bd637122941d6c9_roi_29.png,0.9457259178161621,640.2746967772958,36.83670375537552,641.4641853611572,36.99153425899318,1.1894885838613618,0.15483050361766004,1.1894885838613618,0.15483050361766004
173_png.rf.0867fc12b7d4d1126ffa2cb1d29a36d3_roi_12.png,173_png.rf.0867fc12b7d4d1126ffa2cb1d29a36d3_roi_16.png,0.9454545378684998,652.7907397935477,32.0957280808822,654.0908425379808,33.01220236435505,1.3001027444331612,0.9164742834728443,1.3001027444331612,0.9164742834728443
166_png.rf.aab41b925e03ee5bae283600f05ed7c1_roi_28.png,166_png.rf.aab41b925e03ee5bae283600f05ed7c1_roi_6.png,0.9454365372657776,636.5844770785465,34.759689512519934,634.1842563171983,33.63753538719308,-2.4002207613481232,-1.1221541253268512,2.4002207613481232,1.1221541253268512
163_png.rf.cd0f9f7ac75a6e8ddaa98127ab6df9d3_roi_26.png,163_png.rf.cd0f9f7ac75a6e8ddaa98127ab6df9d3_roi_1.png,0.9453994035720825,572.445708701565,36.79088992067606,576.6590124395084,36.88138689446542,4.21330373794342,0.09049697378936372,4.21330373794342,0.09049697378936372
166_png.rf.aab41b925e03ee5bae283600f05ed7c1_roi_22.png,166_png.rf.aab41b925e03ee5bae283600f05ed7c1_roi_4.png,0.94532710313797,660.5509296003647,34.9694447774601,653.0248527846421,34.9221018614417,-7.526076815722604,-0.04734291601839402,7.526076815722604,0.04734291601839402
165_png.rf.632345fe644e540f32370605842f049a_roi_26.png,165_png.rf.632345fe644e540f32370605842f049a_roi_2.png,0.945286214351654,633.2619924468992,40.5375655546753,648.1197319476131,39.46403544518935,14.857739500713933,-1.0735301094859437,14.857739500713933,1.0735301094859437
77_png.rf.e21cdb67d45225a97432fb9511bacd58_roi_23.png,77_png.rf.e21cdb67d45225a97432fb9511bacd58_roi_11.png,0.945258617401123,668.7871933689561,36.87392374529789,677.4837805072119,37.42606960363394,8.696587138255836,0.5521458583360541,8.696587138255836,0.5521458583360541
77_png.rf.e21cdb67d45225a97432fb9511bacd58_roi_14.png,77_png.rf.e21cdb67d45225a97432fb9511bacd58_roi_47.png,0.945147693157196,680.4785629184973,36.45192562677311,690.7162297655075,37.285854413750464,10.237666847010132,0.8339287869773528,10.237666847010132,0.8339287869773528
166_png.rf.aab41b925e03ee5bae283600f05ed7c1_roi_21.png,166_png.rf.aab41b925e03ee5bae283600f05ed7c1_roi_9.png,0.9451327323913574,672.6085387553239,36.12440889845213,680.7747226607404,35.34941920571863,8.16618390541646,-0.7749896927334987,8.16618390541646,0.7749896927334987
86_png.rf.1cb8c3a1af1d5cc935a1d538bc6dd131_roi_2.png,86_png.rf.1cb8c3a1af1d5cc935a1d538bc6dd131_roi_16.png,0.9450598359107971,639.7716564112544,37.802534290359176,647.2557280528805,36.9890023389423,7.4840716416260875,-0.8135319514168771,7.4840716416260875,0.8135319514168771
165_png.rf.632345fe644e540f32370605842f049a_roi_31.png,165_png.rf.632345fe644e540f32370605842f049a_roi_33.png,0.9450503587722778,671.5035652135775,38.25624434757538,670.9918651077408,38.00403651868227,-0.5117001058367805,-0.25220782889311266,0.5117001058367805,0.25220782889311266
164_png.rf.67de034d315f10061f576d8a59ec9e00_roi_17.png,164_png.rf.67de034d315f10061f576d8a59ec9e00_roi_12.png,0.9450305104255676,575.0810857278195,33.37119212670253,569.1967966816262,34.15751081632572,-5.884289046193317,0.7863186896231866,5.884289046193317,0.7863186896231866
78_png.rf.64c5d696884a3b905e0a4e7625969623_roi_15.png,78_png.rf.64c5d696884a3b905e0a4e7625969623_roi_20.png,0.944938600063324,627.6811093725653,41.30232326184171,630.5556764671203,39.7168246062524,2.8745670945550046,-1.585498655589305,2.8745670945550046,1.585498655589305
156_png.rf.6120be0c3a28f4801b0a45145ce1e961_roi_13.png,156_png.rf.6120be0c3a28f4801b0a45145ce1e961_roi_13.png,0.9448577761650085,616.1982243712808,39.6048919168888,615.9323915938367,39.897782450662326,-0.26583277744418865,0.29289053377352303,0.26583277744418865,0.29289053377352303
84_png.rf.58f1729113639cc3714467029dcb4780_roi_2.png,84_png.rf.58f1729113639cc3714467029dcb4780_roi_22.png,0.9447610974311829,626.7657981704501,38.60165713855943,631.7855146254424,39.50835797025477,5.019716454992249,0.9067008316953391,5.019716454992249,0.9067008316953391
166_png.rf.aab41b925e03ee5bae283600f05ed7c1_roi_12.png,166_png.rf.aab41b925e03ee5bae283600f05ed7c1_roi_2.png,0.9446831345558167,591.9909365472106,33.63026228656059,604.2946088660239,33.2274062004277,12.303672318813256,-0.4028560861328856,12.303672318813256,0.4028560861328856
161_png.rf.158ad654011e9670046a475b12f8593d_roi_26.png,161_png.rf.158ad654011e9670046a475b12f8593d_roi_35.png,0.9445664286613464,602.3533014007542,31.709138975953795,603.2498012879533,33.185970447571805,0.8964998871991838,1.4768314716180093,0.8964998871991838,1.4768314716180093
84_png.rf.58f1729113639cc3714467029dcb4780_roi_28.png,84_png.rf.58f1729113639cc3714467029dcb4780_roi_32.png,0.9445602297782898,641.9195983513526,39.5803104426322,655.2275783842102,39.888038509145,13.307980032857586,0.3077280665128015,13.307980032857586,0.3077280665128015
167_png.rf.4aadee1e7f1b32608b2901d34d9bd4ac_roi_13.png,167_png.rf.4aadee1e7f1b32608b2901d34d9bd4ac_roi_31.png,0.9444444179534912,708.5125212738722,42.15085642421551,707.6876534376565,43.34443848271268,-0.824867836215617,1.1935820584971708,0.824867836215617,1.1935820584971708
79_png.rf.5ec9f077f4d5af0f3ab029d7283bba4e_roi_21.png,79_png.rf.5ec9f077f4d5af0f3ab029d7283bba4e_roi_44.png,0.9444444179534912,650.2697130644259,36.43260801495602,658.9428004858231,37.39310273848846,8.673087421397213,0.9604947235324417,8.673087421397213,0.9604947235324417
84_png.rf.58f1729113639cc3714467029dcb4780_roi_21.png,84_png.rf.58f1729113639cc3714467029dcb4780_roi_16.png,0.9443190097808838,694.7260811352462,40.41053227715889,681.0659728028983,42.27580073629929,-13.660108332347932,1.8652684591403954,13.660108332347932,1.8652684591403954
161_png.rf.158ad654011e9670046a475b12f8593d_roi_31.png,161_png.rf.158ad654011e9670046a475b12f8593d_roi_40.png,0.9442970752716064,603.8543350782827,39.61981142744377,629.3643227298642,38.83505667306063,25.50998765158147,-0.7847547543831439,25.50998765158147,0.7847547543831439
154_png.rf.14ad9631fdb98926098b64b2cc23b499_roi_10.png,154_png.rf.14ad9631fdb98926098b64b2cc23b499_roi_2.png,0.9442347884178162,660.4982712209376,37.84048376875553,657.7702942838189,39.924288358750914,-2.727976937118683,2.083804589995381,2.727976937118683,2.083804589995381
84_png.rf.58f1729113639cc3714467029dcb4780_roi_50.png,84_png.rf.58f1729113639cc3714467029dcb4780_roi_39.png,0.9441288113594055,620.992047795259,36.56959457580235,636.1134848118372,36.02942467254666,15.12143701657817,-0.5401699032556877,15.12143701657817,0.5401699032556877
84_png.rf.58f1729113639cc3714467029dcb4780_roi_49.png,84_png.rf.58f1729113639cc3714467029dcb4780_roi_13.png,0.9440559148788452,647.8514806258323,37.85399444308271,639.7925366231377,38.526179871832845,-8.058944002694602,0.672185428750133,8.058944002694602,0.672185428750133
84_png.rf.58f1729113639cc3714467029dcb4780_roi_40.png,84_png.rf.58f1729113639cc3714467029dcb4780_roi_4.png,0.9440248608589172,636.1194325300552,37.16313015224053,638.237145923768,38.56051005879369,2.1177133937128474,1.3973799065531622,2.1177133937128474,1.3973799065531622
85_png.rf.75439e009b13787c8bd637122941d6c9_roi_13.png,85_png.rf.75439e009b13787c8bd637122941d6c9_roi_38.png,0.943996787071228,697.6856557059442,37.56869372439644,704.7328468316464,38.201923140043945,7.04719112570217,0.6332294156475058,7.04719112570217,0.6332294156475058
157_png.rf.355ba2b71e0720acf76aee03119c688a_roi_25.png,157_png.rf.355ba2b71e0720acf76aee03119c688a_roi_3.png,0.9439374208450317,642.8147909701103,37.924999585119686,657.2104019014131,37.98329019532652,14.395610931302826,0.05829061020683213,14.395610931302826,0.05829061020683213
87_png.rf.83a425900a4820bbace2d64b95c0f070_roi_6.png,87_png.rf.83a425900a4820bbace2d64b95c0f070_roi_31.png,0.9438596367835999,649.6666824577178,37.178986707073726,658.4688927716471,37.53164795428484,8.802210313929322,0.3526612472111168,8.802210313929322,0.3526612472111168
167_png.rf.4aadee1e7f1b32608b2901d34d9bd4ac_roi_14.png,167_png.rf.4aadee1e7f1b32608b2901d34d9bd4ac_roi_12.png,0.943841278553009,734.392667183645,39.06497161700353,707.8226984887666,40.31188027508829,-26.569968694878412,1.246908658084763,26.569968694878412,1.246908658084763
166_png.rf.aab41b925e03ee5bae283600f05ed7c1_roi_17.png,166_png.rf.aab41b925e03ee5bae283600f05ed7c1_roi_16.png,0.9437528848648071,621.1260807483727,37.636033272420455,621.1125268809509,37.61539259829581,-0.013553867421819632,-0.020640674124642544,0.013553867421819632,0.020640674124642544
79_png.rf.5ec9f077f4d5af0f3ab029d7283bba4e_roi_44.png,79_png.rf.5ec9f077f4d5af0f3ab029d7283bba4e_roi_38.png,0.9437350630760193,676.8947317024683,38.82320660574939,679.7725710894185,40.312895012554094,2.8778393869501997,1.489688406804703,2.8778393869501997,1.489688406804703
161_png.rf.158ad654011e9670046a475b12f8593d_roi_17.png,161_png.rf.158ad654011e9670046a475b12f8593d_roi_17.png,0.9436562657356262,629.4834509909787,41.64993737665084,638.319320012368,42.44475080348307,8.835869021389385,0.7948134268322278,8.835869021389385,0.7948134268322278
77_png.rf.e21cdb67d45225a97432fb9511bacd58_roi_51.png,77_png.rf.e21cdb67d45225a97432fb9511bacd58_roi_28.png,0.9435874819755554,652.8951309964132,36.57805553085984,655.7775891940582,37.48867419778726,2.8824581976450645,0.9106186669274194,2.8824581976450645,0.9106186669274194
78_png.rf.64c5d696884a3b905e0a4e7625969623_roi_12.png,78_png.rf.64c5d696884a3b905e0a4e7625969623_roi_28.png,0.9434159994125366,753.9896623789795,41.68474864030888,693.7807850148221,43.41759365731956,-60.20887736415739,1.7328450170106748,60.20887736415739,1.7328450170106748
166_png.rf.aab41b925e03ee5bae283600f05ed7c1_roi_19.png,166_png.rf.aab41b925e03ee5bae283600f05ed7c1_roi_27.png,0.9433079957962036,579.8645089287585,32.1497006534791,561.5862928680359,31.799031297052423,-18.27821606072257,-0.3506693564266783,18.27821606072257,0.3506693564266783
167_png.rf.4aadee1e7f1b32608b2901d34d9bd4ac_roi_25.png,167_png.rf.4aadee1e7f1b32608b2901d34d9bd4ac_roi_35.png,0.9432733058929443,713.4391253386405,39.64570525729122,710.1538351433461,38.784844794754335,-3.285290195294351,-0.8608604625368841,3.285290195294351,0.8608604625368841
165_png.rf.632345fe644e540f32370605842f049a_roi_27.png,165_png.rf.632345fe644e540f32370605842f049a_roi_14.png,0.9429290890693665,652.920009365105,38.99780822103191,651.0438697922249,39.2317362785554,-1.8761395728801062,0.23392805752349233,1.8761395728801062,0.23392805752349233
165_png.rf.632345fe644e540f32370605842f049a_roi_15.png,165_png.rf.632345fe644e540f32370605842f049a_roi_3.png,0.9429157972335815,665.2519111179795,39.727994598750925,657.1628372502089,39.3911614152198,-8.089073867770594,-0.3368331835311267,8.089073867770594,0.3368331835311267
84_png.rf.58f1729113639cc3714467029dcb4780_roi_3.png,84_png.rf.58f1729113639cc3714467029dcb4780_roi_41.png,0.9427609443664551,578.5819051543237,37.358111770836885,589.8664435926227,38.70668609274569,11.28453843829891,1.3485743219088064,11.28453843829891,1.3485743219088064
84_png.rf.58f1729113639cc3714467029dcb4780_roi_45.png,84_png.rf.58f1729113639cc3714467029dcb4780_roi_12.png,0.9425127506256104,611.8250009471958,37.05628268123774,616.1782875281045,38.56849465075408,4.35328658090873,1.5122119695163434,4.35328658090873,1.5122119695163434
76_png.rf.7f70179db28531c420ff564284110692_roi_11.png,76_png.rf.7f70179db28531c420ff564284110692_roi_30.png,0.9425027966499329,676.9537808645701,42.99151929227204,666.2330875696565,42.19147284209213,-10.720693294913644,-0.8000464501799058,10.720693294913644,0.8000464501799058
161_png.rf.158ad654011e9670046a475b12f8593d_roi_35.png,161_png.rf.158ad654011e9670046a475b12f8593d_roi_9.png,0.9424760341644287,640.5612071600762,39.5582626472422,653.5891707928697,39.760270823329726,13.027963632793558,0.2020081760875243,13.027963632793558,0.2020081760875243
163_png.rf.cd0f9f7ac75a6e8ddaa98127ab6df9d3_roi_29.png,163_png.rf.cd0f9f7ac75a6e8ddaa98127ab6df9d3_roi_3.png,0.9424657821655273,613.2740781994004,38.85020446464476,608.5110284639035,37.67337323634393,-4.763049735496907,-1.1768312283008342,4.763049735496907,1.1768312283008342
77_png.rf.e21cdb67d45225a97432fb9511bacd58_roi_47.png,77_png.rf.e21cdb67d45225a97432fb9511bacd58_roi_38.png,0.9424341917037964,681.1843314688781,37.737731223556295,664.8338610553639,39.87452326473212,-16.350470413514245,2.1367920411758234,16.350470413514245,2.1367920411758234
77_png.rf.e21cdb67d45225a97432fb9511bacd58_roi_48.png,77_png.rf.e21cdb67d45225a97432fb9511bacd58_roi_22.png,0.9424151182174683,686.3847852163689,35.859236183479645,672.1338595879141,37.33664324269232,-14.250925628454752,1.4774070592126733,14.250925628454752,1.4774070592126733
165_png.rf.632345fe644e540f32370605842f049a_roi_25.png,165_png.rf.632345fe644e540f32370605842f049a_roi_6.png,0.9423548579216003,677.1269265426059,39.371344093066206,671.9626461585166,38.146977557197765,-5.164280384089352,-1.224366535868441,5.164280384089352,1.224366535868441
176_png.rf.ade8f3becc3343adf565d66c9323a444_roi_5.png,176_png.rf.ade8f3becc3343adf565d66c9323a444_roi_1.png,0.9421315789222717,744.5947040082226,34.58314230934001,742.9303820399463,34.634544025885155,-1.6643219682763402,0.05140171654514347,1.6643219682763402,0.05140171654514347
165_png.rf.632345fe644e540f32370605842f049a_roi_13.png,165_png.rf.632345fe644e540f32370605842f049a_roi_18.png,0.9420809745788574,627.7767387998507,33.60493983331753,634.3857703660385,32.85839523401439,6.609031566187809,-0.7465445993031423,6.609031566187809,0.7465445993031423
163_png.rf.cd0f9f7ac75a6e8ddaa98127ab6df9d3_roi_31.png,163_png.rf.cd0f9f7ac75a6e8ddaa98127ab6df9d3_roi_2.png,0.9420759677886963,601.2473274038904,38.260018379614415,608.4889199802108,38.14264305796423,7.241592576320386,-0.11737532165018649,7.241592576320386,0.11737532165018649
156_png.rf.6120be0c3a28f4801b0a45145ce1e961_roi_2.png,156_png.rf.6120be0c3a28f4801b0a45145ce1e961_roi_19.png,0.9419324398040771,629.901294995834,35.10496723695583,639.6963883302182,35.31192488410059,9.795093334384205,0.20695764714476184,9.795093334384205,0.20695764714476184
85_png.rf.75439e009b13787c8bd637122941d6c9_roi_18.png,85_png.rf.75439e009b13787c8bd637122941d6c9_roi_16.png,0.9418550729751587,668.2510348214133,34.31849573822675,671.7946037145592,35.023553028057954,3.5435688931459026,0.7050572898312026,3.5435688931459026,0.7050572898312026
85_png.rf.75439e009b13787c8bd637122941d6c9_roi_10.png,85_png.rf.75439e009b13787c8bd637122941d6c9_roi_18.png,0.9417943358421326,674.7085800890599,35.94100911510985,658.4343300254859,37.67716049702324,-16.27425006357396,1.7361513819133876,16.27425006357396,1.7361513819133876
78_png.rf.64c5d696884a3b905e0a4e7625969623_roi_16.png,78_png.rf.64c5d696884a3b905e0a4e7625969623_roi_26.png,0.9416666626930237,632.7326901900988,39.71540389348805,622.0651770254777,38.21542174113779,-10.667513164621027,-1.4999821523502632,10.667513164621027,1.4999821523502632
167_png.rf.4aadee1e7f1b32608b2901d34d9bd4ac_roi_33.png,167_png.rf.4aadee1e7f1b32608b2901d34d9bd4ac_roi_22.png,0.9416271448135376,754.595867736545,39.71024532706447,744.6156961387899,39.2305836111971,-9.980171597755088,-0.4796617158673726,9.980171597755088,0.4796617158673726
164_png.rf.67de034d315f10061f576d8a59ec9e00_roi_12.png,164_png.rf.67de034d315f10061f576d8a59ec9e00_roi_16.png,0.9413580298423767,527.646793783216,33.01395186498588,521.3343236837931,32.84406025652391,-6.312470099422967,-0.16989160846196683,6.312470099422967,0.16989160846196683
84_png.rf.58f1729113639cc3714467029dcb4780_roi_7.png,84_png.rf.58f1729113639cc3714467029dcb4780_roi_35.png,0.9413252472877502,608.9214453828282,34.34094567338367,619.4846351208771,34.567052824440644,10.56318973804889,0.2261071510569721,10.56318973804889,0.2261071510569721
76_png.rf.7f70179db28531c420ff564284110692_roi_35.png,76_png.rf.7f70179db28531c420ff564284110692_roi_41.png,0.9412997961044312,625.3301039917854,41.59215178245043,605.4321795886096,41.29948763810712,-19.897924403175807,-0.29266414434331267,19.897924403175807,0.29266414434331267
166_png.rf.aab41b925e03ee5bae283600f05ed7c1_roi_7.png,166_png.rf.aab41b925e03ee5bae283600f05ed7c1_roi_17.png,0.9412392973899841,608.3241001644083,32.67377912789799,625.5189650725121,32.53786777906079,17.194864908103796,-0.13591134883719747,17.194864908103796,0.13591134883719747
158_png.rf.274771a321eac102f941a30fdb46d466_roi_18.png,158_png.rf.274771a321eac102f941a30fdb46d466_roi_27.png,0.9412022829055786,611.8165198873205,39.70499173377059,635.7490416655714,38.78548927228524,23.93252177825093,-0.9195024614853509,23.93252177825093,0.9195024614853509
164_png.rf.67de034d315f10061f576d8a59ec9e00_roi_16.png,164_png.rf.67de034d315f10061f576d8a59ec9e00_roi_8.png,0.9411388635635376,538.9064803371326,31.22814721591174,522.7683813862869,31.84944449066086,-16.138098950845688,0.6212972747491214,16.138098950845688,0.6212972747491214
84_png.rf.58f1729113639cc3714467029dcb4780_roi_57.png,84_png.rf.58f1729113639cc3714467029dcb4780_roi_23.png,0.9410163164138794,640.7412714965083,36.84014217279013,646.604241187561,36.618589874719774,5.86296969105274,-0.2215522980703568,5.86296969105274,0.2215522980703568
77_png.rf.e21cdb67d45225a97432fb9511bacd58_roi_4.png,77_png.rf.e21cdb67d45225a97432fb9511bacd58_roi_35.png,0.9409953951835632,583.4052084678301,35.261122206500126,577.0592062236651,36.45763978449409,-6.346002244164993,1.1965175779939656,6.346002244164993,1.1965175779939656
167_png.rf.4aadee1e7f1b32608b2901d34d9bd4ac_roi_31.png,167_png.rf.4aadee1e7f1b32608b2901d34d9bd4ac_roi_26.png,0.9408602118492126,743.3331145299269,37.643330550178376,732.2295388777545,37.97136030554176,-11.103575652172367,0.3280297553633815,11.103575652172367,0.3280297553633815
77_png.rf.e21cdb67d45225a97432fb9511bacd58_roi_12.png,77_png.rf.e21cdb67d45225a97432fb9511bacd58_roi_24.png,0.9407163262367249,663.1059380457222,38.26644984638519,664.2204441795005,40.435153123285126,1.1145061337783773,2.168703276899933,1.1145061337783773,2.168703276899933
85_png.rf.75439e009b13787c8bd637122941d6c9_roi_9.png,85_png.rf.75439e009b13787c8bd637122941d6c9_roi_5.png,0.9406651258468628,708.3609031585522,39.706838550176144,691.8968803967707,41.19922379155599,-16.464022761781507,1.4923852413798429,16.464022761781507,1.4923852413798429
154_png.rf.14ad9631fdb98926098b64b2cc23b499_roi_6.png,154_png.rf.14ad9631fdb98926098b64b2cc23b499_roi_18.png,0.9404646754264832,578.6084567532869,37.40482637653383,573.9494493018067,39.41072874920653,-4.659007451480193,2.0059023726726934,4.659007451480193,2.0059023726726934
79_png.rf.5ec9f077f4d5af0f3ab029d7283bba4e_roi_29.png,79_png.rf.5ec9f077f4d5af0f3ab029d7283bba4e_roi_16.png,0.9404533505439758,689.1972453937485,39.48346464069003,696.4629874428695,40.84375088394011,7.265742049120945,1.36028624325008,7.265742049120945,1.36028624325008
87_png.rf.83a425900a4820bbace2d64b95c0f070_roi_43.png,87_png.rf.83a425900a4820bbace2d64b95c0f070_roi_22.png,0.940427303314209,710.1179626522235,36.350003084378976,693.7418491430443,37.53328862904102,-16.376113509179163,1.1832855446620414,16.376113509179163,1.1832855446620414
84_png.rf.58f1729113639cc3714467029dcb4780_roi_0.png,84_png.rf.58f1729113639cc3714467029dcb4780_roi_40.png,0.9404035806655884,646.4487227900478,34.82152691574482,595.5966146729692,38.47776845447788,-50.852108117078615,3.656241538733063,50.852108117078615,3.656241538733063
86_png.rf.1cb8c3a1af1d5cc935a1d538bc6dd131_roi_12.png,86_png.rf.1cb8c3a1af1d5cc935a1d538bc6dd131_roi_6.png,0.9403921365737915,664.9174488709392,40.71216464652189,683.1377374410882,39.98392253054453,18.220288570149023,-0.7282421159773591,18.220288570149023,0.7282421159773591
163_png.rf.cd0f9f7ac75a6e8ddaa98127ab6df9d3_roi_18.png,163_png.rf.cd0f9f7ac75a6e8ddaa98127ab6df9d3_roi_23.png,0.9403063654899597,576.7416092558528,35.217347856879115,589.348290899214,34.56358440802222,12.606681643361185,-0.6537634488568926,12.606681643361185,0.6537634488568926
87_png.rf.83a425900a4820bbace2d64b95c0f070_roi_32.png,87_png.rf.83a425900a4820bbace2d64b95c0f070_roi_5.png,0.9402289390563965,711.1372749764848,34.80162656294556,703.5511743930463,36.5552556604635,-7.586100583438565,1.753629097517944,7.586100583438565,1.753629097517944
165_png.rf.632345fe644e540f32370605842f049a_roi_2.png,165_png.rf.632345fe644e540f32370605842f049a_roi_22.png,0.9400684833526611,633.753390301482,40.05993240010205,627.1078242906689,39.46285776199552,-6.645566010813127,-0.5970746381065268,6.645566010813127,0.5970746381065268
84_png.rf.58f1729113639cc3714467029dcb4780_roi_26.png,84_png.rf.58f1729113639cc3714467029dcb4780_roi_7.png,0.9400534629821777,673.6495435501045,40.52967892817456,691.5343224064063,41.46452129409983,17.884778856301864,0.9348423659252703,17.884778856301864,0.9348423659252703
158_png.rf.274771a321eac102f941a30fdb46d466_roi_3.png,158_png.rf.274771a321eac102f941a30fdb46d466_roi_12.png,0.9399412274360657,622.8078032950486,40.282061415374486,625.1231914031727,41.35779982627035,2.3153881081240115,1.075738410895866,2.3153881081240115,1.075738410895866
85_png.rf.75439e009b13787c8bd637122941d6c9_roi_34.png,85_png.rf.75439e009b13787c8bd637122941d6c9_roi_0.png,0.9397693276405334,673.9847305062935,36.4567139691605,668.780960411815,37.81977192610957,-5.2037700944785,1.3630579569490635,5.2037700944785,1.3630579569490635
165_png.rf.632345fe644e540f32370605842f049a_roi_18.png,165_png.rf.632345fe644e540f32370605842f049a_roi_9.png,0.9396145343780518,657.4483632407888,37.81007430810802,659.5093657241963,38.12219358329616,2.061002483407492,0.3121192751881381,2.061002483407492,0.3121192751881381
154_png.rf.14ad9631fdb98926098b64b2cc23b499_roi_3.png,154_png.rf.14ad9631fdb98926098b64b2cc23b499_roi_26.png,0.9395579695701599,623.9161908901959,37.65966743771781,640.1278191162577,37.90986314935781,16.211628226061748,0.25019571164000354,16.211628226061748,0.25019571164000354
167_png.rf.4aadee1e7f1b32608b2901d34d9bd4ac_roi_1.png,167_png.rf.4aadee1e7f1b32608b2901d34d9bd4ac_roi_34.png,0.9395061731338501,673.1429556998368,38.85950440364442,672.0616403419232,38.58564191777075,-1.0813153579135815,-0.27386248587367135,1.0813153579135815,0.27386248587367135
77_png.rf.e21cdb67d45225a97432fb9511bacd58_roi_52.png,77_png.rf.e21cdb67d45225a97432fb9511bacd58_roi_31.png,0.9394546747207642,688.7660520620456,38.15324923527565,684.3766245307064,38.98354424036327,-4.389427531339152,0.8302950050876206,4.389427531339152,0.8302950050876206
165_png.rf.632345fe644e540f32370605842f049a_roi_36.png,165_png.rf.632345fe644e540f32370605842f049a_roi_1.png,0.9393428564071655,660.5298017641396,38.79026220255723,639.2440649382238,39.06253728597658,-21.28573682591582,0.2722750834193519,21.28573682591582,0.2722750834193519
84_png.rf.58f1729113639cc3714467029dcb4780_roi_15.png,84_png.rf.58f1729113639cc3714467029dcb4780_roi_19.png,0.9393398761749268,624.183150001041,37.51994326486437,617.169462467341,39.59334282300518,-7.013687533700022,2.073399558140814,7.013687533700022,2.073399558140814
167_png.rf.4aadee1e7f1b32608b2901d34d9bd4ac_roi_5.png,167_png.rf.4aadee1e7f1b32608b2901d34d9bd4ac_roi_14.png,0.9392624497413635,749.7147855936139,40.40849681695137,745.5458369098509,39.18322721585822,-4.168948683763006,-1.225269601093153,4.168948683763006,1.225269601093153
166_png.rf.aab41b925e03ee5bae283600f05ed7c1_roi_16.png,166_png.rf.aab41b925e03ee5bae283600f05ed7c1_roi_15.png,0.9391025900840759,658.5087508895374,35.528571754809064,663.8847094211151,35.33874090591031,5.37595853157768,-0.18983084889875101,5.37595853157768,0.18983084889875101
166_png.rf.aab41b925e03ee5bae283600f05ed7c1_roi_6.png,166_png.rf.aab41b925e03ee5bae283600f05ed7c1_roi_18.png,0.9390304684638977,632.3236582592223,34.53919819808209,637.0904175522592,33.329473448827606,4.766759293036898,-1.2097247492544838,4.766759293036898,1.2097247492544838
171_png.rf.febf282da9ce93abe816ac234ff149c0_roi_6.png,171_png.rf.febf282da9ce93abe816ac234ff149c0_roi_30.png,0.9389558434486389,662.568562728344,39.20071650334598,665.1901495678375,40.93283626369465,2.6215868394934887,1.7321197603486667,2.6215868394934887,1.7321197603486667
165_png.rf.632345fe644e540f32370605842f049a_roi_5.png,165_png.rf.632345fe644e540f32370605842f049a_roi_7.png,0.9388868808746338,694.7666390969143,42.40367425788536,723.8288366812238,40.78112448561063,29.0621975843095,-1.6225497722747306,29.0621975843095,1.6225497722747306
77_png.rf.e21cdb67d45225a97432fb9511bacd58_roi_5.png,77_png.rf.e21cdb67d45225a97432fb9511bacd58_roi_29.png,0.9387111067771912,640.7286752759802,35.9448024089045,641.8725708990928,37.943354416099325,1.1438956231125985,1.9985520071948244,1.1438956231125985,1.9985520071948244
87_png.rf.83a425900a4820bbace2d64b95c0f070_roi_42.png,87_png.rf.83a425900a4820bbace2d64b95c0f070_roi_33.png,0.9385261535644531,743.1364385615212,37.14394312152653,741.7493405721054,37.881262175430734,-1.3870979894157927,0.7373190539042014,1.3870979894157927,0.7373190539042014
84_png.rf.58f1729113639cc3714467029dcb4780_roi_25.png,84_png.rf.58f1729113639cc3714467029dcb4780_roi_0.png,0.9384765625,569.9384956096497,37.680343179044016,605.3674886105321,36.79412882756593,35.428993000882315,-0.8862143514780882,35.428993000882315,0.8862143514780882
79_png.rf.5ec9f077f4d5af0f3ab029d7283bba4e_roi_45.png,79_png.rf.5ec9f077f4d5af0f3ab029d7283bba4e_roi_23.png,0.9384390115737915,769.3160750174329,37.43176510228417,777.8466491329058,37.92511509306591,8.53057411547286,0.4933499907817449,8.53057411547286,0.4933499907817449
77_png.rf.e21cdb67d45225a97432fb9511bacd58_roi_53.png,77_png.rf.e21cdb67d45225a97432fb9511bacd58_roi_48.png,0.9383503198623657,644.8592121483041,38.04705175542276,666.6433109744422,38.67402812573869,21.78409882613812,0.6269763703159299,21.78409882613812,0.6269763703159299
84_png.rf.58f1729113639cc3714467029dcb4780_roi_39.png,84_png.rf.58f1729113639cc3714467029dcb4780_roi_21.png,0.9382379651069641,626.4537664414893,37.16531860507295,644.5618777867494,36.71791510672324,18.108111345260113,-0.4474034983497077,18.108111345260113,0.4474034983497077
78_png.rf.64c5d696884a3b905e0a4e7625969623_roi_17.png,78_png.rf.64c5d696884a3b905e0a4e7625969623_roi_0.png,0.9381017684936523,740.5073363673575,43.01091843413785,746.5346132070608,40.64167680500776,6.0272768397032905,-2.3692416291300873,6.0272768397032905,2.3692416291300873
157_png.rf.355ba2b71e0720acf76aee03119c688a_roi_24.png,157_png.rf.355ba2b71e0720acf76aee03119c688a_roi_6.png,0.9380893707275391,659.1551483871023,38.53206601510792,669.1173594053981,39.820563369172326,9.962211018295875,1.288497354064404,9.962211018295875,1.288497354064404
85_png.rf.75439e009b13787c8bd637122941d6c9_roi_21.png,85_png.rf.75439e009b13787c8bd637122941d6c9_roi_19.png,0.9380565285682678,685.3447767707972,39.22274312031735,705.6447625164054,39.68006704043805,20.299985745608183,0.4573239201207002,20.299985745608183,0.4573239201207002
163_png.rf.cd0f9f7ac75a6e8ddaa98127ab6df9d3_roi_27.png,163_png.rf.cd0f9f7ac75a6e8ddaa98127ab6df9d3_roi_25.png,0.9378530979156494,614.1490703413981,40.35969597825143,602.2925164193822,40.51384688815362,-11.856553922015905,0.15415090990219227,11.856553922015905,0.15415090990219227
167_png.rf.4aadee1e7f1b32608b2901d34d9bd4ac_roi_12.png,167_png.rf.4aadee1e7f1b32608b2901d34d9bd4ac_roi_0.png,0.9377690553665161,669.7504404785166,40.48300261263181,675.2779604417708,40.410882278343365,5.527519963254235,-0.07212033428844222,5.527519963254235,0.07212033428844222
78_png.rf.64c5d696884a3b905e0a4e7625969623_roi_7.png,78_png.rf.64c5d696884a3b905e0a4e7625969623_roi_11.png,0.9377445578575134,691.9218879028059,42.73913762125632,701.1557790613015,43.469202202785816,9.233891158495567,0.730064581529497,9.233891158495567,0.730064581529497
161_png.rf.158ad654011e9670046a475b12f8593d_roi_24.png,161_png.rf.158ad654011e9670046a475b12f8593d_roi_21.png,0.9376915097236633,511.15802016113446,41.19972944480038,525.8643179150661,39.4463307099282,14.706297753931608,-1.7533987348721851,14.706297753931608,1.7533987348721851
156_png.rf.6120be0c3a28f4801b0a45145ce1e961_roi_25.png,156_png.rf.6120be0c3a28f4801b0a45145ce1e961_roi_29.png,0.9376669526100159,592.4780293867769,40.071992974158384,600.0311202389345,40.29347021567562,7.553090852157538,0.2214772415172348,7.553090852157538,0.2214772415172348
77_png.rf.e21cdb67d45225a97432fb9511bacd58_roi_42.png,77_png.rf.e21cdb67d45225a97432fb9511bacd58_roi_52.png,0.9376391768455505,736.8491791597155,38.53778962597613,712.0855864329131,40.3063479741132,-24.763592726802358,1.76855834813707,24.763592726802358,1.76855834813707
79_png.rf.5ec9f077f4d5af0f3ab029d7283bba4e_roi_30.png,79_png.rf.5ec9f077f4d5af0f3ab029d7283bba4e_roi_43.png,0.9376146793365479,728.8417981964162,38.79328838948405,727.8675006363236,41.16398993143305,-0.9742975600926229,2.3707015419490034,0.9742975600926229,2.3707015419490034
164_png.rf.67de034d315f10061f576d8a59ec9e00_roi_7.png,164_png.rf.67de034d315f10061f576d8a59ec9e00_roi_5.png,0.9374545216560364,500.4631897308826,29.768167879498534,481.2971516569916,30.241619586294963,-19.166038073891002,0.47345170679642834,19.166038073891002,0.47345170679642834
163_png.rf.cd0f9f7ac75a6e8ddaa98127ab6df9d3_roi_22.png,163_png.rf.cd0f9f7ac75a6e8ddaa98127ab6df9d3_roi_0.png,0.9374104142189026,578.9982732393672,39.1610663235688,561.2550498119833,39.079870751709855,-17.743223427383896,-0.08119557185894166,17.743223427383896,0.08119557185894166
154_png.rf.14ad9631fdb98926098b64b2cc23b499_roi_0.png,154_png.rf.14ad9631fdb98926098b64b2cc23b499_roi_1.png,0.9373649954795837,627.9255794710887,38.37641520559703,639.9289305041345,39.82026029802267,12.003351033045874,1.44384509242564,12.003351033045874,1.44384509242564
79_png.rf.5ec9f077f4d5af0f3ab029d7283bba4e_roi_46.png,79_png.rf.5ec9f077f4d5af0f3ab029d7283bba4e_roi_34.png,0.9373631477355957,656.2116323571775,36.120762492080885,653.6456773453978,38.11811333053922,-2.5659550117796925,1.9973508384583312,2.5659550117796925,1.9973508384583312
84_png.rf.58f1729113639cc3714467029dcb4780_roi_31.png,84_png.rf.58f1729113639cc3714467029dcb4780_roi_28.png,0.9373470544815063,595.6071314491955,36.30216716090126,589.1316694028291,37.13080361952615,-6.475462046366488,0.8286364586248851,6.475462046366488,0.8286364586248851
87_png.rf.83a425900a4820bbace2d64b95c0f070_roi_37.png,87_png.rf.83a425900a4820bbace2d64b95c0f070_roi_4.png,0.937158465385437,671.7469072982116,34.251211528391124,675.7156282714664,35.57584550320422,3.96872097325479,1.3246339748130964,3.96872097325479,1.3246339748130964
164_png.rf.67de034d315f10061f576d8a59ec9e00_roi_3.png,164_png.rf.67de034d315f10061f576d8a59ec9e00_roi_11.png,0.9370943307876587,574.9587519846364,37.81422188818581,602.7026572769877,35.52809990348278,27.743905292351315,-2.28612198470303,27.743905292351315,2.28612198470303
76_png.rf.7f70179db28531c420ff564284110692_roi_50.png,76_png.rf.7f70179db28531c420ff564284110692_roi_4.png,0.9370511174201965,680.6691078321617,36.47419499164054,661.0278548215857,38.6853489636712,-19.64125301057595,2.211153972030665,19.64125301057595,2.211153972030665
78_png.rf.64c5d696884a3b905e0a4e7625969623_roi_9.png,78_png.rf.64c5d696884a3b905e0a4e7625969623_roi_19.png,0.9370400905609131,597.237236507591,43.68093741771381,625.3018376300981,42.17879156827646,28.064601122507156,-1.5021458494373476,28.064601122507156,1.5021458494373476
165_png.rf.632345fe644e540f32370605842f049a_roi_35.png,165_png.rf.632345fe644e540f32370605842f049a_roi_15.png,0.9368200898170471,633.1269107968961,41.38742638933914,629.7876086073172,39.51947953925073,-3.339302189578916,-1.8679468500884084,3.339302189578916,1.8679468500884084
158_png.rf.274771a321eac102f941a30fdb46d466_roi_2.png,158_png.rf.274771a321eac102f941a30fdb46d466_roi_3.png,0.9366496801376343,651.6833786884703,38.49826323029552,656.6325221797225,37.996032301443634,4.949143491252244,-0.5022309288518869,4.949143491252244,0.5022309288518869
172_png.rf.f3457ec580e8349d69afeb37c6eae6f8_roi_12.png,172_png.rf.f3457ec580e8349d69afeb37c6eae6f8_roi_26.png,0.9365928173065186,726.6346688733358,37.70950576303957,731.7104274993546,39.64496535692018,5.075758626018796,1.9354595938806085,5.075758626018796,1.9354595938806085
87_png.rf.83a425900a4820bbace2d64b95c0f070_roi_31.png,87_png.rf.83a425900a4820bbace2d64b95c0f070_roi_14.png,0.9365671873092651,770.1939608010729,33.36986427793137,703.7412563652396,36.55463154290452,-66.45270443583331,3.1847672649731464,66.45270443583331,3.1847672649731464
171_png.rf.febf282da9ce93abe816ac234ff149c0_roi_15.png,171_png.rf.febf282da9ce93abe816ac234ff149c0_roi_13.png,0.936354398727417,531.955249479567,38.64863312865063,543.3072914882626,39.33110264457069,11.352042008695662,0.6824695159200616,11.352042008695662,0.6824695159200616
82_png.rf.78a828637d0fdf11d14f1d4b7920f8d0_roi_12.png,82_png.rf.78a828637d0fdf11d14f1d4b7920f8d0_roi_19.png,0.9363296031951904,681.2902263888667,36.96389540181017,680.7375160145186,38.43311381783233,-0.5527103743480666,1.4692184160221586,0.5527103743480666,1.4692184160221586
77_png.rf.e21cdb67d45225a97432fb9511bacd58_roi_21.png,77_png.rf.e21cdb67d45225a97432fb9511bacd58_roi_16.png,0.936188817024231,631.5375117514437,37.989504152167584,639.4817106531652,39.00590115830634,7.9441989017215064,1.016397006138753,7.9441989017215064,1.016397006138753
171_png.rf.febf282da9ce93abe816ac234ff149c0_roi_1.png,171_png.rf.febf282da9ce93abe816ac234ff149c0_roi_9.png,0.9360902309417725,620.9190623757563,40.09354873513458,634.8397576933451,41.2102011348407,13.920695317588752,1.116652399706119,13.920695317588752,1.116652399706119
165_png.rf.632345fe644e540f32370605842f049a_roi_10.png,165_png.rf.632345fe644e540f32370605842f049a_roi_38.png,0.9360857605934143,680.9251893558511,40.04536324151621,674.4290238981954,39.08148520191267,-6.496165457655707,-0.9638780396035429,6.496165457655707,0.9638780396035429
85_png.rf.75439e009b13787c8bd637122941d6c9_roi_7.png,85_png.rf.75439e009b13787c8bd637122941d6c9_roi_26.png,0.9360387921333313,641.4326486819479,37.00987271173489,628.6518304750977,39.40583851886473,-12.7808182068502,2.3959658071298406,12.7808182068502,2.3959658071298406
156_png.rf.6120be0c3a28f4801b0a45145ce1e961_roi_21.png,156_png.rf.6120be0c3a28f4801b0a45145ce1e961_roi_26.png,0.9360126852989197,522.871223667402,38.24819796316579,526.9316055597067,38.82160302145787,4.06038189230469,0.5734050582920815,4.06038189230469,0.5734050582920815
85_png.rf.75439e009b13787c8bd637122941d6c9_roi_26.png,85_png.rf.75439e009b13787c8bd637122941d6c9_roi_11.png,0.9359915852546692,602.0347390629878,32.83202966228655,599.1039916759381,34.76122876503571,-2.930747387049678,1.929199102749159,2.930747387049678,1.929199102749159
76_png.rf.7f70179db28531c420ff564284110692_roi_24.png,76_png.rf.7f70179db28531c420ff564284110692_roi_11.png,0.9358569979667664,578.0044602073931,34.156783733658784,588.1472156365027,35.29866195062139,10.14275542910957,1.1418782169626027,10.14275542910957,1.1418782169626027
77_png.rf.e21cdb67d45225a97432fb9511bacd58_roi_33.png,77_png.rf.e21cdb67d45225a97432fb9511bacd58_roi_14.png,0.935845673084259,641.4250635141359,36.41915691991412,646.1569510108797,37.4002278408572,4.731887496743752,0.9810709209430755,4.731887496743752,0.9810709209430755
156_png.rf.6120be0c3a28f4801b0a45145ce1e961_roi_18.png,156_png.rf.6120be0c3a28f4801b0a45145ce1e961_roi_16.png,0.9357591867446899,621.1061140331997,38.40580792384203,623.287979077872,37.94072390328256,2.1818650446723495,-0.4650840205594733,2.1818650446723495,0.4650840205594733
156_png.rf.6120be0c3a28f4801b0a45145ce1e961_roi_7.png,156_png.rf.6120be0c3a28f4801b0a45145ce1e961_roi_3.png,0.9357379674911499,633.3948016885776,40.00789385081406,657.6990658122231,39.26587355211985,24.304264123645567,-0.7420202986942073,24.304264123645567,0.7420202986942073
164_png.rf.67de034d315f10061f576d8a59ec9e00_roi_19.png,164_png.rf.67de034d315f10061f576d8a59ec9e00_roi_13.png,0.9356296062469482,536.3162584936296,34.845767906174906,560.4189483105016,34.26876020111701,24.102689816872044,-0.5770077050578948,24.102689816872044,0.5770077050578948
163_png.rf.cd0f9f7ac75a6e8ddaa98127ab6df9d3_roi_16.png,163_png.rf.cd0f9f7ac75a6e8ddaa98127ab6df9d3_roi_29.png,0.9355769157409668,598.524647438332,37.35659142625304,588.3326112934053,37.32954516575631,-10.192036144926647,-0.02704626049673209,10.192036144926647,0.02704626049673209
172_png.rf.f3457ec580e8349d69afeb37c6eae6f8_roi_8.png,172_png.rf.f3457ec580e8349d69afeb37c6eae6f8_roi_4.png,0.9355599284172058,665.5417356921205,39.79712312197948,685.0501251417895,40.38340285339436,19.50838944966904,0.5862797314148764,19.50838944966904,0.5862797314148764
167_png.rf.4aadee1e7f1b32608b2901d34d9bd4ac_roi_30.png,167_png.rf.4aadee1e7f1b32608b2901d34d9bd4ac_roi_2.png,0.9353339076042175,682.7560757025147,37.05551549871028,671.4713928372695,37.60854955237406,-11.284682865245259,0.5530340536637794,11.284682865245259,0.5530340536637794
85_png.rf.75439e009b13787c8bd637122941d6c9_roi_25.png,85_png.rf.75439e009b13787c8bd637122941d6c9_roi_8.png,0.9353208541870117,592.6560171565213,34.535431078879995,604.4061930899802,35.86932836116175,11.750175933458877,1.3338972822817539,11.750175933458877,1.3338972822817539
84_png.rf.58f1729113639cc3714467029dcb4780_roi_47.png,84_png.rf.58f1729113639cc3714467029dcb4780_roi_31.png,0.9353099465370178,585.8963629373347,39.05883899474875,608.6646363039617,40.013477783854654,22.768273366627,0.9546387891059069,22.768273366627,0.9546387891059069
154_png.rf.14ad9631fdb98926098b64b2cc23b499_roi_25.png,154_png.rf.14ad9631fdb98926098b64b2cc23b499_roi_19.png,0.9353017807006836,623.6241674724936,38.74192850190143,612.1545728588402,41.46445461925271,-11.469594613653385,2.7225261173512862,11.469594613653385,2.7225261173512862
87_png.rf.83a425900a4820bbace2d64b95c0f070_roi_15.png,87_png.rf.83a425900a4820bbace2d64b95c0f070_roi_21.png,0.9351814389228821,684.9182862694971,37.471253913836,701.2834223045566,37.74695934571757,16.365136035059436,0.27570543188156904,16.365136035059436,0.27570543188156904
87_png.rf.83a425900a4820bbace2d64b95c0f070_roi_5.png,87_png.rf.83a425900a4820bbace2d64b95c0f070_roi_29.png,0.9351598024368286,668.9703720795831,35.05783977265478,662.0342430618405,35.23221095608365,-6.936129017742587,0.17437118342886748,6.936129017742587,0.17437118342886748
85_png.rf.75439e009b13787c8bd637122941d6c9_roi_8.png,85_png.rf.75439e009b13787c8bd637122941d6c9_roi_6.png,0.9351454377174377,648.6320206238444,34.251974415122945,631.9142773240094,35.6608180036042,-16.71774329983498,1.408843588481254,16.71774329983498,1.408843588481254
163_png.rf.cd0f9f7ac75a6e8ddaa98127ab6df9d3_roi_7.png,163_png.rf.cd0f9f7ac75a6e8ddaa98127ab6df9d3_roi_13.png,0.9351266026496887,580.1513012183561,35.03871151970459,570.304546059221,35.40966520667396,-9.846755159135114,0.37095368696936504,9.846755159135114,0.37095368696936504
164_png.rf.67de034d315f10061f576d8a59ec9e00_roi_11.png,164_png.rf.67de034d315f10061f576d8a59ec9e00_roi_10.png,0.9349798560142517,631.7483259474077,33.680563584199604,617.109437925915,34.48015875300585,-14.638888021492676,0.799595168806249,14.638888021492676,0.799595168806249
76_png.rf.7f70179db28531c420ff564284110692_roi_51.png,76_png.rf.7f70179db28531c420ff564284110692_roi_24.png,0.934959352016449,605.3901696812944,36.020279369648776,617.0258328045406,37.44318008906974,11.635663123246218,1.4229007194209657,11.635663123246218,1.4229007194209657
169_png.rf.532ef687b8a694ac82b673d458edb7af_roi_2.png,169_png.rf.532ef687b8a694ac82b673d458edb7af_roi_21.png,0.934883713722229,680.2174625870916,36.00582304720972,693.0863116843537,37.071618115592734,12.868849097262114,1.065795068383018,12.868849097262114,1.065795068383018
166_png.rf.aab41b925e03ee5bae283600f05ed7c1_roi_11.png,166_png.rf.aab41b925e03ee5bae283600f05ed7c1_roi_12.png,0.9347350001335144,689.0130730729828,35.793174340530385,680.4958533134786,35.78902676476937,-8.5172197595042,-0.004147575761017208,8.5172197595042,0.004147575761017208
176_png.rf.ade8f3becc3343adf565d66c9323a444_roi_9.png,176_png.rf.ade8f3becc3343adf565d66c9323a444_roi_7.png,0.9346733689308167,656.3801269064467,31.72807538710057,649.3064838559218,33.323624605182,-7.073643050524879,1.5955492180814268,7.073643050524879,1.5955492180814268
255_png.rf.de47ae0ea94061f8b83dcd6f7f61b6d8_roi_6.png,255_png.rf.de47ae0ea94061f8b83dcd6f7f61b6d8_roi_5.png,0.934668779373169,941.1825679556708,50.98764060538418,936.171673192458,49.53087589241154,-5.010894763212832,-1.4567647129726424,5.010894763212832,1.4567647129726424
86_png.rf.1cb8c3a1af1d5cc935a1d538bc6dd131_roi_10.png,86_png.rf.1cb8c3a1af1d5cc935a1d538bc6dd131_roi_5.png,0.934603750705719,621.9832632796557,38.36310525335228,637.3227438378628,39.84838714890906,15.339480558207129,1.4852818955567813,15.339480558207129,1.4852818955567813
76_png.rf.7f70179db28531c420ff564284110692_roi_5.png,76_png.rf.7f70179db28531c420ff564284110692_roi_28.png,0.9345971345901489,598.025426125781,38.63100978598023,600.2131877192561,36.14215481742166,2.187761593475102,-2.48885496855857,2.187761593475102,2.48885496855857
166_png.rf.aab41b925e03ee5bae283600f05ed7c1_roi_2.png,166_png.rf.aab41b925e03ee5bae283600f05ed7c1_roi_3.png,0.9345396757125854,608.7282576272244,33.413675493957406,607.302115304632,32.65387293172309,-1.4261423225923409,-0.759802562234313,1.4261423225923409,0.759802562234313
155_png.rf.f50fa82504926ab35f38301b6390248d_roi_6.png,155_png.rf.f50fa82504926ab35f38301b6390248d_roi_32.png,0.934471607208252,586.9171630740366,38.315958424287786,602.5394873522766,39.17817449018702,15.622324278240058,0.8622160658992328,15.622324278240058,0.8622160658992328
78_png.rf.64c5d696884a3b905e0a4e7625969623_roi_11.png,78_png.rf.64c5d696884a3b905e0a4e7625969623_roi_16.png,0.9344196915626526,647.8082080755487,42.268422086744245,645.5019650752444,40.75873737240809,-2.3062430003043346,-1.509684714336153,2.3062430003043346,1.509684714336153
166_png.rf.aab41b925e03ee5bae283600f05ed7c1_roi_14.png,166_png.rf.aab41b925e03ee5bae283600f05ed7c1_roi_7.png,0.9343504309654236,654.4803293462653,35.755642349359185,649.8390852556549,34.61008415325498,-4.641244090610371,-1.1455581961042043,4.641244090610371,1.1455581961042043
79_png.rf.5ec9f077f4d5af0f3ab029d7283bba4e_roi_32.png,79_png.rf.5ec9f077f4d5af0f3ab029d7283bba4e_roi_11.png,0.9343370795249939,699.526401493456,35.46600484846996,699.067111391866,37.526327919308336,-0.4592901015899997,2.060323070838379,0.4592901015899997,2.060323070838379
175_png.rf.809573d6b32e2ea5b757d39421fb3e6a_roi_2.png,175_png.rf.809573d6b32e2ea5b757d39421fb3e6a_roi_8.png,0.9341500997543335,652.3572346744451,31.35418230628985,666.3977992263887,31.810103421560385,14.04056455194359,0.45592111527053447,14.04056455194359,0.45592111527053447
77_png.rf.e21cdb67d45225a97432fb9511bacd58_roi_3.png,77_png.rf.e21cdb67d45225a97432fb9511bacd58_roi_33.png,0.9338775277137756,683.7832228872365,36.97640889400421,696.0610437626752,38.42454135398083,12.277820875438692,1.4481324599766197,12.277820875438692,1.4481324599766197
161_png.rf.158ad654011e9670046a475b12f8593d_roi_19.png,161_png.rf.158ad654011e9670046a475b12f8593d_roi_18.png,0.9337899684906006,586.1398503707112,39.11885196471956,584.9674672061359,40.70530276056007,-1.172383164575308,1.5864507958405127,1.172383164575308,1.5864507958405127
78_png.rf.64c5d696884a3b905e0a4e7625969623_roi_10.png,78_png.rf.64c5d696884a3b905e0a4e7625969623_roi_24.png,0.9335142374038696,585.1472362705674,40.86898728305216,588.3639074434278,39.19619019614457,3.2166711728604014,-1.672797086907586,3.2166711728604014,1.672797086907586
176_png.rf.ade8f3becc3343adf565d66c9323a444_roi_11.png,176_png.rf.ade8f3becc3343adf565d66c9323a444_roi_9.png,0.9334872961044312,692.759554546261,32.47079372832166,696.7540351360027,33.796432222823135,3.99448058974167,1.3256384945014759,3.99448058974167,1.3256384945014759
166_png.rf.aab41b925e03ee5bae283600f05ed7c1_roi_1.png,166_png.rf.aab41b925e03ee5bae283600f05ed7c1_roi_10.png,0.9334011077880859,628.9558647454536,33.13466113506538,614.1718596289282,34.06834286303726,-14.78400511652535,0.9336817279718801,14.78400511652535,0.9336817279718801
163_png.rf.cd0f9f7ac75a6e8ddaa98127ab6df9d3_roi_15.png,163_png.rf.cd0f9f7ac75a6e8ddaa98127ab6df9d3_roi_11.png,0.9333652853965759,609.1723681937581,36.72940877708344,602.7428343496224,36.72760968336754,-6.429533844135676,-0.0017990937159026998,6.429533844135676,0.0017990937159026998
168_png.rf.5a44d0e8273a80cfd25e3f2fec8d8fd7_roi_9.png,168_png.rf.5a44d0e8273a80cfd25e3f2fec8d8fd7_roi_3.png,0.9332985877990723,678.009740571526,28.983472239484467,690.5281912379013,30.62128874755565,12.518450666375315,1.6378165080711824,12.518450666375315,1.6378165080711824
155_png.rf.f50fa82504926ab35f38301b6390248d_roi_4.png,155_png.rf.f50fa82504926ab35f38301b6390248d_roi_13.png,0.9332787394523621,634.831057271798,40.12776926150266,650.7489088837543,41.28140691762417,15.91785161195628,1.1536376561215107,15.91785161195628,1.1536376561215107
78_png.rf.64c5d696884a3b905e0a4e7625969623_roi_21.png,78_png.rf.64c5d696884a3b905e0a4e7625969623_roi_17.png,0.9332338571548462,707.8144488714956,41.08720408396,679.9507874814203,41.10282801666901,-27.863661390075322,0.015623932709004862,27.863661390075322,0.015623932709004862
256_png.rf.18d3c3ddc6e345fc5391481cf087f656_roi_17.png,256_png.rf.18d3c3ddc6e345fc5391481cf087f656_roi_4.png,0.9332139492034912,959.429882029573,42.2446006986475,959.667178721984,44.335338955685394,0.23729669241095053,2.0907382570378914,0.23729669241095053,2.0907382570378914
167_png.rf.4aadee1e7f1b32608b2901d34d9bd4ac_roi_0.png,167_png.rf.4aadee1e7f1b32608b2901d34d9bd4ac_roi_5.png,0.9332123398780823,710.7922411630036,42.384467933239634,720.6540333211873,40.00841406413296,9.861792158183675,-2.376053869106677,9.861792158183675,2.376053869106677
158_png.rf.274771a321eac102f941a30fdb46d466_roi_17.png,158_png.rf.274771a321eac102f941a30fdb46d466_roi_23.png,0.9332096576690674,580.1249787581831,38.58892075377023,590.7740698775607,39.85380269083609,10.649091119377545,1.2648819370658586,10.649091119377545,1.2648819370658586
154_png.rf.14ad9631fdb98926098b64b2cc23b499_roi_7.png,154_png.rf.14ad9631fdb98926098b64b2cc23b499_roi_11.png,0.9330080151557922,629.8892073683626,37.07874158489153,633.1123581900611,38.81203748171475,3.223150821698482,1.733295896823222,3.223150821698482,1.733295896823222
161_png.rf.158ad654011e9670046a475b12f8593d_roi_27.png,161_png.rf.158ad654011e9670046a475b12f8593d_roi_2.png,0.9328153729438782,621.0861287365269,36.83639862049101,616.6992513245797,39.28574456970389,-4.386877411947239,2.4493459492128764,4.386877411947239,2.4493459492128764
156_png.rf.6120be0c3a28f4801b0a45145ce1e961_roi_6.png,156_png.rf.6120be0c3a28f4801b0a45145ce1e961_roi_14.png,0.9326456189155579,589.6588826957636,29.340822126922035,605.0697537644298,29.28755337483153,15.41087106866621,-0.05326875209050641,15.41087106866621,0.05326875209050641
165_png.rf.632345fe644e540f32370605842f049a_roi_32.png,165_png.rf.632345fe644e540f32370605842f049a_roi_10.png,0.932624101638794,661.9928021267119,40.48473317283489,652.5329331360681,41.6500138502705,-9.459868990643827,1.1652806774356037,9.459868990643827,1.1652806774356037
77_png.rf.e21cdb67d45225a97432fb9511bacd58_roi_7.png,77_png.rf.e21cdb67d45225a97432fb9511bacd58_roi_8.png,0.9325985312461853,642.9897990021043,37.896473032590855,662.4082994690335,39.1851043595028,19.41850046692923,1.288631326911947,19.41850046692923,1.288631326911947
85_png.rf.75439e009b13787c8bd637122941d6c9_roi_29.png,85_png.rf.75439e009b13787c8bd637122941d6c9_roi_14.png,0.9325477480888367,660.6731530465602,39.09785802916813,651.6013272568543,40.94680236202886,-9.071825789705827,1.8489443328607322,9.071825789705827,1.8489443328607322
84_png.rf.58f1729113639cc3714467029dcb4780_roi_48.png,84_png.rf.58f1729113639cc3714467029dcb4780_roi_46.png,0.9325230717658997,644.328995560119,38.734865791073496,644.587625026787,40.2775052647521,0.258629466668026,1.542639473678605,0.258629466668026,1.542639473678605
157_png.rf.355ba2b71e0720acf76aee03119c688a_roi_13.png,157_png.rf.355ba2b71e0720acf76aee03119c688a_roi_16.png,0.9324596524238586,583.7021487798604,35.641101958098034,585.6532829276167,36.71584352708616,1.9511341477563064,1.0747415689881237,1.9511341477563064,1.0747415689881237
84_png.rf.58f1729113639cc3714467029dcb4780_roi_8.png,84_png.rf.58f1729113639cc3714467029dcb4780_roi_27.png,0.9322131872177124,529.1554301204294,34.1134186911511,510.65922293368897,36.40798885708628,-18.496207186740435,2.294570165935184,18.496207186740435,2.294570165935184
161_png.rf.158ad654011e9670046a475b12f8593d_roi_9.png,161_png.rf.158ad654011e9670046a475b12f8593d_roi_20.png,0.9321796298027039,617.7705561981381,36.287473828548016,624.0615646805973,37.1316577383787,6.2910084824591195,0.8441839098306829,6.2910084824591195,0.8441839098306829
86_png.rf.1cb8c3a1af1d5cc935a1d538bc6dd131_roi_18.png,86_png.rf.1cb8c3a1af1d5cc935a1d538bc6dd131_roi_2.png,0.9321412444114685,608.8909517275574,37.6734491563364,604.2342497220857,39.11690222591552,-4.656702005471743,1.443453069579114,4.656702005471743,1.443453069579114
85_png.rf.75439e009b13787c8bd637122941d6c9_roi_23.png,85_png.rf.75439e009b13787c8bd637122941d6c9_roi_22.png,0.9320803284645081,646.4840412593188,37.39338476896187,664.0600872138708,38.63536172611539,17.576045954552,1.2419769571535184,17.576045954552,1.2419769571535184
165_png.rf.632345fe644e540f32370605842f049a_roi_17.png,165_png.rf.632345fe644e540f32370605842f049a_roi_20.png,0.9319819808006287,630.175358022647,37.542232234109086,631.3683757274252,37.29784085159795,1.193017704778299,-0.24439138251113945,1.193017704778299,0.24439138251113945
87_png.rf.83a425900a4820bbace2d64b95c0f070_roi_30.png,87_png.rf.83a425900a4820bbace2d64b95c0f070_roi_19.png,0.9319695234298706,601.7038207130585,36.708879892232126,596.0814708654937,38.06929015582698,-5.622349847564806,1.3604102635948507,5.622349847564806,1.3604102635948507
157_png.rf.355ba2b71e0720acf76aee03119c688a_roi_9.png,157_png.rf.355ba2b71e0720acf76aee03119c688a_roi_14.png,0.9318846464157104,661.683262999549,37.299997456842746,659.8226657678825,39.75194619490932,-1.8605972316664747,2.4519487380665765,1.8605972316664747,2.4519487380665765
163_png.rf.cd0f9f7ac75a6e8ddaa98127ab6df9d3_roi_13.png,163_png.rf.cd0f9f7ac75a6e8ddaa98127ab6df9d3_roi_7.png,0.9317106008529663,511.1698307311391,31.303747586709758,500.971010070218,30.93787147735227,-10.198820660921115,-0.3658761093574867,10.198820660921115,0.3658761093574867
166_png.rf.aab41b925e03ee5bae283600f05ed7c1_roi_15.png,166_png.rf.aab41b925e03ee5bae283600f05ed7c1_roi_19.png,0.9315818548202515,602.4022481354642,33.14145725485853,598.5389613137378,31.840415464802053,-3.863286821726433,-1.3010417900564768,3.863286821726433,1.3010417900564768
163_png.rf.cd0f9f7ac75a6e8ddaa98127ab6df9d3_roi_5.png,163_png.rf.cd0f9f7ac75a6e8ddaa98127ab6df9d3_roi_12.png,0.9315476417541504,590.0862826283812,36.26157417814406,600.5853401299921,35.827612444989306,10.499057501610878,-0.43396173315475295,10.499057501610878,0.43396173315475295
157_png.rf.355ba2b71e0720acf76aee03119c688a_roi_14.png,157_png.rf.355ba2b71e0720acf76aee03119c688a_roi_8.png,0.9313682317733765,645.034439328431,36.91790474170325,640.0970663890249,38.86795528738824,-4.937372939406032,1.950050545684988,4.937372939406032,1.950050545684988
161_png.rf.158ad654011e9670046a475b12f8593d_roi_29.png,161_png.rf.158ad654011e9670046a475b12f8593d_roi_11.png,0.9313490390777588,521.0228397749795,41.62031902275917,526.2484155220876,42.94792645509367,5.22557574710811,1.3276074323345028,5.22557574710811,1.3276074323345028
85_png.rf.75439e009b13787c8bd637122941d6c9_roi_15.png,85_png.rf.75439e009b13787c8bd637122941d6c9_roi_17.png,0.9312580823898315,617.2773586490723,38.55714337375378,600.278138351634,42.203767368142216,-16.99922029743834,3.6466239943884347,16.99922029743834,3.6466239943884347
167_png.rf.4aadee1e7f1b32608b2901d34d9bd4ac_roi_28.png,167_png.rf.4aadee1e7f1b32608b2901d34d9bd4ac_roi_33.png,0.9312048554420471,704.9539767194914,39.04666218719499,719.8635571395525,39.76969379222584,14.909580420061161,0.7230316050308474,14.909580420061161,0.7230316050308474
158_png.rf.274771a321eac102f941a30fdb46d466_roi_4.png,158_png.rf.274771a321eac102f941a30fdb46d466_roi_14.png,0.9311475157737732,644.2991437909033,40.157432291756606,641.8712819441282,40.18837867635817,-2.427861846775045,0.03094638460156318,2.427861846775045,0.03094638460156318
85_png.rf.75439e009b13787c8bd637122941d6c9_roi_11.png,85_png.rf.75439e009b13787c8bd637122941d6c9_roi_21.png,0.9311141967773438,672.9123289429172,34.603098559363666,649.093301304268,35.2162989597549,-23.819027638649118,0.6132004003912357,23.819027638649118,0.6132004003912357
154_png.rf.14ad9631fdb98926098b64b2cc23b499_roi_24.png,154_png.rf.14ad9631fdb98926098b64b2cc23b499_roi_24.png,0.9309640526771545,663.2111458139576,38.50172324972453,655.6087858748499,40.7872533335886,-7.602359939107714,2.2855300838640744,7.602359939107714,2.2855300838640744
84_png.rf.58f1729113639cc3714467029dcb4780_roi_13.png,84_png.rf.58f1729113639cc3714467029dcb4780_roi_42.png,0.9309262037277222,558.7312876798337,36.56624116404431,575.0026077264334,35.479453026633074,16.271320046599726,-1.086788137411233,16.271320046599726,1.086788137411233
156_png.rf.6120be0c3a28f4801b0a45145ce1e961_roi_1.png,156_png.rf.6120be0c3a28f4801b0a45145ce1e961_roi_17.png,0.930747926235199,598.1985516585236,37.32798291710314,610.4472742512459,38.71148316829322,12.248722592722288,1.3835002511900782,12.248722592722288,1.3835002511900782
157_png.rf.355ba2b71e0720acf76aee03119c688a_roi_15.png,157_png.rf.355ba2b71e0720acf76aee03119c688a_roi_9.png,0.9307116270065308,601.6764166870395,36.93774220187976,614.8543163516142,37.75968257947344,13.177899664574738,0.821940377593684,13.177899664574738,0.821940377593684
157_png.rf.355ba2b71e0720acf76aee03119c688a_roi_19.png,157_png.rf.355ba2b71e0720acf76aee03119c688a_roi_18.png,0.9305794835090637,557.9471705608922,32.89799109113538,555.41838244028,33.96853423560596,-2.528788120612262,1.0705431444705766,2.528788120612262,1.0705431444705766
76_png.rf.7f70179db28531c420ff564284110692_roi_39.png,76_png.rf.7f70179db28531c420ff564284110692_roi_8.png,0.9303691387176514,619.8835603224665,41.51342715716735,634.1572423717638,39.248324933996415,14.27368204929735,-2.265102223170935,14.27368204929735,2.265102223170935
161_png.rf.158ad654011e9670046a475b12f8593d_roi_25.png,161_png.rf.158ad654011e9670046a475b12f8593d_roi_36.png,0.9303505420684814,615.8208335811574,37.71744691665996,614.7345445269444,37.49254126671116,-1.0862890542130117,-0.22490564994880202,1.0862890542130117,0.22490564994880202
167_png.rf.4aadee1e7f1b32608b2901d34d9bd4ac_roi_6.png,167_png.rf.4aadee1e7f1b32608b2901d34d9bd4ac_roi_23.png,0.9303445816040039,733.3924506626281,40.161420850458136,732.425914759111,38.11973408909645,-0.9665359035170695,-2.0416867613616887,0.9665359035170695,2.0416867613616887
76_png.rf.7f70179db28531c420ff564284110692_roi_0.png,76_png.rf.7f70179db28531c420ff564284110692_roi_1.png,0.930311918258667,579.6582426344332,38.79771851016676,591.1508857459465,35.72020637623256,11.492643111513303,-3.0775121339341993,11.492643111513303,3.0775121339341993
76_png.rf.7f70179db28531c420ff564284110692_roi_13.png,76_png.rf.7f70179db28531c420ff564284110692_roi_22.png,0.9301453232765198,601.2687861086447,38.72120789861344,592.2523793514264,37.34836082170855,-9.016406757218306,-1.3728470769048897,9.016406757218306,1.3728470769048897
166_png.rf.aab41b925e03ee5bae283600f05ed7c1_roi_5.png,166_png.rf.aab41b925e03ee5bae283600f05ed7c1_roi_14.png,0.9300631284713745,691.9381201994267,32.396514119842884,650.1024445499529,33.83588339621415,-41.83567564947384,1.4393692763712664,41.83567564947384,1.4393692763712664
164_png.rf.67de034d315f10061f576d8a59ec9e00_roi_22.png,164_png.rf.67de034d315f10061f576d8a59ec9e00_roi_23.png,0.9300341010093689,548.275792527582,33.65839338738254,556.7798619795177,34.36386717591671,8.50406945193572,0.7054737885341709,8.50406945193572,0.7054737885341709
76_png.rf.7f70179db28531c420ff564284110692_roi_3.png,76_png.rf.7f70179db28531c420ff564284110692_roi_13.png,0.9299951195716858,594.215373892116,38.35934569072591,578.5828535986897,36.74363985780539,-15.632520293426296,-1.6157058329205185,15.632520293426296,1.6157058329205185
256_png.rf.18d3c3ddc6e345fc5391481cf087f656_roi_52.png,256_png.rf.18d3c3ddc6e345fc5391481cf087f656_roi_3.png,0.9299331307411194,917.592302848817,45.29206950383458,938.5990683505702,47.14846782600742,21.006765501753193,1.8563983221728364,21.006765501753193,1.8563983221728364
169_png.rf.532ef687b8a694ac82b673d458edb7af_roi_28.png,169_png.rf.532ef687b8a694ac82b673d458edb7af_roi_26.png,0.9299276471138,667.6280074541569,34.51171313756644,685.2519942200727,35.05475850803823,17.623986765915788,0.5430453704717948,17.623986765915788,0.5430453704717948
177_png.rf.7d111caca2be9c02b4c09af0069e3b04_roi_17.png,177_png.rf.7d111caca2be9c02b4c09af0069e3b04_roi_2.png,0.9297767877578735,660.0542420378231,30.120367130825528,639.6256952815877,30.099321356709684,-20.42854675623539,-0.021045774115844296,20.42854675623539,0.021045774115844296
167_png.rf.4aadee1e7f1b32608b2901d34d9bd4ac_roi_20.png,167_png.rf.4aadee1e7f1b32608b2901d34d9bd4ac_roi_4.png,0.9297693967819214,746.9593736528046,40.60761219571237,766.7135766754461,39.81119180086459,19.75420302264149,-0.7964203948477788,19.75420302264149,0.7964203948477788
169_png.rf.532ef687b8a694ac82b673d458edb7af_roi_6.png,169_png.rf.532ef687b8a694ac82b673d458edb7af_roi_29.png,0.9297205805778503,675.9778225333928,36.29015563259557,678.1798123417714,38.13478135370876,2.2019898083785847,1.8446257211131893,2.2019898083785847,1.8446257211131893
165_png.rf.632345fe644e540f32370605842f049a_roi_24.png,165_png.rf.632345fe644e540f32370605842f049a_roi_27.png,0.929710865020752,636.020919944919,34.22058576909186,616.4833211008729,33.78278296757326,-19.5375988440461,-0.4378028015186004,19.5375988440461,0.4378028015186004
172_png.rf.f3457ec580e8349d69afeb37c6eae6f8_roi_13.png,172_png.rf.f3457ec580e8349d69afeb37c6eae6f8_roi_25.png,0.9296635985374451,715.1435236899171,37.70097782315766,735.2550657273808,38.984396583869184,20.111542037463778,1.2834187607115268,20.111542037463778,1.2834187607115268
257_png.rf.d0e9b62c92e89f70b1ab6feac50e3c89_roi_37.png,257_png.rf.d0e9b62c92e89f70b1ab6feac50e3c89_roi_12.png,0.9296359419822693,945.1627150573538,46.44483848015288,952.5771277534288,45.65236194747494,7.414412696075033,-0.792476532677945,7.414412696075033,0.792476532677945
157_png.rf.355ba2b71e0720acf76aee03119c688a_roi_23.png,157_png.rf.355ba2b71e0720acf76aee03119c688a_roi_2.png,0.9294517636299133,635.1668444171061,38.34015975346784,654.4452516316902,39.12484213794278,19.27840721458415,0.7846823844749409,19.27840721458415,0.7846823844749409
157_png.rf.355ba2b71e0720acf76aee03119c688a_roi_12.png,157_png.rf.355ba2b71e0720acf76aee03119c688a_roi_5.png,0.9294372200965881,623.8149505926326,38.55278618289437,636.6434787996862,40.02508219356172,12.828528207053637,1.4722960106673497,12.828528207053637,1.4722960106673497
77_png.rf.e21cdb67d45225a97432fb9511bacd58_roi_44.png,77_png.rf.e21cdb67d45225a97432fb9511bacd58_roi_4.png,0.9294055104255676,585.4597052416382,33.571588256298575,603.8845396741967,33.71399674620689,18.424834432558555,0.14240848990831267,18.424834432558555,0.14240848990831267
77_png.rf.e21cdb67d45225a97432fb9511bacd58_roi_41.png,77_png.rf.e21cdb67d45225a97432fb9511bacd58_roi_55.png,0.9290137887001038,606.6361536759035,35.835654802615714,617.5043278199436,36.34585054672676,10.86817414404004,0.5101957441110443,10.86817414404004,0.5101957441110443
167_png.rf.4aadee1e7f1b32608b2901d34d9bd4ac_roi_34.png,167_png.rf.4aadee1e7f1b32608b2901d34d9bd4ac_roi_21.png,0.9288732409477234,717.9068519861271,41.43900353940339,734.1275378138146,41.9696188893448,16.220685827687475,0.5306153499414137,16.220685827687475,0.5306153499414137
78_png.rf.64c5d696884a3b905e0a4e7625969623_roi_8.png,78_png.rf.64c5d696884a3b905e0a4e7625969623_roi_2.png,0.9288687109947205,666.5061394091088,41.44145817235736,684.3742002095585,41.70780826482152,17.86806080044971,0.2663500924641653,17.86806080044971,0.2663500924641653
165_png.rf.632345fe644e540f32370605842f049a_roi_19.png,165_png.rf.632345fe644e540f32370605842f049a_roi_35.png,0.9287489652633667,658.4291443661667,38.527651358429694,654.8967944159617,39.72705841493405,-3.5323499502050026,1.1994070565043558,3.5323499502050026,1.1994070565043558
163_png.rf.cd0f9f7ac75a6e8ddaa98127ab6df9d3_roi_10.png,163_png.rf.cd0f9f7ac75a6e8ddaa98127ab6df9d3_roi_18.png,0.9286754131317139,581.1012519678287,38.359835069575546,586.9744188661634,36.93547016959264,5.873166898334716,-1.4243648999829048,5.873166898334716,1.4243648999829048
157_png.rf.355ba2b71e0720acf76aee03119c688a_roi_20.png,157_png.rf.355ba2b71e0720acf76aee03119c688a_roi_17.png,0.9286523461341858,539.1593426615531,34.47016790876324,541.9823458611911,35.203878901691105,2.8230031996380376,0.7337109929278682,2.8230031996380376,0.7337109929278682
257_png.rf.d0e9b62c92e89f70b1ab6feac50e3c89_roi_34.png,257_png.rf.d0e9b62c92e89f70b1ab6feac50e3c89_roi_5.png,0.9286118745803833,877.1889164706574,44.2100033011514,874.4133634802835,41.82585099952335,-2.775552990373967,-2.384152301628056,2.775552990373967,2.384152301628056
165_png.rf.632345fe644e540f32370605842f049a_roi_9.png,165_png.rf.632345fe644e540f32370605842f049a_roi_4.png,0.9285714030265808,685.3679747509241,37.23234028522168,659.7927711973881,37.30283533639189,-25.57520355353597,0.07049505117020516,25.57520355353597,0.07049505117020516
158_png.rf.274771a321eac102f941a30fdb46d466_roi_23.png,158_png.rf.274771a321eac102f941a30fdb46d466_roi_9.png,0.9285079836845398,615.3334784807995,38.23956393323337,633.0779615274275,38.5999700510465,17.744483046628034,0.3604061178131275,17.744483046628034,0.3604061178131275
171_png.rf.febf282da9ce93abe816ac234ff149c0_roi_13.png,171_png.rf.febf282da9ce93abe816ac234ff149c0_roi_29.png,0.928426206111908,705.3782572347878,35.72736118507874,706.4059607680105,38.10754476529725,1.0277035332226205,2.3801835802185067,1.0277035332226205,2.3801835802185067
161_png.rf.158ad654011e9670046a475b12f8593d_roi_18.png,161_png.rf.158ad654011e9670046a475b12f8593d_roi_23.png,0.9283521175384521,590.3518563987985,34.418077359888606,599.2794092329788,35.481590773388,8.927552834180233,1.0635134134993933,8.927552834180233,1.0635134134993933
76_png.rf.7f70179db28531c420ff564284110692_roi_48.png,76_png.rf.7f70179db28531c420ff564284110692_roi_18.png,0.9282868504524231,607.6944561056425,35.99423848503959,585.3634142851411,35.68605918310485,-22.33104182050147,-0.30817930193473586,22.33104182050147,0.30817930193473586
78_png.rf.64c5d696884a3b905e0a4e7625969623_roi_22.png,78_png.rf.64c5d696884a3b905e0a4e7625969623_roi_7.png,0.9282550811767578,619.6171647770085,39.88897104097931,613.7350154010687,37.821132720226416,-5.882149375939775,-2.067838320752891,5.882149375939775,2.067838320752891
85_png.rf.75439e009b13787c8bd637122941d6c9_roi_32.png,85_png.rf.75439e009b13787c8bd637122941d6c9_roi_7.png,0.9281925559043884,696.0589512299105,36.87775661439369,708.39702037788,37.59130962092615,12.338069147969577,0.7135530065324573,12.338069147969577,0.7135530065324573
158_png.rf.274771a321eac102f941a30fdb46d466_roi_13.png,158_png.rf.274771a321eac102f941a30fdb46d466_roi_5.png,0.9280821681022644,555.903816161244,37.67763015636725,569.4749448069458,39.51288629119137,13.571128645701833,1.835256134824121,13.571128645701833,1.835256134824121
166_png.rf.aab41b925e03ee5bae283600f05ed7c1_roi_31.png,166_png.rf.aab41b925e03ee5bae283600f05ed7c1_roi_26.png,0.9280612468719482,647.2564616070495,31.834719597916862,645.7915616344584,32.50353502339348,-1.4648999725910699,0.6688154254766197,1.4648999725910699,0.6688154254766197
82_png.rf.78a828637d0fdf11d14f1d4b7920f8d0_roi_32.png,82_png.rf.78a828637d0fdf11d14f1d4b7920f8d0_roi_22.png,0.9279319643974304,583.2405996050453,39.76825486249159,596.8805400113607,40.86168470751745,13.639940406315418,1.0934298450258595,13.639940406315418,1.0934298450258595
156_png.rf.6120be0c3a28f4801b0a45145ce1e961_roi_36.png,156_png.rf.6120be0c3a28f4801b0a45145ce1e961_roi_9.png,0.9278396368026733,571.7151242783872,41.10517737874965,592.0010728933561,41.36257441741714,20.285948614968902,0.25739703866749153,20.285948614968902,0.25739703866749153
79_png.rf.5ec9f077f4d5af0f3ab029d7283bba4e_roi_18.png,79_png.rf.5ec9f077f4d5af0f3ab029d7283bba4e_roi_31.png,0.9277163743972778,649.816117244961,35.43061020394419,640.1291851436278,35.99996742303068,-9.686932101333241,0.5693572190864913,9.686932101333241,0.5693572190864913
154_png.rf.14ad9631fdb98926098b64b2cc23b499_roi_13.png,154_png.rf.14ad9631fdb98926098b64b2cc23b499_roi_15.png,0.9277010560035706,680.1354574211723,37.23377309959235,684.9318123308198,39.31766194199916,4.796354909647448,2.0838888424068145,4.796354909647448,2.0838888424068145
163_png.rf.cd0f9f7ac75a6e8ddaa98127ab6df9d3_roi_3.png,163_png.rf.cd0f9f7ac75a6e8ddaa98127ab6df9d3_roi_28.png,0.927639365196228,553.8127605105801,32.44523973969226,554.4469544013298,32.0480893782831,0.6341938907496569,-0.39715036140916027,0.6341938907496569,0.39715036140916027
165_png.rf.632345fe644e540f32370605842f049a_roi_30.png,165_png.rf.632345fe644e540f32370605842f049a_roi_21.png,0.9275671243667603,649.9856261776233,38.30166717902596,663.5185814009639,37.45407306357578,13.532955223340537,-0.8475941154501854,13.532955223340537,0.8475941154501854
158_png.rf.274771a321eac102f941a30fdb46d466_roi_12.png,158_png.rf.274771a321eac102f941a30fdb46d466_roi_22.png,0.9275561571121216,579.6033375406431,39.93179826501918,598.2878817436678,39.13160467793586,18.684544203024643,-0.8001935870833208,18.684544203024643,0.8001935870833208
161_png.rf.158ad654011e9670046a475b12f8593d_roi_0.png,161_png.rf.158ad654011e9670046a475b12f8593d_roi_13.png,0.9274344444274902,599.3243030692686,36.70058927055198,601.3947844204537,39.04562304922482,2.0704813511850944,2.3450337786728426,2.0704813511850944,2.3450337786728426
161_png.rf.158ad654011e9670046a475b12f8593d_roi_20.png,161_png.rf.158ad654011e9670046a475b12f8593d_roi_10.png,0.9272396564483643,630.2174719742959,36.37238357593571,642.8172036113485,37.44257961430288,12.599731637052628,1.0701960383671718,12.599731637052628,1.0701960383671718
155_png.rf.f50fa82504926ab35f38301b6390248d_roi_1.png,155_png.rf.f50fa82504926ab35f38301b6390248d_roi_7.png,0.9271495342254639,637.9841436208167,38.48035834672419,628.9311398334431,40.82390148069975,-9.053003787373541,2.3435431339755652,9.053003787373541,2.3435431339755652
165_png.rf.632345fe644e540f32370605842f049a_roi_6.png,165_png.rf.632345fe644e540f32370605842f049a_roi_32.png,0.9271233081817627,592.7084236534323,33.577058329531944,581.5727517195837,32.726329780652684,-11.135671933848585,-0.8507285488792604,11.135671933848585,0.8507285488792604
167_png.rf.4aadee1e7f1b32608b2901d34d9bd4ac_roi_18.png,167_png.rf.4aadee1e7f1b32608b2901d34d9bd4ac_roi_9.png,0.9270722270011902,735.9387172251628,41.394137377234685,735.4381415381059,39.81229971533069,-0.5005756870568803,-1.5818376619039967,0.5005756870568803,1.5818376619039967
76_png.rf.7f70179db28531c420ff564284110692_roi_27.png,76_png.rf.7f70179db28531c420ff564284110692_roi_20.png,0.9270650148391724,617.7321864223151,40.4632787021979,608.5470403707391,38.326829480959056,-9.185146051575998,-2.1364492212388413,9.185146051575998,2.1364492212388413
85_png.rf.75439e009b13787c8bd637122941d6c9_roi_35.png,85_png.rf.75439e009b13787c8bd637122941d6c9_roi_13.png,0.9270015954971313,689.5293694883986,38.18492444416917,678.42231242972,40.61714517678396,-11.107057058678606,2.4322207326147876,11.107057058678606,2.4322207326147876
165_png.rf.632345fe644e540f32370605842f049a_roi_11.png,165_png.rf.632345fe644e540f32370605842f049a_roi_17.png,0.9266936182975769,659.3475875331203,32.39370262605396,655.5215157596401,31.474586266442596,-3.82607177348018,-0.9191163596113618,3.82607177348018,0.9191163596113618
77_png.rf.e21cdb67d45225a97432fb9511bacd58_roi_16.png,77_png.rf.e21cdb67d45225a97432fb9511bacd58_roi_45.png,0.9266811013221741,645.8808042008199,36.88446991933685,668.8145213987975,37.47705799591899,22.93371719797767,0.592588076582139,22.93371719797767,0.592588076582139
155_png.rf.f50fa82504926ab35f38301b6390248d_roi_8.png,155_png.rf.f50fa82504926ab35f38301b6390248d_roi_6.png,0.9266442060470581,613.9267242889083,39.89808267626613,635.858820042914,40.94928310363232,21.932095754005672,1.0512004273661901,21.932095754005672,1.0512004273661901
78_png.rf.64c5d696884a3b905e0a4e7625969623_roi_2.png,78_png.rf.64c5d696884a3b905e0a4e7625969623_roi_8.png,0.9266096353530884,619.92713005275,36.9003769082004,630.7231630647414,38.44159057160854,10.796033011991312,1.5412136634081435,10.796033011991312,1.5412136634081435
163_png.rf.cd0f9f7ac75a6e8ddaa98127ab6df9d3_roi_25.png,163_png.rf.cd0f9f7ac75a6e8ddaa98127ab6df9d3_roi_6.png,0.9265617728233337,603.9686769140212,36.2807937695768,615.5099331834032,36.771594518090566,11.541256269381961,0.4908007485137631,11.541256269381961,0.4908007485137631
165_png.rf.632345fe644e540f32370605842f049a_roi_12.png,165_png.rf.632345fe644e540f32370605842f049a_roi_30.png,0.926396906375885,704.0010988471726,40.06256869038615,704.2312080798226,38.144321186762205,0.23010923265007932,-1.9182475036239452,0.23010923265007932,1.9182475036239452
161_png.rf.158ad654011e9670046a475b12f8593d_roi_10.png,161_png.rf.158ad654011e9670046a475b12f8593d_roi_31.png,0.9263803958892822,505.53775122358206,29.910343342501854,516.8697072867096,31.074872916790465,11.331956063127564,1.1645295742886113,11.331956063127564,1.1645295742886113
76_png.rf.7f70179db28531c420ff564284110692_roi_42.png,76_png.rf.7f70179db28531c420ff564284110692_roi_16.png,0.9263059496879578,592.4479707322038,39.19475923304048,600.2731981412293,36.762366484472224,7.825227409025501,-2.4323927485682546,7.825227409025501,2.4323927485682546
155_png.rf.f50fa82504926ab35f38301b6390248d_roi_12.png,155_png.rf.f50fa82504926ab35f38301b6390248d_roi_15.png,0.9262847304344177,583.1595640015152,43.80078684461287,595.5454535465352,41.73055076743363,12.385889545020063,-2.0702360771792456,12.385889545020063,2.0702360771792456
78_png.rf.64c5d696884a3b905e0a4e7625969623_roi_23.png,78_png.rf.64c5d696884a3b905e0a4e7625969623_roi_4.png,0.9262465238571167,718.6333049334949,44.03835213219521,691.9372835619395,42.823913166424,-26.69602137155539,-1.2144389657712082,26.69602137155539,1.2144389657712082
87_png.rf.83a425900a4820bbace2d64b95c0f070_roi_40.png,87_png.rf.83a425900a4820bbace2d64b95c0f070_roi_30.png,0.9262096881866455,676.4589612225802,37.63926348198453,677.1244550552134,40.16404795328325,0.6654938326331603,2.524784471298723,0.6654938326331603,2.524784471298723
158_png.rf.274771a321eac102f941a30fdb46d466_roi_15.png,158_png.rf.274771a321eac102f941a30fdb46d466_roi_20.png,0.92613285779953,550.6099673753795,30.664970042268656,562.1158164526869,30.72763732458449,11.505849077307403,0.0626672823158323,11.505849077307403,0.0626672823158323
169_png.rf.532ef687b8a694ac82b673d458edb7af_roi_7.png,169_png.rf.532ef687b8a694ac82b673d458edb7af_roi_3.png,0.92580646276474,717.9276347299865,36.43635934634461,723.9474434779744,37.04281998145781,6.019808747987895,0.6064606351132014,6.019808747987895,0.6064606351132014
158_png.rf.274771a321eac102f941a30fdb46d466_roi_21.png,158_png.rf.274771a321eac102f941a30fdb46d466_roi_13.png,0.9257490038871765,616.8135443422728,38.76816958949728,635.9034376449829,39.798051870250994,19.08989330271004,1.0298822807537107,19.08989330271004,1.0298822807537107
177_png.rf.7d111caca2be9c02b4c09af0069e3b04_roi_11.png,177_png.rf.7d111caca2be9c02b4c09af0069e3b04_roi_13.png,0.9255595803260803,700.5045398208218,29.13135546343222,712.6571712403213,28.50614048871858,12.152631419499471,-0.6252149747136428,12.152631419499471,0.6252149747136428
172_png.rf.f3457ec580e8349d69afeb37c6eae6f8_roi_4.png,172_png.rf.f3457ec580e8349d69afeb37c6eae6f8_roi_13.png,0.9254947900772095,678.9460372036584,39.49949000125406,703.5781062496939,39.41934337588869,24.63206904603544,-0.08014662536537287,24.63206904603544,0.08014662536537287
163_png.rf.cd0f9f7ac75a6e8ddaa98127ab6df9d3_roi_24.png,163_png.rf.cd0f9f7ac75a6e8ddaa98127ab6df9d3_roi_22.png,0.9253731369972229,513.4237323191147,36.172056991050304,505.8197462786896,36.21235950855886,-7.603986040425127,0.0403025175085574,7.603986040425127,0.0403025175085574
82_png.rf.78a828637d0fdf11d14f1d4b7920f8d0_roi_19.png,82_png.rf.78a828637d0fdf11d14f1d4b7920f8d0_roi_8.png,0.9252767562866211,591.3963246498356,37.73323390483824,613.2912494667293,38.72306490552064,21.89492481689365,0.9898310006824005,21.89492481689365,0.9898310006824005
161_png.rf.158ad654011e9670046a475b12f8593d_roi_6.png,161_png.rf.158ad654011e9670046a475b12f8593d_roi_34.png,0.9251313209533691,598.3521479170046,39.88890776996729,620.5462374335449,39.87629661594487,22.194089516540316,-0.012611154022422966,22.194089516540316,0.012611154022422966
166_png.rf.aab41b925e03ee5bae283600f05ed7c1_roi_3.png,166_png.rf.aab41b925e03ee5bae283600f05ed7c1_roi_1.png,0.9250375032424927,629.0519420837184,32.74181763910921,648.3346465276561,33.81258717892351,19.282704443937746,1.0707695398143002,19.282704443937746,1.0707695398143002
165_png.rf.632345fe644e540f32370605842f049a_roi_16.png,165_png.rf.632345fe644e540f32370605842f049a_roi_13.png,0.9249892830848694,665.3850757868809,38.092674264128085,657.164388282464,36.57367281517822,-8.220687504416901,-1.519001448949865,8.220687504416901,1.519001448949865
79_png.rf.5ec9f077f4d5af0f3ab029d7283bba4e_roi_3.png,79_png.rf.5ec9f077f4d5af0f3ab029d7283bba4e_roi_66.png,0.9249386191368103,760.5947096949711,39.25526136336738,767.2247773204892,40.57023495849409,6.630067625518109,1.314973595126709,6.630067625518109,1.314973595126709
165_png.rf.632345fe644e540f32370605842f049a_roi_21.png,165_png.rf.632345fe644e540f32370605842f049a_roi_31.png,0.9248422384262085,533.5373863553112,35.046274489943286,536.6975309040618,33.59604573897319,3.160144548750509,-1.4502287509700977,3.160144548750509,1.4502287509700977
170_png.rf.9fdddfe19c59d54aa61d2f432ec45baa_roi_8.png,170_png.rf.9fdddfe19c59d54aa61d2f432ec45baa_roi_15.png,0.9246073365211487,775.9324651930489,37.84661264934173,791.3009169883828,40.26546057192871,15.368451795333954,2.418847922586984,15.368451795333954,2.418847922586984
169_png.rf.532ef687b8a694ac82b673d458edb7af_roi_31.png,169_png.rf.532ef687b8a694ac82b673d458edb7af_roi_16.png,0.9244462251663208,663.3260280838965,40.028060723561566,651.9331320407471,41.942949201205664,-11.392896043149449,1.914888477644098,11.392896043149449,1.914888477644098
161_png.rf.158ad654011e9670046a475b12f8593d_roi_4.png,161_png.rf.158ad654011e9670046a475b12f8593d_roi_24.png,0.9243365526199341,539.129732955799,35.29703571264756,534.024534067713,35.10752595428492,-5.105198888085965,-0.1895097583626466,5.105198888085965,0.1895097583626466
154_png.rf.14ad9631fdb98926098b64b2cc23b499_roi_5.png,154_png.rf.14ad9631fdb98926098b64b2cc23b499_roi_8.png,0.9243291020393372,625.6020359289009,37.344237822205024,635.4075276515171,39.13491901855015,9.805491722616125,1.7906811963451261,9.805491722616125,1.7906811963451261
87_png.rf.83a425900a4820bbace2d64b95c0f070_roi_17.png,87_png.rf.83a425900a4820bbace2d64b95c0f070_roi_42.png,0.9242794513702393,639.8611621350692,33.16022314641876,655.7955352629492,33.70721950191074,15.934373127880008,0.5469963554919843,15.934373127880008,0.5469963554919843
170_png.rf.9fdddfe19c59d54aa61d2f432ec45baa_roi_11.png,170_png.rf.9fdddfe19c59d54aa61d2f432ec45baa_roi_8.png,0.9242472052574158,811.3057751556601,40.31330175133261,838.5932773015285,40.79671248193252,27.287502145868416,0.483410730599914,27.287502145868416,0.483410730599914
76_png.rf.7f70179db28531c420ff564284110692_roi_26.png,76_png.rf.7f70179db28531c420ff564284110692_roi_42.png,0.9242225289344788,609.1338340823455,41.28722986354664,606.6341788255833,38.50723868180905,-2.499655256762253,-2.779991181737593,2.499655256762253,2.779991181737593
156_png.rf.6120be0c3a28f4801b0a45145ce1e961_roi_9.png,156_png.rf.6120be0c3a28f4801b0a45145ce1e961_roi_23.png,0.9241555333137512,558.3469383061204,28.76657238672264,571.5426159430111,30.091760490369843,13.195677636890764,1.3251881036472035,13.195677636890764,1.3251881036472035
161_png.rf.158ad654011e9670046a475b12f8593d_roi_30.png,161_png.rf.158ad654011e9670046a475b12f8593d_roi_25.png,0.9240938425064087,647.2110609036611,37.16347177366631,658.3858015046148,39.13510482305236,11.174740600953783,1.9716330493860497,11.174740600953783,1.9716330493860497
87_png.rf.83a425900a4820bbace2d64b95c0f070_roi_36.png,87_png.rf.83a425900a4820bbace2d64b95c0f070_roi_18.png,0.9240310192108154,714.6173825822503,37.43449553970329,722.1375186276061,38.61601310321287,7.520136045355798,1.1815175635095798,7.520136045355798,1.1815175635095798
164_png.rf.67de034d315f10061f576d8a59ec9e00_roi_1.png,164_png.rf.67de034d315f10061f576d8a59ec9e00_roi_17.png,0.9240000247955322,504.0199976374699,31.069185898188515,494.331004642192,32.35552192510339,-9.688992995277886,1.2863360269148743,9.688992995277886,1.2863360269148743
176_png.rf.ade8f3becc3343adf565d66c9323a444_roi_7.png,176_png.rf.ade8f3becc3343adf565d66c9323a444_roi_17.png,0.9239606261253357,650.4115986553477,28.691086541876164,676.7483250658925,29.57831290855336,26.33672641054477,0.8872263666771971,26.33672641054477,0.8872263666771971
256_png.rf.18d3c3ddc6e345fc5391481cf087f656_roi_41.png,256_png.rf.18d3c3ddc6e345fc5391481cf087f656_roi_24.png,0.9238011240959167,873.7503670742335,40.38249809552197,862.3087534604383,42.51783753212976,-11.441613613795198,2.1353394366077936,11.441613613795198,2.1353394366077936
164_png.rf.67de034d315f10061f576d8a59ec9e00_roi_20.png,164_png.rf.67de034d315f10061f576d8a59ec9e00_roi_6.png,0.9236602783203125,640.4931037634258,32.39735623716778,629.8110283745352,33.56278349106251,-10.682075388890553,1.165427253894734,10.682075388890553,1.165427253894734
164_png.rf.67de034d315f10061f576d8a59ec9e00_roi_23.png,164_png.rf.67de034d315f10061f576d8a59ec9e00_roi_18.png,0.9236537218093872,505.5884651685134,30.200333872616174,514.3778682568103,30.959750060598463,8.789403088296922,0.7594161879822892,8.789403088296922,0.7594161879822892
164_png.rf.67de034d315f10061f576d8a59ec9e00_roi_6.png,164_png.rf.67de034d315f10061f576d8a59ec9e00_roi_2.png,0.923550546169281,572.3199524835011,36.74080341260504,565.4617216533497,36.13618975871643,-6.858230830151342,-0.6046136538886131,6.858230830151342,0.6046136538886131
77_png.rf.e21cdb67d45225a97432fb9511bacd58_roi_1.png,77_png.rf.e21cdb67d45225a97432fb9511bacd58_roi_5.png,0.9234215617179871,683.1885761658644,36.94554771537898,683.6782074619688,39.53708421089859,0.489631296104335,2.5915364955196125,0.489631296104335,2.5915364955196125
76_png.rf.7f70179db28531c420ff564284110692_roi_30.png,76_png.rf.7f70179db28531c420ff564284110692_roi_50.png,0.9234174489974976,621.0915086865809,39.19576579858807,607.9386897061773,38.58990162236726,-13.152818980403595,-0.6058641762208126,13.152818980403595,0.6058641762208126
163_png.rf.cd0f9f7ac75a6e8ddaa98127ab6df9d3_roi_0.png,163_png.rf.cd0f9f7ac75a6e8ddaa98127ab6df9d3_roi_21.png,0.9232209920883179,589.3656249625303,39.56820318536831,581.4851719462918,37.86709159250951,-7.880453016238562,-1.7011115928588012,7.880453016238562,1.7011115928588012
158_png.rf.274771a321eac102f941a30fdb46d466_roi_16.png,158_png.rf.274771a321eac102f941a30fdb46d466_roi_15.png,0.9232096672058105,620.286819267052,38.03005370743355,638.3752508505419,39.896563378951775,18.088431583489864,1.866509671518223,18.088431583489864,1.866509671518223
171_png.rf.febf282da9ce93abe816ac234ff149c0_roi_18.png,171_png.rf.febf282da9ce93abe816ac234ff149c0_roi_7.png,0.9225502610206604,655.7924117623871,36.28505784913077,656.8431910981606,39.281884968965805,1.0507793357734272,2.9968271198350322,1.0507793357734272,2.9968271198350322
78_png.rf.64c5d696884a3b905e0a4e7625969623_roi_14.png,78_png.rf.64c5d696884a3b905e0a4e7625969623_roi_9.png,0.922513484954834,663.5556520779185,42.254502927286495,669.9216041497658,40.26260733706139,6.365952071847346,-1.9918955902251057,6.365952071847346,1.9918955902251057
257_png.rf.d0e9b62c92e89f70b1ab6feac50e3c89_roi_36.png,257_png.rf.d0e9b62c92e89f70b1ab6feac50e3c89_roi_40.png,0.9224384427070618,831.9004901010792,45.265862617463824,855.2048871662329,42.62182217747725,23.304397065153694,-2.6440404399865756,23.304397065153694,2.6440404399865756
175_png.rf.809573d6b32e2ea5b757d39421fb3e6a_roi_21.png,175_png.rf.809573d6b32e2ea5b757d39421fb3e6a_roi_13.png,0.9222221970558167,678.4696116188321,33.27564720132132,693.404206711568,33.38502590479517,14.93459509273589,0.10937870347385115,14.93459509273589,0.10937870347385115
171_png.rf.febf282da9ce93abe816ac234ff149c0_roi_0.png,171_png.rf.febf282da9ce93abe816ac234ff149c0_roi_3.png,0.9221601486206055,685.2710084868471,40.26439997706357,712.3932548297778,40.956079259887865,27.12224634293068,0.6916792828242961,27.12224634293068,0.6916792828242961
164_png.rf.67de034d315f10061f576d8a59ec9e00_roi_24.png,164_png.rf.67de034d315f10061f576d8a59ec9e00_roi_4.png,0.9220907092094421,593.4271267820933,36.580965154252375,588.2135549409594,36.20227169824251,-5.2135718411338985,-0.3786934560098629,5.2135718411338985,0.3786934560098629
166_png.rf.aab41b925e03ee5bae283600f05ed7c1_roi_4.png,166_png.rf.aab41b925e03ee5bae283600f05ed7c1_roi_21.png,0.9220055937767029,577.8950189545684,33.057181054777686,561.8060006560341,33.601947231612414,-16.089018298534256,0.5447661768347274,16.089018298534256,0.5447661768347274
157_png.rf.355ba2b71e0720acf76aee03119c688a_roi_0.png,157_png.rf.355ba2b71e0720acf76aee03119c688a_roi_1.png,0.9218543171882629,621.2681401018185,37.649245310063705,638.5071569166777,38.15284251077239,17.239016814859156,0.5035972007086826,17.239016814859156,0.5035972007086826
256_png.rf.18d3c3ddc6e345fc5391481cf087f656_roi_7.png,256_png.rf.18d3c3ddc6e345fc5391481cf087f656_roi_43.png,0.9217877388000488,914.1494556379378,42.501707145229766,922.8017311181684,44.32351046875647,8.652275480230628,1.8218033235267015,8.652275480230628,1.8218033235267015
158_png.rf.274771a321eac102f941a30fdb46d466_roi_14.png,158_png.rf.274771a321eac102f941a30fdb46d466_roi_0.png,0.9216921925544739,597.3075478754822,37.99491670291588,600.220534181313,40.37611168306466,2.9129863058308274,2.381194980148777,2.9129863058308274,2.381194980148777
157_png.rf.355ba2b71e0720acf76aee03119c688a_roi_22.png,157_png.rf.355ba2b71e0720acf76aee03119c688a_roi_0.png,0.9216400980949402,607.8961094862701,37.18951517733108,630.8334235164258,37.964281891602965,22.937314030155676,0.7747667142718839,22.937314030155676,0.7747667142718839
172_png.rf.f3457ec580e8349d69afeb37c6eae6f8_roi_0.png,172_png.rf.f3457ec580e8349d69afeb37c6eae6f8_roi_8.png,0.9216142892837524,736.8569323891335,35.96619165821649,738.3419231973947,38.6295764941941,1.4849908082612728,2.6633848359776096,1.4849908082612728,2.6633848359776096
154_png.rf.14ad9631fdb98926098b64b2cc23b499_roi_9.png,154_png.rf.14ad9631fdb98926098b64b2cc23b499_roi_13.png,0.9215179085731506,625.6473391786686,38.20017578811642,622.4097784676474,41.032722538066906,-3.237560711021274,2.832546749950488,3.237560711021274,2.832546749950488
175_png.rf.809573d6b32e2ea5b757d39421fb3e6a_roi_26.png,175_png.rf.809573d6b32e2ea5b757d39421fb3e6a_roi_14.png,0.9214426875114441,656.61498938962,31.409325808132877,677.5216732132087,32.72056784159986,20.906683823588764,1.311242033466982,20.906683823588764,1.311242033466982
164_png.rf.67de034d315f10061f576d8a59ec9e00_roi_10.png,164_png.rf.67de034d315f10061f576d8a59ec9e00_roi_7.png,0.9214131236076355,544.4433889698563,27.498835112400236,513.1922080954475,28.30799040020567,-31.25118087440876,0.8091552878054351,31.25118087440876,0.8091552878054351
155_png.rf.f50fa82504926ab35f38301b6390248d_roi_0.png,155_png.rf.f50fa82504926ab35f38301b6390248d_roi_3.png,0.9212839007377625,680.737715211982,40.80150838688171,683.0756025097727,40.38771894062153,2.337887297790644,-0.413789446260175,2.337887297790644,0.413789446260175
171_png.rf.febf282da9ce93abe816ac234ff149c0_roi_3.png,171_png.rf.febf282da9ce93abe816ac234ff149c0_roi_21.png,0.9212462306022644,637.7890727295742,37.30596191753112,639.946578601975,39.70250344083955,2.1575058724008613,2.3965415233084286,2.1575058724008613,2.3965415233084286
76_png.rf.7f70179db28531c420ff564284110692_roi_9.png,76_png.rf.7f70179db28531c420ff564284110692_roi_36.png,0.921241044998169,666.0691846746327,41.33250907335014,626.6783676162046,40.7902149843598,-39.39081705842807,-0.5422940889903387,39.39081705842807,0.5422940889903387
78_png.rf.64c5d696884a3b905e0a4e7625969623_roi_6.png,78_png.rf.64c5d696884a3b905e0a4e7625969623_roi_30.png,0.9211728572845459,660.5023331039665,40.6937072612374,672.2274144864872,42.682056060178,11.72508138252067,1.9883487989405992,11.72508138252067,1.9883487989405992
171_png.rf.febf282da9ce93abe816ac234ff149c0_roi_14.png,171_png.rf.febf282da9ce93abe816ac234ff149c0_roi_4.png,0.9211291074752808,657.2433016509647,37.596000897503615,659.1831637376957,39.94840709872296,1.9398620867310683,2.3524062012193454,1.9398620867310683,2.3524062012193454
256_png.rf.18d3c3ddc6e345fc5391481cf087f656_roi_65.png,256_png.rf.18d3c3ddc6e345fc5391481cf087f656_roi_36.png,0.9211119413375854,933.8299014522028,44.006071121389375,960.0043853970204,45.515890919373305,26.174483944817666,1.5098197979839298,26.174483944817666,1.5098197979839298
0_png.rf.168a7f1464a843d2217034df0330d03b_roi_10.png,0_png.rf.168a7f1464a843d2217034df0330d03b_roi_7.png,0.9210925698280334,495.49943586819694,28.466341185620617,508.88845805468986,27.33205578094771,13.389022186492923,-1.1342854046729087,13.389022186492923,1.1342854046729087
161_png.rf.158ad654011e9670046a475b12f8593d_roi_28.png,161_png.rf.158ad654011e9670046a475b12f8593d_roi_27.png,0.9209844470024109,643.6067816369623,38.0970141960889,634.8724033404785,39.1247488875668,-8.734378296483783,1.027734691477903,8.734378296483783,1.027734691477903
164_png.rf.67de034d315f10061f576d8a59ec9e00_roi_27.png,164_png.rf.67de034d315f10061f576d8a59ec9e00_roi_25.png,0.9208364486694336,469.65129292580303,29.342178269914683,444.9982922915276,32.65155910087098,-24.65300063427543,3.3093808309563,24.65300063427543,3.3093808309563
157_png.rf.355ba2b71e0720acf76aee03119c688a_roi_17.png,157_png.rf.355ba2b71e0720acf76aee03119c688a_roi_11.png,0.9208333492279053,589.7700402199695,37.94305345361646,593.328944855573,39.65166984608111,3.5589046356035396,1.7086163924646556,3.5589046356035396,1.7086163924646556
77_png.rf.e21cdb67d45225a97432fb9511bacd58_roi_8.png,77_png.rf.e21cdb67d45225a97432fb9511bacd58_roi_21.png,0.9207346439361572,635.5761586427936,33.484091691799165,636.2713024903429,35.15665695558949,0.695143847549275,1.6725652637903252,0.695143847549275,1.6725652637903252
155_png.rf.f50fa82504926ab35f38301b6390248d_roi_27.png,155_png.rf.f50fa82504926ab35f38301b6390248d_roi_5.png,0.9206488132476807,625.9828298974275,37.099955091720574,626.8723093856036,39.76127049314303,0.8894794881761072,2.6613154014224563,0.8894794881761072,2.6613154014224563
156_png.rf.6120be0c3a28f4801b0a45145ce1e961_roi_19.png,156_png.rf.6120be0c3a28f4801b0a45145ce1e961_roi_22.png,0.9206200242042542,589.3557752151853,37.16988709593471,577.1977310197882,39.9523833622188,-12.15804419539711,2.7824962662840846,12.15804419539711,2.7824962662840846
167_png.rf.4aadee1e7f1b32608b2901d34d9bd4ac_roi_2.png,167_png.rf.4aadee1e7f1b32608b2901d34d9bd4ac_roi_17.png,0.9205607771873474,751.9003984442668,42.32075695251412,781.7024682502444,40.40611447948081,29.802069805977567,-1.9146424730333038,29.802069805977567,1.9146424730333038
79_png.rf.5ec9f077f4d5af0f3ab029d7283bba4e_roi_54.png,79_png.rf.5ec9f077f4d5af0f3ab029d7283bba4e_roi_41.png,0.9203899502754211,645.8820052051278,40.21704656062708,627.9952631965182,41.32877769124375,-17.886742008609644,1.1117311306166684,17.886742008609644,1.1117311306166684
76_png.rf.7f70179db28531c420ff564284110692_roi_31.png,76_png.rf.7f70179db28531c420ff564284110692_roi_21.png,0.9203296899795532,607.4934209292335,39.29703832589161,604.1883832544655,36.79702104125721,-3.3050376747679593,-2.500017284634403,3.3050376747679593,2.500017284634403
164_png.rf.67de034d315f10061f576d8a59ec9e00_roi_5.png,164_png.rf.67de034d315f10061f576d8a59ec9e00_roi_27.png,0.9202988743782043,540.3019453342316,30.84572864982152,545.312035002041,32.132918839714506,5.010089667809325,1.2871901898929856,5.010089667809325,1.2871901898929856
77_png.rf.e21cdb67d45225a97432fb9511bacd58_roi_6.png,77_png.rf.e21cdb67d45225a97432fb9511bacd58_roi_32.png,0.9202595949172974,594.0747853830344,36.64203200723368,625.4735221857306,37.82258007212336,31.39873680269625,1.1805480648896776,31.39873680269625,1.1805480648896776
163_png.rf.cd0f9f7ac75a6e8ddaa98127ab6df9d3_roi_20.png,163_png.rf.cd0f9f7ac75a6e8ddaa98127ab6df9d3_roi_9.png,0.9202264547348022,607.4838252667093,34.79505323186588,593.2343584970369,33.53964001691925,-14.249466769672495,-1.2554132149466284,14.249466769672495,1.2554132149466284
170_png.rf.9fdddfe19c59d54aa61d2f432ec45baa_roi_9.png,170_png.rf.9fdddfe19c59d54aa61d2f432ec45baa_roi_13.png,0.9197138547897339,686.746815288659,37.85500044203834,710.3979284609528,38.253858131872086,23.651113172293776,0.39885768983374703,23.651113172293776,0.39885768983374703
78_png.rf.64c5d696884a3b905e0a4e7625969623_roi_24.png,78_png.rf.64c5d696884a3b905e0a4e7625969623_roi_18.png,0.9196872711181641,695.3466500054802,44.47521581754904,696.2099613616889,41.04882280794029,0.8633113562086692,-3.426393009608752,0.8633113562086692,3.426393009608752
158_png.rf.274771a321eac102f941a30fdb46d466_roi_7.png,158_png.rf.274771a321eac102f941a30fdb46d466_roi_10.png,0.9195913076400757,601.1086792886198,39.198224418045015,608.394528290363,39.6188261995106,7.285849001743259,0.42060178146558513,7.285849001743259,0.42060178146558513
157_png.rf.355ba2b71e0720acf76aee03119c688a_roi_4.png,157_png.rf.355ba2b71e0720acf76aee03119c688a_roi_12.png,0.9195672869682312,635.8407359794883,34.07366962661913,642.4670219015101,36.14200238563705,6.626285922021793,2.0683327590179204,6.626285922021793,2.0683327590179204
155_png.rf.f50fa82504926ab35f38301b6390248d_roi_7.png,155_png.rf.f50fa82504926ab35f38301b6390248d_roi_14.png,0.9195205569267273,635.5862678537313,37.30280025926498,648.2300229923624,39.20586401429807,12.643755138631036,1.903063755033095,12.643755138631036,1.903063755033095
167_png.rf.4aadee1e7f1b32608b2901d34d9bd4ac_roi_32.png,167_png.rf.4aadee1e7f1b32608b2901d34d9bd4ac_roi_28.png,0.9193871021270752,813.0990148168339,38.50770416577272,821.49993699022,38.97498747472129,8.400922173386107,0.4672833089485664,8.400922173386107,0.4672833089485664
169_png.rf.532ef687b8a694ac82b673d458edb7af_roi_22.png,169_png.rf.532ef687b8a694ac82b673d458edb7af_roi_0.png,0.9193843603134155,715.9606151176486,40.68466177151518,739.2030320366144,38.73091933789112,23.242416918965887,-1.9537424336240576,23.242416918965887,1.9537424336240576
161_png.rf.158ad654011e9670046a475b12f8593d_roi_36.png,161_png.rf.158ad654011e9670046a475b12f8593d_roi_0.png,0.9191526174545288,620.8522559956332,38.166713621949874,640.2495431739986,39.06016661104276,19.397287178365445,0.8934529890928857,19.397287178365445,0.8934529890928857
175_png.rf.809573d6b32e2ea5b757d39421fb3e6a_roi_23.png,175_png.rf.809573d6b32e2ea5b757d39421fb3e6a_roi_26.png,0.9187527298927307,668.2746107017674,34.55451299095758,682.6209912207361,36.68182801240527,14.346380518968658,2.1273150214476857,14.346380518968658,2.1273150214476857
171_png.rf.febf282da9ce93abe816ac234ff149c0_roi_19.png,171_png.rf.febf282da9ce93abe816ac234ff149c0_roi_27.png,0.9187442064285278,597.1859896282549,37.27401754189272,584.4885940533511,40.57832844439821,-12.697395574903794,3.3043109025054918,12.697395574903794,3.3043109025054918
78_png.rf.64c5d696884a3b905e0a4e7625969623_roi_20.png,78_png.rf.64c5d696884a3b905e0a4e7625969623_roi_14.png,0.9187091588973999,651.1630063174129,40.59043907873351,638.0544075171169,39.73247061035831,-13.108598800295908,-0.8579684683751978,13.108598800295908,0.8579684683751978
164_png.rf.67de034d315f10061f576d8a59ec9e00_roi_0.png,164_png.rf.67de034d315f10061f576d8a59ec9e00_roi_9.png,0.918662965297699,567.7305827619936,34.07804233854668,566.289068982622,33.21029067853958,-1.4415137793715758,-0.8677516600071016,1.4415137793715758,0.8677516600071016
168_png.rf.5a44d0e8273a80cfd25e3f2fec8d8fd7_roi_10.png,168_png.rf.5a44d0e8273a80cfd25e3f2fec8d8fd7_roi_10.png,0.9185879230499268,530.498714973155,26.91499852615176,540.8274444036582,27.5711915826351,10.328729430503245,0.6561930564833425,10.328729430503245,0.6561930564833425
84_png.rf.58f1729113639cc3714467029dcb4780_roi_20.png,84_png.rf.58f1729113639cc3714467029dcb4780_roi_38.png,0.9184720516204834,559.2842065655511,32.23096619746121,576.5674050653391,32.661796726156005,17.283198499788,0.43083052869479843,17.283198499788,0.43083052869479843
171_png.rf.febf282da9ce93abe816ac234ff149c0_roi_16.png,171_png.rf.febf282da9ce93abe816ac234ff149c0_roi_14.png,0.9184492230415344,633.9432700507405,36.06347273825654,640.3059804913721,38.36481862852815,6.362710440631645,2.3013458902716053,6.362710440631645,2.3013458902716053
158_png.rf.274771a321eac102f941a30fdb46d466_roi_11.png,158_png.rf.274771a321eac102f941a30fdb46d466_roi_2.png,0.9183773398399353,563.2648034844797,37.490094992174825,591.4239689281407,37.687652045532914,28.15916544366098,0.19755705335808926,28.15916544366098,0.19755705335808926
155_png.rf.f50fa82504926ab35f38301b6390248d_roi_13.png,155_png.rf.f50fa82504926ab35f38301b6390248d_roi_23.png,0.9183123707771301,574.0718899196772,39.31179955358494,625.5409350295413,39.66947875596905,51.469045109864055,0.3576792023841122,51.469045109864055,0.3576792023841122
158_png.rf.274771a321eac102f941a30fdb46d466_roi_9.png,158_png.rf.274771a321eac102f941a30fdb46d466_roi_24.png,0.9183123707771301,596.5516942274145,40.45301310054592,600.8576845850852,38.36757147551856,4.30599035767068,-2.0854416250273573,4.30599035767068,2.0854416250273573
161_png.rf.158ad654011e9670046a475b12f8593d_roi_21.png,161_png.rf.158ad654011e9670046a475b12f8593d_roi_28.png,0.9182022213935852,634.3267210328474,36.01343147689795,629.3198737656157,38.29986946062247,-5.006847267231706,2.286437983724518,5.006847267231706,2.286437983724518
157_png.rf.355ba2b71e0720acf76aee03119c688a_roi_7.png,157_png.rf.355ba2b71e0720acf76aee03119c688a_roi_22.png,0.9182012677192688,615.8790559545906,38.7309066291998,622.2392544295354,41.08471873883036,6.360198474944809,2.35381210963056,6.360198474944809,2.35381210963056
154_png.rf.14ad9631fdb98926098b64b2cc23b499_roi_12.png,154_png.rf.14ad9631fdb98926098b64b2cc23b499_roi_16.png,0.9182004332542419,563.1272097807171,35.73116498572298,559.4017279736295,38.06753995557333,-3.72548180708759,2.336374969850354,3.72548180708759,2.336374969850354
76_png.rf.7f70179db28531c420ff564284110692_roi_34.png,76_png.rf.7f70179db28531c420ff564284110692_roi_7.png,0.918181836605072,687.969033451761,47.64550728391978,689.3802063781723,43.636638789850736,1.4111729264112682,-4.008868494069041,1.4111729264112682,4.008868494069041
256_png.rf.18d3c3ddc6e345fc5391481cf087f656_roi_12.png,256_png.rf.18d3c3ddc6e345fc5391481cf087f656_roi_66.png,0.918138861656189,903.5501765746742,45.67503995198695,917.4259380154537,48.23483136223912,13.875761440779456,2.559791410252167,13.875761440779456,2.559791410252167
256_png.rf.18d3c3ddc6e345fc5391481cf087f656_roi_27.png,256_png.rf.18d3c3ddc6e345fc5391481cf087f656_roi_42.png,0.9181159138679504,946.0617852210984,46.423828339483485,949.245245019084,46.17634110595947,3.18345979798562,-0.24748723352401214,3.18345979798562,0.24748723352401214
78_png.rf.64c5d696884a3b905e0a4e7625969623_roi_18.png,78_png.rf.64c5d696884a3b905e0a4e7625969623_roi_12.png,0.9178654551506042,579.3237575787551,40.57468359029669,589.6136517456954,37.44492525503815,10.289894166940257,-3.1297583352585363,10.289894166940257,3.1297583352585363
166_png.rf.aab41b925e03ee5bae283600f05ed7c1_roi_29.png,166_png.rf.aab41b925e03ee5bae283600f05ed7c1_roi_23.png,0.9178247451782227,546.3527572315304,31.566326914532283,545.6310230341642,32.83377471578993,-0.7217341973662315,1.2674478012576458,0.7217341973662315,1.2674478012576458
157_png.rf.355ba2b71e0720acf76aee03119c688a_roi_11.png,157_png.rf.355ba2b71e0720acf76aee03119c688a_roi_13.png,0.9176915884017944,592.8977862739603,36.230531024798246,612.5573946691466,37.81245692653465,19.659608395186297,1.5819259017364047,19.659608395186297,1.5819259017364047
169_png.rf.532ef687b8a694ac82b673d458edb7af_roi_10.png,169_png.rf.532ef687b8a694ac82b673d458edb7af_roi_15.png,0.9175077080726624,718.0369417361904,32.76541847425496,693.8098603551139,35.46141031840094,-24.227081381076573,2.695991844145979,24.227081381076573,2.695991844145979
168_png.rf.5a44d0e8273a80cfd25e3f2fec8d8fd7_roi_17.png,168_png.rf.5a44d0e8273a80cfd25e3f2fec8d8fd7_roi_28.png,0.9175035953521729,566.6371029950526,25.26168991190853,559.816941751447,26.78471318031004,-6.820161243605639,1.5230232684015093,6.820161243605639,1.5230232684015093
168_png.rf.5a44d0e8273a80cfd25e3f2fec8d8fd7_roi_1.png,168_png.rf.5a44d0e8273a80cfd25e3f2fec8d8fd7_roi_15.png,0.9173151850700378,682.4883183490857,30.973256785335384,661.7731808246359,33.50789529284364,-20.7151375244498,2.5346385075082587,20.7151375244498,2.5346385075082587
161_png.rf.158ad654011e9670046a475b12f8593d_roi_22.png,161_png.rf.158ad654011e9670046a475b12f8593d_roi_12.png,0.917129635810852,638.1886309553923,34.8317564430637,638.3838113973169,36.74511356262632,0.1951804419245491,1.913357119562619,0.1951804419245491,1.913357119562619
172_png.rf.f3457ec580e8349d69afeb37c6eae6f8_roi_18.png,172_png.rf.f3457ec580e8349d69afeb37c6eae6f8_roi_10.png,0.9169549942016602,720.4400297703073,37.46066902023497,710.2702395566214,39.86812315958172,-10.169790213685928,2.407454139346754,10.169790213685928,2.407454139346754
172_png.rf.f3457ec580e8349d69afeb37c6eae6f8_roi_15.png,172_png.rf.f3457ec580e8349d69afeb37c6eae6f8_roi_19.png,0.9168910980224609,712.2662822990613,37.3540213356729,707.5836902440816,39.70621606524414,-4.68259205497975,2.352194729571245,4.68259205497975,2.352194729571245
174_png.rf.0e87f59ae4c245e42548098544b4cc07_roi_10.png,174_png.rf.0e87f59ae4c245e42548098544b4cc07_roi_9.png,0.9168357253074646,659.3695837435516,30.49229736370677,671.7189195137415,31.837934233136355,12.349335770189896,1.3456368694295868,12.349335770189896,1.3456368694295868
166_png.rf.aab41b925e03ee5bae283600f05ed7c1_roi_13.png,166_png.rf.aab41b925e03ee5bae283600f05ed7c1_roi_13.png,0.9165733456611633,580.8917253339276,33.45074775081634,562.5920341076536,32.487089841905025,-18.299691226274035,-0.9636579089113155,18.299691226274035,0.9636579089113155
157_png.rf.355ba2b71e0720acf76aee03119c688a_roi_5.png,157_png.rf.355ba2b71e0720acf76aee03119c688a_roi_20.png,0.9165568947792053,614.0780577276068,37.77988235490884,623.7449026059256,40.13340451241389,9.666844878318784,2.353522157505047,9.666844878318784,2.353522157505047
85_png.rf.75439e009b13787c8bd637122941d6c9_roi_12.png,85_png.rf.75439e009b13787c8bd637122941d6c9_roi_4.png,0.9163529872894287,695.9659169005644,35.11671032966669,689.4222921346211,37.946156288146746,-6.543624765943264,2.8294459584800578,6.543624765943264,2.8294459584800578
169_png.rf.532ef687b8a694ac82b673d458edb7af_roi_16.png,169_png.rf.532ef687b8a694ac82b673d458edb7af_roi_2.png,0.9163047671318054,717.9692640945372,38.29700497961513,687.399347153346,37.8707903014988,-30.569916941191195,-0.42621467811633096,30.569916941191195,0.42621467811633096
163_png.rf.cd0f9f7ac75a6e8ddaa98127ab6df9d3_roi_23.png,163_png.rf.cd0f9f7ac75a6e8ddaa98127ab6df9d3_roi_30.png,0.9162854552268982,611.5718464865839,38.5607746745467,595.245033872346,37.90925560287058,-16.32681261423795,-0.6515190716761197,16.32681261423795,0.6515190716761197
170_png.rf.9fdddfe19c59d54aa61d2f432ec45baa_roi_1.png,170_png.rf.9fdddfe19c59d54aa61d2f432ec45baa_roi_6.png,0.9161825776100159,634.4787307237309,39.00350408991842,651.9558944305418,40.18718841562008,17.47716370681087,1.1836843257016554,17.47716370681087,1.1836843257016554
157_png.rf.355ba2b71e0720acf76aee03119c688a_roi_16.png,157_png.rf.355ba2b71e0720acf76aee03119c688a_roi_21.png,0.916047215461731,613.1765817546138,38.511181563359386,651.2103482717414,37.68666897438889,38.03376651712756,-0.8245125889704994,38.03376651712756,0.8245125889704994
171_png.rf.febf282da9ce93abe816ac234ff149c0_roi_12.png,171_png.rf.febf282da9ce93abe816ac234ff149c0_roi_11.png,0.9159814119338989,691.8095265316784,41.058961762247606,716.701819955614,42.878612735505655,24.892293423935598,1.8196509732580495,24.892293423935598,1.8196509732580495
165_png.rf.632345fe644e540f32370605842f049a_roi_33.png,165_png.rf.632345fe644e540f32370605842f049a_roi_29.png,0.9158832430839539,620.7078988445793,34.809944173386306,625.1425794871416,34.169062844906826,4.4346806425622844,-0.6408813284794803,4.4346806425622844,0.6408813284794803
165_png.rf.632345fe644e540f32370605842f049a_roi_37.png,165_png.rf.632345fe644e540f32370605842f049a_roi_28.png,0.9158075451850891,604.6298977881237,29.967381410268363,653.2528085273559,29.038319355110023,48.622910739232225,-0.9290620551583402,48.622910739232225,0.9290620551583402
76_png.rf.7f70179db28531c420ff564284110692_roi_43.png,76_png.rf.7f70179db28531c420ff564284110692_roi_40.png,0.9156050682067871,651.0739635655875,42.37105311732965,637.3259328024918,39.91580970777788,-13.748030763095699,-2.4552434095517697,13.748030763095699,2.4552434095517697
169_png.rf.532ef687b8a694ac82b673d458edb7af_roi_3.png,169_png.rf.532ef687b8a694ac82b673d458edb7af_roi_28.png,0.9155896902084351,682.2792616257606,37.40328414608976,710.512769397009,37.99735497522374,28.23350777124847,0.5940708291339831,28.23350777124847,0.5940708291339831
78_png.rf.64c5d696884a3b905e0a4e7625969623_roi_1.png,78_png.rf.64c5d696884a3b905e0a4e7625969623_roi_36.png,0.9152854681015015,591.130418198576,38.09329938032781,598.5146348941881,38.91351353133162,7.384216695612167,0.8202141510038103,7.384216695612167,0.8202141510038103
167_png.rf.4aadee1e7f1b32608b2901d34d9bd4ac_roi_35.png,167_png.rf.4aadee1e7f1b32608b2901d34d9bd4ac_roi_6.png,0.9151009321212769,779.820340442981,37.928847370452566,804.2319025689839,38.45924446760952,24.411562126002877,0.5303970971569569,24.411562126002877,0.5303970971569569
156_png.rf.6120be0c3a28f4801b0a45145ce1e961_roi_20.png,156_png.rf.6120be0c3a28f4801b0a45145ce1e961_roi_18.png,0.9150115251541138,569.3420955367477,39.2453222334618,588.8246393367094,40.70868346922695,19.482543799961718,1.4633612357651486,19.482543799961718,1.4633612357651486
77_png.rf.e21cdb67d45225a97432fb9511bacd58_roi_2.png,77_png.rf.e21cdb67d45225a97432fb9511bacd58_roi_30.png,0.9147999882698059,675.0875226357533,37.16857118925351,689.3469878363907,39.85898782765389,14.25946520063735,2.6904166384003787,14.25946520063735,2.6904166384003787
155_png.rf.f50fa82504926ab35f38301b6390248d_roi_24.png,155_png.rf.f50fa82504926ab35f38301b6390248d_roi_27.png,0.9147321581840515,629.8344424257062,37.26090659840592,632.0734249993133,37.507589728915136,2.238982573607018,0.24668313050921853,2.238982573607018,0.24668313050921853
163_png.rf.cd0f9f7ac75a6e8ddaa98127ab6df9d3_roi_14.png,163_png.rf.cd0f9f7ac75a6e8ddaa98127ab6df9d3_roi_17.png,0.9145658016204834,600.953618747656,38.07554631898483,601.8575952463661,36.997061875774754,0.903976498710108,-1.0784844432100726,0.903976498710108,1.0784844432100726
82_png.rf.78a828637d0fdf11d14f1d4b7920f8d0_roi_15.png,82_png.rf.78a828637d0fdf11d14f1d4b7920f8d0_roi_11.png,0.9143268465995789,713.2262809798548,39.56674093622161,716.9194823015466,42.618578853858914,3.693201321691845,3.0518379176373003,3.693201321691845,3.0518379176373003
165_png.rf.632345fe644e540f32370605842f049a_roi_14.png,165_png.rf.632345fe644e540f32370605842f049a_roi_24.png,0.9143004417419434,588.2846924892015,35.23090670818447,585.7032077557176,34.35310703615973,-2.581484733483876,-0.877799672024743,2.581484733483876,0.877799672024743
156_png.rf.6120be0c3a28f4801b0a45145ce1e961_roi_11.png,156_png.rf.6120be0c3a28f4801b0a45145ce1e961_roi_1.png,0.9141871333122253,624.4944157343805,39.47129409161506,648.95102467272,37.68607194945909,24.456608938339514,-1.7852221421559662,24.456608938339514,1.7852221421559662
257_png.rf.d0e9b62c92e89f70b1ab6feac50e3c89_roi_32.png,257_png.rf.d0e9b62c92e89f70b1ab6feac50e3c89_roi_26.png,0.9141822457313538,846.5292668589374,46.23589615407715,842.6758931509094,43.55235697820992,-3.853373708028016,-2.6835391758672316,3.853373708028016,2.6835391758672316
167_png.rf.4aadee1e7f1b32608b2901d34d9bd4ac_roi_29.png,167_png.rf.4aadee1e7f1b32608b2901d34d9bd4ac_roi_29.png,0.9141700267791748,654.1003023428107,39.561733778854254,701.2185198760568,37.38422792312531,47.11821753324614,-2.1775058557289455,47.11821753324614,2.1775058557289455
169_png.rf.532ef687b8a694ac82b673d458edb7af_roi_30.png,169_png.rf.532ef687b8a694ac82b673d458edb7af_roi_17.png,0.9141474962234497,693.4726103708826,36.327645273422654,705.7725359387714,38.53356014366574,12.29992556788875,2.2059148702430846,12.29992556788875,2.2059148702430846
257_png.rf.d0e9b62c92e89f70b1ab6feac50e3c89_roi_38.png,257_png.rf.d0e9b62c92e89f70b1ab6feac50e3c89_roi_42.png,0.9140534400939941,860.6187017923127,41.92305189720441,811.1360628657167,45.33274626255371,-49.482638926595996,3.409694365349303,49.482638926595996,3.409694365349303
155_png.rf.f50fa82504926ab35f38301b6390248d_roi_3.png,155_png.rf.f50fa82504926ab35f38301b6390248d_roi_31.png,0.9139689803123474,627.7787906882298,36.38556519698636,641.4821595705216,38.79081686598518,13.703368882291784,2.4052516689988153,13.703368882291784,2.4052516689988153
176_png.rf.ade8f3becc3343adf565d66c9323a444_roi_6.png,176_png.rf.ade8f3becc3343adf565d66c9323a444_roi_3.png,0.9138166904449463,685.1177204173609,32.73213875465951,718.5246401108067,33.370533419602886,33.40691969344573,0.6383946649433767,33.40691969344573,0.6383946649433767
255_png.rf.de47ae0ea94061f8b83dcd6f7f61b6d8_roi_14.png,255_png.rf.de47ae0ea94061f8b83dcd6f7f61b6d8_roi_36.png,0.9131537675857544,1107.6659509197336,49.25750360844146,1074.3407008135134,49.68505353856143,-33.32525010622021,0.4275499301199659,33.32525010622021,0.4275499301199659
154_png.rf.14ad9631fdb98926098b64b2cc23b499_roi_19.png,154_png.rf.14ad9631fdb98926098b64b2cc23b499_roi_12.png,0.9130434989929199,586.122690239364,38.075800975361226,567.2995615617855,41.96420225683464,-18.823128677578552,3.8884012814734135,18.823128677578552,3.8884012814734135
170_png.rf.9fdddfe19c59d54aa61d2f432ec45baa_roi_3.png,170_png.rf.9fdddfe19c59d54aa61d2f432ec45baa_roi_9.png,0.912996768951416,751.5926683741313,38.1200381628735,757.3666592677437,40.026554244677456,5.773990893612336,1.9065160818039573,5.773990893612336,1.9065160818039573
156_png.rf.6120be0c3a28f4801b0a45145ce1e961_roi_10.png,156_png.rf.6120be0c3a28f4801b0a45145ce1e961_roi_8.png,0.9129166603088379,661.0565150712074,38.266515763650375,644.7909042380204,39.3680499040408,-16.265610833186997,1.1015341403904273,16.265610833186997,1.1015341403904273
163_png.rf.cd0f9f7ac75a6e8ddaa98127ab6df9d3_roi_6.png,163_png.rf.cd0f9f7ac75a6e8ddaa98127ab6df9d3_roi_15.png,0.9128668308258057,600.0281197402,38.294671821938834,629.8751620943615,37.51800242548023,29.84704235416143,-0.7766693964586011,29.84704235416143,0.7766693964586011
156_png.rf.6120be0c3a28f4801b0a45145ce1e961_roi_22.png,156_png.rf.6120be0c3a28f4801b0a45145ce1e961_roi_12.png,0.9127712845802307,665.4260874298018,37.4026929540012,671.2004203875235,38.1994252972308,5.774332957721754,0.7967323432295998,5.774332957721754,0.7967323432295998
173_png.rf.0867fc12b7d4d1126ffa2cb1d29a36d3_roi_14.png,173_png.rf.0867fc12b7d4d1126ffa2cb1d29a36d3_roi_11.png,0.9126611948013306,613.0932782942103,28.31367988262275,606.959893401765,30.384613615633803,-6.133384892445292,2.070933733011053,6.133384892445292,2.070933733011053
256_png.rf.18d3c3ddc6e345fc5391481cf087f656_roi_58.png,256_png.rf.18d3c3ddc6e345fc5391481cf087f656_roi_51.png,0.9126498699188232,946.421897531129,45.20543983661506,950.9943973842556,45.74608901238947,4.572499853126601,0.5406491757744121,4.572499853126601,0.5406491757744121
76_png.rf.7f70179db28531c420ff564284110692_roi_4.png,76_png.rf.7f70179db28531c420ff564284110692_roi_15.png,0.9124889969825745,624.8074915176192,39.650646412975554,619.9481746654108,37.5097253770306,-4.859316852208394,-2.140921035944956,4.859316852208394,2.140921035944956
172_png.rf.f3457ec580e8349d69afeb37c6eae6f8_roi_2.png,172_png.rf.f3457ec580e8349d69afeb37c6eae6f8_roi_21.png,0.9124407172203064,691.0352341355182,39.89159298753536,704.5184600790669,42.46082258878506,13.483225943548746,2.5692296012496953,13.483225943548746,2.5692296012496953
163_png.rf.cd0f9f7ac75a6e8ddaa98127ab6df9d3_roi_30.png,163_png.rf.cd0f9f7ac75a6e8ddaa98127ab6df9d3_roi_4.png,0.912420392036438,556.2276724777962,36.258878521741245,531.2611479616377,36.85015850205062,-24.96652451615853,0.5912799803093733,24.96652451615853,0.5912799803093733
155_png.rf.f50fa82504926ab35f38301b6390248d_roi_20.png,155_png.rf.f50fa82504926ab35f38301b6390248d_roi_9.png,0.9123800992965698,609.0167679270662,38.33410136421731,630.5904776669901,39.694492528165455,21.573709739923856,1.3603911639481439,21.573709739923856,1.3603911639481439
76_png.rf.7f70179db28531c420ff564284110692_roi_22.png,76_png.rf.7f70179db28531c420ff564284110692_roi_51.png,0.911748468875885,545.3294455161587,36.65415532396168,544.0339003757972,33.65845007175894,-1.2955451403614688,-2.9957052522027396,1.2955451403614688,2.9957052522027396
155_png.rf.f50fa82504926ab35f38301b6390248d_roi_2.png,155_png.rf.f50fa82504926ab35f38301b6390248d_roi_8.png,0.9117125272750854,609.5385161494961,37.78870358016732,632.5064600318397,38.767622103648485,22.967943882343548,0.9789185234811626,22.967943882343548,0.9789185234811626
155_png.rf.f50fa82504926ab35f38301b6390248d_roi_14.png,155_png.rf.f50fa82504926ab35f38301b6390248d_roi_21.png,0.9115259647369385,643.8035736618045,40.74841947994241,648.2328491730831,39.68999089496506,4.429275511278547,-1.0584285849773565,4.429275511278547,1.0584285849773565
78_png.rf.64c5d696884a3b905e0a4e7625969623_roi_5.png,78_png.rf.64c5d696884a3b905e0a4e7625969623_roi_21.png,0.9114649891853333,559.4937678647259,29.74234337411846,552.959901224974,29.944321842123404,-6.533866639751864,0.20197846800494546,6.533866639751864,0.20197846800494546
171_png.rf.febf282da9ce93abe816ac234ff149c0_roi_5.png,171_png.rf.febf282da9ce93abe816ac234ff149c0_roi_18.png,0.911434531211853,633.3161387104689,38.192872924671526,636.6343744691296,41.74972938348461,3.3182357586607623,3.556856458813087,3.3182357586607623,3.556856458813087
256_png.rf.18d3c3ddc6e345fc5391481cf087f656_roi_22.png,256_png.rf.18d3c3ddc6e345fc5391481cf087f656_roi_20.png,0.9113104343414307,955.719455111804,44.10744636195446,968.6960481906564,44.670679396534425,12.976593078852375,0.5632330345799659,12.976593078852375,0.5632330345799659
158_png.rf.274771a321eac102f941a30fdb46d466_roi_24.png,158_png.rf.274771a321eac102f941a30fdb46d466_roi_4.png,0.9110226035118103,589.5558901645451,38.60134348756337,620.4700260829604,39.910265769953845,30.914135918415354,1.3089222823904763,30.914135918415354,1.3089222823904763
161_png.rf.158ad654011e9670046a475b12f8593d_roi_16.png,161_png.rf.158ad654011e9670046a475b12f8593d_roi_4.png,0.9110212326049805,591.0831706539644,34.10219808701293,596.2888651812174,35.87565800910545,5.205694527252945,1.7734599220925205,5.205694527252945,1.7734599220925205
161_png.rf.158ad654011e9670046a475b12f8593d_roi_7.png,161_png.rf.158ad654011e9670046a475b12f8593d_roi_14.png,0.9109618067741394,629.5823324159385,38.33340949175418,650.6710976620577,39.70956231139235,21.088765246119237,1.3761528196381647,21.088765246119237,1.3761528196381647
175_png.rf.809573d6b32e2ea5b757d39421fb3e6a_roi_4.png,175_png.rf.809573d6b32e2ea5b757d39421fb3e6a_roi_20.png,0.9108527302742004,587.3642426350275,26.887123383016025,592.1758224540624,28.116560150819257,4.811579819034932,1.2294367678032323,4.811579819034932,1.2294367678032323
172_png.rf.f3457ec580e8349d69afeb37c6eae6f8_roi_5.png,172_png.rf.f3457ec580e8349d69afeb37c6eae6f8_roi_11.png,0.9106953740119934,750.6519231926154,37.97100225660592,775.1120412852924,40.53449962046926,24.46011809267702,2.563497363863341,24.46011809267702,2.563497363863341
77_png.rf.e21cdb67d45225a97432fb9511bacd58_roi_38.png,77_png.rf.e21cdb67d45225a97432fb9511bacd58_roi_37.png,0.9106247425079346,626.7653468307019,36.115345664906265,628.0902003003873,37.93843506748106,1.3248534696854222,1.8230894025747943,1.3248534696854222,1.8230894025747943
155_png.rf.f50fa82504926ab35f38301b6390248d_roi_23.png,155_png.rf.f50fa82504926ab35f38301b6390248d_roi_19.png,0.910531222820282,577.6564072724505,37.54038458334493,592.7879718520554,39.844684505162014,15.13156457960497,2.3042999218170834,15.13156457960497,2.3042999218170834
87_png.rf.83a425900a4820bbace2d64b95c0f070_roi_34.png,87_png.rf.83a425900a4820bbace2d64b95c0f070_roi_26.png,0.9103641510009766,664.4587856349655,38.554879786470096,681.0819679956588,39.99388740931959,16.623182360693363,1.4390076228494948,16.623182360693363,1.4390076228494948
156_png.rf.6120be0c3a28f4801b0a45145ce1e961_roi_23.png,156_png.rf.6120be0c3a28f4801b0a45145ce1e961_roi_21.png,0.9103448390960693,569.1945228599935,34.196091088689435,592.9063277484548,34.3137583151553,23.7118048884613,0.11766722646586203,23.7118048884613,0.11766722646586203
172_png.rf.f3457ec580e8349d69afeb37c6eae6f8_roi_16.png,172_png.rf.f3457ec580e8349d69afeb37c6eae6f8_roi_3.png,0.9101037383079529,682.9229010904639,38.44527190640532,712.4133851793921,39.77388477266607,29.490484088928156,1.3286128662607553,29.490484088928156,1.3286128662607553
169_png.rf.532ef687b8a694ac82b673d458edb7af_roi_1.png,169_png.rf.532ef687b8a694ac82b673d458edb7af_roi_8.png,0.9098954200744629,691.8957223260793,36.47942817258158,710.5829742074997,38.0136462320775,18.687251881420366,1.5342180594959203,18.687251881420366,1.5342180594959203
164_png.rf.67de034d315f10061f576d8a59ec9e00_roi_8.png,164_png.rf.67de034d315f10061f576d8a59ec9e00_roi_19.png,0.9098777770996094,649.0734461936779,31.08765421871376,633.0622774974587,33.60165398317964,-16.011168696219215,2.513999764465879,16.011168696219215,2.513999764465879
78_png.rf.64c5d696884a3b905e0a4e7625969623_roi_30.png,78_png.rf.64c5d696884a3b905e0a4e7625969623_roi_1.png,0.9098297357559204,651.3389894103432,43.075212995890354,672.5956805732811,39.28485269111536,21.256691162937955,-3.7903603047749925,21.256691162937955,3.7903603047749925
158_png.rf.274771a321eac102f941a30fdb46d466_roi_6.png,158_png.rf.274771a321eac102f941a30fdb46d466_roi_28.png,0.9094454050064087,613.741433123021,38.303901058549606,624.5986111222721,39.97948220627303,10.857177999251121,1.6755811477234275,10.857177999251121,1.6755811477234275
77_png.rf.e21cdb67d45225a97432fb9511bacd58_roi_0.png,77_png.rf.e21cdb67d45225a97432fb9511bacd58_roi_42.png,0.9094442129135132,705.4527584619079,37.14589412681521,696.9763086795522,40.767648410514255,-8.476449782355758,3.6217542836990475,8.476449782355758,3.6217542836990475
177_png.rf.7d111caca2be9c02b4c09af0069e3b04_roi_7.png,177_png.rf.7d111caca2be9c02b4c09af0069e3b04_roi_18.png,0.9091874957084656,645.5811854342448,30.20431476834708,648.3756792127085,31.447732884169657,2.794493778463675,1.2434181158225783,2.794493778463675,1.2434181158225783
154_png.rf.14ad9631fdb98926098b64b2cc23b499_roi_8.png,154_png.rf.14ad9631fdb98926098b64b2cc23b499_roi_29.png,0.9090909361839294,507.94013310117816,26.81580533790021,516.6937937254148,28.7765133371877,8.753660624236659,1.960707999287493,8.753660624236659,1.960707999287493
174_png.rf.0e87f59ae4c245e42548098544b4cc07_roi_8.png,174_png.rf.0e87f59ae4c245e42548098544b4cc07_roi_28.png,0.9089192748069763,681.6329070903007,31.41610296883455,692.9564706897384,33.34944249444756,11.323563599437648,1.9333395256130075,11.323563599437648,1.9333395256130075
257_png.rf.d0e9b62c92e89f70b1ab6feac50e3c89_roi_35.png,257_png.rf.d0e9b62c92e89f70b1ab6feac50e3c89_roi_23.png,0.9089136719703674,858.3662091164118,44.907761344112416,844.010055237775,43.41970649101962,-14.35615387863686,-1.4880548530927982,14.35615387863686,1.4880548530927982
76_png.rf.7f70179db28531c420ff564284110692_roi_37.png,76_png.rf.7f70179db28531c420ff564284110692_roi_37.png,0.9086687564849854,564.7642779171468,37.36353799739897,571.0603663746356,34.298798796638735,6.296088457488736,-3.0647392007602363,6.296088457488736,3.0647392007602363
169_png.rf.532ef687b8a694ac82b673d458edb7af_roi_24.png,169_png.rf.532ef687b8a694ac82b673d458edb7af_roi_19.png,0.9085907936096191,695.9450366700031,34.85992174492039,702.5187927419126,36.23608437544055,6.573756071909543,1.376162630520156,6.573756071909543,1.376162630520156
174_png.rf.0e87f59ae4c245e42548098544b4cc07_roi_2.png,174_png.rf.0e87f59ae4c245e42548098544b4cc07_roi_13.png,0.9083431363105774,641.1571793628937,27.16963797600725,627.1122339538575,29.153609997844327,-14.044945409036131,1.9839720218370758,14.044945409036131,1.9839720218370758
161_png.rf.158ad654011e9670046a475b12f8593d_roi_2.png,161_png.rf.158ad654011e9670046a475b12f8593d_roi_33.png,0.908240556716919,613.5374049851607,36.87587754886403,625.5174858004383,39.46667341633089,11.980080815277574,2.590795867466859,11.980080815277574,2.590795867466859
157_png.rf.355ba2b71e0720acf76aee03119c688a_roi_6.png,157_png.rf.355ba2b71e0720acf76aee03119c688a_roi_10.png,0.9081632494926453,631.816999552193,37.60183448710185,652.1378878250014,39.54990259647476,20.32088827280836,1.9480681093729117,20.32088827280836,1.9480681093729117
171_png.rf.febf282da9ce93abe816ac234ff149c0_roi_23.png,171_png.rf.febf282da9ce93abe816ac234ff149c0_roi_16.png,0.9080585837364197,707.0743909895691,38.79803394750431,741.5815200097327,40.49689876561229,34.507129020163575,1.6988648181079853,34.507129020163575,1.6988648181079853
169_png.rf.532ef687b8a694ac82b673d458edb7af_roi_20.png,169_png.rf.532ef687b8a694ac82b673d458edb7af_roi_23.png,0.9078894853591919,684.2051090412122,38.6024109455237,675.7255594444791,38.6724564585222,-8.479549596733023,0.07004551299849737,8.479549596733023,0.07004551299849737
154_png.rf.14ad9631fdb98926098b64b2cc23b499_roi_14.png,154_png.rf.14ad9631fdb98926098b64b2cc23b499_roi_14.png,0.9076376557350159,634.3972218691017,36.04286773047484,628.7353491973028,39.12670868249387,-5.66187267179896,3.083840952019031,5.66187267179896,3.083840952019031
166_png.rf.aab41b925e03ee5bae283600f05ed7c1_roi_30.png,166_png.rf.aab41b925e03ee5bae283600f05ed7c1_roi_22.png,0.9072759747505188,682.2778323296932,34.952512044518755,685.433830634575,33.99123492107794,3.1559983048817912,-0.9612771234408157,3.1559983048817912,0.9612771234408157
76_png.rf.7f70179db28531c420ff564284110692_roi_23.png,76_png.rf.7f70179db28531c420ff564284110692_roi_38.png,0.907096803188324,622.2484310673893,41.2427678960083,616.8279920089589,37.68504801861442,-5.420439058430475,-3.557719877393886,5.420439058430475,3.557719877393886
82_png.rf.78a828637d0fdf11d14f1d4b7920f8d0_roi_20.png,82_png.rf.78a828637d0fdf11d14f1d4b7920f8d0_roi_15.png,0.9070915579795837,611.31685116553,36.77323255646981,625.7460658686028,39.074333601650935,14.42921470307283,2.3011010451811273,14.42921470307283,2.3011010451811273
175_png.rf.809573d6b32e2ea5b757d39421fb3e6a_roi_24.png,175_png.rf.809573d6b32e2ea5b757d39421fb3e6a_roi_9.png,0.9070841670036316,633.6291086975101,31.049975060779,657.3090439870401,32.095301296249644,23.67993528953002,1.0453262354706432,23.67993528953002,1.0453262354706432
171_png.rf.febf282da9ce93abe816ac234ff149c0_roi_11.png,171_png.rf.febf282da9ce93abe816ac234ff149c0_roi_12.png,0.9070680737495422,613.2674852565564,37.232639604807616,652.128983843041,38.49985951961922,38.861498586484686,1.267219914811605,38.861498586484686,1.267219914811605
78_png.rf.64c5d696884a3b905e0a4e7625969623_roi_25.png,78_png.rf.64c5d696884a3b905e0a4e7625969623_roi_3.png,0.9068883657455444,570.8413443540487,40.48412187401783,583.4709457198829,36.53483972378197,12.629601365834219,-3.9492821502358595,12.629601365834219,3.9492821502358595
157_png.rf.355ba2b71e0720acf76aee03119c688a_roi_1.png,157_png.rf.355ba2b71e0720acf76aee03119c688a_roi_15.png,0.9067952036857605,536.601177915396,40.95658643194442,577.1184119786061,40.99185721094856,40.51723406321014,0.03527077900413644,40.51723406321014,0.03527077900413644
76_png.rf.7f70179db28531c420ff564284110692_roi_29.png,76_png.rf.7f70179db28531c420ff564284110692_roi_56.png,0.9066240787506104,653.5253368059946,41.91294940896216,652.5378366015316,38.42030091340656,-0.9875002044630037,-3.4926484955556063,0.9875002044630037,3.4926484955556063
87_png.rf.83a425900a4820bbace2d64b95c0f070_roi_35.png,87_png.rf.83a425900a4820bbace2d64b95c0f070_roi_25.png,0.9062069058418274,529.9711780388176,27.34228719113665,533.682254819856,29.319088526738632,3.7110767810384004,1.9768013356019836,3.7110767810384004,1.9768013356019836
161_png.rf.158ad654011e9670046a475b12f8593d_roi_8.png,161_png.rf.158ad654011e9670046a475b12f8593d_roi_5.png,0.9059586524963379,657.3135645211387,38.04983568592226,656.1058586359133,40.49111294918874,-1.2077058852254368,2.4412772632664783,1.2077058852254368,2.4412772632664783
170_png.rf.9fdddfe19c59d54aa61d2f432ec45baa_roi_4.png,170_png.rf.9fdddfe19c59d54aa61d2f432ec45baa_roi_18.png,0.9058225750923157,649.2044580231093,39.615968178359225,678.793070058267,41.40029643324527,29.588612035157666,1.7843282548860486,29.588612035157666,1.7843282548860486
170_png.rf.9fdddfe19c59d54aa61d2f432ec45baa_roi_6.png,170_png.rf.9fdddfe19c59d54aa61d2f432ec45baa_roi_7.png,0.9057307839393616,682.5151000279222,43.32527955339421,723.9547326747731,44.37995847740004,41.439632646850896,1.0546789240058274,41.439632646850896,1.0546789240058274
76_png.rf.7f70179db28531c420ff564284110692_roi_25.png,76_png.rf.7f70179db28531c420ff564284110692_roi_43.png,0.905314028263092,605.5048538347606,37.50284123448626,580.6000077435322,35.92217575810405,-24.904846091228478,-1.5806654763822081,24.904846091228478,1.5806654763822081
169_png.rf.532ef687b8a694ac82b673d458edb7af_roi_17.png,169_png.rf.532ef687b8a694ac82b673d458edb7af_roi_10.png,0.9052881002426147,734.9956691559277,37.22493861572814,716.2773006715767,35.915547078670684,-18.718368484351004,-1.3093915370574578,18.718368484351004,1.3093915370574578
256_png.rf.18d3c3ddc6e345fc5391481cf087f656_roi_13.png,256_png.rf.18d3c3ddc6e345fc5391481cf087f656_roi_50.png,0.905070424079895,859.5329155256361,41.26787684906196,886.2278390775878,43.46603916743702,26.69492355195166,2.1981623183750543,26.69492355195166,2.1981623183750543
172_png.rf.f3457ec580e8349d69afeb37c6eae6f8_roi_14.png,172_png.rf.f3457ec580e8349d69afeb37c6eae6f8_roi_7.png,0.9045578241348267,689.1800889566348,37.21650387694034,702.9939523206227,40.25535091285025,13.813863363987934,3.0388470359099102,13.813863363987934,3.0388470359099102
161_png.rf.158ad654011e9670046a475b12f8593d_roi_37.png,161_png.rf.158ad654011e9670046a475b12f8593d_roi_32.png,0.9039130210876465,581.9039187756534,40.94677052481702,603.3704455444937,40.55227656147479,21.466526768840254,-0.39449396334222797,21.466526768840254,0.39449396334222797
174_png.rf.0e87f59ae4c245e42548098544b4cc07_roi_7.png,174_png.rf.0e87f59ae4c245e42548098544b4cc07_roi_12.png,0.9038901329040527,518.9091459287291,25.343988954051607,528.9438966371525,27.10606702097489,10.034750708423417,1.7620780669232836,10.034750708423417,1.7620780669232836
76_png.rf.7f70179db28531c420ff564284110692_roi_33.png,76_png.rf.7f70179db28531c420ff564284110692_roi_63.png,0.9032986760139465,583.9229575974134,41.77434713545525,586.2278558816979,38.020064443275885,2.3048982842844907,-3.754282692179366,2.3048982842844907,3.754282692179366
154_png.rf.14ad9631fdb98926098b64b2cc23b499_roi_4.png,154_png.rf.14ad9631fdb98926098b64b2cc23b499_roi_20.png,0.9032986760139465,650.2139499671687,34.19995574602742,644.5695135302873,37.40616121929112,-5.644436436881392,3.206205473263701,5.644436436881392,3.206205473263701
168_png.rf.5a44d0e8273a80cfd25e3f2fec8d8fd7_roi_14.png,168_png.rf.5a44d0e8273a80cfd25e3f2fec8d8fd7_roi_2.png,0.9031950235366821,649.8115865603804,32.06949919036824,667.7282788459524,34.21499249258655,17.916692285572026,2.1454933022183127,17.916692285572026,2.1454933022183127
173_png.rf.0867fc12b7d4d1126ffa2cb1d29a36d3_roi_6.png,173_png.rf.0867fc12b7d4d1126ffa2cb1d29a36d3_roi_7.png,0.903158962726593,666.1541154390217,29.03503703194174,687.1152567337645,30.89607572716603,20.961141294742788,1.8610386952242877,20.961141294742788,1.8610386952242877
161_png.rf.158ad654011e9670046a475b12f8593d_roi_11.png,161_png.rf.158ad654011e9670046a475b12f8593d_roi_1.png,0.9030117392539978,563.3132489392722,35.21463735328957,566.9121568628204,37.9147183879133,3.5989079235482677,2.7000810346237287,3.5989079235482677,2.7000810346237287
171_png.rf.febf282da9ce93abe816ac234ff149c0_roi_8.png,171_png.rf.febf282da9ce93abe816ac234ff149c0_roi_2.png,0.9028733372688293,675.7494290685345,37.086212355229776,677.4802479673316,39.33477821156444,1.7308188987971107,2.2485658563346647,1.7308188987971107,2.2485658563346647
171_png.rf.febf282da9ce93abe816ac234ff149c0_roi_21.png,171_png.rf.febf282da9ce93abe816ac234ff149c0_roi_28.png,0.9028359055519104,594.484683781842,35.86557644570965,602.7535424084921,39.23841347850943,8.268858626650058,3.3728370327997794,8.268858626650058,3.3728370327997794
173_png.rf.0867fc12b7d4d1126ffa2cb1d29a36d3_roi_4.png,173_png.rf.0867fc12b7d4d1126ffa2cb1d29a36d3_roi_5.png,0.9027997851371765,633.7280360335742,30.01792802623825,663.0398818825118,31.134052499741085,29.31184584893765,1.1161244735028362,29.31184584893765,1.1161244735028362
161_png.rf.158ad654011e9670046a475b12f8593d_roi_5.png,161_png.rf.158ad654011e9670046a475b12f8593d_roi_7.png,0.9027454853057861,593.0796734178805,36.39190428724444,618.0936241555205,38.24840966083398,25.013950737640016,1.8565053735895418,25.013950737640016,1.8565053735895418
250_png.rf.3d136a274e571f9bc36e359db02aa816_roi_5.png,250_png.rf.3d136a274e571f9bc36e359db02aa816_roi_26.png,0.9023798108100891,977.0075428040512,42.846749125103074,989.1228656259524,45.67711020363144,12.115322821901145,2.8303610785283695,12.115322821901145,2.8303610785283695
157_png.rf.355ba2b71e0720acf76aee03119c688a_roi_10.png,157_png.rf.355ba2b71e0720acf76aee03119c688a_roi_19.png,0.9021406769752502,614.7087546320276,37.38689931507843,614.3740404743572,41.03158467382704,-0.3347141576704189,3.6446853587486103,0.3347141576704189,3.6446853587486103
155_png.rf.f50fa82504926ab35f38301b6390248d_roi_30.png,155_png.rf.f50fa82504926ab35f38301b6390248d_roi_1.png,0.9019773006439209,600.4127175998117,40.49181838830084,636.9653811753402,40.055114255863735,36.55266357552853,-0.43670413243710726,36.55266357552853,0.43670413243710726
156_png.rf.6120be0c3a28f4801b0a45145ce1e961_roi_3.png,156_png.rf.6120be0c3a28f4801b0a45145ce1e961_roi_5.png,0.9016903638839722,606.0857691319823,36.83848056274071,626.0402206475181,39.786664713978766,19.95445151553588,2.9481841512380527,19.95445151553588,2.9481841512380527
76_png.rf.7f70179db28531c420ff564284110692_roi_28.png,76_png.rf.7f70179db28531c420ff564284110692_roi_32.png,0.9015215635299683,594.9174255889475,42.98922775288453,616.1683220321461,38.97944162958719,21.2508964431986,-4.009786123297339,21.2508964431986,4.009786123297339
97_png.rf.f4e8ad3bada447eb1ef57ab4eee50c1f_roi_14.png,97_png.rf.f4e8ad3bada447eb1ef57ab4eee50c1f_roi_34.png,0.9011187553405762,775.2536060630633,35.65470495142183,788.1988924371633,38.30548052427497,12.945286374099965,2.650775572853142,12.945286374099965,2.650775572853142
175_png.rf.809573d6b32e2ea5b757d39421fb3e6a_roi_17.png,175_png.rf.809573d6b32e2ea5b757d39421fb3e6a_roi_18.png,0.9007353186607361,529.7737615596719,26.17883950637816,555.8576601901766,26.259138032122163,26.083898630504677,0.08029852574400209,26.083898630504677,0.08029852574400209
6_png.rf.38441dd4caadf2d61bc590aee390f1f6_roi_7.png,6_png.rf.38441dd4caadf2d61bc590aee390f1f6_roi_2.png,0.8998435139656067,518.1361583155341,26.483851850854585,497.55016576639184,26.510914849985763,-20.585992549142247,0.0270629991311786,20.585992549142247,0.0270629991311786
171_png.rf.febf282da9ce93abe816ac234ff149c0_roi_20.png,171_png.rf.febf282da9ce93abe816ac234ff149c0_roi_15.png,0.8997621536254883,705.325346155254,41.35277153513177,727.9899531401154,44.79980941835853,22.664606984861393,3.4470378832267556,22.664606984861393,3.4470378832267556
158_png.rf.274771a321eac102f941a30fdb46d466_roi_27.png,158_png.rf.274771a321eac102f941a30fdb46d466_roi_18.png,0.8993610143661499,591.1695749869083,32.79659712524426,550.2391181973612,36.11350944171258,-40.930456789547065,3.3169123164683185,40.930456789547065,3.3169123164683185
82_png.rf.78a828637d0fdf11d14f1d4b7920f8d0_roi_14.png,82_png.rf.78a828637d0fdf11d14f1d4b7920f8d0_roi_2.png,0.8987962603569031,604.3280511040942,36.65169997168067,604.7233852388227,40.88367865212522,0.39533413472850043,4.2319786804445485,0.39533413472850043,4.2319786804445485
170_png.rf.9fdddfe19c59d54aa61d2f432ec45baa_roi_14.png,170_png.rf.9fdddfe19c59d54aa61d2f432ec45baa_roi_11.png,0.8987693786621094,696.4592863368186,35.90557223342799,698.7603452788888,39.77945600107204,2.301058942070199,3.8738837676440525,2.301058942070199,3.8738837676440525
78_png.rf.64c5d696884a3b905e0a4e7625969623_roi_26.png,78_png.rf.64c5d696884a3b905e0a4e7625969623_roi_33.png,0.8985313773155212,550.891470797853,44.53609257298714,542.9829899284481,41.04296553210308,-7.908480869404912,-3.4931270408840547,7.908480869404912,3.4931270408840547
174_png.rf.0e87f59ae4c245e42548098544b4cc07_roi_11.png,174_png.rf.0e87f59ae4c245e42548098544b4cc07_roi_1.png,0.8976994752883911,670.95833851941,30.453156641025352,686.5282848391797,32.657215946945605,15.56994631976977,2.2040593059202536,15.56994631976977,2.2040593059202536
82_png.rf.78a828637d0fdf11d14f1d4b7920f8d0_roi_21.png,82_png.rf.78a828637d0fdf11d14f1d4b7920f8d0_roi_6.png,0.8976934552192688,700.5154464955256,38.75408036425337,716.0724549818019,41.00516548057467,15.557008486276345,2.251085116321299,15.557008486276345,2.251085116321299
76_png.rf.7f70179db28531c420ff564284110692_roi_32.png,76_png.rf.7f70179db28531c420ff564284110692_roi_61.png,0.8974789977073669,637.0148369545433,41.05558946393416,626.2661681753185,37.78585783963341,-10.748668779224772,-3.2697316243007535,10.748668779224772,3.2697316243007535
158_png.rf.274771a321eac102f941a30fdb46d466_roi_22.png,158_png.rf.274771a321eac102f941a30fdb46d466_roi_16.png,0.8973779678344727,582.5740912810568,38.70248628109297,596.3040840780989,39.48022110767982,13.729992797042087,0.777734826586844,13.729992797042087,0.777734826586844
155_png.rf.f50fa82504926ab35f38301b6390248d_roi_17.png,155_png.rf.f50fa82504926ab35f38301b6390248d_roi_10.png,0.8973698019981384,547.1103511449139,36.63498623862433,552.0041089177446,37.521049640535786,4.893757772830668,0.886063401911457,4.893757772830668,0.886063401911457
175_png.rf.809573d6b32e2ea5b757d39421fb3e6a_roi_14.png,175_png.rf.809573d6b32e2ea5b757d39421fb3e6a_roi_7.png,0.8972107172012329,633.4009764593594,30.258293293798584,648.9043320012545,32.60644995185229,15.503355541895075,2.348156658053707,15.503355541895075,2.348156658053707
170_png.rf.9fdddfe19c59d54aa61d2f432ec45baa_roi_12.png,170_png.rf.9fdddfe19c59d54aa61d2f432ec45baa_roi_10.png,0.8971164226531982,725.9329339242844,38.47088333855624,753.1007009235797,40.94615021752176,27.16776699929528,2.4752668789655203,27.16776699929528,2.4752668789655203
161_png.rf.158ad654011e9670046a475b12f8593d_roi_39.png,161_png.rf.158ad654011e9670046a475b12f8593d_roi_16.png,0.8970588445663452,680.6695247281093,37.61270854396605,681.2616566929843,37.54762258165886,0.5921319648749659,-0.06508596230719377,0.5921319648749659,0.06508596230719377
169_png.rf.532ef687b8a694ac82b673d458edb7af_roi_9.png,169_png.rf.532ef687b8a694ac82b673d458edb7af_roi_7.png,0.8969494104385376,708.1617413464825,37.65307396407784,732.7318778497084,40.178606962628606,24.570136503225967,2.5255329985507657,24.570136503225967,2.5255329985507657
175_png.rf.809573d6b32e2ea5b757d39421fb3e6a_roi_9.png,175_png.rf.809573d6b32e2ea5b757d39421fb3e6a_roi_5.png,0.8968512415885925,620.4192284510019,29.24916368170552,631.477699599235,31.96644561266681,11.058471148233139,2.7172819309612883,11.058471148233139,2.7172819309612883
169_png.rf.532ef687b8a694ac82b673d458edb7af_roi_18.png,169_png.rf.532ef687b8a694ac82b673d458edb7af_roi_18.png,0.8968386054039001,673.0605660274862,38.15672730105121,670.7728981678895,36.50003567568407,-2.287667859596695,-1.656691625367145,2.287667859596695,1.656691625367145
174_png.rf.0e87f59ae4c245e42548098544b4cc07_roi_0.png,174_png.rf.0e87f59ae4c245e42548098544b4cc07_roi_27.png,0.8966005444526672,693.2970932238713,30.36307991378541,689.2370936286746,33.80545032700926,-4.0599995951967,3.442370413223852,4.0599995951967,3.442370413223852
82_png.rf.78a828637d0fdf11d14f1d4b7920f8d0_roi_34.png,82_png.rf.78a828637d0fdf11d14f1d4b7920f8d0_roi_26.png,0.8964218497276306,589.0484668457838,35.6600466621212,615.1572634918315,37.81856228357425,26.108796646047722,2.1585156214530556,26.108796646047722,2.1585156214530556
246_png.rf.776b77392d7ac89839233dcf319142d7_roi_25.png,246_png.rf.776b77392d7ac89839233dcf319142d7_roi_26.png,0.8964197635650635,916.4169036713278,40.4891164198222,952.4835545934426,41.629422687201306,36.06665092211483,1.1403062673791027,36.06665092211483,1.1403062673791027
164_png.rf.67de034d315f10061f576d8a59ec9e00_roi_21.png,164_png.rf.67de034d315f10061f576d8a59ec9e00_roi_21.png,0.8952234387397766,447.1004934365364,29.07688428997276,462.6473549094517,29.98534788081575,15.546861472915282,0.9084635908429881,15.546861472915282,0.9084635908429881
163_png.rf.cd0f9f7ac75a6e8ddaa98127ab6df9d3_roi_28.png,163_png.rf.cd0f9f7ac75a6e8ddaa98127ab6df9d3_roi_24.png,0.8951048851013184,534.1296557697949,34.460372977270566,470.72269280376855,37.2837626198439,-63.406962966026356,2.823389642573332,63.406962966026356,2.823389642573332
155_png.rf.f50fa82504926ab35f38301b6390248d_roi_5.png,155_png.rf.f50fa82504926ab35f38301b6390248d_roi_17.png,0.8942028880119324,572.1681617061455,35.718557277267664,585.0222815472679,38.92435586355729,12.854119841122383,3.2057985862896246,12.854119841122383,3.2057985862896246
156_png.rf.6120be0c3a28f4801b0a45145ce1e961_roi_4.png,156_png.rf.6120be0c3a28f4801b0a45145ce1e961_roi_27.png,0.8938931226730347,539.4019618206482,25.264024435258563,485.9710613910472,28.24974115995581,-53.430900429601024,2.985716724697248,53.430900429601024,2.985716724697248
170_png.rf.9fdddfe19c59d54aa61d2f432ec45baa_roi_16.png,170_png.rf.9fdddfe19c59d54aa61d2f432ec45baa_roi_5.png,0.8937625885009766,675.3010974051195,36.29870655025639,685.4797728918068,39.70570044363453,10.178675486687212,3.406993893378136,10.178675486687212,3.406993893378136
170_png.rf.9fdddfe19c59d54aa61d2f432ec45baa_roi_17.png,170_png.rf.9fdddfe19c59d54aa61d2f432ec45baa_roi_4.png,0.893445611000061,744.6167177606703,36.27773837857558,774.6107635194118,38.5879916152012,29.994045758741436,2.31025323662562,29.994045758741436,2.31025323662562
154_png.rf.14ad9631fdb98926098b64b2cc23b499_roi_11.png,154_png.rf.14ad9631fdb98926098b64b2cc23b499_roi_10.png,0.893401026725769,591.2892346225385,36.41053977193753,596.6861598893339,39.53270838631516,5.396925266795392,3.122168614377628,5.396925266795392,3.122168614377628
164_png.rf.67de034d315f10061f576d8a59ec9e00_roi_25.png,164_png.rf.67de034d315f10061f576d8a59ec9e00_roi_24.png,0.893210768699646,480.85806282195887,29.51713325486695,523.6861759125647,29.29842288722951,42.82811309060588,-0.21871036763743845,42.82811309060588,0.21871036763743845
158_png.rf.274771a321eac102f941a30fdb46d466_roi_19.png,158_png.rf.274771a321eac102f941a30fdb46d466_roi_19.png,0.8929633498191833,449.7425203043055,22.81269487246926,461.3324784382267,23.4050025080174,11.589958133921186,0.5923076355481385,11.589958133921186,0.5923076355481385
154_png.rf.14ad9631fdb98926098b64b2cc23b499_roi_2.png,154_png.rf.14ad9631fdb98926098b64b2cc23b499_roi_21.png,0.8929181098937988,608.1437997452116,38.16959097785097,624.9342608695367,40.71755006249068,16.790461124325134,2.5479590846397073,16.790461124325134,2.5479590846397073
256_png.rf.18d3c3ddc6e345fc5391481cf087f656_roi_36.png,256_png.rf.18d3c3ddc6e345fc5391481cf087f656_roi_13.png,0.8925926089286804,1070.8271479729983,44.26905703901593,1076.3808499652005,45.26977443214263,5.55370199220215,1.0007173931267062,5.55370199220215,1.0007173931267062
154_png.rf.14ad9631fdb98926098b64b2cc23b499_roi_29.png,154_png.rf.14ad9631fdb98926098b64b2cc23b499_roi_7.png,0.8914473652839661,661.884202398376,36.37030155416182,672.1892582061629,39.596679274515125,10.305055807786857,3.2263777203533053,10.305055807786857,3.2263777203533053
256_png.rf.18d3c3ddc6e345fc5391481cf087f656_roi_31.png,256_png.rf.18d3c3ddc6e345fc5391481cf087f656_roi_11.png,0.891418993473053,1041.1762205634525,39.80321134520454,1038.8842873270405,43.613450773607006,-2.291933236411978,3.8102394284024683,2.291933236411978,3.8102394284024683
170_png.rf.9fdddfe19c59d54aa61d2f432ec45baa_roi_0.png,170_png.rf.9fdddfe19c59d54aa61d2f432ec45baa_roi_1.png,0.8907180428504944,775.7439811203479,36.5096322325854,806.2011484009947,39.60375323219126,30.457167280646786,3.094120999605856,30.457167280646786,3.094120999605856
174_png.rf.0e87f59ae4c245e42548098544b4cc07_roi_14.png,174_png.rf.0e87f59ae4c245e42548098544b4cc07_roi_2.png,0.8906503915786743,734.6045397728934,33.145726489154484,745.5280578692385,36.25202810109751,10.923518096345106,3.1063016119430245,10.923518096345106,3.1063016119430245
172_png.rf.f3457ec580e8349d69afeb37c6eae6f8_roi_11.png,172_png.rf.f3457ec580e8349d69afeb37c6eae6f8_roi_5.png,0.8906020522117615,713.1887973803034,37.844539112933255,727.4314292604374,40.780534475585085,14.242631880134013,2.9359953626518305,14.242631880134013,2.9359953626518305
169_png.rf.532ef687b8a694ac82b673d458edb7af_roi_12.png,169_png.rf.532ef687b8a694ac82b673d458edb7af_roi_12.png,0.8905325531959534,745.3312870679786,36.04365557704234,749.0779997445277,39.65201065312794,3.746712676549123,3.6083550760856014,3.746712676549123,3.6083550760856014
169_png.rf.532ef687b8a694ac82b673d458edb7af_roi_21.png,169_png.rf.532ef687b8a694ac82b673d458edb7af_roi_13.png,0.8902627229690552,709.0140722709281,37.76054945769727,717.8727854834774,37.8982545006785,8.858713212549333,0.13770504298122432,8.858713212549333,0.13770504298122432
155_png.rf.f50fa82504926ab35f38301b6390248d_roi_18.png,155_png.rf.f50fa82504926ab35f38301b6390248d_roi_18.png,0.8901345133781433,572.4727117809724,38.64315804897635,601.804736964739,40.07440376226122,29.332025183766632,1.4312457132848664,29.332025183766632,1.4312457132848664
158_png.rf.274771a321eac102f941a30fdb46d466_roi_20.png,158_png.rf.274771a321eac102f941a30fdb46d466_roi_7.png,0.8897876739501953,573.9339165729031,34.92362840084934,605.3030340442035,35.303449452253915,31.369117471300456,0.37982105140457634,31.369117471300456,0.37982105140457634
256_png.rf.18d3c3ddc6e345fc5391481cf087f656_roi_30.png,256_png.rf.18d3c3ddc6e345fc5391481cf087f656_roi_45.png,0.8893007040023804,949.451865603516,42.45597090595441,986.1710430190876,44.79801309330612,36.71917741557161,2.3420421873517085,36.71917741557161,2.3420421873517085
164_png.rf.67de034d315f10061f576d8a59ec9e00_roi_9.png,164_png.rf.67de034d315f10061f576d8a59ec9e00_roi_15.png,0.8892835974693298,517.6658583092769,32.53214343415159,547.1484336278759,33.81324404168757,29.482575318598947,1.2811006075359757,29.482575318598947,1.2811006075359757
171_png.rf.febf282da9ce93abe816ac234ff149c0_roi_17.png,171_png.rf.febf282da9ce93abe816ac234ff149c0_roi_8.png,0.8888888955116272,630.1031476554032,37.45330580876406,642.1842915829185,41.25050431522271,12.081143927515313,3.797198506458656,12.081143927515313,3.797198506458656
76_png.rf.7f70179db28531c420ff564284110692_roi_7.png,76_png.rf.7f70179db28531c420ff564284110692_roi_9.png,0.8888452649116516,652.5201672614107,42.73095758147114,652.7107919455235,38.420379140803774,0.19062468411277678,-4.3105784406673635,0.19062468411277678,4.3105784406673635
155_png.rf.f50fa82504926ab35f38301b6390248d_roi_25.png,155_png.rf.f50fa82504926ab35f38301b6390248d_roi_12.png,0.8876930475234985,555.1441943932905,37.733997256648365,597.4827599139265,39.40651045415405,42.33856552063605,1.6725131975056868,42.33856552063605,1.6725131975056868
157_png.rf.355ba2b71e0720acf76aee03119c688a_roi_2.png,157_png.rf.355ba2b71e0720acf76aee03119c688a_roi_7.png,0.8868995904922485,579.691208113346,40.02219634486803,617.8781950151672,39.7561087174097,38.18698690182123,-0.2660876274583259,38.18698690182123,0.2660876274583259
170_png.rf.9fdddfe19c59d54aa61d2f432ec45baa_roi_13.png,170_png.rf.9fdddfe19c59d54aa61d2f432ec45baa_roi_12.png,0.8866366147994995,731.7357618257579,35.68402869416195,747.1078860785866,39.49558738880128,15.372124252828712,3.8115586946393307,15.372124252828712,3.8115586946393307
169_png.rf.532ef687b8a694ac82b673d458edb7af_roi_0.png,169_png.rf.532ef687b8a694ac82b673d458edb7af_roi_20.png,0.8862199783325195,647.1238155484122,35.943594576214664,672.9985460132659,38.623703147166296,25.87473046485377,2.6801085709516315,25.87473046485377,2.6801085709516315
168_png.rf.5a44d0e8273a80cfd25e3f2fec8d8fd7_roi_11.png,168_png.rf.5a44d0e8273a80cfd25e3f2fec8d8fd7_roi_14.png,0.8861635327339172,560.5153773294907,27.9925056633486,583.2029737132113,29.803661314846995,22.687596383720688,1.811155651498396,22.687596383720688,1.811155651498396
161_png.rf.158ad654011e9670046a475b12f8593d_roi_38.png,161_png.rf.158ad654011e9670046a475b12f8593d_roi_19.png,0.8861138820648193,546.5644023432104,36.89486610922015,597.5460626099888,36.31436296553774,50.98166026677836,-0.5805031436824137,50.98166026677836,0.5805031436824137
172_png.rf.f3457ec580e8349d69afeb37c6eae6f8_roi_10.png,172_png.rf.f3457ec580e8349d69afeb37c6eae6f8_roi_6.png,0.8860065937042236,723.2368726971974,37.45879391555625,741.5214510072823,40.70865289898383,18.28457831008484,3.249858983427579,18.28457831008484,3.249858983427579
82_png.rf.78a828637d0fdf11d14f1d4b7920f8d0_roi_29.png,82_png.rf.78a828637d0fdf11d14f1d4b7920f8d0_roi_29.png,0.8848126530647278,654.0426960950622,37.90231564743341,665.2380468915684,42.26710939375798,11.195350796506204,4.364793746324565,11.195350796506204,4.364793746324565
169_png.rf.532ef687b8a694ac82b673d458edb7af_roi_27.png,169_png.rf.532ef687b8a694ac82b673d458edb7af_roi_1.png,0.8841795921325684,640.6355251028771,37.079081218351135,684.8987772807419,38.38409391557013,44.26325217786484,1.3050126972189986,44.26325217786484,1.3050126972189986
171_png.rf.febf282da9ce93abe816ac234ff149c0_roi_22.png,171_png.rf.febf282da9ce93abe816ac234ff149c0_roi_1.png,0.8835798501968384,627.1220215890614,41.29560245185451,683.6429877307393,41.89604249810044,56.52096614167783,0.6004400462459287,56.52096614167783,0.6004400462459287
173_png.rf.0867fc12b7d4d1126ffa2cb1d29a36d3_roi_13.png,173_png.rf.0867fc12b7d4d1126ffa2cb1d29a36d3_roi_14.png,0.8830000162124634,644.7828710985817,30.57487149432998,657.7866323425726,33.103484868445086,13.00376124399088,2.528613374115107,13.00376124399088,2.528613374115107
155_png.rf.f50fa82504926ab35f38301b6390248d_roi_15.png,155_png.rf.f50fa82504926ab35f38301b6390248d_roi_24.png,0.8827361464500427,566.6794629382799,36.77606267782188,622.8931415138734,38.03589988895561,56.21367857559346,1.2598372111337284,56.21367857559346,1.2598372111337284
164_png.rf.67de034d315f10061f576d8a59ec9e00_roi_28.png,164_png.rf.67de034d315f10061f576d8a59ec9e00_roi_26.png,0.8824324607849121,478.892425056686,30.08133571288184,500.78771850602726,32.47941411297226,21.89529344934124,2.398078400090416,21.89529344934124,2.398078400090416
170_png.rf.9fdddfe19c59d54aa61d2f432ec45baa_roi_15.png,170_png.rf.9fdddfe19c59d54aa61d2f432ec45baa_roi_14.png,0.8821656107902527,673.619743419934,36.71210419600793,693.3869086667362,39.70676437864444,19.767165246802165,2.9946601826365153,19.767165246802165,2.9946601826365153
78_png.rf.64c5d696884a3b905e0a4e7625969623_roi_27.png,78_png.rf.64c5d696884a3b905e0a4e7625969623_roi_10.png,0.882013201713562,619.5601599373891,42.805808379767846,606.232356783077,39.40273805224746,-13.327803154312164,-3.403070327520389,13.327803154312164,3.403070327520389
76_png.rf.7f70179db28531c420ff564284110692_roi_15.png,76_png.rf.7f70179db28531c420ff564284110692_roi_27.png,0.8817567825317383,582.8629999055008,34.61954723781723,588.5484525217153,38.77966165461572,5.685452616214434,4.160114416798493,5.685452616214434,4.160114416798493
82_png.rf.78a828637d0fdf11d14f1d4b7920f8d0_roi_30.png,82_png.rf.78a828637d0fdf11d14f1d4b7920f8d0_roi_20.png,0.8812500238418579,601.2160745202499,33.56356850721127,607.2425703942978,37.34617516149949,6.026495874047896,3.782606654288216,6.026495874047896,3.782606654288216
165_png.rf.632345fe644e540f32370605842f049a_roi_20.png,165_png.rf.632345fe644e540f32370605842f049a_roi_26.png,0.881118893623352,654.2516126709056,39.07933014790322,660.3946048154081,38.18990715437226,6.1429921445025,-0.8894229935309639,6.1429921445025,0.8894229935309639
169_png.rf.532ef687b8a694ac82b673d458edb7af_roi_23.png,169_png.rf.532ef687b8a694ac82b673d458edb7af_roi_24.png,0.8807919025421143,703.8650358089342,35.91869117287964,682.8140263407729,34.97242260927941,-21.051009468161283,-0.9462685636002277,21.051009468161283,0.9462685636002277
174_png.rf.0e87f59ae4c245e42548098544b4cc07_roi_4.png,174_png.rf.0e87f59ae4c245e42548098544b4cc07_roi_21.png,0.8804115056991577,707.5608225533748,31.99866535021457,733.2856045319197,35.22450651325317,25.72478197854491,3.2258411630385986,25.72478197854491,3.2258411630385986
169_png.rf.532ef687b8a694ac82b673d458edb7af_roi_25.png,169_png.rf.532ef687b8a694ac82b673d458edb7af_roi_11.png,0.8801526427268982,739.6828271933076,34.873736518077585,747.2525403810234,38.0433065991834,7.56971318771582,3.1695700811058174,7.56971318771582,3.1695700811058174
155_png.rf.f50fa82504926ab35f38301b6390248d_roi_29.png,155_png.rf.f50fa82504926ab35f38301b6390248d_roi_4.png,0.8798342347145081,601.4347447239747,35.2434887363813,622.3309769379356,38.3100410341074,20.896232213960843,3.0665522977260977,20.896232213960843,3.0665522977260977
171_png.rf.febf282da9ce93abe816ac234ff149c0_roi_25.png,171_png.rf.febf282da9ce93abe816ac234ff149c0_roi_31.png,0.8797838687896729,629.6512028555961,34.19444196026507,654.2021291548373,37.32888262217404,24.550926299241155,3.1344406619089753,24.550926299241155,3.1344406619089753
168_png.rf.5a44d0e8273a80cfd25e3f2fec8d8fd7_roi_16.png,168_png.rf.5a44d0e8273a80cfd25e3f2fec8d8fd7_roi_36.png,0.8797762989997864,661.1494936543098,31.47488961911065,700.663645478237,33.70439874312501,39.514151823927136,2.22950912401436,39.514151823927136,2.22950912401436
174_png.rf.0e87f59ae4c245e42548098544b4cc07_roi_12.png,174_png.rf.0e87f59ae4c245e42548098544b4cc07_roi_8.png,0.879249095916748,666.8055064960421,29.027391015281573,654.0001570858958,32.79719090990064,-12.805349410146277,3.7697998946190694,12.805349410146277,3.7697998946190694
154_png.rf.14ad9631fdb98926098b64b2cc23b499_roi_1.png,154_png.rf.14ad9631fdb98926098b64b2cc23b499_roi_22.png,0.8782350420951843,637.0424751079953,37.60688972389014,631.3851434058964,39.221696771780174,-5.6573317020988725,1.6148070478900323,5.6573317020988725,1.6148070478900323
169_png.rf.532ef687b8a694ac82b673d458edb7af_roi_11.png,169_png.rf.532ef687b8a694ac82b673d458edb7af_roi_14.png,0.8777379393577576,698.9631620176978,34.947750960405614,708.3386682397463,38.93287251896457,9.375506222048557,3.9851215585589586,9.375506222048557,3.9851215585589586
171_png.rf.febf282da9ce93abe816ac234ff149c0_roi_7.png,171_png.rf.febf282da9ce93abe816ac234ff149c0_roi_10.png,0.8775767683982849,637.8920652291738,36.57664997022502,652.875451255003,39.87535103345595,14.98338602582919,3.2987010632309293,14.98338602582919,3.2987010632309293
171_png.rf.febf282da9ce93abe816ac234ff149c0_roi_2.png,171_png.rf.febf282da9ce93abe816ac234ff149c0_roi_17.png,0.8774008750915527,624.4661634714191,37.74434198603306,646.4676764697352,41.86486363616299,22.001512998316116,4.12052165012993,22.001512998316116,4.12052165012993
168_png.rf.5a44d0e8273a80cfd25e3f2fec8d8fd7_roi_4.png,168_png.rf.5a44d0e8273a80cfd25e3f2fec8d8fd7_roi_21.png,0.877270519733429,692.0132967213173,29.767992175476696,681.1947026846124,32.089483354582185,-10.818594036704894,2.3214911791054895,10.818594036704894,2.3214911791054895
169_png.rf.532ef687b8a694ac82b673d458edb7af_roi_26.png,169_png.rf.532ef687b8a694ac82b673d458edb7af_roi_5.png,0.8771857023239136,656.1937291415159,36.41777354309617,691.1185361327609,37.430021537342974,34.92480699124508,1.0122479942468061,34.92480699124508,1.0122479942468061
154_png.rf.14ad9631fdb98926098b64b2cc23b499_roi_21.png,154_png.rf.14ad9631fdb98926098b64b2cc23b499_roi_0.png,0.8770170211791992,602.3926715032912,36.72244258704564,640.7128813461475,39.874212546782125,38.32020984285623,3.151769959736484,38.32020984285623,3.151769959736484
155_png.rf.f50fa82504926ab35f38301b6390248d_roi_22.png,155_png.rf.f50fa82504926ab35f38301b6390248d_roi_25.png,0.8769441843032837,551.9047744502917,38.41926951208392,603.3282124742608,39.750993384651466,51.423438023969084,1.3317238725675438,51.423438023969084,1.3317238725675438
82_png.rf.78a828637d0fdf11d14f1d4b7920f8d0_roi_24.png,82_png.rf.78a828637d0fdf11d14f1d4b7920f8d0_roi_18.png,0.8768328428268433,635.1915090105663,36.41644990593585,641.7845614430903,40.90810386582295,6.5930524325240185,4.491653959887103,6.5930524325240185,4.491653959887103
173_png.rf.0867fc12b7d4d1126ffa2cb1d29a36d3_roi_9.png,173_png.rf.0867fc12b7d4d1126ffa2cb1d29a36d3_roi_20.png,0.876632809638977,513.2388713986116,26.037241145087517,553.3297072393643,27.458185898166715,40.090835840752675,1.4209447530791977,40.090835840752675,1.4209447530791977
82_png.rf.78a828637d0fdf11d14f1d4b7920f8d0_roi_11.png,82_png.rf.78a828637d0fdf11d14f1d4b7920f8d0_roi_21.png,0.8765105605125427,684.853843491473,37.55642900125612,710.5010078786011,41.26051822293419,25.6471643871281,3.7040892216780676,25.6471643871281,3.7040892216780676
156_png.rf.6120be0c3a28f4801b0a45145ce1e961_roi_12.png,156_png.rf.6120be0c3a28f4801b0a45145ce1e961_roi_30.png,0.8761242628097534,647.3220596488895,36.972430137666365,659.5767673621672,40.54339350327782,12.25470771327764,3.5709633656114548,12.25470771327764,3.5709633656114548
173_png.rf.0867fc12b7d4d1126ffa2cb1d29a36d3_roi_3.png,173_png.rf.0867fc12b7d4d1126ffa2cb1d29a36d3_roi_6.png,0.8758205771446228,608.9131987942058,29.36284112479008,631.8311705106053,31.86115175554187,22.917971716399506,2.4983106307517886,22.917971716399506,2.4983106307517886
82_png.rf.78a828637d0fdf11d14f1d4b7920f8d0_roi_28.png,82_png.rf.78a828637d0fdf11d14f1d4b7920f8d0_roi_16.png,0.8757331371307373,712.3637343012215,37.146905802511526,726.8907824096945,41.167297731761245,14.527048108472968,4.020391929249719,14.527048108472968,4.020391929249719
251_png.rf.03356d60d75e295fd05c7ad26b5ea07d_roi_54.png,251_png.rf.03356d60d75e295fd05c7ad26b5ea07d_roi_29.png,0.8742871284484863,947.6517251143314,42.16705967001497,951.0934704284108,45.37980275060333,3.4417453140794123,3.2127430805883606,3.4417453140794123,3.2127430805883606
161_png.rf.158ad654011e9670046a475b12f8593d_roi_1.png,161_png.rf.158ad654011e9670046a475b12f8593d_roi_26.png,0.8741994500160217,591.3503429371314,35.8909219115794,618.6270708618222,38.84161575361285,27.276727924690817,2.950693842033452,27.276727924690817,2.950693842033452
155_png.rf.f50fa82504926ab35f38301b6390248d_roi_26.png,155_png.rf.f50fa82504926ab35f38301b6390248d_roi_11.png,0.8732817769050598,607.6520603384195,37.06801903436736,665.5575424994703,38.66073636184364,57.90548216105083,1.5927173274762794,57.90548216105083,1.5927173274762794
158_png.rf.274771a321eac102f941a30fdb46d466_roi_25.png,158_png.rf.274771a321eac102f941a30fdb46d466_roi_21.png,0.8731343150138855,606.005650292542,36.60709269801355,637.7535659263361,38.90112434688422,31.74791563379415,2.2940316488706642,31.74791563379415,2.2940316488706642
169_png.rf.532ef687b8a694ac82b673d458edb7af_roi_8.png,169_png.rf.532ef687b8a694ac82b673d458edb7af_roi_27.png,0.8728576898574829,690.1458212478299,35.18473890809599,706.7255305971403,38.93064035970234,16.579709349310406,3.7459014516063505,16.579709349310406,3.7459014516063505
171_png.rf.febf282da9ce93abe816ac234ff149c0_roi_24.png,171_png.rf.febf282da9ce93abe816ac234ff149c0_roi_6.png,0.8687707781791687,608.6393621348585,38.36022385804214,637.9597323621874,41.693544391973056,29.320370227328908,3.333320533930916,29.320370227328908,3.333320533930916
166_png.rf.aab41b925e03ee5bae283600f05ed7c1_roi_0.png,166_png.rf.aab41b925e03ee5bae283600f05ed7c1_roi_20.png,0.868433952331543,693.0535151494821,32.147340230249895,641.1182411800758,30.57943774251116,-51.93527396940635,-1.5679024877387349,51.93527396940635,1.5679024877387349
169_png.rf.532ef687b8a694ac82b673d458edb7af_roi_14.png,169_png.rf.532ef687b8a694ac82b673d458edb7af_roi_30.png,0.8676864504814148,719.4765528298296,35.11710732385357,726.661468552163,39.41865780437395,7.184915722333358,4.301550480520383,7.184915722333358,4.301550480520383
151_png.rf.717257c00a1209ed06a039fb95a1454b_roi_0.png,151_png.rf.717257c00a1209ed06a039fb95a1454b_roi_3.png,0.8673253059387207,529.771156953775,25.972096794093314,547.959567533157,27.970153800801413,18.188410579382094,1.9980570067080983,18.188410579382094,1.9980570067080983
155_png.rf.f50fa82504926ab35f38301b6390248d_roi_21.png,155_png.rf.f50fa82504926ab35f38301b6390248d_roi_20.png,0.8665993213653564,554.7987104386416,34.41661599707215,608.1108996084732,35.68742652877526,53.31218916983164,1.2708105317031126,53.31218916983164,1.2708105317031126
156_png.rf.6120be0c3a28f4801b0a45145ce1e961_roi_14.png,156_png.rf.6120be0c3a28f4801b0a45145ce1e961_roi_37.png,0.8656469583511353,642.4397149129644,36.223592129008416,659.3500727447265,40.03071215988385,16.9103578317621,3.8071200308754314,16.9103578317621,3.8071200308754314
169_png.rf.532ef687b8a694ac82b673d458edb7af_roi_33.png,169_png.rf.532ef687b8a694ac82b673d458edb7af_roi_9.png,0.8652889132499695,680.4609556441147,38.21873664537413,673.6166357532146,40.89612968043747,-6.844319890900124,2.6773930350633393,6.844319890900124,2.6773930350633393
155_png.rf.f50fa82504926ab35f38301b6390248d_roi_28.png,155_png.rf.f50fa82504926ab35f38301b6390248d_roi_2.png,0.8650137782096863,551.9740801149085,31.543010108627428,589.2217336551098,33.95162226956985,37.24765354020133,2.4086121609424254,37.24765354020133,2.4086121609424254
97_png.rf.f4e8ad3bada447eb1ef57ab4eee50c1f_roi_33.png,97_png.rf.f4e8ad3bada447eb1ef57ab4eee50c1f_roi_25.png,0.8645502924919128,786.8898460014491,34.520637917942814,802.1007137766279,38.72079227855529,15.210867775178826,4.200154360612473,15.210867775178826,4.200154360612473
174_png.rf.0e87f59ae4c245e42548098544b4cc07_roi_9.png,174_png.rf.0e87f59ae4c245e42548098544b4cc07_roi_10.png,0.8642297387123108,699.476881016549,31.41747311333861,721.6953833793649,35.273336033098886,22.21850236281591,3.855862919760277,22.21850236281591,3.855862919760277
155_png.rf.f50fa82504926ab35f38301b6390248d_roi_16.png,155_png.rf.f50fa82504926ab35f38301b6390248d_roi_16.png,0.8638867139816284,631.0054445571201,41.5784032387518,658.7948682174069,39.68886733312233,27.789423660286843,-1.8895359056294652,27.789423660286843,1.8895359056294652
170_png.rf.9fdddfe19c59d54aa61d2f432ec45baa_roi_7.png,170_png.rf.9fdddfe19c59d54aa61d2f432ec45baa_roi_19.png,0.8631234169006348,713.8052942798824,36.74832189957364,745.7063424670853,40.907737793057,31.901048187202832,4.159415893483363,31.901048187202832,4.159415893483363
157_png.rf.355ba2b71e0720acf76aee03119c688a_roi_18.png,157_png.rf.355ba2b71e0720acf76aee03119c688a_roi_23.png,0.8611251711845398,578.7765616220569,34.26321299473677,589.2228397866577,35.45162382140422,10.446278164600812,1.1884108266674502,10.446278164600812,1.1884108266674502
171_png.rf.febf282da9ce93abe816ac234ff149c0_roi_9.png,171_png.rf.febf282da9ce93abe816ac234ff149c0_roi_26.png,0.8599589467048645,585.0942520946815,40.14113740378587,651.7359045467559,41.38773760163598,66.64165245207448,1.246600197850114,66.64165245207448,1.246600197850114
168_png.rf.5a44d0e8273a80cfd25e3f2fec8d8fd7_roi_2.png,168_png.rf.5a44d0e8273a80cfd25e3f2fec8d8fd7_roi_23.png,0.8570324778556824,508.2448163999911,24.162420727910053,532.8269037363542,26.674900996287704,24.582087336363088,2.512480268377651,24.582087336363088,2.512480268377651
82_png.rf.78a828637d0fdf11d14f1d4b7920f8d0_roi_22.png,82_png.rf.78a828637d0fdf11d14f1d4b7920f8d0_roi_41.png,0.8565480709075928,673.4880361859549,37.17483362088997,692.8208958574207,41.93642568984124,19.332859671465826,4.761592068951273,19.332859671465826,4.761592068951273
82_png.rf.78a828637d0fdf11d14f1d4b7920f8d0_roi_26.png,82_png.rf.78a828637d0fdf11d14f1d4b7920f8d0_roi_13.png,0.8563734292984009,656.8657972715117,32.43543831194164,659.7719235889967,37.25912506127707,2.9061263174850183,4.82368674933543,2.9061263174850183,4.82368674933543
169_png.rf.532ef687b8a694ac82b673d458edb7af_roi_32.png,169_png.rf.532ef687b8a694ac82b673d458edb7af_roi_31.png,0.8553299307823181,683.386869009933,33.49877866125615,715.7310009469296,35.59995791766832,32.34413193699663,2.1011792564121734,32.34413193699663,2.1011792564121734
154_png.rf.14ad9631fdb98926098b64b2cc23b499_roi_20.png,154_png.rf.14ad9631fdb98926098b64b2cc23b499_roi_5.png,0.8546562194824219,613.9711665313415,35.22062641721935,657.6680110284454,38.90196805858521,43.69684449710394,3.6813416413658615,43.69684449710394,3.6813416413658615
164_png.rf.67de034d315f10061f576d8a59ec9e00_roi_2.png,164_png.rf.67de034d315f10061f576d8a59ec9e00_roi_14.png,0.8541095852851868,482.3732136175336,29.013139739934527,525.8001280302802,29.989809898358725,43.42691441274661,0.9766701584241986,43.42691441274661,0.9766701584241986
257_png.rf.d0e9b62c92e89f70b1ab6feac50e3c89_roi_54.png,257_png.rf.d0e9b62c92e89f70b1ab6feac50e3c89_roi_50.png,0.8499727249145508,907.9284776379026,44.628760011223065,894.2688004658244,38.77321590768224,-13.659677172078204,-5.855544103540822,13.659677172078204,5.855544103540822
169_png.rf.532ef687b8a694ac82b673d458edb7af_roi_15.png,169_png.rf.532ef687b8a694ac82b673d458edb7af_roi_25.png,0.8455976247787476,686.029520464747,32.39266513279028,686.6937158201345,37.16751646844447,0.6641953553875055,4.774851335654191,0.6641953553875055,4.774851335654191
168_png.rf.5a44d0e8273a80cfd25e3f2fec8d8fd7_roi_7.png,168_png.rf.5a44d0e8273a80cfd25e3f2fec8d8fd7_roi_12.png,0.8450560569763184,607.2634621041701,30.16168169415917,651.6338362056262,33.05819465641957,44.370374101456036,2.8965129622604024,44.370374101456036,2.8965129622604024
82_png.rf.78a828637d0fdf11d14f1d4b7920f8d0_roi_10.png,82_png.rf.78a828637d0fdf11d14f1d4b7920f8d0_roi_23.png,0.8444532155990601,649.0326739312792,35.95811353260578,688.6135634783315,40.29882544916173,39.580889547052266,4.340711916555954,39.580889547052266,4.340711916555954
173_png.rf.0867fc12b7d4d1126ffa2cb1d29a36d3_roi_10.png,173_png.rf.0867fc12b7d4d1126ffa2cb1d29a36d3_roi_13.png,0.8435475826263428,635.8820253066287,29.48346429120959,674.2176553346035,33.13521234753871,38.33563002797473,3.6517480563291222,38.33563002797473,3.6517480563291222
219_png.rf.1cea427249122e68a431e56275cd8513_roi_44.png,219_png.rf.1cea427249122e68a431e56275cd8513_roi_3.png,0.8383371829986572,389.7609006725964,23.585782927487024,408.6449979390862,20.475456380094165,18.88409726648979,-3.1103265473928587,18.88409726648979,3.1103265473928587
158_png.rf.274771a321eac102f941a30fdb46d466_roi_0.png,158_png.rf.274771a321eac102f941a30fdb46d466_roi_11.png,0.8335962295532227,632.1159069865066,40.91004098821994,662.728911239119,38.307003919873296,30.613004252612427,-2.6030370683466444,30.613004252612427,2.6030370683466444
169_png.rf.532ef687b8a694ac82b673d458edb7af_roi_13.png,169_png.rf.532ef687b8a694ac82b673d458edb7af_roi_6.png,0.8199558258056641,743.2156262978712,33.110261872308364,781.8071511828143,38.49073091684734,38.59152488494317,5.380469044538977,38.59152488494317,5.380469044538977
164_png.rf.67de034d315f10061f576d8a59ec9e00_roi_26.png,164_png.rf.67de034d315f10061f576d8a59ec9e00_roi_22.png,0.8054298758506775,446.53824313201096,27.57236594818277,460.7816712653293,30.61027983609343,14.243428133318332,3.0379138879106584,14.243428133318332,3.0379138879106584
172_png.rf.f3457ec580e8349d69afeb37c6eae6f8_roi_1.png,172_png.rf.f3457ec580e8349d69afeb37c6eae6f8_roi_18.png,0.7132179141044617,777.3317382026629,34.21534243856299,568.1420238170464,37.86635475847667,-209.18971438561653,3.6510123199136757,209.18971438561653,3.6510123199136757
