human_file,cp_source_filename,cp_row_index,iou,length_um_human,width_um_human,length_um_cellprofiler,length_diff_um,abs_length_diff_um
113_png.rf.e3028a1dab303081c21db80950b8398c_roi_26.png,113.png,1997,1.0,673.6490023948965,32.27434969203449,722.208110905988,48.559108511091495,48.559108511091495
202_png.rf.1536fc8a88228bb8324ac1a09adf0d09_roi_32.png,202.png,2673,1.0,405.7859596159653,22.626507396171803,391.796546150578,-13.989413465387258,13.989413465387258
97_png.rf.f4e8ad3bada447eb1ef57ab4eee50c1f_roi_7.png,97.png,1634,1.0,841.3813262912075,38.92937207286344,911.151249194653,69.76992290344549,69.76992290344549
102_png.rf.17ecda620c62893042cd19d261c2d15e_roi_17.png,102.png,1743,0.9962546825408936,908.3201824586712,38.70827681343628,995.754187511546,87.4340050528748,87.4340050528748
100_png.rf.93dbb301c4dc91fe8173d8a0a7f2dd5b_roi_21.png,100.png,1699,0.9954954981803894,896.7326173056329,43.19476795083069,940.89200689561,44.159389589977195,44.159389589977195
22_png.rf.c50cb0ca2a50371b33f002d2131b8c8d_roi_8.png,22.png,604,0.9947643876075745,653.0907952647862,32.53013220346632,693.995242515888,40.90444725110183,40.90444725110183
94_png.rf.49891f2386b2bd0dae3124e2b7a1112a_roi_32.png,94.png,1574,0.9946523904800415,886.8201494003099,41.56777126018471,934.481386347854,47.661236947544126,47.661236947544126
96_png.rf.5e3968fff8f9f8fdab30c8f999334f6f_roi_39.png,96.png,1628,0.9942528605461121,887.1257469271085,39.8976197419747,937.178680242216,50.052933315107566,50.052933315107566
62_png.rf.beb309695495d75acd96567a6b6510bc_roi_24.png,62.png,911,0.9941176176071167,611.9419326271532,30.35832864319987,624.667905935761,12.725973308607877,12.725973308607877
97_png.rf.f4e8ad3bada447eb1ef57ab4eee50c1f_roi_31.png,97.png,1638,0.9941176176071167,862.6356235531558,37.591604489026224,916.799209020799,54.1635854676432,54.1635854676432
90_png.rf.69bdac2f8992d8d3ebf3226c61ad2bd5_roi_14.png,90.png,1485,0.9939758777618408,752.8819808349119,36.93917359980086,780.307695373461,27.425714538549073,27.425714538549073
89_png.rf.9d3e334f7c5cb93bc20089fb52688222_roi_3.png,89.png,1459,0.9931972622871399,798.5519874995614,39.52665479312408,818.49965819203,19.94767069246859,19.94767069246859
62_png.rf.beb309695495d75acd96567a6b6510bc_roi_6.png,62.png,914,0.9930555820465088,538.3254497732505,27.172814823188197,566.233830646281,27.908380873030524,27.908380873030524
95_png.rf.42f0772809f559cf65a74a06f90e2684_roi_14.png,95.png,1599,0.9930070042610168,897.3548799856848,39.77840872622436,924.794201298534,27.439321312849188,27.439321312849188
122_png.rf.617059b075a6f81cae0fd7788acdfed2_roi_46.png,122.png,2196,0.9928057789802551,491.92465080498073,27.799019944874168,520.250846150578,28.326195345597284,28.326195345597284
115_png.rf.4e7d2dcc137306ce0a4845f84fae0b70_roi_25.png,115.png,2041,0.9914893507957458,759.9202925167717,39.123805748046415,820.948128728899,61.02783621212723,61.02783621212723
138_png.rf.908dcbe578186eb4dceaf9330c729cfb_roi_12.png,138.png,2460,0.991304337978363,789.9341499455171,36.21871299780411,844.063571867597,54.12942192207993,54.12942192207993
126_png.rf.83f4d29ee84bd0966ec6d1b6d6836ac1_roi_12.png,126.png,2310,0.9911110997200012,774.2078932967364,39.837464497022175,846.50442582844,72.29653253170363,72.29653253170363
106_png.rf.573a9b71c29129dbc83682319da248b9_roi_12.png,106.png,1853,0.9909502267837524,793.3021352075758,39.61361038128699,833.32962582844,40.02749062086423,40.02749062086423
96_png.rf.5e3968fff8f9f8fdab30c8f999334f6f_roi_4.png,96.png,1617,0.9908257126808167,884.5114096240015,38.83886339470229,916.148581004626,31.63717138062441,31.63717138062441
99_png.rf.2f98932bb0145b858dd8d04d300acba8_roi_24.png,99.png,1681,0.9890636205673218,897.361703795553,41.250322102080375,936.495593949925,39.13389015437201,39.13389015437201
17_png.rf.90e990b683301d2fed43404a308c5140_roi_6.png,17.png,545,0.9890109896659851,684.792204594168,37.53494372786992,711.131692301157,26.339487706989075,26.339487706989075
106_png.rf.573a9b71c29129dbc83682319da248b9_roi_21.png,106.png,1841,0.9887640476226807,764.1589639650504,36.6071776955902,810.079810877758,45.92084691270759,45.92084691270759
96_png.rf.5e3968fff8f9f8fdab30c8f999334f6f_roi_47.png,96.png,1629,0.988507866859436,877.6436348865036,37.96007203086285,912.983696508922,35.340061622418375,35.340061622418375
139_png.rf.b31bb426801c1937eccc9821dfe61214_roi_15.png,139.png,2471,0.988394558429718,822.4937553264805,40.03609854543523,855.860577350476,33.366822023995496,33.366822023995496
127_png.rf.f5998eff46ab9c23d70c90ea9d4ca09a_roi_54.png,127.png,2321,0.9879769086837769,752.9482011956532,35.35844863732164,787.492062981641,34.543861785987815,34.543861785987815
90_png.rf.69bdac2f8992d8d3ebf3226c61ad2bd5_roi_16.png,90.png,1479,0.9867841601371765,746.5683323059877,38.2291998597507,812.962155147956,66.39382284196824,66.39382284196824
140_png.rf.18ec71dd3e97ae820fb4e7753bfbec3e_roi_7.png,140.png,2483,0.9860140085220337,639.8457607204602,39.26342573454894,661.161082721933,21.315322001472737,21.315322001472737
62_png.rf.beb309695495d75acd96567a6b6510bc_roi_18.png,62.png,920,0.9859141111373901,653.8381880996297,30.93167444223905,673.439739615428,19.601551515798292,19.601551515798292
111_png.rf.8fe543cf12ca100b887933e93b334b92_roi_25.png,111.png,1963,0.9854424595832825,630.1633707742525,37.33993208008159,658.666568353098,28.503197578845516,28.503197578845516
89_png.rf.9d3e334f7c5cb93bc20089fb52688222_roi_48.png,89.png,1472,0.9852216839790344,764.7116789040132,33.04073410563888,790.105337204853,25.393658300839775,25.393658300839775
99_png.rf.2f98932bb0145b858dd8d04d300acba8_roi_12.png,99.png,1676,0.9850746393203735,847.76229351704,43.28925128649772,922.31632220252,74.55402868548003,74.55402868548003
125_png.rf.0cd17c5aff1f4162dfb2c73cb9991f3e_roi_37.png,125.png,2279,0.9849439859390259,716.0233906747403,33.3219658570004,772.44465456611,56.42126389136968,56.42126389136968
101_png.rf.c4bf71f43d058b555a715c3e9695be8b_roi_47.png,101.png,1733,0.984887957572937,879.0951729702916,39.54277911401339,936.644867189407,57.549694219115395,57.549694219115395
119_png.rf.497c650b0290be25e8f041e87b86f7f7_roi_23.png,119.png,2123,0.9834133982658386,815.1379585649838,38.67017860898632,839.432238451736,24.29427988675218,24.29427988675218
121_png.rf.49e7ff8713556ad7cc37d311e25762ea_roi_49.png,121.png,2168,0.9833772778511047,778.1021785717599,34.668109835421006,836.001419875135,57.899241303375106,57.899241303375106
138_png.rf.908dcbe578186eb4dceaf9330c729cfb_roi_18.png,138.png,2454,0.9831806421279907,792.9443166067484,34.05414092739636,810.685081558242,17.74076495149359,17.74076495149359
125_png.rf.0cd17c5aff1f4162dfb2c73cb9991f3e_roi_31.png,125.png,2294,0.9831159710884094,767.0934420294643,39.396097666004174,817.668614531908,50.575172502443706,50.575172502443706
120_png.rf.4511382e2372fd66448504ae75698502_roi_10.png,120.png,2153,0.9830985069274902,769.1915196186184,35.84483847173767,805.793010295912,36.60149067729367,36.60149067729367
24_png.rf.50b47caa78e1b88c004d45f806f8a3d5_roi_1.png,24.png,619,0.9830955266952515,742.7509530810737,40.41611892774057,758.804122803824,16.05316972275034,16.05316972275034
119_png.rf.497c650b0290be25e8f041e87b86f7f7_roi_44.png,119.png,2136,0.9830949306488037,777.7078007498656,38.25882292552684,803.064419875135,25.35661912526939,25.35661912526939
127_png.rf.f5998eff46ab9c23d70c90ea9d4ca09a_roi_13.png,127.png,2333,0.9826080799102783,755.5111144244028,34.048156100483624,796.506824640268,40.99571021586519,40.99571021586519
126_png.rf.83f4d29ee84bd0966ec6d1b6d6836ac1_roi_6.png,126.png,2301,0.982583224773407,756.1508943584437,36.77860209244585,783.492998859729,27.34210450128535,27.34210450128535
113_png.rf.e3028a1dab303081c21db80950b8398c_roi_9.png,113.png,1993,0.982528567314148,770.56665417377,35.0520615783205,775.116448612805,4.549794439035054,4.549794439035054
133_png.rf.e6e7993f16b609c53d0b09b6393aaca3_roi_1.png,133.png,2422,0.9824833273887634,791.9045743620454,34.13876325682086,829.414019875136,37.509445513090554,37.509445513090554
114_png.rf.82ce6f7cb0b6f79807e0efb6891ebbad_roi_17.png,114.png,2016,0.9824561476707458,734.8128189811382,38.47628060297523,735.080599441575,0.2677804604368248,0.2677804604368248
93_png.rf.b21584f50d6c3347de640ab82eae1dee_roi_36.png,93.png,1571,0.9823490381240845,856.361737694919,41.49029366006163,943.054987511547,86.69324981662794,86.69324981662794
24_png.rf.50b47caa78e1b88c004d45f806f8a3d5_roi_2.png,24.png,620,0.9820627570152283,733.5476857060875,41.94750915478288,809.274742515888,75.7270568098005,75.7270568098005
90_png.rf.69bdac2f8992d8d3ebf3226c61ad2bd5_roi_2.png,90.png,1499,0.9818071722984314,783.8986962637263,38.78396685266287,831.066051545458,47.167355281731716,47.167355281731716
126_png.rf.83f4d29ee84bd0966ec6d1b6d6836ac1_roi_26.png,126.png,2316,0.9813084006309509,759.6789528139576,38.23706874225004,830.835111459605,71.15615864564734,71.15615864564734
107_png.rf.6215e321ee35ac2198cab08ebff50b91_roi_5.png,107.png,1862,0.9811589121818542,796.8627976528117,39.00276660914934,853.987968934946,57.125171282134374,57.125171282134374
114_png.rf.82ce6f7cb0b6f79807e0efb6891ebbad_roi_31.png,114.png,2020,0.9806448817253113,789.7871900527748,38.64392208772516,841.047244986887,51.26005493411219,51.26005493411219
18_png.rf.8dc36dd51f5ef8f7f16f7f069f027de6_roi_17.png,18.png,550,0.9803921580314636,618.3514313204608,32.91120279318941,679.712741360967,61.36131004050617,61.36131004050617
19_png.rf.aabc4ba10a41d7686e6d12be86adbf62_roi_14.png,19.png,558,0.9797519445419312,673.3848780954385,34.57292966067819,646.264645667086,-27.120232428352438,27.120232428352438
114_png.rf.82ce6f7cb0b6f79807e0efb6891ebbad_roi_33.png,114.png,2025,0.9794871807098389,790.8750873953567,37.602312424483024,838.092881586472,47.21779419111533,47.21779419111533
101_png.rf.c4bf71f43d058b555a715c3e9695be8b_roi_4.png,101.png,1716,0.9792936444282532,899.5270479806239,35.56709491172944,937.606109742297,38.079061761673074,38.079061761673074
107_png.rf.6215e321ee35ac2198cab08ebff50b91_roi_9.png,107.png,1867,0.9790794849395752,769.1179374910367,40.26055856975058,835.95537604317,66.83743855213322,66.83743855213322
101_png.rf.c4bf71f43d058b555a715c3e9695be8b_roi_24.png,101.png,1724,0.9785919189453125,852.0304271312896,36.77029923842346,888.466543823194,36.43611669190443,36.43611669190443
175_png.rf.809573d6b32e2ea5b757d39421fb3e6a_roi_8.png,175.png,1397,0.9785792231559753,637.2076051968454,28.454946010762928,658.594549222881,21.38694402603562,21.38694402603562
116_png.rf.31f3bd809826aa89c4df5b576dde5220_roi_35.png,116.png,2068,0.9784292578697205,618.3138605853075,41.45747605291101,637.071921038827,18.758060453519533,18.758060453519533
95_png.rf.42f0772809f559cf65a74a06f90e2684_roi_26.png,95.png,1597,0.9781839847564697,849.1107510190047,38.19764570575485,898.678677350476,49.56792633147131,49.56792633147131
95_png.rf.42f0772809f559cf65a74a06f90e2684_roi_3.png,95.png,1592,0.978091835975647,863.6399678877711,41.420381240419566,933.504921038827,69.86495315105583,69.86495315105583
99_png.rf.2f98932bb0145b858dd8d04d300acba8_roi_21.png,99.png,1678,0.9778889417648315,834.8130582616893,42.29511065329842,916.50558983016,81.69253156847071,81.69253156847071
20_png.rf.850033e7c361b1f2fd8e68b838ece0d8_roi_13.png,20.png,584,0.9777160286903381,644.7488340046601,31.06058272040946,668.912980250935,24.164146246274868,24.164146246274868
89_png.rf.9d3e334f7c5cb93bc20089fb52688222_roi_20.png,89.png,1463,0.9775872826576233,803.5005974877845,33.23364124515942,825.180879701282,21.68028221349755,21.68028221349755
173_png.rf.0867fc12b7d4d1126ffa2cb1d29a36d3_roi_2.png,173.png,1374,0.977446436882019,691.7253577484979,33.50167005359716,752.254463563487,60.529105814989066,60.529105814989066
125_png.rf.0cd17c5aff1f4162dfb2c73cb9991f3e_roi_17.png,125.png,2282,0.9772635102272034,783.1044343149331,38.98013898925436,809.086710295912,25.982275980978898,25.982275980978898
120_png.rf.4511382e2372fd66448504ae75698502_roi_18.png,120.png,2149,0.9770985841751099,745.5707996984638,36.100788196771305,825.237676075363,79.66687637689915,79.66687637689915
115_png.rf.4e7d2dcc137306ce0a4845f84fae0b70_roi_1.png,115.png,2039,0.9770911931991577,782.2476535402699,39.77308246016818,796.477019875135,14.229366334865176,14.229366334865176
121_png.rf.49e7ff8713556ad7cc37d311e25762ea_roi_11.png,121.png,2184,0.9770596623420715,783.6200117072326,34.48877006750333,806.592195927077,22.972184219844394,22.972184219844394
124_png.rf.144d1a960a56ef39d10c4e62e12a454f_roi_11.png,124.png,2256,0.9770378470420837,583.557398767502,34.49591440450949,621.636682721933,38.079283954430935,38.079283954430935
124_png.rf.144d1a960a56ef39d10c4e62e12a454f_roi_1.png,124.png,2272,0.9767441749572754,550.1472996899706,32.05614605420026,579.012497672615,28.865197982644418,28.865197982644418
13_png.rf.36b7ebf783550ceabbed516115d3e643_roi_0.png,13.png,499,0.9765058755874634,581.7959916843166,27.43906184139229,616.330119763714,34.53412807939742,34.53412807939742
107_png.rf.6215e321ee35ac2198cab08ebff50b91_roi_14.png,107.png,1856,0.9764147996902466,807.0504899438967,39.77934145441356,853.131986929699,46.081496985802346,46.081496985802346
89_png.rf.9d3e334f7c5cb93bc20089fb52688222_roi_18.png,89.png,1460,0.9763448238372803,776.4569161499974,38.60768300276446,835.202234243971,58.74531809397365,58.74531809397365
128_png.rf.bff9aea834e0f8c141fb97e07d16c917_roi_1.png,128.png,2341,0.9762186408042908,549.872092054961,35.578694937158325,564.376444986885,14.504352931924018,14.504352931924018
111_png.rf.8fe543cf12ca100b887933e93b334b92_roi_1.png,111.png,1940,0.9760838150978088,606.8809669170715,39.79286475078798,652.250565300254,45.369598383182506,45.369598383182506
175_png.rf.809573d6b32e2ea5b757d39421fb3e6a_roi_20.png,175.png,1403,0.976032555103302,679.4000345064152,34.99205494173691,714.191316249216,34.791281742800834,34.791281742800834
122_png.rf.617059b075a6f81cae0fd7788acdfed2_roi_1.png,122.png,2217,0.9759936928749084,551.945603855388,32.525760897349635,554.495344986885,2.5497411314970577,2.5497411314970577
107_png.rf.6215e321ee35ac2198cab08ebff50b91_roi_23.png,107.png,1864,0.9759176969528198,797.2724832167239,39.05052689156771,854.222044986886,56.94956177016206,56.94956177016206
123_png.rf.0c588dbfcff4253201b9ca4de4e9e251_roi_20.png,123.png,2229,0.9758076667785645,560.5918939146896,33.297992193616594,599.339807251838,38.74791333714836,38.74791333714836
138_png.rf.908dcbe578186eb4dceaf9330c729cfb_roi_15.png,138.png,2458,0.9757750630378723,762.22669387693,30.699497627123232,825.983201298535,63.75650742160508,63.75650742160508
256_png.rf.18d3c3ddc6e345fc5391481cf087f656_roi_43.png,256.png,2748,0.975734293460846,890.2878721370103,40.97142277243197,918.054392092966,27.7665199559558,27.7665199559558
93_png.rf.b21584f50d6c3347de640ab82eae1dee_roi_15.png,93.png,1551,0.9756298661231995,917.8767794934664,41.41433279179938,963.887474329825,46.01069483635854,46.01069483635854
100_png.rf.93dbb301c4dc91fe8173d8a0a7f2dd5b_roi_39.png,100.png,1708,0.9756290316581726,878.6193588966903,43.03808151944505,938.414583016362,59.79522411967173,59.79522411967173
95_png.rf.42f0772809f559cf65a74a06f90e2684_roi_35.png,95.png,1602,0.9755651950836182,840.9301063085566,40.382229409296514,939.858244986886,98.92813867832945,98.92813867832945
109_png.rf.c8dd17e858d1df0c04a8d6524de5fe76_roi_23.png,109.png,1900,0.9755532741546631,737.7066072183493,35.868370387084866,802.653064145334,64.94645692698475,64.94645692698475
102_png.rf.17ecda620c62893042cd19d261c2d15e_roi_30.png,102.png,1758,0.9755374193191528,867.2265529502251,38.87563928934177,919.902130036204,52.67557708597883,52.67557708597883
103_png.rf.b9743a889c7194da0b8dce5c5b632bbc_roi_46.png,103.png,1766,0.9755275845527649,838.4613101831785,43.445890175821006,881.410991719312,42.94968153613354,42.94968153613354
101_png.rf.c4bf71f43d058b555a715c3e9695be8b_roi_31.png,101.png,1732,0.9754649996757507,884.3031153879427,40.14661895098861,950.441573142711,66.1384577547683,66.1384577547683
89_png.rf.9d3e334f7c5cb93bc20089fb52688222_roi_21.png,89.png,1462,0.9753844738006592,761.7205236754058,39.42600218113471,823.779559355722,62.05903568031613,62.05903568031613
97_png.rf.f4e8ad3bada447eb1ef57ab4eee50c1f_roi_12.png,97.png,1636,0.9750688672065735,852.1932259511386,39.96471072849948,925.4562683531,73.26304240196134,73.26304240196134
107_png.rf.6215e321ee35ac2198cab08ebff50b91_roi_20.png,107.png,1857,0.9749813675880432,816.8586251966677,38.9094377074156,873.847126410286,56.98850121361829,56.98850121361829
124_png.rf.144d1a960a56ef39d10c4e62e12a454f_roi_29.png,124.png,2253,0.9744119644165039,569.9400371765256,32.7887933504967,612.37435270915,42.434315532624396,42.434315532624396
95_png.rf.42f0772809f559cf65a74a06f90e2684_roi_23.png,95.png,1606,0.9743924736976624,861.4761710265873,41.79139244499127,960.453908988607,98.97773796201977,98.97773796201977
109_png.rf.c8dd17e858d1df0c04a8d6524de5fe76_roi_3.png,109.png,1889,0.9742704629898071,725.2599889000355,28.75639773454346,771.742426410286,46.48243751025052,46.48243751025052
244_png.rf.5bcc8a2e036202b828c2fe7081b01a74_roi_21.png,244.png,2731,0.9742639660835266,908.5280167387092,46.84008164157067,963.229887885202,54.70187114649275,54.70187114649275
98_png.rf.b77e65e183c8314ed4d321b2e0970f1f_roi_30.png,98.png,1648,0.9740495085716248,862.966544267646,40.77421398558017,900.002811459605,37.03626719195904,37.03626719195904
121_png.rf.49e7ff8713556ad7cc37d311e25762ea_roi_16.png,121.png,2189,0.9739434719085693,725.0332302343654,31.833252309261237,786.515597672615,61.482367438249526,61.482367438249526
96_png.rf.5e3968fff8f9f8fdab30c8f999334f6f_roi_26.png,96.png,1621,0.9738622903823853,885.2522358202149,38.97781696147285,922.864796508924,37.612560688709095,37.612560688709095
126_png.rf.83f4d29ee84bd0966ec6d1b6d6836ac1_roi_4.png,126.png,2296,0.9737939238548279,740.2695126052143,41.24761731080282,820.25178330378,79.98227069856569,79.98227069856569
119_png.rf.497c650b0290be25e8f041e87b86f7f7_roi_9.png,119.png,2113,0.9737122654914856,806.9582157424154,37.85459391258257,834.072015085524,27.113799343108553,27.113799343108553
118_png.rf.55a01e17df553b816f0981b14bd0a2fa_roi_16.png,118.png,2104,0.9736032485961914,652.7952843013527,40.54970526200736,676.635827792523,23.84054349117025,23.84054349117025
115_png.rf.4e7d2dcc137306ce0a4845f84fae0b70_roi_0.png,115.png,2040,0.973241925239563,753.4752151367089,40.9628583971625,819.895202166225,66.41998702951605,66.41998702951605
126_png.rf.83f4d29ee84bd0966ec6d1b6d6836ac1_roi_15.png,126.png,2315,0.9727272987365723,713.977343250469,36.907593905388055,779.791079096015,65.81373584554603,65.81373584554603
144_png.rf.a5a2a2c438edbf198ffa6a10f317e83d_roi_10.png,144.png,44,0.9726027250289917,737.3444194641679,38.03696169993186,769.344869516792,32.000450052624046,32.000450052624046
96_png.rf.5e3968fff8f9f8fdab30c8f999334f6f_roi_22.png,96.png,1610,0.9724410772323608,877.42926197804,39.78618174326996,942.958030036206,65.52876805816595,65.52876805816595
106_png.rf.573a9b71c29129dbc83682319da248b9_roi_27.png,106.png,1855,0.9722762703895569,799.6020784210386,38.22865130075781,831.739557638413,32.137479217374334,32.137479217374334
95_png.rf.42f0772809f559cf65a74a06f90e2684_roi_27.png,95.png,1595,0.9719921946525574,844.5951206474193,38.72191073673324,912.184510877759,67.58939023033963,67.58939023033963
23_png.rf.eb33425f1552646a0744adb0080634ac_roi_1.png,23.png,610,0.9719101190567017,662.2553576827198,29.401955416573816,674.666916249215,12.41155856649516,12.41155856649516
98_png.rf.b77e65e183c8314ed4d321b2e0970f1f_roi_15.png,98.png,1653,0.9718083143234253,854.3549368272072,40.35963833958668,886.231043851425,31.876107024217845,31.876107024217845
127_png.rf.f5998eff46ab9c23d70c90ea9d4ca09a_roi_31.png,127.png,2327,0.9717633724212646,762.5825826116882,35.38990198152733,800.069895373461,37.48731276177284,37.48731276177284
130_png.rf.901f918f4884e1fdac6e82ec416390b1_roi_34.png,130.png,2397,0.9716598987579346,471.7210658742338,29.54993450420784,505.283759937567,33.562694063333254,33.562694063333254
108_png.rf.160624ea8bde3c8593ffcc9ddb55a11d_roi_26.png,108.png,1885,0.9715651273727417,737.8465153543474,32.30519738163641,802.484087539776,64.63757218542867,64.63757218542867
92_png.rf.80ea001d686c323f4ac8f2ee5ef69ad9_roi_22.png,92.png,1544,0.9714648127555847,899.488454164072,40.48120704861073,937.11301929329,37.62456512921801,37.62456512921801
104_png.rf.eb19faafbed5983b0cba70b7a044d4b2_roi_21.png,104.png,1804,0.9713702201843262,842.9729217665982,38.5613544368623,879.984017404137,37.0110956375388,37.0110956375388
127_png.rf.f5998eff46ab9c23d70c90ea9d4ca09a_roi_17.png,127.png,2329,0.9713600873947144,783.72816249503,34.058929297812384,813.809804952684,30.08164245765397,30.08164245765397
101_png.rf.c4bf71f43d058b555a715c3e9695be8b_roi_12.png,101.png,1715,0.9713166356086731,839.4898656897662,40.41003865786866,908.434419140904,68.94455345113772,68.94455345113772
121_png.rf.49e7ff8713556ad7cc37d311e25762ea_roi_31.png,121.png,2185,0.9712471961975098,723.2208339857301,31.80572531230921,780.022019181869,56.80118519613893,56.80118519613893
114_png.rf.82ce6f7cb0b6f79807e0efb6891ebbad_roi_32.png,114.png,2023,0.97114098072052,785.3636470102001,36.15519258861524,800.4327869297,15.06913991949989,15.06913991949989
62_png.rf.beb309695495d75acd96567a6b6510bc_roi_17.png,62.png,923,0.9710144996643066,507.1275911245601,26.63618762483934,529.001726992131,21.874135867570885,21.874135867570885
259_png.rf.87675763f1552916772a6119f6ff6c71_roi_17.png,259.png,2803,0.9709762334823608,942.8928095846128,45.044745040256906,971.536210324143,28.643400739530193,28.643400739530193
115_png.rf.4e7d2dcc137306ce0a4845f84fae0b70_roi_30.png,115.png,2045,0.9708737730979919,743.428464769519,36.692309147790894,778.935097090769,35.50663232124998,35.50663232124998
114_png.rf.82ce6f7cb0b6f79807e0efb6891ebbad_roi_15.png,114.png,2010,0.9708333611488342,739.748639442962,40.79639256411271,799.981270098637,60.23263065567494,60.23263065567494
120_png.rf.4511382e2372fd66448504ae75698502_roi_20.png,120.png,2157,0.970759928226471,715.1887421716959,32.63192557190764,809.006388093392,93.81764592169611,93.81764592169611
256_png.rf.18d3c3ddc6e345fc5391481cf087f656_roi_42.png,256.png,2752,0.9707033634185791,923.7545309160088,42.5895420943553,986.376965790915,62.622434874906276,62.622434874906276
94_png.rf.49891f2386b2bd0dae3124e2b7a1112a_roi_30.png,94.png,1584,0.9703249931335449,861.5466412169529,42.21694110863393,883.491014392256,21.9443731753031,21.9443731753031
22_png.rf.c50cb0ca2a50371b33f002d2131b8c8d_roi_5.png,22.png,595,0.970256507396698,610.1223409469146,28.131824478543574,607.097587511545,-3.0247534353695755,3.0247534353695755
90_png.rf.69bdac2f8992d8d3ebf3226c61ad2bd5_roi_23.png,90.png,1500,0.9700607657432556,747.7375180507339,36.64355529967421,756.821353229639,9.083835178905133,9.083835178905133
105_png.rf.2038c199fbe085aed32df6eb357079f4_roi_27.png,105.png,1822,0.9700374603271484,846.0311532930896,40.16042880178359,902.097730465666,56.066577172576444,56.066577172576444
106_png.rf.573a9b71c29129dbc83682319da248b9_roi_11.png,106.png,1854,0.9697481989860535,776.5592095460515,37.28119458285884,815.39987314271,38.84066359665849,38.84066359665849
102_png.rf.17ecda620c62893042cd19d261c2d15e_roi_13.png,102.png,1739,0.9696969985961914,820.4400265448309,37.46271847514581,863.909230036204,43.46920349137315,43.46920349137315
117_png.rf.332c11b1d4dd1aa4ece43456d90ba521_roi_24.png,117.png,2086,0.9696779847145081,642.7259043784014,36.9772859064266,683.377635989508,40.651731611106584,40.651731611106584
104_png.rf.eb19faafbed5983b0cba70b7a044d4b2_roi_7.png,104.png,1796,0.9695519208908081,738.950826778361,34.659777937254056,770.458453402417,31.507626624056,31.507626624056
148_png.rf.2792a5b60dde0320afebc5e526e3967a_roi_3.png,148.png,191,0.9693956971168518,522.0566691315875,27.374396304740763,395.434469271935,-126.62219985965248,126.62219985965248
95_png.rf.42f0772809f559cf65a74a06f90e2684_roi_10.png,95.png,1593,0.9691659808158875,898.3169087846253,39.63220184112757,969.501544986886,71.18463620226066,71.18463620226066
256_png.rf.18d3c3ddc6e345fc5391481cf087f656_roi_28.png,256.png,2765,0.9691085815429688,935.0556827029668,41.194487123203,978.66070686908,43.60502416611314,43.60502416611314
5_png.rf.7e4dddd1d1d7055c901a3636e13f5793_roi_9.png,5.png,424,0.9689580798149109,685.9900840744609,37.13279463810407,723.03915456611,37.049070491649104,37.049070491649104
96_png.rf.5e3968fff8f9f8fdab30c8f999334f6f_roi_35.png,96.png,1630,0.9689316749572754,872.1795949746883,37.625289957909246,938.203077350477,66.02348237578872,66.02348237578872
99_png.rf.2f98932bb0145b858dd8d04d300acba8_roi_44.png,99.png,1691,0.9688500165939331,884.3484984150596,42.93279595765749,952.529898887961,68.18140047290149,68.18140047290149
130_png.rf.901f918f4884e1fdac6e82ec416390b1_roi_5.png,130.png,2411,0.9688470959663391,556.5496700304034,34.25349936071149,611.481345568732,54.93167553832859,54.93167553832859
107_png.rf.6215e321ee35ac2198cab08ebff50b91_roi_27.png,107.png,1871,0.9688206911087036,805.8189346947476,37.17048109036831,826.451353402417,20.632418707669444,20.632418707669444
100_png.rf.93dbb301c4dc91fe8173d8a0a7f2dd5b_roi_40.png,100.png,1707,0.968805730342865,853.7384564260595,41.21959561816177,910.523460510642,56.78500408458251,56.78500408458251
128_png.rf.bff9aea834e0f8c141fb97e07d16c917_roi_16.png,128.png,2352,0.9688037633895874,568.9405731880543,34.26633299939113,585.405982721933,16.465409533878756,16.465409533878756
123_png.rf.0c588dbfcff4253201b9ca4de4e9e251_roi_36.png,123.png,2246,0.9688000082969666,560.4005028998458,37.07054614609017,617.69755094019,57.29704804034418,57.29704804034418
49_png.rf.7b6be40490eb63cd475ec3f1272052ea_roi_12.png,49.png,798,0.9687692523002625,637.9547093981818,29.382565374974316,651.845092301157,13.890382902975261,13.890382902975261
116_png.rf.31f3bd809826aa89c4df5b576dde5220_roi_9.png,116.png,2049,0.968582808971405,633.1373740046677,42.33205097050239,671.430012623297,38.292638618629326,38.292638618629326
106_png.rf.573a9b71c29129dbc83682319da248b9_roi_13.png,106.png,1850,0.9685423374176025,769.1824714558694,38.47951033922474,834.825156884723,65.64268542885361,65.64268542885361
125_png.rf.0cd17c5aff1f4162dfb2c73cb9991f3e_roi_6.png,125.png,2275,0.9685404896736145,718.2769498243766,35.93081878989363,776.674658773875,58.39770894949834,58.39770894949834
92_png.rf.80ea001d686c323f4ac8f2ee5ef69ad9_roi_41.png,92.png,1528,0.9684105515480042,878.7370904056928,42.22433712378148,954.203425246594,75.46633484090114,75.46633484090114
123_png.rf.0c588dbfcff4253201b9ca4de4e9e251_roi_27.png,123.png,2248,0.9682274460792542,637.8312756729446,36.64195528176311,675.950889257084,38.119613584139415,38.119613584139415
177_png.rf.7d111caca2be9c02b4c09af0069e3b04_roi_15.png,177.png,1425,0.96812903881073,453.9396171238107,25.033147190688997,486.651779096014,32.71216197220332,32.71216197220332
256_png.rf.18d3c3ddc6e345fc5391481cf087f656_roi_51.png,256.png,2747,0.9681161642074585,962.8939059620632,45.43313328174945,1049.51881491434,86.62490895227688,86.62490895227688
114_png.rf.82ce6f7cb0b6f79807e0efb6891ebbad_roi_16.png,114.png,2014,0.9679999947547913,797.4201979824068,40.97408082734879,853.382698254461,55.962500272054285,55.962500272054285
150_png.rf.5ef32cd27346163ba4df997dac47f9ae_roi_24.png,150.png,273,0.9679487347602844,495.4463629598484,26.209435809026115,528.704971835404,33.25860887555558,33.25860887555558
113_png.rf.e3028a1dab303081c21db80950b8398c_roi_16.png,113.png,1998,0.9678857922554016,741.4552076979134,38.52858634373944,781.954559937567,40.499352239653604,40.499352239653604
130_png.rf.901f918f4884e1fdac6e82ec416390b1_roi_2.png,130.png,2407,0.9678385257720947,537.410041878898,37.25137007774174,586.827074306402,49.417032427503955,49.417032427503955
96_png.rf.5e3968fff8f9f8fdab30c8f999334f6f_roi_23.png,96.png,1615,0.9677562713623047,848.868384080084,38.83427864960616,909.800453290997,60.93206921091303,60.93206921091303
111_png.rf.8fe543cf12ca100b887933e93b334b92_roi_21.png,111.png,1952,0.9677185416221619,630.7670232841444,37.92569176216551,668.74158330378,37.97456001963553,37.97456001963553
113_png.rf.e3028a1dab303081c21db80950b8398c_roi_17.png,113.png,2001,0.9676916003227234,763.9395254968397,37.40190795339018,811.169868934945,47.230343438105365,47.230343438105365
125_png.rf.0cd17c5aff1f4162dfb2c73cb9991f3e_roi_23.png,125.png,2281,0.9675516486167908,763.114541284602,37.95903589199382,842.508497672615,79.39395638801307,79.39395638801307
126_png.rf.83f4d29ee84bd0966ec6d1b6d6836ac1_roi_32.png,126.png,2308,0.9674650430679321,743.0449209924099,33.86294775467523,808.818350779035,65.77342978662512,65.77342978662512
137_png.rf.fb5c25dce1b41853ef65d16e882cdb0b_roi_20.png,137.png,2444,0.9674418568611145,808.4377710301608,36.36535933414803,874.412235989509,65.97446495934821,65.97446495934821
79_png.rf.5ec9f077f4d5af0f3ab029d7283bba4e_roi_34.png,79.png,1057,0.967440128326416,712.953086122549,38.96084380775286,364.17960841553,-348.773477707019,348.773477707019
126_png.rf.83f4d29ee84bd0966ec6d1b6d6836ac1_roi_5.png,126.png,2298,0.9674057960510254,747.0509114356466,43.399019107745545,821.519121038828,74.46820960318132,74.46820960318132
130_png.rf.901f918f4884e1fdac6e82ec416390b1_roi_10.png,130.png,2401,0.967361569404602,537.4830239349252,34.49797270488536,573.087164727179,35.604140792253816,35.604140792253816
150_png.rf.5ef32cd27346163ba4df997dac47f9ae_roi_7.png,150.png,258,0.9673458337783813,554.529727511734,27.950663103775064,566.539925828438,12.010198316703963,12.010198316703963
96_png.rf.5e3968fff8f9f8fdab30c8f999334f6f_roi_5.png,96.png,1614,0.967340886592865,835.4102211702879,38.26791041747885,893.689648612806,58.27942744251811,58.27942744251811
95_png.rf.42f0772809f559cf65a74a06f90e2684_roi_21.png,95.png,1609,0.9671523571014404,839.5913375446233,39.783979169231465,928.984044405041,89.39270686041766,89.39270686041766
107_png.rf.6215e321ee35ac2198cab08ebff50b91_roi_12.png,107.png,1863,0.9670329689979553,797.9604630854247,40.74332538057935,848.530788093391,50.57032500796629,50.57032500796629
139_png.rf.b31bb426801c1937eccc9821dfe61214_roi_16.png,139.png,2472,0.9668077230453491,822.9997372213436,38.63146313080738,830.681357610183,7.681620388839406,7.681620388839406
123_png.rf.0c588dbfcff4253201b9ca4de4e9e251_roi_35.png,123.png,2241,0.9667950868606567,624.5062363176812,33.69626208293965,651.473897672615,26.96766135493374,26.96766135493374
117_png.rf.332c11b1d4dd1aa4ece43456d90ba521_roi_8.png,117.png,2078,0.966740071773529,634.24450254624,36.57288967366689,683.910887539776,49.666384993535985,49.666384993535985
109_png.rf.c8dd17e858d1df0c04a8d6524de5fe76_roi_25.png,109.png,1897,0.9667145013809204,788.8888358786811,39.212945081499285,817.272481558242,28.383645679560914,28.383645679560914
90_png.rf.69bdac2f8992d8d3ebf3226c61ad2bd5_roi_7.png,90.png,1474,0.966576337814331,778.311026925828,37.51453972745168,848.95250716384,70.64148023801204,70.64148023801204
244_png.rf.5bcc8a2e036202b828c2fe7081b01a74_roi_0.png,244.png,2728,0.9665231108665466,960.306978332794,45.83944819769322,972.033084490895,11.72610615810106,11.72610615810106
101_png.rf.c4bf71f43d058b555a715c3e9695be8b_roi_38.png,101.png,1730,0.9664613008499146,827.3083850010947,35.90898244413445,897.177263563487,69.8688785623923,69.8688785623923
105_png.rf.2038c199fbe085aed32df6eb357079f4_roi_33.png,105.png,1833,0.9663645029067993,800.4868881989175,41.10467986741728,855.683297672616,55.19640947369851,55.19640947369851
94_png.rf.49891f2386b2bd0dae3124e2b7a1112a_roi_27.png,94.png,1580,0.9663261771202087,830.3059350670889,41.05302192021847,907.626214812947,77.3202797458581,77.3202797458581
115_png.rf.4e7d2dcc137306ce0a4845f84fae0b70_roi_3.png,115.png,2035,0.9662802219390869,752.6429376462668,37.83049344084025,795.928545568732,43.28560792246526,43.28560792246526
93_png.rf.b21584f50d6c3347de640ab82eae1dee_roi_28.png,93.png,1570,0.9660377502441406,929.2616528426948,42.45660839931944,976.129106088148,46.867453245453135,46.867453245453135
138_png.rf.908dcbe578186eb4dceaf9330c729cfb_roi_8.png,138.png,2459,0.9659940004348755,761.5792509636896,36.80965172277093,834.494123357441,72.91487239375147,72.91487239375147
121_png.rf.49e7ff8713556ad7cc37d311e25762ea_roi_37.png,121.png,2175,0.9659385681152344,766.0118349002096,33.02528467820509,798.87457676863,32.86274186842047,32.86274186842047
97_png.rf.f4e8ad3bada447eb1ef57ab4eee50c1f_roi_15.png,97.png,1635,0.9658834338188171,851.9045289109857,36.20750720178357,901.675622193748,49.77109328276231,49.77109328276231
177_png.rf.7d111caca2be9c02b4c09af0069e3b04_roi_3.png,177.png,1429,0.9658766388893127,545.953361168594,29.94933738355031,599.63067967786,53.677318509266,53.677318509266
118_png.rf.55a01e17df553b816f0981b14bd0a2fa_roi_12.png,118.png,2096,0.9658607840538025,618.3893687280566,41.11782895779012,670.989866957794,52.600498229737354,52.600498229737354
114_png.rf.82ce6f7cb0b6f79807e0efb6891ebbad_roi_14.png,114.png,2015,0.9656307101249695,762.6429851595403,37.85706896115487,799.302567771253,36.65958261171272,36.65958261171272
103_png.rf.b9743a889c7194da0b8dce5c5b632bbc_roi_11.png,103.png,1786,0.9656273722648621,922.087456743098,44.2202754358274,983.378573142711,61.29111639961309,61.29111639961309
168_png.rf.5a44d0e8273a80cfd25e3f2fec8d8fd7_roi_12.png,168.png,1315,0.9655535221099854,564.1084021399545,27.28342320695776,579.942919149675,15.834517009720571,15.834517009720571
104_png.rf.eb19faafbed5983b0cba70b7a044d4b2_roi_13.png,104.png,1800,0.9655253291130066,771.1374317348328,33.683202004068285,784.900591137465,13.76315940263214,13.76315940263214
119_png.rf.497c650b0290be25e8f041e87b86f7f7_roi_16.png,119.png,2132,0.9655172228813171,790.3408131238459,40.21419519731434,838.812066343755,48.471253219909045,48.471253219909045
99_png.rf.2f98932bb0145b858dd8d04d300acba8_roi_3.png,99.png,1666,0.9654749631881714,886.0608251614199,42.77381396374913,959.660606088146,73.59978092672611,73.59978092672611
100_png.rf.93dbb301c4dc91fe8173d8a0a7f2dd5b_roi_6.png,100.png,1697,0.9653846025466919,844.5689736405521,41.63467072892111,891.679921620674,47.110947980121864,47.110947980121864
116_png.rf.31f3bd809826aa89c4df5b576dde5220_roi_25.png,116.png,2071,0.9653673768043518,601.6375478566791,37.98319617732447,649.141440225504,47.503892368824836,47.503892368824836
109_png.rf.c8dd17e858d1df0c04a8d6524de5fe76_roi_44.png,109.png,1888,0.965366780757904,765.5696195973945,32.28783883430106,793.140022807788,27.570403210393465,27.570403210393465
96_png.rf.5e3968fff8f9f8fdab30c8f999334f6f_roi_2.png,96.png,1611,0.9653644561767578,835.4503389607479,36.71182718024818,868.09907314271,32.64873418196214,32.64873418196214
136_png.rf.7a735b709fa85d325c66be549f2953fe_roi_1.png,136.png,2442,0.9652257561683655,586.5176194316439,34.46461041578949,623.428968934944,36.91134950330013,36.91134950330013
103_png.rf.b9743a889c7194da0b8dce5c5b632bbc_roi_50.png,103.png,1769,0.9652228951454163,887.3182235564917,46.308301290489865,935.297207251838,47.9789836953463,47.9789836953463
62_png.rf.beb309695495d75acd96567a6b6510bc_roi_16.png,62.png,922,0.9652013182640076,664.9270206407828,33.036651088556965,719.471217412908,54.54419677212525,54.54419677212525
93_png.rf.b21584f50d6c3347de640ab82eae1dee_roi_38.png,93.png,1569,0.9651332497596741,887.9481490320035,42.34815472458592,972.489149804729,84.54100077272551,84.54100077272551
115_png.rf.4e7d2dcc137306ce0a4845f84fae0b70_roi_15.png,115.png,2036,0.9650359153747559,766.3829114253994,33.88592742716828,782.50303424397,16.12012281857062,16.12012281857062
124_png.rf.144d1a960a56ef39d10c4e62e12a454f_roi_38.png,124.png,2257,0.9650142192840576,596.1772131750756,37.364546601861385,636.506811459603,40.32959828452738,40.32959828452738
121_png.rf.49e7ff8713556ad7cc37d311e25762ea_roi_26.png,121.png,2183,0.9649361371994019,773.1566410190499,32.46975227963624,814.11146520907,40.95482419002019,40.95482419002019
105_png.rf.2038c199fbe085aed32df6eb357079f4_roi_22.png,105.png,1818,0.9648477435112,831.8668473357781,33.77088272956115,868.792282601742,36.92543526596398,36.92543526596398
118_png.rf.55a01e17df553b816f0981b14bd0a2fa_roi_3.png,118.png,2094,0.9647887349128723,631.3150276913632,39.73404346652701,659.562711459604,28.24768376824079,28.24768376824079
127_png.rf.f5998eff46ab9c23d70c90ea9d4ca09a_roi_29.png,127.png,2330,0.9647563099861145,764.3513502715622,34.05815000304803,818.69357314271,54.34222287114778,54.34222287114778
89_png.rf.9d3e334f7c5cb93bc20089fb52688222_roi_34.png,89.png,1466,0.9647467732429504,794.0856225040868,37.05389651501324,827.844044252655,33.75842174856814,33.75842174856814
134_png.rf.004aee1bacac1673bfbc037b834a310b_roi_3.png,134.png,2427,0.9646620750427246,623.4789951210545,34.703871962467574,666.949297090769,43.47030196971457,43.47030196971457
127_png.rf.f5998eff46ab9c23d70c90ea9d4ca09a_roi_25.png,127.png,2317,0.9645659327507019,714.5298043980641,32.57243873441728,784.586192883004,70.05638848493982,70.05638848493982
128_png.rf.bff9aea834e0f8c141fb97e07d16c917_roi_2.png,128.png,2335,0.9644919037818909,545.1653543922506,35.089638197512,564.199165309025,19.033810916774428,19.033810916774428
103_png.rf.b9743a889c7194da0b8dce5c5b632bbc_roi_47.png,103.png,1764,0.9643713235855103,946.382891435831,44.44753780952748,1001.57668025094,55.193788815108974,55.193788815108974
105_png.rf.2038c199fbe085aed32df6eb357079f4_roi_44.png,105.png,1831,0.9643005728721619,614.6480811538548,30.7729911421708,658.957440779121,44.30935962526621,44.30935962526621
122_png.rf.617059b075a6f81cae0fd7788acdfed2_roi_17.png,122.png,2210,0.9642671942710876,621.8258130345724,36.22701549983943,647.942985654586,26.117172620013548,26.117172620013548
97_png.rf.f4e8ad3bada447eb1ef57ab4eee50c1f_roi_17.png,97.png,1643,0.9641945958137512,843.1591427923722,39.19234179621131,915.575168353098,72.41602556072576,72.41602556072576
121_png.rf.49e7ff8713556ad7cc37d311e25762ea_roi_8.png,121.png,2170,0.9641061425209045,756.8513671222289,33.5920385244897,775.649700163072,18.79833304084309,18.79833304084309
93_png.rf.b21584f50d6c3347de640ab82eae1dee_roi_17.png,93.png,1553,0.9641053080558777,891.6547413062005,42.4863372900424,965.483098827537,73.82835752133644,73.82835752133644
125_png.rf.0cd17c5aff1f4162dfb2c73cb9991f3e_roi_20.png,125.png,2293,0.9639696478843689,737.5413064714411,37.12327680040218,788.24520478084,50.70389830939894,50.70389830939894
101_png.rf.c4bf71f43d058b555a715c3e9695be8b_roi_25.png,101.png,1726,0.9639441967010498,831.5937537982637,37.42497926372252,869.072463762574,37.47870996431027,37.47870996431027
116_png.rf.31f3bd809826aa89c4df5b576dde5220_roi_6.png,116.png,2048,0.9639073610305786,593.2767538206716,37.893987677677714,622.118334132549,28.84158031187735,28.84158031187735
259_png.rf.87675763f1552916772a6119f6ff6c71_roi_24.png,259.png,2801,0.9638410806655884,1011.476381969604,45.56522860164669,1032.39624324135,20.919861271746072,20.919861271746072
130_png.rf.901f918f4884e1fdac6e82ec416390b1_roi_1.png,130.png,2403,0.9637686610221863,569.5112130856395,32.73698359406163,599.105731199896,29.594518114256516,29.594518114256516
106_png.rf.573a9b71c29129dbc83682319da248b9_roi_23.png,106.png,1848,0.9637429118156433,740.524572760417,34.61597717353499,782.947660519413,42.423087758996076,42.423087758996076
123_png.rf.0c588dbfcff4253201b9ca4de4e9e251_roi_8.png,123.png,2226,0.9637123942375183,613.9532110865839,37.62116433358669,643.659321038827,29.706109952243082,29.706109952243082
106_png.rf.573a9b71c29129dbc83682319da248b9_roi_2.png,106.png,1838,0.9636852145195007,805.2584379039955,40.83319017857206,863.303959355723,58.045521451727495,58.045521451727495
127_png.rf.f5998eff46ab9c23d70c90ea9d4ca09a_roi_46.png,127.png,2319,0.9635920524597168,726.9712410590579,32.91569895034419,769.522149194652,42.55090813559411,42.55090813559411
14_png.rf.c25a6dade4d855368be01104eaa5b4d8_roi_2.png,14.png,502,0.9635416865348816,700.7921534107421,33.53748213684985,724.87160188038,24.079448469637896,24.079448469637896
89_png.rf.9d3e334f7c5cb93bc20089fb52688222_roi_35.png,89.png,1468,0.9634963274002075,773.7174145986387,36.289568526503984,830.99844797154,57.281033372901334,57.281033372901334
107_png.rf.6215e321ee35ac2198cab08ebff50b91_roi_10.png,107.png,1868,0.963454008102417,778.5182502653007,37.78650418787766,830.601035407662,52.08278514236133,52.08278514236133
125_png.rf.0cd17c5aff1f4162dfb2c73cb9991f3e_roi_25.png,125.png,2283,0.9634414911270142,744.8740881815704,37.17361021352197,791.915982140088,47.04189395851756,47.04189395851756
233_png.rf.2b58d11f6910e50a1a7c57dfb7968557_roi_22.png,233.png,2720,0.9632987380027771,714.7244659591139,35.637571998418565,746.557323939287,31.832857980173117,31.832857980173117
138_png.rf.908dcbe578186eb4dceaf9330c729cfb_roi_11.png,138.png,2463,0.963046669960022,756.6032242142662,31.87583733579682,832.764516249216,76.16129203494972,76.16129203494972
119_png.rf.497c650b0290be25e8f041e87b86f7f7_roi_24.png,119.png,2115,0.9629629850387573,774.7169565086817,39.29639073214027,814.834763563488,40.117807054806235,40.117807054806235
90_png.rf.69bdac2f8992d8d3ebf3226c61ad2bd5_roi_30.png,90.png,1478,0.9629111289978027,737.493251017737,37.09101117755248,738.492035980737,0.9987849630000483,0.9987849630000483
31_png.rf.8c44aa894a4794a3b8219900d8410790_roi_3.png,31.png,687,0.9628265500068665,679.8903136179486,37.19017958930319,693.289878393976,13.399564776027432,13.399564776027432
127_png.rf.f5998eff46ab9c23d70c90ea9d4ca09a_roi_19.png,127.png,2328,0.9626865386962891,761.2948112258949,35.706429680264485,798.83441566737,37.539604441475035,37.539604441475035
106_png.rf.573a9b71c29129dbc83682319da248b9_roi_0.png,106.png,1840,0.9626556038856506,759.5295241695097,37.95771625006721,806.409033518511,46.879509349001296,46.879509349001296
105_png.rf.2038c199fbe085aed32df6eb357079f4_roi_26.png,105.png,1825,0.962557315826416,834.2223425381654,35.61248628042234,857.193014531908,22.9706719937426,22.9706719937426
111_png.rf.8fe543cf12ca100b887933e93b334b92_roi_14.png,111.png,1943,0.9624835848808289,614.2627001436958,40.04110392339015,637.40295456611,23.14025442241416,23.14025442241416
26_png.rf.77b1a871caec1696c0c42414a7adefc8_roi_13.png,26.png,637,0.9622242450714111,737.0846699445797,33.547018974200626,778.751545480733,41.66687553615327,41.66687553615327
140_png.rf.18ec71dd3e97ae820fb4e7753bfbec3e_roi_9.png,140.png,2488,0.9620937705039978,580.2214855701334,38.992912250250974,602.205516249215,21.98403067908157,21.98403067908157
120_png.rf.4511382e2372fd66448504ae75698502_roi_24.png,120.png,2160,0.9620834589004517,740.2514166254927,31.816653923848317,782.131839615429,41.88042298993639,41.88042298993639
123_png.rf.0c588dbfcff4253201b9ca4de4e9e251_roi_2.png,123.png,2222,0.9620253443717957,604.8482624980904,35.76923493280431,643.054050358343,38.2057878602526,38.2057878602526
128_png.rf.bff9aea834e0f8c141fb97e07d16c917_roi_26.png,128.png,2356,0.9619470834732056,609.4127117868221,40.7000524344683,648.97938330378,39.566671516957854,39.566671516957854
138_png.rf.908dcbe578186eb4dceaf9330c729cfb_roi_14.png,138.png,2457,0.9619140625,736.6604193075596,36.014071854944625,799.165449194652,62.505029887092405,62.505029887092405
122_png.rf.617059b075a6f81cae0fd7788acdfed2_roi_20.png,122.png,2219,0.9618793725967407,690.3115499731615,37.63161465705371,703.136700023421,12.82515005025948,12.82515005025948
121_png.rf.49e7ff8713556ad7cc37d311e25762ea_roi_6.png,121.png,2165,0.9618660807609558,761.7942345589272,32.82671274909015,826.451353402417,64.6571188434898,64.6571188434898
114_png.rf.82ce6f7cb0b6f79807e0efb6891ebbad_roi_30.png,114.png,2022,0.9617745280265808,749.6560295698142,39.61930779396795,785.734055139185,36.078025569370766,36.078025569370766
126_png.rf.83f4d29ee84bd0966ec6d1b6d6836ac1_roi_18.png,126.png,2306,0.961737334728241,763.6566918085013,38.35229140237417,824.909778514169,61.25308670566778,61.25308670566778
244_png.rf.5bcc8a2e036202b828c2fe7081b01a74_roi_9.png,244.png,2735,0.961719810962677,954.1095655236372,45.634821443095056,982.323816771294,28.21425124765676,28.21425124765676
122_png.rf.617059b075a6f81cae0fd7788acdfed2_roi_44.png,122.png,2216,0.9615716934204102,568.3500824882179,32.55237252044811,576.983478637142,8.633396148924021,8.633396148924021
93_png.rf.b21584f50d6c3347de640ab82eae1dee_roi_19.png,93.png,1559,0.961564302444458,891.2946552812897,42.37170985780728,979.947754566109,88.65309928481929,88.65309928481929
96_png.rf.5e3968fff8f9f8fdab30c8f999334f6f_roi_25.png,96.png,1619,0.9614613652229309,897.1495435685908,38.50611353281084,919.102944405039,21.953400836448168,21.953400836448168
112_png.rf.6c97f0189ea80fec5eb32c7787ddafbc_roi_12.png,112.png,1968,0.9613984227180481,636.1149278650349,40.65953938074265,691.694643097734,55.57971523269907,55.57971523269907
112_png.rf.6c97f0189ea80fec5eb32c7787ddafbc_roi_15.png,112.png,1967,0.9613286256790161,570.9638143036026,37.02533549679227,573.595477932321,2.6316636287184565,2.6316636287184565
103_png.rf.b9743a889c7194da0b8dce5c5b632bbc_roi_33.png,103.png,1776,0.9613259434700012,789.2982408082802,41.51666976844002,829.470816249216,40.172575440935816,40.172575440935816
133_png.rf.e6e7993f16b609c53d0b09b6393aaca3_roi_5.png,133.png,2425,0.961309552192688,824.7765547833661,32.69467504916298,828.474579701282,3.698024917915859,3.698024917915859
102_png.rf.17ecda620c62893042cd19d261c2d15e_roi_40.png,102.png,1763,0.9612522125244141,904.6004751579828,35.39973691081299,956.972176768631,52.37170161064819,52.37170161064819
89_png.rf.9d3e334f7c5cb93bc20089fb52688222_roi_45.png,89.png,1473,0.9612476229667664,776.5543504240717,35.136649559848685,857.846778514168,81.29242809009634,81.29242809009634
108_png.rf.160624ea8bde3c8593ffcc9ddb55a11d_roi_13.png,108.png,1880,0.9611218571662903,777.2752517807573,36.60397298941552,821.281909020799,44.006657240041704,44.006657240041704
123_png.rf.0c588dbfcff4253201b9ca4de4e9e251_roi_34.png,123.png,2243,0.9610714316368103,579.3452455947692,36.39698366007615,592.558492301157,13.21324670638785,13.21324670638785
94_png.rf.49891f2386b2bd0dae3124e2b7a1112a_roi_29.png,94.png,1582,0.9610328674316406,864.1639008350255,43.76622551344284,919.821807833685,55.65790699865954,55.65790699865954
119_png.rf.497c650b0290be25e8f041e87b86f7f7_roi_13.png,119.png,2124,0.9609239101409912,794.3599383211588,39.50378174226093,803.993804399068,9.63386607790926,9.63386607790926
139_png.rf.b31bb426801c1937eccc9821dfe61214_roi_2.png,139.png,2469,0.9609213471412659,781.1619799904945,37.90180867530815,818.967810295912,37.805830305417544,37.805830305417544
100_png.rf.93dbb301c4dc91fe8173d8a0a7f2dd5b_roi_41.png,100.png,1706,0.9609073400497437,899.049176493434,43.7779972090455,947.381949194652,48.332772701218005,48.332772701218005
112_png.rf.6c97f0189ea80fec5eb32c7787ddafbc_roi_30.png,112.png,1985,0.9608545303344727,610.151960747319,37.46658274427102,632.13655270915,21.98459196183103,21.98459196183103
109_png.rf.c8dd17e858d1df0c04a8d6524de5fe76_roi_14.png,109.png,1907,0.960804283618927,759.8761260733426,33.35001390261881,809.668455147955,49.79232907461244,49.79232907461244
123_png.rf.0c588dbfcff4253201b9ca4de4e9e251_roi_13.png,123.png,2234,0.9607243537902832,603.773872424301,35.492771539829526,653.266183885626,49.492311461325016,49.492311461325016
126_png.rf.83f4d29ee84bd0966ec6d1b6d6836ac1_roi_39.png,126.png,2299,0.9606951475143433,791.4893354080419,37.3473678309982,835.64186817745,44.152532769408026,44.152532769408026
126_png.rf.83f4d29ee84bd0966ec6d1b6d6836ac1_roi_16.png,126.png,2312,0.9606857895851135,707.52430812183,34.940479583504015,771.314435407663,63.79012728583302,63.79012728583302
103_png.rf.b9743a889c7194da0b8dce5c5b632bbc_roi_34.png,103.png,1772,0.9605685472488403,826.4055454317083,41.05852541829805,872.426034825818,46.02048939410963,46.02048939410963
126_png.rf.83f4d29ee84bd0966ec6d1b6d6836ac1_roi_7.png,126.png,2302,0.9605105519294739,787.8410276771248,35.834452273229424,788.450169568442,0.609141891317222,0.609141891317222
62_png.rf.beb309695495d75acd96567a6b6510bc_roi_10.png,62.png,921,0.9603403210639954,639.410969525974,33.297210954111186,703.855563452066,64.44459392609201,64.44459392609201
122_png.rf.617059b075a6f81cae0fd7788acdfed2_roi_4.png,122.png,2218,0.9602851867675781,627.7477019281911,34.40005912258537,664.351942515888,36.60424058769695,36.60424058769695
124_png.rf.144d1a960a56ef39d10c4e62e12a454f_roi_20.png,124.png,2266,0.9602442383766174,568.525814636536,32.40159954909796,607.428621038827,38.90280640229105,38.90280640229105
125_png.rf.0cd17c5aff1f4162dfb2c73cb9991f3e_roi_29.png,125.png,2291,0.9601607918739319,760.787296917801,38.140552743373696,825.428455059957,64.64115814215597,64.64115814215597
18_png.rf.8dc36dd51f5ef8f7f16f7f069f027de6_roi_3.png,18.png,554,0.9601361155509949,661.0471595956035,30.657552160675976,668.78174440504,7.7345848094364555,7.7345848094364555
137_png.rf.fb5c25dce1b41853ef65d16e882cdb0b_roi_11.png,137.png,2451,0.9600260257720947,773.7991595943029,34.926611973006764,813.179595927077,39.38043633277414,39.38043633277414
150_png.rf.5ef32cd27346163ba4df997dac47f9ae_roi_22.png,150.png,274,0.9599999785423279,548.9123894007881,27.363360340527382,547.367773752786,-1.54461564800215,1.54461564800215
117_png.rf.332c11b1d4dd1aa4ece43456d90ba521_roi_20.png,117.png,2082,0.959770143032074,650.8761820649038,39.64687847614593,682.715568934944,31.839386870040244,31.839386870040244
202_png.rf.1536fc8a88228bb8324ac1a09adf0d09_roi_34.png,202.png,2676,0.9597126245498657,433.99949755089057,24.16187272480003,423.499449832957,-10.500047717933569,10.500047717933569
102_png.rf.17ecda620c62893042cd19d261c2d15e_roi_27.png,102.png,1750,0.9596741199493408,816.3284363693015,38.93076183221195,869.69744440504,53.36900803573849,53.36900803573849
94_png.rf.49891f2386b2bd0dae3124e2b7a1112a_roi_6.png,94.png,1572,0.9596712589263916,856.4611604814812,44.07986756815546,890.452744986886,33.99158450540483,33.99158450540483
93_png.rf.b21584f50d6c3347de640ab82eae1dee_roi_37.png,93.png,1566,0.9595586657524109,891.1729436501424,42.46004856234486,956.79489709077,65.62195344062752,65.62195344062752
257_png.rf.d0e9b62c92e89f70b1ab6feac50e3c89_roi_0.png,257.png,2772,0.9594724178314209,882.7433856658919,46.65019746878291,904.894882721935,22.151497056043127,22.151497056043127
112_png.rf.6c97f0189ea80fec5eb32c7787ddafbc_roi_5.png,112.png,1974,0.9594147801399231,583.3530923808212,36.84421947602821,605.758230646281,22.40513826545987,22.40513826545987
13_png.rf.36b7ebf783550ceabbed516115d3e643_roi_1.png,13.png,498,0.9592873454093933,541.331641052594,24.635422554345,568.703406669991,27.37176561739693,27.37176561739693
79_png.rf.5ec9f077f4d5af0f3ab029d7283bba4e_roi_40.png,79.png,1067,0.9592709541320801,719.5961994731056,39.75074034514489,236.621451522036,-482.97474795106956,482.97474795106956
139_png.rf.b31bb426801c1937eccc9821dfe61214_roi_22.png,139.png,2478,0.9591836929321289,775.2609519509529,40.796549552338575,834.750717412908,59.48976546195513,59.48976546195513
107_png.rf.6215e321ee35ac2198cab08ebff50b91_roi_25.png,107.png,1869,0.9591751098632812,816.3148761353311,38.76353030178743,851.130563009871,34.81568687453989,34.81568687453989
127_png.rf.f5998eff46ab9c23d70c90ea9d4ca09a_roi_22.png,127.png,2325,0.9589754939079285,675.2936250849831,30.36028447212755,733.485364145333,58.19173906034996,58.19173906034996
128_png.rf.bff9aea834e0f8c141fb97e07d16c917_roi_43.png,128.png,2357,0.9588592052459717,578.5855699377372,35.11690925340119,636.135616831062,57.55004689332475,57.55004689332475
256_png.rf.18d3c3ddc6e345fc5391481cf087f656_roi_23.png,256.png,2763,0.9588146209716797,985.1096221714178,45.63383275184,992.978448432845,7.868826261427216,7.868826261427216
91_png.rf.0a273fe102d97aae48f032d48b5a851a_roi_32.png,91.png,1516,0.9587922692298889,792.0007785071941,37.96347497583947,826.120319875135,34.11954136794088,34.11954136794088
107_png.rf.6215e321ee35ac2198cab08ebff50b91_roi_21.png,107.png,1861,0.9587713479995728,764.8883707385731,35.22651508111067,825.474888093392,60.58651735481885,60.58651735481885
116_png.rf.31f3bd809826aa89c4df5b576dde5220_roi_50.png,116.png,2053,0.9587673544883728,617.7129338376212,39.19981583911397,644.650779413516,26.937845575894812,26.937845575894812
94_png.rf.49891f2386b2bd0dae3124e2b7a1112a_roi_38.png,94.png,1576,0.9587628841400146,856.4315849866889,40.66121610825221,919.942291137465,63.51070615077606,63.51070615077606
109_png.rf.c8dd17e858d1df0c04a8d6524de5fe76_roi_39.png,109.png,1896,0.9586909413337708,764.6477634790456,28.054798551353308,787.448765914293,22.80100243524737,22.80100243524737
137_png.rf.fb5c25dce1b41853ef65d16e882cdb0b_roi_13.png,137.png,2450,0.9584859013557434,756.0095104649524,37.0733622453601,818.790530618051,62.78102015309855,62.78102015309855
257_png.rf.d0e9b62c92e89f70b1ab6feac50e3c89_roi_21.png,257.png,2785,0.9584415555000305,966.9081245494998,46.119083395511694,977.618365212256,10.710240662756178,10.710240662756178
102_png.rf.17ecda620c62893042cd19d261c2d15e_roi_21.png,102.png,1748,0.9584062695503235,875.4944437525498,38.30542407827862,961.995483876855,86.50104012430518,86.50104012430518
105_png.rf.2038c199fbe085aed32df6eb357079f4_roi_29.png,105.png,1821,0.9582222104072571,759.1296450511059,32.4597692774201,769.19111566737,10.06147061626416,10.06147061626416
134_png.rf.004aee1bacac1673bfbc037b834a310b_roi_5.png,134.png,2426,0.9580696225166321,601.5118424209492,34.7553750862643,657.262112041449,55.75026962049981,55.75026962049981
18_png.rf.8dc36dd51f5ef8f7f16f7f069f027de6_roi_14.png,18.png,553,0.9577887654304504,639.4796375108383,34.262773210107994,620.192065309025,-19.287572201813305,19.287572201813305
103_png.rf.b9743a889c7194da0b8dce5c5b632bbc_roi_12.png,103.png,1787,0.9577451944351196,898.4856656734588,43.596327251249456,948.670172352861,50.18450667940215,50.18450667940215
89_png.rf.9d3e334f7c5cb93bc20089fb52688222_roi_22.png,89.png,1467,0.9577284455299377,792.4087439974168,35.614184616421895,851.864649194652,59.45590519723521,59.45590519723521
123_png.rf.0c588dbfcff4253201b9ca4de4e9e251_roi_16.png,123.png,2244,0.9577254056930542,565.0445930662544,35.96159968544763,589.88669825446,24.842105188205664,24.842105188205664
107_png.rf.6215e321ee35ac2198cab08ebff50b91_roi_24.png,107.png,1866,0.9576919674873352,777.0428353286812,36.21673451530892,835.824140197274,58.78130486859277,58.78130486859277
120_png.rf.4511382e2372fd66448504ae75698502_roi_15.png,120.png,2161,0.9576584100723267,790.4046328918,36.92879232760161,876.615877932322,86.21124504052193,86.21124504052193
130_png.rf.901f918f4884e1fdac6e82ec416390b1_roi_37.png,130.png,2395,0.957575261592865,523.2120855261675,29.548902776359576,554.358226410285,31.146140884117585,31.146140884117585
111_png.rf.8fe543cf12ca100b887933e93b334b92_roi_8.png,111.png,1938,0.9575289487838745,656.3820764491752,40.25254773677499,673.028383885626,16.646307436450797,16.646307436450797
120_png.rf.4511382e2372fd66448504ae75698502_roi_30.png,120.png,2150,0.9574985504150391,799.6396994488165,28.296366620861612,839.626153402417,39.98645395360052,39.98645395360052
97_png.rf.f4e8ad3bada447eb1ef57ab4eee50c1f_roi_41.png,97.png,1646,0.957456648349762,848.810155355925,39.09362705125339,915.940480250935,67.13032489501006,67.13032489501006
110_png.rf.f1695d5abb6a86459ef7744b76a07589_roi_2.png,110.png,1910,0.957446813583374,624.1739432531081,38.13472227729458,651.324624433134,27.150681180025913,27.150681180025913
125_png.rf.0cd17c5aff1f4162dfb2c73cb9991f3e_roi_5.png,125.png,2274,0.9574447870254517,692.095634845926,33.73422441072756,762.797630618051,70.70199577212497,70.70199577212497
127_png.rf.f5998eff46ab9c23d70c90ea9d4ca09a_roi_20.png,127.png,2323,0.9572266340255737,762.9779074922435,35.82457258712966,823.40836472718,60.43045723493651,60.43045723493651
128_png.rf.bff9aea834e0f8c141fb97e07d16c917_roi_5.png,128.png,2337,0.9570457339286804,590.167568942262,36.47808554663118,616.704450358344,26.536881416081997,26.536881416081997
117_png.rf.332c11b1d4dd1aa4ece43456d90ba521_roi_2.png,117.png,2075,0.9570415616035461,628.3849579136072,41.888917926779655,649.307280864974,20.922322951366823,20.922322951366823
95_png.rf.42f0772809f559cf65a74a06f90e2684_roi_13.png,95.png,1598,0.957035481929779,854.8153748991875,36.29445806283877,890.630024664747,35.814649765559466,35.814649765559466
19_png.rf.aabc4ba10a41d7686e6d12be86adbf62_roi_8.png,19.png,574,0.957007110118866,535.5953343897368,29.223689949904244,551.024365309025,15.429030919288266,15.429030919288266
259_png.rf.87675763f1552916772a6119f6ff6c71_roi_23.png,259.png,2804,0.9569588303565979,973.9160977264008,45.08579768502798,956.564912447299,-17.351185279101855,17.351185279101855
92_png.rf.80ea001d686c323f4ac8f2ee5ef69ad9_roi_23.png,92.png,1543,0.9569392204284668,903.6609085691484,41.5373294500939,961.31263775847,57.6517291893216,57.6517291893216
96_png.rf.5e3968fff8f9f8fdab30c8f999334f6f_roi_24.png,96.png,1618,0.9568767547607422,838.2546031083969,39.14422530356974,880.765559937567,42.51095682917014,42.51095682917014
131_png.rf.041420ac8b783be2c578e49792031cbc_roi_2.png,131.png,2416,0.956876277923584,804.278628181361,35.36754873157922,855.212009602645,50.933381421284025,50.933381421284025
129_png.rf.61b7c9fa0db10241e1b256d4f4a66143_roi_37.png,129.png,2363,0.9568710327148438,563.9414087718231,35.81906586536919,597.016689830158,33.075281058334895,33.075281058334895
19_png.rf.aabc4ba10a41d7686e6d12be86adbf62_roi_3.png,19.png,571,0.9567365050315857,588.8794157515534,31.79827106150123,582.169079096014,-6.710336655539436,6.710336655539436
92_png.rf.80ea001d686c323f4ac8f2ee5ef69ad9_roi_28.png,92.png,1541,0.9567208290100098,883.833901787056,41.62666118686678,947.809940197275,63.97603841021896,63.97603841021896
12_png.rf.49dc252058487427cd943ed38c5d8627_roi_4.png,12.png,485,0.9566481709480286,659.7728387843889,36.67994475374435,696.509138922161,36.736300137772105,36.736300137772105
126_png.rf.83f4d29ee84bd0966ec6d1b6d6836ac1_roi_20.png,126.png,2307,0.9566406011581421,710.9392678586137,33.12573300765343,790.51152582844,79.5722579698263,79.5722579698263
112_png.rf.6c97f0189ea80fec5eb32c7787ddafbc_roi_23.png,112.png,1972,0.9566101431846619,563.0977725826493,37.23423231814908,600.098831781744,37.0010591990947,37.0010591990947
256_png.rf.18d3c3ddc6e345fc5391481cf087f656_roi_25.png,256.png,2764,0.9565648436546326,965.485313327027,44.633258563017776,1003.11825513918,37.63294181215292,37.63294181215292
148_png.rf.2792a5b60dde0320afebc5e526e3967a_roi_9.png,148.png,194,0.95652174949646,579.8122478855994,28.918007004655387,546.646484888162,-33.165762997437355,33.165762997437355
103_png.rf.b9743a889c7194da0b8dce5c5b632bbc_roi_20.png,103.png,1788,0.9564602375030518,861.352272276436,43.14655411101941,893.275156916916,31.922884640479992,31.922884640479992
108_png.rf.160624ea8bde3c8593ffcc9ddb55a11d_roi_25.png,108.png,1878,0.9564276337623596,749.6797980661046,33.888413913540234,823.739398254461,74.0596001883564,74.0596001883564
94_png.rf.49891f2386b2bd0dae3124e2b7a1112a_roi_37.png,94.png,1579,0.9564105272293091,837.666865869106,43.24254786172151,897.137102462228,59.47023659312197,59.47023659312197
90_png.rf.69bdac2f8992d8d3ebf3226c61ad2bd5_roi_32.png,90.png,1495,0.9563787579536438,737.0669836849485,41.07254679968036,766.028651513265,28.961667828316536,28.961667828316536
121_png.rf.49e7ff8713556ad7cc37d311e25762ea_roi_41.png,121.png,2172,0.9562923908233643,813.0423874093661,32.200279004386694,854.165248612806,41.12286120343981,41.12286120343981
96_png.rf.5e3968fff8f9f8fdab30c8f999334f6f_roi_53.png,96.png,1632,0.9562029838562012,831.8084328618843,37.6207138430634,872.57665270915,40.768219847265755,40.768219847265755
122_png.rf.617059b075a6f81cae0fd7788acdfed2_roi_41.png,122.png,2204,0.9561020135879517,600.5458842700908,36.10323946129503,648.140036571355,47.59415230126422,47.59415230126422
62_png.rf.beb309695495d75acd96567a6b6510bc_roi_25.png,62.png,912,0.9561018347740173,625.3070258911692,28.69361838810597,616.413577932321,-8.893447958848242,8.893447958848242
104_png.rf.eb19faafbed5983b0cba70b7a044d4b2_roi_14.png,104.png,1802,0.9559911489486694,696.9601616359546,30.099912587507184,730.091570703905,33.13140906795036,33.13140906795036
127_png.rf.f5998eff46ab9c23d70c90ea9d4ca09a_roi_48.png,127.png,2322,0.9559795260429382,783.8165500010357,34.53475668710731,829.373858773875,45.55730877283929,45.55730877283929
120_png.rf.4511382e2372fd66448504ae75698502_roi_3.png,120.png,2143,0.9559729099273682,730.4278033768037,35.34226064922035,816.524209570452,86.09640619364825,86.09640619364825
114_png.rf.82ce6f7cb0b6f79807e0efb6891ebbad_roi_39.png,114.png,2031,0.9559175968170166,746.0175440841925,41.30103297137409,810.33052220252,64.31297811832746,64.31297811832746
99_png.rf.2f98932bb0145b858dd8d04d300acba8_roi_35.png,99.png,1683,0.955752968788147,896.1699899039497,43.83333682258385,964.375397672616,68.2054077686663,68.2054077686663
95_png.rf.42f0772809f559cf65a74a06f90e2684_roi_17.png,95.png,1608,0.9557081460952759,848.8824150849373,40.66912521378604,888.831855721032,39.949440636094664,39.949440636094664
135_png.rf.16d557f9254fd49aa1fd6943d75c43a9_roi_2.png,135.png,2438,0.955567479133606,554.6897431551233,33.25472383733504,569.833625828439,15.143882673315716,15.143882673315716
112_png.rf.6c97f0189ea80fec5eb32c7787ddafbc_roi_39.png,112.png,1982,0.9554882049560547,585.5986488220375,37.29086821216278,625.084136571355,39.485487749317485,39.485487749317485
105_png.rf.2038c199fbe085aed32df6eb357079f4_roi_45.png,105.png,1830,0.9554015398025513,785.7840146314835,34.23778234042303,833.563701880381,47.77968724889752,47.77968724889752
104_png.rf.eb19faafbed5983b0cba70b7a044d4b2_roi_20.png,104.png,1805,0.9552401900291443,830.664187543932,35.49113131492062,869.132334825817,38.46814728188497,38.46814728188497
112_png.rf.6c97f0189ea80fec5eb32c7787ddafbc_roi_60.png,112.png,1987,0.9552364945411682,527.1943048908624,35.795346504154075,563.44014077912,36.2458358882576,36.2458358882576
128_png.rf.bff9aea834e0f8c141fb97e07d16c917_roi_41.png,128.png,2349,0.9551769495010376,568.7005302329982,36.5657770802461,613.741783885626,45.0412536526278,45.0412536526278
177_png.rf.7d111caca2be9c02b4c09af0069e3b04_roi_4.png,177.png,1427,0.9551681280136108,347.3865461208176,23.129309806406937,347.71110841553,0.3245622947123934,0.3245622947123934
99_png.rf.2f98932bb0145b858dd8d04d300acba8_roi_26.png,99.png,1680,0.9551650881767273,834.216186557243,40.51366473609619,870.359511459603,36.143324902360064,36.143324902360064
49_png.rf.7b6be40490eb63cd475ec3f1272052ea_roi_7.png,49.png,801,0.9549131989479065,782.5042603389786,44.65895538782407,864.602439495236,82.0981791562574,82.0981791562574
104_png.rf.eb19faafbed5983b0cba70b7a044d4b2_roi_19.png,104.png,1806,0.9548125863075256,868.466124440967,39.40595374461791,946.582763563487,78.11663912252004,78.11663912252004
106_png.rf.573a9b71c29129dbc83682319da248b9_roi_7.png,106.png,1851,0.9547956585884094,782.3615640445861,38.89055199523201,830.270001880381,47.90843783579487,47.90843783579487
31_png.rf.8c44aa894a4794a3b8219900d8410790_roi_4.png,31.png,686,0.9547354578971863,629.2286249187378,32.53717905745801,656.75066287022,27.522037951482275,27.522037951482275
123_png.rf.0c588dbfcff4253201b9ca4de4e9e251_roi_21.png,123.png,2232,0.9547252655029297,596.4118521232429,37.03342118529126,625.820643097734,29.408790974491126,29.408790974491126
107_png.rf.6215e321ee35ac2198cab08ebff50b91_roi_15.png,107.png,1858,0.9546483755111694,802.204277333474,38.73960928901708,823.884819903365,21.68054256989103,21.68054256989103
121_png.rf.49e7ff8713556ad7cc37d311e25762ea_roi_50.png,121.png,2166,0.9545923471450806,725.4607606223788,32.95756373206773,794.039301880381,68.57854125800225,68.57854125800225
128_png.rf.bff9aea834e0f8c141fb97e07d16c917_roi_19.png,128.png,2355,0.9545641541481018,581.8739049424764,36.80818430228021,585.971092301157,4.097187358680571,4.097187358680571
150_png.rf.5ef32cd27346163ba4df997dac47f9ae_roi_28.png,150.png,266,0.9545454382896423,490.96043979554975,25.220650091782677,512.407868782559,21.44742898700929,21.44742898700929
108_png.rf.160624ea8bde3c8593ffcc9ddb55a11d_roi_24.png,108.png,1877,0.9542397260665894,743.1040319045565,33.94809046801375,790.180492301157,47.07646039660051,47.07646039660051
126_png.rf.83f4d29ee84bd0966ec6d1b6d6836ac1_roi_37.png,126.png,2297,0.954060435295105,745.5077836351745,33.29387105160304,787.27462220252,41.76683856734553,41.76683856734553
122_png.rf.617059b075a6f81cae0fd7788acdfed2_roi_12.png,122.png,2202,0.9539599418640137,511.1280109662183,28.98388335907968,538.922988093391,27.79497712717273,27.79497712717273
49_png.rf.7b6be40490eb63cd475ec3f1272052ea_roi_3.png,49.png,797,0.9538517594337463,664.3748982947786,32.54823416472123,630.110190444198,-34.264707850580635,34.264707850580635
114_png.rf.82ce6f7cb0b6f79807e0efb6891ebbad_roi_19.png,114.png,2021,0.953839898109436,782.3308662508218,39.3297179358602,796.573977350476,14.24311109965413,14.24311109965413
116_png.rf.31f3bd809826aa89c4df5b576dde5220_roi_47.png,116.png,2057,0.9537603855133057,663.474778457913,41.68576091576593,671.510334825816,8.035556367903041,8.035556367903041
105_png.rf.2038c199fbe085aed32df6eb357079f4_roi_34.png,105.png,1832,0.9536284804344177,848.518831621233,38.3297240425808,895.167536571355,46.64870495012201,46.64870495012201
108_png.rf.160624ea8bde3c8593ffcc9ddb55a11d_roi_5.png,108.png,1874,0.9534249901771545,773.9218813221092,33.51724290977011,814.344093456078,40.42221213396874,40.42221213396874
130_png.rf.901f918f4884e1fdac6e82ec416390b1_roi_32.png,130.png,2400,0.953409731388092,525.263653702414,33.409672112825035,557.748883885626,32.485230183212025,32.485230183212025
127_png.rf.f5998eff46ab9c23d70c90ea9d4ca09a_roi_32.png,127.png,2324,0.9533637762069702,728.3205681671309,33.63770879173097,789.341145568732,61.020577401601145,61.020577401601145
139_png.rf.b31bb426801c1937eccc9821dfe61214_roi_25.png,139.png,2473,0.9531797766685486,780.6693498437947,39.344505135985735,841.943388093393,61.27403824959822,61.27403824959822
121_png.rf.49e7ff8713556ad7cc37d311e25762ea_roi_24.png,121.png,2180,0.9531379342079163,767.1674869434692,32.65555819240489,815.205958192029,48.03847124855986,48.03847124855986
122_png.rf.617059b075a6f81cae0fd7788acdfed2_roi_13.png,122.png,2203,0.9531318545341492,585.5853952041039,36.02236839652149,598.169426992132,12.584031788028142,12.584031788028142
109_png.rf.c8dd17e858d1df0c04a8d6524de5fe76_roi_29.png,109.png,1902,0.9531200528144836,756.0501886269997,30.65985985203252,784.666515085524,28.616326458524327,28.616326458524327
105_png.rf.2038c199fbe085aed32df6eb357079f4_roi_38.png,105.png,1836,0.9530828595161438,854.5961438781304,39.11239074541709,882.113219875135,27.517075997004554,27.517075997004554
102_png.rf.17ecda620c62893042cd19d261c2d15e_roi_43.png,102.png,1757,0.9530230164527893,837.2973638494981,38.10911417224019,888.376165970755,51.0788021212569,51.0788021212569
113_png.rf.e3028a1dab303081c21db80950b8398c_roi_21.png,113.png,2009,0.952835202217102,767.6524763596547,39.33363555859887,817.557471253559,49.90499489390436,49.90499489390436
103_png.rf.b9743a889c7194da0b8dce5c5b632bbc_roi_32.png,103.png,1780,0.9528307318687439,891.5733290496612,38.96199264718512,940.166760510643,48.59343146098183,48.59343146098183
98_png.rf.b77e65e183c8314ed4d321b2e0970f1f_roi_37.png,98.png,1660,0.9527711272239685,889.0275689366013,39.53347091206764,945.409247337693,56.38167840109179,56.38167840109179
91_png.rf.0a273fe102d97aae48f032d48b5a851a_roi_12.png,91.png,1501,0.9527528882026672,823.1669281159603,38.407703373229495,869.594604198994,46.4276760830337,46.4276760830337
111_png.rf.8fe543cf12ca100b887933e93b334b92_roi_18.png,111.png,1953,0.9526003003120422,607.3315909051192,38.41331700505655,646.635486818279,39.30389591315975,39.30389591315975
89_png.rf.9d3e334f7c5cb93bc20089fb52688222_roi_4.png,89.png,1456,0.9525436758995056,781.4459880709554,38.793698824104936,857.418787511546,75.97279944059062,75.97279944059062
125_png.rf.0cd17c5aff1f4162dfb2c73cb9991f3e_roi_22.png,125.png,2284,0.9524296522140503,740.448228776435,37.830083022675566,792.828760519414,52.380531742978974,52.380531742978974
98_png.rf.b77e65e183c8314ed4d321b2e0970f1f_roi_18.png,98.png,1650,0.9522718787193298,904.0089842421391,40.207733649064046,959.289411459606,55.28042721746681,55.28042721746681
110_png.rf.f1695d5abb6a86459ef7744b76a07589_roi_42.png,110.png,1934,0.9522714018821716,597.8254893217763,36.58850686938993,629.839089257084,32.01359993530764,32.01359993530764
20_png.rf.850033e7c361b1f2fd8e68b838ece0d8_roi_7.png,20.png,581,0.9522431492805481,631.8203996186484,32.164601396025006,655.757562288374,23.93716266972558,23.93716266972558
91_png.rf.0a273fe102d97aae48f032d48b5a851a_roi_6.png,91.png,1505,0.9522131085395813,781.0310466514982,40.15420377632282,849.467092301157,68.43604564965881,68.43604564965881
116_png.rf.31f3bd809826aa89c4df5b576dde5220_roi_23.png,116.png,2062,0.9521747827529907,666.8217447195517,40.840803595677805,667.910539643658,1.0887949241063097,1.0887949241063097
119_png.rf.497c650b0290be25e8f041e87b86f7f7_roi_4.png,119.png,2117,0.9520731568336487,737.3528654052091,36.71502876096089,764.820856916916,27.46799151170694,27.46799151170694
139_png.rf.b31bb426801c1937eccc9821dfe61214_roi_21.png,139.png,2480,0.9519532918930054,742.0238923522521,39.02420193039797,772.718891719311,30.694999367058927,30.694999367058927
125_png.rf.0cd17c5aff1f4162dfb2c73cb9991f3e_roi_32.png,125.png,2295,0.9519420862197876,762.8027059623527,40.19942927685001,860.472528728899,97.6698227665463,97.6698227665463
120_png.rf.4511382e2372fd66448504ae75698502_roi_11.png,120.png,2158,0.9518798589706421,792.7685685183668,33.190553641409885,823.391729454359,30.623160935992246,30.623160935992246
94_png.rf.49891f2386b2bd0dae3124e2b7a1112a_roi_19.png,94.png,1586,0.9516636729240417,892.1265671867285,45.06363479003098,966.904190412005,74.77762322527656,74.77762322527656
139_png.rf.b31bb426801c1937eccc9821dfe61214_roi_7.png,139.png,2475,0.9516023397445679,766.5472739107297,40.528475637998994,781.235696508923,14.688422598193256,14.688422598193256
142_png.rf.6954e9787d8655c6e888927c9ae9ef63_roi_4.png,142.png,2525,0.9515963196754456,588.5492532610177,41.0589602872775,624.753103044073,36.20384978305526,36.20384978305526
130_png.rf.901f918f4884e1fdac6e82ec416390b1_roi_0.png,130.png,2404,0.9515366554260254,543.4541430032444,34.485173792135605,553.365125828439,9.910982825194537,9.910982825194537
95_png.rf.42f0772809f559cf65a74a06f90e2684_roi_24.png,95.png,1605,0.9513143301010132,909.007385354854,41.68636512992205,967.543739463044,58.536354108189926,58.536354108189926
130_png.rf.901f918f4884e1fdac6e82ec416390b1_roi_22.png,130.png,2386,0.9512612223625183,579.0664898064254,36.460049075888776,609.511779677861,30.445289871435648,30.445289871435648
99_png.rf.2f98932bb0145b858dd8d04d300acba8_roi_13.png,99.png,1669,0.9512344598770142,900.5186007625301,40.26078399314258,949.722709714066,49.204108951535886,49.204108951535886
126_png.rf.83f4d29ee84bd0966ec6d1b6d6836ac1_roi_25.png,126.png,2314,0.9512271285057068,785.0034103115822,38.2897065942936,843.501598254461,58.49818794287876,58.49818794287876
256_png.rf.18d3c3ddc6e345fc5391481cf087f656_roi_56.png,256.png,2742,0.9512125849723816,970.7866723613322,41.14336068359973,971.257485965094,0.470813603761826,0.470813603761826
96_png.rf.5e3968fff8f9f8fdab30c8f999334f6f_roi_37.png,96.png,1631,0.9509727954864502,827.0148753404173,36.64483977586786,853.697096508923,26.682221168505635,26.682221168505635
11_png.rf.06e04b9b157f1751a682bb1ea3aaf986_roi_6.png,11.png,468,0.9509148597717285,736.6960111338404,42.07619776599052,745.155614392256,8.459603258415541,8.459603258415541
111_png.rf.8fe543cf12ca100b887933e93b334b92_roi_30.png,111.png,1945,0.9509019255638123,614.0842352720423,41.7304363799349,639.560552676957,25.476317404914653,25.476317404914653
109_png.rf.c8dd17e858d1df0c04a8d6524de5fe76_roi_18.png,109.png,1908,0.9508928656578064,796.9716438566945,35.96252154571729,854.989372589095,58.01772873240043,58.01772873240043
125_png.rf.0cd17c5aff1f4162dfb2c73cb9991f3e_roi_28.png,125.png,2292,0.9508678913116455,711.4846091436043,35.6430572100578,769.150954566109,57.66634542250472,57.66634542250472
98_png.rf.b77e65e183c8314ed4d321b2e0970f1f_roi_39.png,98.png,1662,0.9507874250411987,821.6284984997993,41.5104129409238,904.386569516791,82.75807101699172,82.75807101699172
62_png.rf.beb309695495d75acd96567a6b6510bc_roi_14.png,62.png,924,0.950721025466919,446.18146213052063,22.011818967385704,477.869040225504,31.687578094983394,31.687578094983394
110_png.rf.f1695d5abb6a86459ef7744b76a07589_roi_36.png,110.png,1924,0.9506731033325195,637.2441771257339,38.534479946510345,650.149763563486,12.90558643775205,12.90558643775205
124_png.rf.144d1a960a56ef39d10c4e62e12a454f_roi_16.png,124.png,2250,0.9506107568740845,635.237291140286,39.59153772317428,660.202260510642,24.964969370356016,24.964969370356016
256_png.rf.18d3c3ddc6e345fc5391481cf087f656_roi_35.png,256.png,2761,0.9505417346954346,856.6972327161083,41.14781152398444,868.495206116376,11.797973400267779,11.797973400267779
110_png.rf.f1695d5abb6a86459ef7744b76a07589_roi_35.png,110.png,1928,0.9502859711647034,623.6378258028392,37.94111783533966,636.369692883003,12.731867080163852,12.731867080163852
125_png.rf.0cd17c5aff1f4162dfb2c73cb9991f3e_roi_18.png,125.png,2288,0.9502840638160706,734.9966166860931,38.37523424495805,797.389798254461,62.39318156836782,62.39318156836782
79_png.rf.5ec9f077f4d5af0f3ab029d7283bba4e_roi_42.png,79.png,1061,0.9501050710678101,680.0345743733742,39.37859493130973,339.759413205142,-340.2751611682322,340.2751611682322
106_png.rf.573a9b71c29129dbc83682319da248b9_roi_16.png,106.png,1847,0.9500947594642639,771.1330144667677,38.36111939017516,809.063184467472,37.930170000704265,37.930170000704265
111_png.rf.8fe543cf12ca100b887933e93b334b92_roi_31.png,111.png,1948,0.9498860836029053,580.9201775510116,34.452621831310786,588.519267077985,7.59908952697333,7.59908952697333
127_png.rf.f5998eff46ab9c23d70c90ea9d4ca09a_roi_5.png,127.png,2331,0.9496793150901794,792.9997735297267,36.79520540436881,857.241507833686,64.24173430395933,64.24173430395933
89_png.rf.9d3e334f7c5cb93bc20089fb52688222_roi_32.png,89.png,1461,0.9496606588363647,726.1150754177002,33.50567369840249,778.438544252655,52.32346883495484,52.32346883495484
118_png.rf.55a01e17df553b816f0981b14bd0a2fa_roi_19.png,118.png,2097,0.9496402740478516,662.0947514794279,42.41062246497627,704.569551974919,42.47480049549108,42.47480049549108
94_png.rf.49891f2386b2bd0dae3124e2b7a1112a_roi_36.png,94.png,1573,0.9494298100471497,883.6917749103093,42.48479144460474,944.750316249215,61.058541338905684,61.058541338905684
91_png.rf.0a273fe102d97aae48f032d48b5a851a_roi_37.png,91.png,1515,0.9493457078933716,802.8939285060098,37.61798379712856,828.61483424397,25.720905737960152,25.720905737960152
119_png.rf.497c650b0290be25e8f041e87b86f7f7_roi_38.png,119.png,2133,0.9493435025215149,769.8678668953893,40.21154823096254,826.695792795004,56.827925899614684,56.827925899614684
105_png.rf.2038c199fbe085aed32df6eb357079f4_roi_39.png,105.png,1837,0.9492605924606323,706.7528713680191,31.73115053099092,748.544514878324,41.79164351030488,41.79164351030488
89_png.rf.9d3e334f7c5cb93bc20089fb52688222_roi_2.png,89.png,1458,0.9492399096488953,788.9334982686922,37.67248552831072,801.135015085523,12.201516816830804,12.201516816830804
141_png.rf.491e5a4c500bc47a609e08980408d66c_roi_32.png,141.png,2514,0.9491536021232605,596.2875268311302,36.65956726828111,622.863859355721,26.57633252459084,26.57633252459084
119_png.rf.497c650b0290be25e8f041e87b86f7f7_roi_22.png,119.png,2126,0.9491270780563354,788.918719010348,39.94754237288575,841.743590412005,52.82487140165699,52.82487140165699
105_png.rf.2038c199fbe085aed32df6eb357079f4_roi_32.png,105.png,1829,0.9491027593612671,801.0184289910026,36.81750706211998,850.828251545458,49.80982255445542,49.80982255445542
97_png.rf.f4e8ad3bada447eb1ef57ab4eee50c1f_roi_25.png,97.png,1637,0.9490653276443481,834.6242063977348,37.5965734280357,884.099421038829,49.47521464109411,49.47521464109411
109_png.rf.c8dd17e858d1df0c04a8d6524de5fe76_roi_31.png,109.png,1898,0.9490158557891846,745.0087639570178,33.215426722420986,801.014531781744,56.00576782472626,56.00576782472626
139_png.rf.b31bb426801c1937eccc9821dfe61214_roi_8.png,139.png,2474,0.9489978551864624,792.4075037234236,39.071371592398286,817.369439033582,24.961935310158424,24.961935310158424
114_png.rf.82ce6f7cb0b6f79807e0efb6891ebbad_roi_29.png,114.png,2018,0.9489445090293884,750.0260093137837,40.85313067557,803.509046150579,53.48303683679535,53.48303683679535
97_png.rf.f4e8ad3bada447eb1ef57ab4eee50c1f_roi_34.png,97.png,1641,0.9489051103591919,858.8552107627456,38.667378964012826,923.954854566111,65.09964380336532,65.09964380336532
133_png.rf.e6e7993f16b609c53d0b09b6393aaca3_roi_0.png,133.png,2421,0.9488526582717896,826.0050790452685,35.96870599215957,889.031653402418,63.02657435714946,63.02657435714946
116_png.rf.31f3bd809826aa89c4df5b576dde5220_roi_53.png,116.png,2051,0.9488494396209717,603.1742690890069,37.46409804903977,622.395707251838,19.221438162831078,19.221438162831078
109_png.rf.c8dd17e858d1df0c04a8d6524de5fe76_roi_6.png,109.png,1891,0.9488360285758972,807.2543105258451,34.18331567069678,845.665079096014,38.4107685701689,38.4107685701689
99_png.rf.2f98932bb0145b858dd8d04d300acba8_roi_30.png,99.png,1682,0.9487577676773071,833.1995055808741,42.91195277752257,881.788765970755,48.589260389880906,48.589260389880906
116_png.rf.31f3bd809826aa89c4df5b576dde5220_roi_31.png,116.png,2070,0.9487234950065613,606.26902644276,40.40471043478423,615.005985654586,8.736959211825933,8.736959211825933
141_png.rf.491e5a4c500bc47a609e08980408d66c_roi_23.png,141.png,2506,0.9485965371131897,636.097616190956,43.062639547701735,679.946817412909,43.84920122195297,43.84920122195297
125_png.rf.0cd17c5aff1f4162dfb2c73cb9991f3e_roi_33.png,125.png,2290,0.9485567808151245,776.4284837755748,35.7091705475917,790.509203396805,14.080719621230173,14.080719621230173
123_png.rf.0c588dbfcff4253201b9ca4de4e9e251_roi_1.png,123.png,2225,0.9484577775001526,613.6673197101978,38.0694892123074,674.70119461977,61.033874909572205,61.033874909572205
108_png.rf.160624ea8bde3c8593ffcc9ddb55a11d_roi_2.png,108.png,1872,0.9484318494796753,744.0244238459338,34.610463990440344,809.999488675238,65.97506482930419,65.97506482930419
103_png.rf.b9743a889c7194da0b8dce5c5b632bbc_roi_42.png,103.png,1782,0.948427677154541,777.4952086647961,40.093805613406346,818.51629346485,41.02108480005393,41.02108480005393
118_png.rf.55a01e17df553b816f0981b14bd0a2fa_roi_20.png,118.png,2099,0.9483494758605957,672.5091030787677,40.66791027585049,709.183928789322,36.67482571055427,36.67482571055427
94_png.rf.49891f2386b2bd0dae3124e2b7a1112a_roi_0.png,94.png,1585,0.9482055902481079,874.9754510333773,42.36756400546522,902.868520456982,27.89306942360463,27.89306942360463
130_png.rf.901f918f4884e1fdac6e82ec416390b1_roi_26.png,130.png,2393,0.9481726288795471,517.142744343318,37.17866173814352,569.285151522036,52.14240717871803,52.14240717871803
117_png.rf.332c11b1d4dd1aa4ece43456d90ba521_roi_5.png,117.png,2076,0.9481331706047058,626.5337191799953,39.55320404910727,649.706549804728,23.172830624732683,23.172830624732683
21_png.rf.28755f53e16211c9387b07df8534937c_roi_0.png,21.png,586,0.9480158090591431,644.8383061928902,31.609556831654203,656.422765309026,11.584459116135804,11.584459116135804
116_png.rf.31f3bd809826aa89c4df5b576dde5220_roi_34.png,116.png,2066,0.94796222448349,589.5619108400949,37.08485750940447,638.024860519414,48.46294967931908,48.46294967931908
126_png.rf.83f4d29ee84bd0966ec6d1b6d6836ac1_roi_19.png,126.png,2304,0.947954535484314,759.0374333801827,35.98185809629515,801.288768934945,42.25133555476225,42.25133555476225
22_png.rf.c50cb0ca2a50371b33f002d2131b8c8d_roi_13.png,22.png,600,0.9479432106018066,673.044060353565,33.55407764294923,716.174381446821,43.13032109325604,43.13032109325604
111_png.rf.8fe543cf12ca100b887933e93b334b92_roi_19.png,111.png,1955,0.9479374289512634,639.1821616475618,38.30106504155947,670.899181414628,31.717019767066176,31.717019767066176
96_png.rf.5e3968fff8f9f8fdab30c8f999334f6f_roi_3.png,96.png,1616,0.9478689432144165,873.7109612840834,40.73140370142264,965.03746472718,91.32650344309661,91.32650344309661
100_png.rf.93dbb301c4dc91fe8173d8a0a7f2dd5b_roi_4.png,100.png,1695,0.9475497007369995,884.1044184399107,44.30660422853979,960.28251204145,76.17809360153933,76.17809360153933
97_png.rf.f4e8ad3bada447eb1ef57ab4eee50c1f_roi_22.png,97.png,1647,0.9474892616271973,793.2046550972564,37.37130940193711,886.222740779121,93.01808568186459,93.01808568186459
104_png.rf.eb19faafbed5983b0cba70b7a044d4b2_roi_6.png,104.png,1799,0.9474522471427917,613.9234160382539,30.45589936991664,681.482509570452,67.55909353219806,67.55909353219806
107_png.rf.6215e321ee35ac2198cab08ebff50b91_roi_16.png,107.png,1859,0.9474484920501709,859.7746600108255,39.06810679120836,874.395600716689,14.620940705863518,14.620940705863518
202_png.rf.1536fc8a88228bb8324ac1a09adf0d09_roi_0.png,202.png,2679,0.9473558068275452,365.0717421796832,23.362764907894928,385.637137153201,20.56539497351781,20.56539497351781
121_png.rf.49e7ff8713556ad7cc37d311e25762ea_roi_10.png,121.png,2182,0.9472934603691101,785.9452030402747,33.16117720164037,814.172696508923,28.227493468648277,28.227493468648277
31_png.rf.8c44aa894a4794a3b8219900d8410790_roi_10.png,31.png,693,0.9472222328186035,819.4399897879358,43.87830420820298,837.981738308122,18.54174852018616,18.54174852018616
121_png.rf.49e7ff8713556ad7cc37d311e25762ea_roi_22.png,121.png,2190,0.9472100734710693,774.5032189551758,33.35133322211125,856.088770671712,81.5855517165362,81.5855517165362
108_png.rf.160624ea8bde3c8593ffcc9ddb55a11d_roi_11.png,108.png,1876,0.9471719264984131,744.161662599491,34.71321982093294,799.359364145334,55.19770154584296,55.19770154584296
63_png.rf.1b23e63a8895068458c0232cd4607ada_roi_5.png,63.png,934,0.9471633434295654,391.5810427281789,21.53140093749801,352.272146150578,-39.308896577600876,39.308896577600876
119_png.rf.497c650b0290be25e8f041e87b86f7f7_roi_29.png,119.png,2125,0.9470935463905334,799.441237268348,39.80035546449193,835.533267771253,36.092030502905004,36.092030502905004
21_png.rf.28755f53e16211c9387b07df8534937c_roi_10.png,21.png,593,0.9470361471176147,487.7929480262373,24.040216229504207,492.771026992131,4.978078965893701,4.978078965893701
142_png.rf.6954e9787d8655c6e888927c9ae9ef63_roi_9.png,142.png,2530,0.9469589591026306,593.1563299826577,39.6554997952861,613.511344025389,20.35501404273134,20.35501404273134
94_png.rf.49891f2386b2bd0dae3124e2b7a1112a_roi_1.png,94.png,1588,0.9469584822654724,877.7430838133486,42.89793631450728,938.602667618867,60.85958380551847,60.85958380551847
101_png.rf.c4bf71f43d058b555a715c3e9695be8b_roi_27.png,101.png,1729,0.9469515085220337,847.5019850940693,37.330499908844345,912.515544405042,65.01355931097271,65.01355931097271
123_png.rf.0c588dbfcff4253201b9ca4de4e9e251_roi_28.png,123.png,2242,0.9469318389892578,566.5252359256283,36.54067348905735,595.440836571354,28.915600645725704,28.915600645725704
244_png.rf.5bcc8a2e036202b828c2fe7081b01a74_roi_17.png,244.png,2727,0.9467954635620117,938.372866383141,47.96961016973072,954.491161706529,16.11829532338811,16.11829532338811
126_png.rf.83f4d29ee84bd0966ec6d1b6d6836ac1_roi_24.png,126.png,2311,0.9467824697494507,755.1017110931168,36.24948545500396,804.485511459604,49.38380036648721,49.38380036648721
100_png.rf.93dbb301c4dc91fe8173d8a0a7f2dd5b_roi_22.png,100.png,1696,0.9467713832855225,890.1181554456663,43.90408416307871,907.098524664748,16.980369219081695,16.980369219081695
93_png.rf.b21584f50d6c3347de640ab82eae1dee_roi_4.png,93.png,1549,0.9466061592102051,895.9999401896702,40.06945433734607,929.024205506301,33.02426531663082,33.02426531663082
31_png.rf.8c44aa894a4794a3b8219900d8410790_roi_0.png,31.png,694,0.9463326334953308,761.6424763429978,38.10177217992368,739.18492411113,-22.457552231867794,22.457552231867794
101_png.rf.c4bf71f43d058b555a715c3e9695be8b_roi_37.png,101.png,1728,0.9463292360305786,852.0396409821938,38.78103598337958,930.776330618051,78.73668963585726,78.73668963585726
118_png.rf.55a01e17df553b816f0981b14bd0a2fa_roi_2.png,118.png,2092,0.9462759494781494,628.830236627166,40.435312590569374,630.16298770166,1.3327510744940128,1.3327510744940128
130_png.rf.901f918f4884e1fdac6e82ec416390b1_roi_3.png,130.png,2408,0.9462738037109375,556.0086822688631,35.40534896975317,608.381560519413,52.37287825054989,52.37287825054989
106_png.rf.573a9b71c29129dbc83682319da248b9_roi_18.png,106.png,1845,0.9460772275924683,782.0908816246297,37.168139298324576,807.448177932323,25.357296307693332,25.357296307693332
202_png.rf.1536fc8a88228bb8324ac1a09adf0d09_roi_3.png,202.png,2690,0.9459459185600281,370.88799179303794,22.225821133094385,378.387670098636,7.499678305598081,7.499678305598081
141_png.rf.491e5a4c500bc47a609e08980408d66c_roi_12.png,141.png,2516,0.9459275603294373,602.1175016008388,37.78830757494948,634.631067077985,32.513565477146244,32.513565477146244
5_png.rf.7e4dddd1d1d7055c901a3636e13f5793_roi_0.png,5.png,422,0.9459266662597656,566.1514918689671,29.56705349185749,594.173498836307,28.02200696733985,28.02200696733985
139_png.rf.b31bb426801c1937eccc9821dfe61214_roi_9.png,139.png,2476,0.9458749294281006,771.3634890473643,41.07638201083133,829.430655147956,58.06716610059175,58.06716610059175
99_png.rf.2f98932bb0145b858dd8d04d300acba8_roi_18.png,99.png,1677,0.9458584189414978,790.3342496963012,37.00943038528592,819.920749776498,29.586500080196856,29.586500080196856
142_png.rf.6954e9787d8655c6e888927c9ae9ef63_roi_14.png,142.png,2532,0.9458553194999695,587.3059612398275,40.73368262092624,604.266156884722,16.960195644894497,16.960195644894497
105_png.rf.2038c199fbe085aed32df6eb357079f4_roi_18.png,105.png,1817,0.9458245038986206,817.7182987082191,35.349925327338525,840.893491137465,23.175192429245953,23.175192429245953
113_png.rf.e3028a1dab303081c21db80950b8398c_roi_20.png,113.png,2008,0.9456691741943359,800.0749429787752,41.13834014557752,842.451701298535,42.3767583197598,42.3767583197598
100_png.rf.93dbb301c4dc91fe8173d8a0a7f2dd5b_roi_25.png,100.png,1698,0.9453781247138977,818.4588787065762,40.52676562638632,863.538035407662,45.07915670108582,45.07915670108582
108_png.rf.160624ea8bde3c8593ffcc9ddb55a11d_roi_3.png,108.png,1873,0.9453781247138977,768.7627657863945,34.974026224092725,830.794950358344,62.032184571949415,62.032184571949415
122_png.rf.617059b075a6f81cae0fd7788acdfed2_roi_19.png,122.png,2221,0.9453068971633911,579.5551307423564,35.17529050444677,600.607144986885,21.052014244528664,21.052014244528664
93_png.rf.b21584f50d6c3347de640ab82eae1dee_roi_10.png,93.png,1545,0.9451687335968018,839.3001819814468,42.85048959533386,902.457164727179,63.15698274573219,63.15698274573219
139_png.rf.b31bb426801c1937eccc9821dfe61214_roi_11.png,139.png,2467,0.9451530575752258,812.3406061025083,41.99877933435997,860.632165309026,48.29155920651772,48.29155920651772
97_png.rf.f4e8ad3bada447eb1ef57ab4eee50c1f_roi_16.png,97.png,1640,0.9449251890182495,866.969512644247,40.07925093580673,906.321954947073,39.352442302826034,39.352442302826034
98_png.rf.b77e65e183c8314ed4d321b2e0970f1f_roi_42.png,98.png,1665,0.9448472261428833,833.1172708052646,42.04573453425796,895.578892301157,62.46162149589236,62.46162149589236
114_png.rf.82ce6f7cb0b6f79807e0efb6891ebbad_roi_38.png,114.png,2032,0.9448137879371643,772.8817833116743,44.91770164075339,837.981738308122,65.09995499644765,65.09995499644765
105_png.rf.2038c199fbe085aed32df6eb357079f4_roi_14.png,105.png,1810,0.944807767868042,813.7975934353698,36.94898801414799,871.312450940191,57.51485750482118,57.51485750482118
257_png.rf.d0e9b62c92e89f70b1ab6feac50e3c89_roi_3.png,257.png,2771,0.9447775483131409,946.2839655255024,49.10579580618612,1023.75043667678,77.46647115127769,77.46647115127769
101_png.rf.c4bf71f43d058b555a715c3e9695be8b_roi_3.png,101.png,1727,0.9447548985481262,853.9717632095558,35.884237422171374,860.946563563487,6.974800353931187,6.974800353931187
92_png.rf.80ea001d686c323f4ac8f2ee5ef69ad9_roi_10.png,92.png,1531,0.944650411605835,873.9916962390149,40.91491430634152,922.824635407662,48.832939168647044,48.832939168647044
104_png.rf.eb19faafbed5983b0cba70b7a044d4b2_roi_28.png,104.png,1791,0.9445552229881287,717.6554270180317,34.097336691084934,736.819225246593,19.16379822856129,19.16379822856129
175_png.rf.809573d6b32e2ea5b757d39421fb3e6a_roi_10.png,175.png,1387,0.9445323348045349,645.2554178238754,32.98852904834833,697.054866463946,51.799448640070636,51.799448640070636
122_png.rf.617059b075a6f81cae0fd7788acdfed2_roi_8.png,122.png,2213,0.9445212483406067,587.1459661369863,33.97456264130211,619.901192883003,32.75522674601666,32.75522674601666
120_png.rf.4511382e2372fd66448504ae75698502_roi_8.png,120.png,2147,0.9445100426673889,799.1667679304737,38.10632822186584,860.6096473055,61.44287937502622,61.44287937502622
95_png.rf.42f0772809f559cf65a74a06f90e2684_roi_1.png,95.png,1594,0.9444215297698975,884.8432731536435,39.291141614646335,924.568428318897,39.725155165253454,39.725155165253454
91_png.rf.0a273fe102d97aae48f032d48b5a851a_roi_16.png,91.png,1507,0.9443650841712952,783.68628071747,39.43301741974378,837.519468934946,53.833188217475936,53.833188217475936
256_png.rf.18d3c3ddc6e345fc5391481cf087f656_roi_46.png,256.png,2756,0.9442383050918579,976.548959141467,45.7304838199467,984.363354287012,7.814395145545063,7.814395145545063
118_png.rf.55a01e17df553b816f0981b14bd0a2fa_roi_17.png,118.png,2106,0.9442270994186401,676.5624626182894,42.33941417870006,687.175569833406,10.613107215116656,10.613107215116656
93_png.rf.b21584f50d6c3347de640ab82eae1dee_roi_18.png,93.png,1556,0.9441739320755005,857.2545610798587,44.729582778682975,935.959274306403,78.7047132265443,78.7047132265443
113_png.rf.e3028a1dab303081c21db80950b8398c_roi_37.png,113.png,2007,0.9440956115722656,782.771620263934,37.76936716633796,820.622977932323,37.85135766838903,37.85135766838903
150_png.rf.5ef32cd27346163ba4df997dac47f9ae_roi_6.png,150.png,260,0.9440245628356934,506.4465444570911,26.06704424362453,520.675701187113,14.229156730021884,14.229156730021884
145_png.rf.cb189c4b5913bc8fcb53703f1d06d8fa_roi_31.png,145.png,66,0.9440000057220459,782.5151236252059,39.06017581510793,741.568295201616,-40.946828423589864,40.946828423589864
102_png.rf.17ecda620c62893042cd19d261c2d15e_roi_29.png,102.png,1755,0.9439642429351807,837.0097839253762,38.48534104582273,906.687168934945,69.67738500956887,69.67738500956887
128_png.rf.bff9aea834e0f8c141fb97e07d16c917_roi_27.png,128.png,2354,0.9437581896781921,586.453983606103,40.06530727319786,626.513531228127,40.05954762202407,40.05954762202407
99_png.rf.2f98932bb0145b858dd8d04d300acba8_roi_43.png,99.png,1687,0.9437229633331299,899.1874735580166,40.377891184271455,935.048916268676,35.86144271065939,35.86144271065939
99_png.rf.2f98932bb0145b858dd8d04d300acba8_roi_25.png,99.png,1675,0.943561851978302,841.445294502354,41.22955972165255,874.412235989508,32.96694148715392,32.96694148715392
103_png.rf.b9743a889c7194da0b8dce5c5b632bbc_roi_49.png,103.png,1775,0.9435483813285828,825.7412534322597,44.37682438548418,867.162768934944,41.421515502684315,41.421515502684315
152_png.rf.39c63859049503978a692da8d573f11d_roi_15.png,152.png,321,0.9435135126113892,643.1163782927811,28.887391965189227,607.431041380425,-35.68533691235609,35.68533691235609
116_png.rf.31f3bd809826aa89c4df5b576dde5220_roi_17.png,116.png,2067,0.9435018301010132,592.7046406128718,37.57909118344485,621.459403044073,28.754762431201243,28.754762431201243
98_png.rf.b77e65e183c8314ed4d321b2e0970f1f_roi_25.png,98.png,1657,0.9434822797775269,868.2021927178249,42.315604974486014,927.482630618052,59.28043790022707,59.28043790022707
138_png.rf.908dcbe578186eb4dceaf9330c729cfb_roi_19.png,138.png,2456,0.943469762802124,768.6102238336281,35.90691843382312,837.245231781744,68.63500794811591,68.63500794811591
130_png.rf.901f918f4884e1fdac6e82ec416390b1_roi_18.png,130.png,2391,0.9434688687324524,571.729690801096,35.09693862280055,603.92578333201,32.19609253091403,32.19609253091403
119_png.rf.497c650b0290be25e8f041e87b86f7f7_roi_5.png,119.png,2122,0.9434636235237122,812.855237312053,38.28097286692288,874.024406088147,61.16916877609401,61.16916877609401
125_png.rf.0cd17c5aff1f4162dfb2c73cb9991f3e_roi_24.png,125.png,2280,0.9434483051300049,751.0498790698842,38.02124021699512,818.921766463946,67.87188739406179,67.87188739406179
98_png.rf.b77e65e183c8314ed4d321b2e0970f1f_roi_41.png,98.png,1664,0.9433882236480713,903.7664495545234,46.39393604050594,973.023438308123,69.25698875359956,69.25698875359956
137_png.rf.fb5c25dce1b41853ef65d16e882cdb0b_roi_14.png,137.png,2452,0.9433622360229492,760.1313827475984,34.81347095316225,807.020186929699,46.88880418210056,46.88880418210056
152_png.rf.39c63859049503978a692da8d573f11d_roi_14.png,152.png,328,0.943324625492096,717.5379761791316,33.79110903801511,686.256844293619,-31.28113188551265,31.28113188551265
130_png.rf.901f918f4884e1fdac6e82ec416390b1_roi_15.png,130.png,2388,0.9432777762413025,548.9704725717984,32.55186628881494,558.919264145332,9.94879157353364,9.94879157353364
123_png.rf.0c588dbfcff4253201b9ca4de4e9e251_roi_12.png,123.png,2230,0.9432752728462219,574.2355046357407,36.6388898439432,609.988556182685,35.753051546944334,35.753051546944334
112_png.rf.6c97f0189ea80fec5eb32c7787ddafbc_roi_11.png,112.png,1971,0.9432520270347595,604.5195808166418,37.25168642590434,614.209935989509,9.690355172867157,9.690355172867157
109_png.rf.c8dd17e858d1df0c04a8d6524de5fe76_roi_24.png,109.png,1899,0.9431635141372681,757.0144784232314,36.80512768970805,812.927161152912,55.91268272968068,55.91268272968068
104_png.rf.eb19faafbed5983b0cba70b7a044d4b2_roi_2.png,104.png,1797,0.943128764629364,722.1369699651117,32.22344850314325,742.204386957929,20.067416992817357,20.067416992817357
173_png.rf.0867fc12b7d4d1126ffa2cb1d29a36d3_roi_8.png,173.png,1368,0.94304358959198,635.7470219446678,33.777177880343864,676.361536356913,40.61451441224517,40.61451441224517
91_png.rf.0a273fe102d97aae48f032d48b5a851a_roi_7.png,91.png,1506,0.9430385828018188,708.0229800832125,35.47418694208596,774.196779677861,66.17379959464847,66.17379959464847
101_png.rf.c4bf71f43d058b555a715c3e9695be8b_roi_13.png,101.png,1713,0.9430177807807922,861.6715119787757,38.86178332887271,884.47061566737,22.7991036885943,22.7991036885943
115_png.rf.4e7d2dcc137306ce0a4845f84fae0b70_roi_14.png,115.png,2037,0.9430006146430969,827.2616095041573,39.98615794655688,865.079610295912,37.818000791754685,37.818000791754685
202_png.rf.1536fc8a88228bb8324ac1a09adf0d09_roi_33.png,202.png,2675,0.9428879022598267,418.0370258315944,26.42519438933603,426.600271835404,8.563246003809581,8.563246003809581
112_png.rf.6c97f0189ea80fec5eb32c7787ddafbc_roi_27.png,112.png,1976,0.9428571462631226,640.9753022501114,38.99120616057443,672.406477932322,31.43117568221055,31.43117568221055
92_png.rf.80ea001d686c323f4ac8f2ee5ef69ad9_roi_15.png,92.png,1532,0.94284987449646,867.7514004191532,39.93286321278278,928.653010877759,60.901610458605774,60.901610458605774
172_png.rf.f3457ec580e8349d69afeb37c6eae6f8_roi_17.png,172.png,1356,0.9428388476371765,734.3623115677826,39.656016006722936,357.923241942812,-376.4390696249706,376.4390696249706
105_png.rf.2038c199fbe085aed32df6eb357079f4_roi_11.png,105.png,1808,0.9427632689476013,760.6619831715561,32.17014414457292,765.066372007248,4.4043888356918615,4.4043888356918615
175_png.rf.809573d6b32e2ea5b757d39421fb3e6a_roi_5.png,175.png,1392,0.9427281618118286,520.958475785631,23.937418482564755,551.291288482542,30.33281269691099,30.33281269691099
91_png.rf.0a273fe102d97aae48f032d48b5a851a_roi_34.png,91.png,1513,0.9426582455635071,728.3898561528575,38.32488697348752,764.492959355722,36.10310320286442,36.10310320286442
130_png.rf.901f918f4884e1fdac6e82ec416390b1_roi_4.png,130.png,2409,0.9425932168960571,592.9380284013093,37.995821428098346,639.05812220252,46.120093801210714,46.120093801210714
90_png.rf.69bdac2f8992d8d3ebf3226c61ad2bd5_roi_26.png,90.png,1497,0.9424976110458374,773.4259291087561,37.448970599729535,766.855522254172,-6.570406854584121,6.570406854584121
143_png.rf.c3e3d6a7b2f10bce3af6568db51c3ab9_roi_18.png,143.png,17,0.942490816116333,671.6340655369739,29.869250694100906,681.513330646281,9.879265109307084,9.879265109307084
106_png.rf.573a9b71c29129dbc83682319da248b9_roi_15.png,106.png,1849,0.9424740076065063,772.767115505077,38.42622548551908,820.308579677861,47.541464172784,47.541464172784
144_png.rf.a5a2a2c438edbf198ffa6a10f317e83d_roi_9.png,144.png,43,0.942445695400238,729.9538495060178,36.91159462836228,743.206827565206,13.252978059188194,13.252978059188194
128_png.rf.bff9aea834e0f8c141fb97e07d16c917_roi_3.png,128.png,2334,0.9423982501029968,578.5431114207528,37.32932399712362,624.890221620673,46.34711019992017,46.34711019992017
20_png.rf.850033e7c361b1f2fd8e68b838ece0d8_roi_9.png,20.png,580,0.9423554539680481,501.6492939030916,26.802827019206767,529.894734132549,28.245440229457472,28.245440229457472
108_png.rf.160624ea8bde3c8593ffcc9ddb55a11d_roi_33.png,108.png,1884,0.9422804117202759,726.308201435599,34.68008214973986,778.660859937568,52.35265850196902,52.35265850196902
93_png.rf.b21584f50d6c3347de640ab82eae1dee_roi_25.png,93.png,1563,0.9422101974487305,874.0856128173234,38.975874649891,901.110512614525,27.024899797201556,27.024899797201556
119_png.rf.497c650b0290be25e8f041e87b86f7f7_roi_39.png,119.png,2134,0.9422004222869873,803.3837962762207,40.421793411776,883.494150358344,80.11035408212331,80.11035408212331
114_png.rf.82ce6f7cb0b6f79807e0efb6891ebbad_roi_26.png,114.png,2028,0.9420084953308105,718.3018802626694,38.16906421896171,767.546700573075,49.244820310405544,49.244820310405544
121_png.rf.49e7ff8713556ad7cc37d311e25762ea_roi_38.png,121.png,2179,0.9420016407966614,746.0859784675308,31.47674941798028,813.66438330378,67.5784048362492,67.5784048362492
99_png.rf.2f98932bb0145b858dd8d04d300acba8_roi_48.png,99.png,1694,0.9419305324554443,849.5514148619847,39.36592358651279,894.21459709077,44.66318222878533,44.66318222878533
99_png.rf.2f98932bb0145b858dd8d04d300acba8_roi_46.png,99.png,1689,0.9418851137161255,839.9704500951267,42.00772086690071,860.81774805919,20.847297964063273,20.847297964063273
91_png.rf.0a273fe102d97aae48f032d48b5a851a_roi_41.png,91.png,1520,0.9417527914047241,763.6956463396053,40.21661550277877,806.60569523381,42.91004889420469,42.91004889420469
99_png.rf.2f98932bb0145b858dd8d04d300acba8_roi_14.png,99.png,1668,0.9417386054992676,872.7085543898927,40.76231114750585,910.129747878574,37.4211934886813,37.4211934886813
143_png.rf.c3e3d6a7b2f10bce3af6568db51c3ab9_roi_9.png,143.png,7,0.9417204260826111,687.058967889376,31.47579438197514,686.380463563487,-0.6785043258890937,0.6785043258890937
98_png.rf.b77e65e183c8314ed4d321b2e0970f1f_roi_9.png,98.png,1663,0.9415032863616943,868.0093524114626,41.72530761338971,933.027750238152,65.01839782668935,65.01839782668935
101_png.rf.c4bf71f43d058b555a715c3e9695be8b_roi_51.png,101.png,1721,0.9413139820098877,812.1513659900855,34.44564644137402,879.4815869297,67.33022093961449,67.33022093961449
93_png.rf.b21584f50d6c3347de640ab82eae1dee_roi_35.png,93.png,1568,0.9410334229469299,893.3102439589611,41.13491584006938,962.551574759287,69.24133080032584,69.24133080032584
57_png.rf.8f487a26af5047f2a1caf0288f3e993b_roi_16.png,57.png,856,0.9410272836685181,647.7393170578403,28.77944681045358,643.159310905987,-4.58000615185324,4.58000615185324
108_png.rf.160624ea8bde3c8593ffcc9ddb55a11d_roi_32.png,108.png,1887,0.9409679770469666,718.3427972761613,30.51411307533711,765.058068934944,46.71527165878274,46.71527165878274
92_png.rf.80ea001d686c323f4ac8f2ee5ef69ad9_roi_31.png,92.png,1523,0.9409579634666443,926.663985375872,41.060041350601466,966.619200716689,39.95521534081695,39.95521534081695
122_png.rf.617059b075a6f81cae0fd7788acdfed2_roi_38.png,122.png,2194,0.9409090876579285,630.5676026640933,36.1965543890624,648.414273724556,17.846671060462654,17.846671060462654
127_png.rf.f5998eff46ab9c23d70c90ea9d4ca09a_roi_42.png,127.png,2318,0.9408266544342041,740.3103250192221,34.32789116463989,816.19317604317,75.88285102394786,75.88285102394786
114_png.rf.82ce6f7cb0b6f79807e0efb6891ebbad_roi_24.png,114.png,2026,0.9408194422721863,838.9150037549456,39.8239417657162,851.63057314271,12.71556938776439,12.71556938776439
18_png.rf.8dc36dd51f5ef8f7f16f7f069f027de6_roi_2.png,18.png,549,0.9407962560653687,689.5193911926776,31.52411489819801,684.422041067504,-5.097350125173648,5.097350125173648
96_png.rf.5e3968fff8f9f8fdab30c8f999334f6f_roi_38.png,96.png,1627,0.9407398700714111,886.1353044304627,39.31671939403561,963.319617985983,77.18431355552025,77.18431355552025
104_png.rf.eb19faafbed5983b0cba70b7a044d4b2_roi_15.png,104.png,1801,0.940714955329895,732.1710165179815,32.24176347924385,724.383739814515,-7.787276703466432,7.787276703466432
105_png.rf.2038c199fbe085aed32df6eb357079f4_roi_25.png,105.png,1828,0.9405552744865417,752.844007282143,32.96928041080337,750.131143823194,-2.712863458949073,2.712863458949073
130_png.rf.901f918f4884e1fdac6e82ec416390b1_roi_33.png,130.png,2399,0.9405537247657776,541.9446521844563,35.38747606038392,570.509192189736,28.564540005279696,28.564540005279696
177_png.rf.7d111caca2be9c02b4c09af0069e3b04_roi_12.png,177.png,1422,0.9404326677322388,477.9582001657092,23.699038799219995,474.51024077912,-3.4479593865891616,3.4479593865891616
129_png.rf.61b7c9fa0db10241e1b256d4f4a66143_roi_35.png,129.png,2358,0.940337061882019,579.710226167219,35.44110386916406,587.432344986885,7.72211881966598,7.72211881966598
119_png.rf.497c650b0290be25e8f041e87b86f7f7_roi_3.png,119.png,2118,0.940305769443512,806.5227820327361,39.3210598444945,840.191262981641,33.66848094890486,33.66848094890486
102_png.rf.17ecda620c62893042cd19d261c2d15e_roi_1.png,102.png,1734,0.9403013586997986,838.3901330913467,38.46147279725116,930.810608988607,92.4204758972603,92.4204758972603
132_png.rf.51e8400ac63b7f1c6e4e112e32791ed2_roi_0.png,132.png,2420,0.9402793049812317,793.9876668160749,35.078443452772134,847.012739033583,53.02507221750807,53.02507221750807
128_png.rf.bff9aea834e0f8c141fb97e07d16c917_roi_39.png,128.png,2344,0.9401327967643738,580.324255232579,33.34686263395996,592.558492301157,12.234237068577954,12.234237068577954
116_png.rf.31f3bd809826aa89c4df5b576dde5220_roi_18.png,116.png,2064,0.9401283860206604,606.5701349418756,40.81832954919215,649.835365309026,43.265230367150366,43.265230367150366
92_png.rf.80ea001d686c323f4ac8f2ee5ef69ad9_roi_30.png,92.png,1524,0.9400804042816162,873.7120245185788,43.47303765325914,936.798621038827,63.086596520248236,63.086596520248236
101_png.rf.c4bf71f43d058b555a715c3e9695be8b_roi_5.png,101.png,1718,0.9400111436843872,812.8212099735888,33.682268332380694,851.162421038827,38.34121106523821,38.34121106523821
118_png.rf.55a01e17df553b816f0981b14bd0a2fa_roi_39.png,118.png,2109,0.9399726986885071,621.0441403368338,42.916048082889645,639.566435407662,18.522295070828136,18.522295070828136
91_png.rf.0a273fe102d97aae48f032d48b5a851a_roi_19.png,91.png,1504,0.9398622512817383,750.1131074586402,37.864255106560215,815.924821620674,65.81171416203381,65.81171416203381
17_png.rf.90e990b683301d2fed43404a308c5140_roi_5.png,17.png,546,0.9398449063301086,750.6151254990912,40.317862399816256,800.640201187114,50.025075688022866,50.025075688022866
109_png.rf.c8dd17e858d1df0c04a8d6524de5fe76_roi_30.png,109.png,1903,0.9397590160369873,727.2814710152161,32.97982576768497,769.538784467472,42.25731345225597,42.25731345225597
123_png.rf.0c588dbfcff4253201b9ca4de4e9e251_roi_10.png,123.png,2227,0.9397560358047485,579.0387524221322,35.39138868499787,602.536549776497,23.49779735436482,23.49779735436482
101_png.rf.c4bf71f43d058b555a715c3e9695be8b_roi_1.png,101.png,1722,0.9396557807922363,771.6369014316512,32.33497229691018,785.734055139185,14.097153707533835,14.097153707533835
139_png.rf.b31bb426801c1937eccc9821dfe61214_roi_20.png,139.png,2479,0.9395172595977783,788.5270393013633,39.68527978788755,829.566131517399,41.03909221603567,41.03909221603567
102_png.rf.17ecda620c62893042cd19d261c2d15e_roi_26.png,102.png,1749,0.939393937587738,889.3182194485976,40.43843891222013,964.581072990326,75.26285354172842,75.26285354172842
105_png.rf.2038c199fbe085aed32df6eb357079f4_roi_24.png,105.png,1826,0.9393292665481567,808.8518902205411,37.401321208248405,839.908007131647,31.056116911105846,31.056116911105846
122_png.rf.617059b075a6f81cae0fd7788acdfed2_roi_14.png,122.png,2199,0.9392378926277161,598.0882772133494,34.23485634778645,630.775393464849,32.68711625149956,32.68711625149956
105_png.rf.2038c199fbe085aed32df6eb357079f4_roi_8.png,105.png,1809,0.9391264319419861,802.40020519738,34.401782254258706,826.036861706528,23.636656509147997,23.636656509147997
142_png.rf.6954e9787d8655c6e888927c9ae9ef63_roi_12.png,142.png,2535,0.939106285572052,618.9779600185407,39.36993406358531,625.826525828439,6.848565809898332,6.848565809898332
90_png.rf.69bdac2f8992d8d3ebf3226c61ad2bd5_roi_22.png,90.png,1488,0.9389881491661072,736.2055084024748,36.25146969950523,725.551312032679,-10.65419636979584,10.65419636979584
119_png.rf.497c650b0290be25e8f041e87b86f7f7_roi_43.png,119.png,2137,0.9389846324920654,797.0801362247817,37.15904014562053,839.020882721934,41.940746497152304,41.940746497152304
137_png.rf.fb5c25dce1b41853ef65d16e882cdb0b_roi_9.png,137.png,2453,0.9389489889144897,795.1969843292977,38.51782218940327,857.475583885626,62.27859955632823,62.27859955632823
256_png.rf.18d3c3ddc6e345fc5391481cf087f656_roi_20.png,256.png,2759,0.9388759136199951,947.6411189712544,44.90778359898594,1029.74970886841,82.10858989715553,82.10858989715553
127_png.rf.f5998eff46ab9c23d70c90ea9d4ca09a_roi_21.png,127.png,2326,0.9387978911399841,799.8689774799993,35.22290845448169,796.145986347853,-3.722991132146376,3.722991132146376
125_png.rf.0cd17c5aff1f4162dfb2c73cb9991f3e_roi_26.png,125.png,2289,0.9385601878166199,770.012575762484,39.41433824621814,807.932965309025,37.92038954654106,37.92038954654106
152_png.rf.39c63859049503978a692da8d573f11d_roi_18.png,152.png,309,0.9383260011672974,750.8491472784319,36.34230229212871,763.450678975822,12.6015316973901,12.6015316973901
109_png.rf.c8dd17e858d1df0c04a8d6524de5fe76_roi_27.png,109.png,1905,0.9382820725440979,782.0396671439224,30.53917440118746,778.644224664747,-3.395442479175472,3.395442479175472
129_png.rf.61b7c9fa0db10241e1b256d4f4a66143_roi_8.png,129.png,2371,0.9382314682006836,563.5962631956781,38.22964063995131,585.228703044073,21.632439848394824,21.632439848394824
131_png.rf.041420ac8b783be2c578e49792031cbc_roi_6.png,131.png,2415,0.9381633400917053,788.0419002546886,36.05936866231684,881.035723973896,92.9938237192074,92.9938237192074
125_png.rf.0cd17c5aff1f4162dfb2c73cb9991f3e_roi_36.png,125.png,2278,0.9381197690963745,682.1528213687857,32.84992613980136,763.556655147956,81.40383377917033,81.40383377917033
112_png.rf.6c97f0189ea80fec5eb32c7787ddafbc_roi_44.png,112.png,1981,0.938035249710083,627.8604758286081,37.93590655656741,645.257692301157,17.397216472548962,17.397216472548962
93_png.rf.b21584f50d6c3347de640ab82eae1dee_roi_27.png,93.png,1567,0.9380252957344055,856.6869765382057,39.95260344149285,889.790677932322,33.10370139411623,33.10370139411623
119_png.rf.497c650b0290be25e8f041e87b86f7f7_roi_35.png,119.png,2130,0.9380097985267639,757.4227686671344,41.62925995482514,797.525274623904,40.10250595676962,40.10250595676962
114_png.rf.82ce6f7cb0b6f79807e0efb6891ebbad_roi_37.png,114.png,2030,0.9380053877830505,822.7545691641333,41.556563064717935,878.368003044073,55.61343387993975,55.61343387993975
121_png.rf.49e7ff8713556ad7cc37d311e25762ea_roi_9.png,121.png,2176,0.9378791451454163,795.2132748969447,34.98961834916773,862.849338707284,67.63606381033935,67.63606381033935
124_png.rf.144d1a960a56ef39d10c4e62e12a454f_roi_5.png,124.png,2263,0.9378577470779419,532.675998031506,29.78947513869794,567.567304780839,34.89130674933301,34.89130674933301
102_png.rf.17ecda620c62893042cd19d261c2d15e_roi_18.png,102.png,1744,0.9377788305282593,841.6513992030059,39.01161909614915,861.439654012493,19.788254809487057,19.788254809487057
123_png.rf.0c588dbfcff4253201b9ca4de4e9e251_roi_25.png,123.png,2235,0.9377537369728088,573.5693419778944,37.86045548742872,617.600593464849,44.0312514869546,44.0312514869546
257_png.rf.d0e9b62c92e89f70b1ab6feac50e3c89_roi_2.png,257.png,2775,0.9376170635223389,830.9087855039344,42.58181974964952,844.805961124682,13.89717562074759,13.89717562074759
94_png.rf.49891f2386b2bd0dae3124e2b7a1112a_roi_5.png,94.png,1587,0.937600314617157,903.5632848610184,42.68761628999519,950.755971397173,47.19268653615461,47.19268653615461
144_png.rf.a5a2a2c438edbf198ffa6a10f317e83d_roi_31.png,144.png,54,0.9375913739204407,729.8860195647245,34.07773182253788,729.666715667369,-0.21930389735553035,0.21930389735553035
202_png.rf.1536fc8a88228bb8324ac1a09adf0d09_roi_18.png,202.png,2669,0.9375893473625183,430.5515422051681,23.73161004990414,421.536803625918,-9.014738579250093,9.014738579250093
125_png.rf.0cd17c5aff1f4162dfb2c73cb9991f3e_roi_34.png,125.png,2286,0.9375,703.4337913921082,37.98287170394786,760.319751522036,56.88596012992775,56.88596012992775
94_png.rf.49891f2386b2bd0dae3124e2b7a1112a_roi_40.png,94.png,1583,0.9374800324440002,873.2648916598049,44.20580991185354,904.466891719311,31.202000059506076,31.202000059506076
128_png.rf.bff9aea834e0f8c141fb97e07d16c917_roi_28.png,128.png,2353,0.9373737573623657,563.116301077277,36.64677644419813,560.18660188038,-2.9296991968969905,2.9296991968969905
123_png.rf.0c588dbfcff4253201b9ca4de4e9e251_roi_14.png,123.png,2238,0.937346339225769,577.573878650322,35.87162840754577,597.176326410285,19.60244775996307,19.60244775996307
90_png.rf.69bdac2f8992d8d3ebf3226c61ad2bd5_roi_29.png,90.png,1483,0.9372422695159912,674.40911656662,33.83533036692917,681.114061706527,6.704945139906954,6.704945139906954
121_png.rf.49e7ff8713556ad7cc37d311e25762ea_roi_36.png,121.png,2173,0.9371404647827148,761.2998311400644,32.44771140637996,797.098925828439,35.799094688374566,35.799094688374566
177_png.rf.7d111caca2be9c02b4c09af0069e3b04_roi_14.png,177.png,1424,0.9370459914207458,639.731164890538,32.69936256377849,696.512274888249,56.78110999771093,56.78110999771093
244_png.rf.5bcc8a2e036202b828c2fe7081b01a74_roi_4.png,244.png,2733,0.9369540214538574,911.5811637996036,43.52833403302207,976.641899903229,65.06073610362546,65.06073610362546
142_png.rf.6954e9787d8655c6e888927c9ae9ef63_roi_6.png,142.png,2526,0.9369537830352783,617.045605206918,38.84528831000865,644.79990353792,27.75429833100202,27.75429833100202
122_png.rf.617059b075a6f81cae0fd7788acdfed2_roi_43.png,122.png,2212,0.9369150996208191,561.2246568720608,34.790338078192605,588.362766463946,27.138109591885154,27.138109591885154
102_png.rf.17ecda620c62893042cd19d261c2d15e_roi_0.png,102.png,1740,0.9368434548377991,852.6016350840989,36.83390438588918,864.942491719311,12.340856635212049,12.340856635212049
129_png.rf.61b7c9fa0db10241e1b256d4f4a66143_roi_28.png,129.png,2377,0.9368217587471008,572.6059689796111,34.75756479959133,602.624488555046,30.01851957543488,30.01851957543488
92_png.rf.80ea001d686c323f4ac8f2ee5ef69ad9_roi_5.png,92.png,1542,0.9368138909339905,896.3121583218186,42.92988107025169,922.4368055063,26.12464718448132,26.12464718448132
92_png.rf.80ea001d686c323f4ac8f2ee5ef69ad9_roi_1.png,92.png,1538,0.9368095993995667,882.5068810708203,40.7600555361866,903.53889058385,21.03200951302972,21.03200951302972
123_png.rf.0c588dbfcff4253201b9ca4de4e9e251_roi_17.png,123.png,2247,0.9368090033531189,605.1097931547582,30.381479761149755,639.354161734757,34.24436857999876,34.24436857999876
94_png.rf.49891f2386b2bd0dae3124e2b7a1112a_roi_3.png,94.png,1591,0.9367704391479492,882.0196631239822,42.01478351011384,903.941943241348,21.922280117365744,21.922280117365744
14_png.rf.c25a6dade4d855368be01104eaa5b4d8_roi_15.png,14.png,512,0.9367625713348389,616.7884108221299,31.02291271030749,624.519026992132,7.730616170002122,7.730616170002122
131_png.rf.041420ac8b783be2c578e49792031cbc_roi_5.png,131.png,2413,0.9367284774780273,754.2135369325808,34.6423727971122,838.661448460421,84.44791152784012,84.44791152784012
129_png.rf.61b7c9fa0db10241e1b256d4f4a66143_roi_9.png,129.png,2374,0.9366492033004761,583.5181254521361,34.5382513646131,605.927207251838,22.40908179970188,22.40908179970188
93_png.rf.b21584f50d6c3347de640ab82eae1dee_roi_43.png,93.png,1562,0.9365628361701965,845.2993625424214,41.96850888875091,879.164052709151,33.86469016672959,33.86469016672959
90_png.rf.69bdac2f8992d8d3ebf3226c61ad2bd5_roi_31.png,90.png,1481,0.9365227818489075,722.9958173810202,41.37375544992764,718.172342977542,-4.823474403478144,4.823474403478144
76_png.rf.7f70179db28531c420ff564284110692_roi_55.png,76.png,1025,0.9364618062973022,387.5123496858078,26.763638705555557,384.697696979348,-2.8146527064598104,2.8146527064598104
137_png.rf.fb5c25dce1b41853ef65d16e882cdb0b_roi_19.png,137.png,2445,0.936382532119751,775.0429356869452,39.205090089104296,852.85610756934,77.81317188239484,77.81317188239484
129_png.rf.61b7c9fa0db10241e1b256d4f4a66143_roi_25.png,129.png,2367,0.9363216757774353,537.9435956797682,33.82314942888214,587.723217412908,49.77962173313972,49.77962173313972
93_png.rf.b21584f50d6c3347de640ab82eae1dee_roi_44.png,93.png,1560,0.936301589012146,878.4461711568587,43.16594499620799,928.275933518511,49.82976236165234,49.82976236165234
119_png.rf.497c650b0290be25e8f041e87b86f7f7_roi_42.png,119.png,2139,0.9362838268280029,768.195700688959,38.93259399896834,811.113072560864,42.91737187190495,42.91737187190495
106_png.rf.573a9b71c29129dbc83682319da248b9_roi_17.png,106.png,1846,0.9361798763275146,788.2036716275176,37.57468821169585,808.475556884723,20.27188525720544,20.27188525720544
124_png.rf.144d1a960a56ef39d10c4e62e12a454f_roi_0.png,124.png,2273,0.9359834790229797,569.1186852093318,32.84198314595317,608.889873724556,39.77118851522414,39.77118851522414
124_png.rf.144d1a960a56ef39d10c4e62e12a454f_roi_19.png,124.png,2268,0.9357945322990417,584.5396977968952,29.322072891496784,646.210631781743,61.67093398484781,61.67093398484781
17_png.rf.90e990b683301d2fed43404a308c5140_roi_7.png,17.png,544,0.9355828166007996,536.2922792563459,30.46675790527279,523.487749776497,-12.804529479848838,12.804529479848838
140_png.rf.18ec71dd3e97ae820fb4e7753bfbec3e_roi_17.png,140.png,2485,0.9353110790252686,598.3116912592226,39.53908726146472,628.886149776497,30.574458517274365,30.574458517274365
102_png.rf.17ecda620c62893042cd19d261c2d15e_roi_3.png,102.png,1736,0.9352185726165771,862.7397292584973,43.37464595539903,940.423354566109,77.68362530761169,77.68362530761169
5_png.rf.7e4dddd1d1d7055c901a3636e13f5793_roi_1.png,5.png,420,0.9350354671478271,701.0511185243098,41.40542656685728,701.809819149676,0.7587006253661457,0.7587006253661457
11_png.rf.06e04b9b157f1751a682bb1ea3aaf986_roi_16.png,11.png,479,0.9350000023841858,677.7695817202226,37.72064031026245,673.108706088146,-4.660875632076568,4.660875632076568
129_png.rf.61b7c9fa0db10241e1b256d4f4a66143_roi_0.png,129.png,2359,0.934959352016449,546.8534943856024,34.45772698412805,582.169079096014,35.3155847104116,35.3155847104116
123_png.rf.0c588dbfcff4253201b9ca4de4e9e251_roi_23.png,123.png,2233,0.9349237680435181,601.6210824519649,32.99775051578763,658.723364727179,57.10228227521418,57.10228227521418
129_png.rf.61b7c9fa0db10241e1b256d4f4a66143_roi_10.png,129.png,2379,0.9348627328872681,572.7839246435167,33.69312988598308,609.648898254461,36.864973610944276,36.864973610944276
115_png.rf.4e7d2dcc137306ce0a4845f84fae0b70_roi_28.png,115.png,2044,0.9347417950630188,778.7097479091551,37.80098465285812,800.997896508923,22.28814859976785,22.28814859976785
132_png.rf.51e8400ac63b7f1c6e4e112e32791ed2_roi_2.png,132.png,2419,0.9347215890884399,797.0358275752437,36.48435358788648,876.201386236432,79.16555866118824,79.16555866118824
257_png.rf.d0e9b62c92e89f70b1ab6feac50e3c89_roi_19.png,257.png,2777,0.9346761107444763,917.1417193008244,50.15533569229006,924.17677595517,7.035056654345567,7.035056654345567
111_png.rf.8fe543cf12ca100b887933e93b334b92_roi_40.png,111.png,1958,0.9346733689308167,651.0381034678632,41.28926152468632,681.311112623296,30.273009155432874,30.273009155432874
105_png.rf.2038c199fbe085aed32df6eb357079f4_roi_6.png,105.png,1816,0.9346153736114502,804.5852857162819,37.45816242514962,861.100317412908,56.515031696626124,56.515031696626124
113_png.rf.e3028a1dab303081c21db80950b8398c_roi_36.png,113.png,2004,0.9345794320106506,763.8176612094609,37.7443511583452,792.497726992132,28.680065782671136,28.680065782671136
259_png.rf.87675763f1552916772a6119f6ff6c71_roi_0.png,259.png,2796,0.9345635771751404,926.023659543544,40.427499549838,920.186730530052,-5.836929013491954,5.836929013491954
31_png.rf.8c44aa894a4794a3b8219900d8410790_roi_7.png,31.png,689,0.9345134496688843,705.8345054042474,36.59397125883767,738.805426410286,32.97092100603868,32.97092100603868
91_png.rf.0a273fe102d97aae48f032d48b5a851a_roi_33.png,91.png,1512,0.9344478845596313,775.7875052049616,39.67870664616394,860.204174306403,84.41666910144147,84.41666910144147
126_png.rf.83f4d29ee84bd0966ec6d1b6d6836ac1_roi_44.png,126.png,2313,0.9343891143798828,695.8086323153937,36.21404451778297,744.45652220252,48.647889887126325,48.647889887126325
102_png.rf.17ecda620c62893042cd19d261c2d15e_roi_46.png,102.png,1761,0.9341051578521729,834.1437141040797,36.54012181387476,884.261477960553,50.11776385647329,50.11776385647329
119_png.rf.497c650b0290be25e8f041e87b86f7f7_roi_8.png,119.png,2114,0.9340379238128662,771.4246121252387,35.68844690359904,824.869617412908,53.445005287669346,53.445005287669346
259_png.rf.87675763f1552916772a6119f6ff6c71_roi_12.png,259.png,2817,0.9340152740478516,917.1415045607164,38.84609062438085,926.232935980739,9.091431420022559,9.091431420022559
109_png.rf.c8dd17e858d1df0c04a8d6524de5fe76_roi_7.png,109.png,1890,0.9337650537490845,779.9159133312645,35.2550385013557,829.276901298534,49.360987967269466,49.360987967269466
15_png.rf.b5104b9c207ec5a13eb374db463ccad9_roi_22.png,15.png,529,0.933674693107605,624.5494747604557,31.318876996538688,651.707973724556,27.158498964100318,27.158498964100318
125_png.rf.0cd17c5aff1f4162dfb2c73cb9991f3e_roi_35.png,125.png,2277,0.9336734414100647,776.06200901547,38.30160273279506,844.163665309026,68.10165629355595,68.10165629355595
120_png.rf.4511382e2372fd66448504ae75698502_roi_19.png,120.png,2151,0.9336658120155334,748.0633718816331,32.45753156765864,809.862370098637,61.79899821700394,61.79899821700394
121_png.rf.49e7ff8713556ad7cc37d311e25762ea_roi_40.png,121.png,2178,0.933522641658783,691.1025065736287,29.28228945954907,761.958283885627,70.85577731199828,70.85577731199828
100_png.rf.93dbb301c4dc91fe8173d8a0a7f2dd5b_roi_16.png,100.png,1703,0.9335148334503174,879.1163403743445,45.541661812083255,925.222192301157,46.10585192681242,46.10585192681242
141_png.rf.491e5a4c500bc47a609e08980408d66c_roi_36.png,141.png,2518,0.9332481026649475,628.7153286890755,38.72351369542137,652.37004077912,23.65471209004454,23.65471209004454
112_png.rf.6c97f0189ea80fec5eb32c7787ddafbc_roi_20.png,112.png,1973,0.9329360127449036,608.5247412219302,39.50108837234606,634.708642515888,26.183901293957774,26.183901293957774
20_png.rf.850033e7c361b1f2fd8e68b838ece0d8_roi_5.png,20.png,578,0.932908296585083,586.559616144263,31.19309359861958,614.906281414628,28.34666527036495,28.34666527036495
92_png.rf.80ea001d686c323f4ac8f2ee5ef69ad9_roi_32.png,92.png,1527,0.9328888654708862,854.2685289851956,38.9508871283906,902.965477932321,48.69694894712541,48.69694894712541
94_png.rf.49891f2386b2bd0dae3124e2b7a1112a_roi_20.png,94.png,1589,0.9328392744064331,843.0099402613672,43.50536249470689,876.381801880382,33.371861619014794,33.371861619014794
61_png.rf.e55ce5a3101fec23419760cfe9572677_roi_6.png,61.png,905,0.932837963104248,527.1743445832142,26.45528467856688,535.064178514167,7.889833930952818,7.889833930952818
57_png.rf.8f487a26af5047f2a1caf0288f3e993b_roi_17.png,57.png,863,0.9327002763748169,682.1254928247171,36.070295241264354,702.945921038827,20.82042821410994,20.82042821410994
116_png.rf.31f3bd809826aa89c4df5b576dde5220_roi_5.png,116.png,2047,0.9326459765434265,654.772925530484,40.83320132811911,677.880294046696,23.107368516211977,23.107368516211977
111_png.rf.8fe543cf12ca100b887933e93b334b92_roi_3.png,111.png,1936,0.932584285736084,608.8378593462959,39.48529311502924,649.875526410285,41.03766706398915,41.03766706398915
116_png.rf.31f3bd809826aa89c4df5b576dde5220_roi_22.png,116.png,2061,0.9324198365211487,626.8865177718234,40.91157648610406,644.609124553325,17.722606781501668,17.722606781501668
26_png.rf.77b1a871caec1696c0c42414a7adefc8_roi_11.png,26.png,641,0.9323703050613403,737.0228434065062,35.40409521041647,777.136928147053,40.11408474054679,40.11408474054679
142_png.rf.6954e9787d8655c6e888927c9ae9ef63_roi_11.png,142.png,2529,0.9323409795761108,600.6929506938425,40.03511425452984,614.147256884723,13.454306190880516,13.454306190880516
92_png.rf.80ea001d686c323f4ac8f2ee5ef69ad9_roi_3.png,92.png,1537,0.9323199987411499,917.4166786413608,40.15727710867147,925.730505506301,8.31382686494021,8.31382686494021
143_png.rf.c3e3d6a7b2f10bce3af6568db51c3ab9_roi_4.png,143.png,1,0.9320434331893921,701.438698556188,30.04774386117047,706.279782140087,4.841083583899035,4.841083583899035
121_png.rf.49e7ff8713556ad7cc37d311e25762ea_roi_30.png,121.png,2191,0.9319999814033508,758.2299846026563,33.643321925619254,808.966226992132,50.736242389475706,50.736242389475706
90_png.rf.69bdac2f8992d8d3ebf3226c61ad2bd5_roi_25.png,90.png,1477,0.931976854801178,747.8769391695672,40.55283949388288,683.197220345561,-64.67971882400616,64.67971882400616
102_png.rf.17ecda620c62893042cd19d261c2d15e_roi_22.png,102.png,1746,0.931974470615387,835.6037748394378,39.87467291806626,867.410344293619,31.806569454181158,31.806569454181158
135_png.rf.16d557f9254fd49aa1fd6943d75c43a9_roi_5.png,135.png,2433,0.9319474697113037,597.8636746861758,33.51805668808689,631.437460519414,33.57378583323816,33.57378583323816
98_png.rf.b77e65e183c8314ed4d321b2e0970f1f_roi_23.png,98.png,1654,0.9319083094596863,864.9700014109584,41.48489094520675,894.248875461325,29.278874050366653,29.278874050366653
126_png.rf.83f4d29ee84bd0966ec6d1b6d6836ac1_roi_40.png,126.png,2300,0.931709885597229,755.6015147387827,36.93856407045193,794.755029342938,39.15351460415525,39.15351460415525
121_png.rf.49e7ff8713556ad7cc37d311e25762ea_roi_48.png,121.png,2169,0.9316527247428894,760.2133157209825,32.91055440248894,841.669150940191,81.45583521920855,81.45583521920855
141_png.rf.491e5a4c500bc47a609e08980408d66c_roi_29.png,141.png,2508,0.9315789341926575,615.3925861306593,37.12976642984116,637.693826992131,22.301240861471683,22.301240861471683
117_png.rf.332c11b1d4dd1aa4ece43456d90ba521_roi_17.png,117.png,2081,0.9315412640571594,637.857432877467,37.2081702233662,644.555464145333,6.698031267865986,6.698031267865986
113_png.rf.e3028a1dab303081c21db80950b8398c_roi_19.png,113.png,2002,0.9315376877784729,765.3353757604664,37.81481606197821,814.834763563487,49.49938780302057,49.49938780302057
64_png.rf.aead9dbcf2b88c62d80ab0f0b47628db_roi_7.png,64.png,943,0.9314903616905212,580.5154412398277,34.89611223468571,547.205716831061,-33.30972440876678,33.30972440876678
122_png.rf.617059b075a6f81cae0fd7788acdfed2_roi_0.png,122.png,2207,0.9314752221107483,522.8689184520255,34.51591791074468,555.779317994754,32.910399542728555,32.910399542728555
92_png.rf.80ea001d686c323f4ac8f2ee5ef69ad9_roi_16.png,92.png,1533,0.9314516186714172,888.229529511297,43.78877396036201,935.959274306403,47.72974479510606,47.72974479510606
111_png.rf.8fe543cf12ca100b887933e93b334b92_roi_2.png,111.png,1939,0.9313464760780334,622.9002121941419,38.24952751302078,650.397338922161,27.49712672801911,27.49712672801911
129_png.rf.61b7c9fa0db10241e1b256d4f4a66143_roi_7.png,129.png,2369,0.9311984777450562,547.333759095798,33.74334605630769,570.963844986886,23.630085891088015,23.630085891088015
111_png.rf.8fe543cf12ca100b887933e93b334b92_roi_35.png,111.png,1951,0.9311601519584656,630.8242793193533,38.78800077051649,647.752206669992,16.927927350638697,16.927927350638697
141_png.rf.491e5a4c500bc47a609e08980408d66c_roi_34.png,141.png,2520,0.9311025142669678,554.0004278243001,34.10697493115972,574.451459937567,20.451032113266933,20.451032113266933
89_png.rf.9d3e334f7c5cb93bc20089fb52688222_roi_1.png,89.png,1457,0.9308100342750549,734.214441117442,38.01781314286171,811.775139615429,77.560698497987,77.560698497987
106_png.rf.573a9b71c29129dbc83682319da248b9_roi_19.png,106.png,1844,0.9307056665420532,817.9386282638313,37.17528804076564,855.078026992132,37.13939872830065,37.13939872830065
97_png.rf.f4e8ad3bada447eb1ef57ab4eee50c1f_roi_27.png,97.png,1639,0.9305680990219116,831.8692832189307,37.25664558735783,850.90582698336,19.036543764429325,19.036543764429325
140_png.rf.18ec71dd3e97ae820fb4e7753bfbec3e_roi_26.png,140.png,2491,0.930453360080719,612.5491632181992,39.09486025516368,607.89677314271,-4.652390075489166,4.652390075489166
108_png.rf.160624ea8bde3c8593ffcc9ddb55a11d_roi_20.png,108.png,1882,0.9304174780845642,775.2108840859402,34.90806908083312,818.847326992132,43.63644290619186,43.63644290619186
105_png.rf.2038c199fbe085aed32df6eb357079f4_roi_13.png,105.png,1807,0.9303688406944275,794.5301080649456,35.460169431247024,835.317636605964,40.787528541018446,40.787528541018446
90_png.rf.69bdac2f8992d8d3ebf3226c61ad2bd5_roi_6.png,90.png,1475,0.9302997589111328,746.1325084820706,39.71998233487799,832.962522608368,86.83001412629733,86.83001412629733
105_png.rf.2038c199fbe085aed32df6eb357079f4_roi_5.png,105.png,1815,0.9302905797958374,744.215926663151,32.87309453534652,750.265187710632,6.049261047480968,6.049261047480968
134_png.rf.004aee1bacac1673bfbc037b834a310b_roi_1.png,134.png,2431,0.93028324842453,633.0769796714009,32.826003489822114,661.217879096014,28.140899424613167,28.140899424613167
140_png.rf.18ec71dd3e97ae820fb4e7753bfbec3e_roi_21.png,140.png,2498,0.9301442503929138,629.4115298117588,38.69398517674583,620.006334918214,-9.40519489354483,9.40519489354483
93_png.rf.b21584f50d6c3347de640ab82eae1dee_roi_45.png,93.png,1555,0.9301411509513855,849.9866628762127,41.468525651339,924.585063591717,74.59840071550434,74.59840071550434
2_png.rf.1af673f7693cdba09ad2485f5a501bfc_roi_0.png,2.png,405,0.9301156401634216,572.2988477507292,26.218666499138383,585.964881645907,13.666033895177748,13.666033895177748
102_png.rf.17ecda620c62893042cd19d261c2d15e_roi_35.png,102.png,1752,0.9300864338874817,879.1877619228934,37.73224528469227,917.930430909779,38.74266898688563,38.74266898688563
18_png.rf.8dc36dd51f5ef8f7f16f7f069f027de6_roi_16.png,18.png,552,0.9300037622451782,584.0797642075572,27.79912133888644,570.473174879476,-13.606589328081213,13.606589328081213
105_png.rf.2038c199fbe085aed32df6eb357079f4_roi_19.png,105.png,1813,0.9298542737960815,800.5358396603775,34.775162638271176,781.203838479966,-19.332001180411567,19.332001180411567
100_png.rf.93dbb301c4dc91fe8173d8a0a7f2dd5b_roi_27.png,100.png,1700,0.9296432137489319,855.0987646164257,43.01439703938035,901.401385040547,46.3026204241213,46.3026204241213
112_png.rf.6c97f0189ea80fec5eb32c7787ddafbc_roi_28.png,112.png,1979,0.9295774698257446,598.6107516121825,38.02870360791406,617.87483061805,19.26407900586753,19.26407900586753
102_png.rf.17ecda620c62893042cd19d261c2d15e_roi_45.png,102.png,1759,0.9294729232788086,820.3492048069178,35.72789477283152,851.259378514168,30.910173707250237,30.910173707250237
130_png.rf.901f918f4884e1fdac6e82ec416390b1_roi_35.png,130.png,2398,0.929440975189209,555.2922383754735,36.73829907871866,605.652970098637,50.36073172316344,50.36073172316344
49_png.rf.7b6be40490eb63cd475ec3f1272052ea_roi_1.png,49.png,793,0.9294105768203735,685.0171306325586,35.196550969873094,677.387935778131,-7.629194854427624,7.629194854427624
110_png.rf.f1695d5abb6a86459ef7744b76a07589_roi_33.png,110.png,1918,0.9293617010116577,629.1624840620386,39.75956922743477,666.440983885626,37.27849982358737,37.27849982358737
119_png.rf.497c650b0290be25e8f041e87b86f7f7_roi_19.png,119.png,2131,0.9291778206825256,771.2579270923873,39.248664913992805,806.505990993851,35.24806390146375,35.24806390146375
134_png.rf.004aee1bacac1673bfbc037b834a310b_roi_9.png,134.png,2430,0.9291243553161621,587.2077129323723,35.0338843881524,624.987179096015,37.779466163642724,37.779466163642724
28_png.rf.40c0dd2c3a202e20adc268d7e72892df_roi_2.png,28.png,658,0.9291131496429443,526.9884133501266,27.946549397950204,557.151916277445,30.163502927318405,30.163502927318405
202_png.rf.1536fc8a88228bb8324ac1a09adf0d09_roi_6.png,202.png,2683,0.929057776927948,356.1559744376704,22.26376606372496,355.853582610512,-0.3023918271584307,0.3023918271584307
118_png.rf.55a01e17df553b816f0981b14bd0a2fa_roi_26.png,118.png,2101,0.9288703203201294,578.164662783452,38.30589679854031,594.522175461323,16.357512677871,16.357512677871
124_png.rf.144d1a960a56ef39d10c4e62e12a454f_roi_33.png,124.png,2260,0.9288419485092163,577.0986835529101,33.37012219967212,581.834909602644,4.736226049733887,4.736226049733887
135_png.rf.16d557f9254fd49aa1fd6943d75c43a9_roi_3.png,135.png,2435,0.9286550879478455,599.6506294396034,35.301667381186945,659.148219763714,59.49759032411055,59.49759032411055
91_png.rf.0a273fe102d97aae48f032d48b5a851a_roi_26.png,91.png,1508,0.9286264181137085,791.3442877674485,38.70839019528754,823.174288675238,31.830000907789554,31.830000907789554
257_png.rf.d0e9b62c92e89f70b1ab6feac50e3c89_roi_4.png,257.png,2770,0.9285445213317871,974.9591640987908,46.605240733627205,987.970753282226,13.011589183435262,13.011589183435262
105_png.rf.2038c199fbe085aed32df6eb357079f4_roi_3.png,105.png,1812,0.9284664392471313,798.2265003368391,33.54444090915698,793.417395927077,-4.809104409762085,4.809104409762085
144_png.rf.a5a2a2c438edbf198ffa6a10f317e83d_roi_18.png,144.png,49,0.9282424449920654,768.3496208020201,36.64659804690152,786.346621067058,17.997000265037855,17.997000265037855
115_png.rf.4e7d2dcc137306ce0a4845f84fae0b70_roi_9.png,115.png,2033,0.9281784296035767,768.4927090069505,35.73415668009834,815.831500337037,47.338791330086565,47.338791330086565
103_png.rf.b9743a889c7194da0b8dce5c5b632bbc_roi_38.png,103.png,1767,0.9281025528907776,842.386298877554,40.89335455401788,874.623794037925,32.23749516037094,32.23749516037094
142_png.rf.6954e9787d8655c6e888927c9ae9ef63_roi_21.png,142.png,2537,0.9280979037284851,598.1491744941044,38.47663159267587,630.969308415531,32.820133921426645,32.820133921426645
91_png.rf.0a273fe102d97aae48f032d48b5a851a_roi_38.png,91.png,1514,0.9280434250831604,779.3508776692332,38.73143119264554,830.869389830159,51.51851216092575,51.51851216092575
111_png.rf.8fe543cf12ca100b887933e93b334b92_roi_42.png,111.png,1961,0.9279249906539917,604.6234687153745,35.45995774241096,628.983107251839,24.359638536464445,24.359638536464445
119_png.rf.497c650b0290be25e8f041e87b86f7f7_roi_40.png,119.png,2135,0.9279220104217529,778.1837785573941,36.60960175450328,802.459149194651,24.275370637256856,24.275370637256856
111_png.rf.8fe543cf12ca100b887933e93b334b92_roi_41.png,111.png,1960,0.9278753399848938,582.6174778962816,36.4954471018913,612.417649776497,29.80017188021543,29.80017188021543
145_png.rf.cb189c4b5913bc8fcb53703f1d06d8fa_roi_6.png,145.png,61,0.9276315569877625,779.7996972747537,37.17479230395027,760.103318567829,-19.696378706924747,19.696378706924747
101_png.rf.c4bf71f43d058b555a715c3e9695be8b_roi_42.png,101.png,1725,0.9275370240211487,875.5244662427846,36.33939695532154,888.872016822291,13.347550579506446,13.347550579506446
102_png.rf.17ecda620c62893042cd19d261c2d15e_roi_42.png,102.png,1756,0.9275362491607666,823.2299318675691,37.02115265055752,920.855069516791,97.62513764922187,97.62513764922187
122_png.rf.617059b075a6f81cae0fd7788acdfed2_roi_39.png,122.png,2197,0.9275305271148682,523.8981530691191,28.055367951768517,553.284803625919,29.386650556799964,29.386650556799964
99_png.rf.2f98932bb0145b858dd8d04d300acba8_roi_9.png,99.png,1671,0.927465558052063,874.2742668587167,41.08282415664587,893.689648612806,19.415381754089253,19.415381754089253
111_png.rf.8fe543cf12ca100b887933e93b334b92_roi_36.png,111.png,1950,0.9274228811264038,586.0240995220993,37.65882846166637,599.573883303779,13.549783781679707,13.549783781679707
129_png.rf.61b7c9fa0db10241e1b256d4f4a66143_roi_36.png,129.png,2360,0.9273539185523987,542.5260836821024,36.01814764117623,570.552489257084,28.026405574981595,28.026405574981595
129_png.rf.61b7c9fa0db10241e1b256d4f4a66143_roi_1.png,129.png,2362,0.9271867871284485,562.9149520377799,33.56288677451892,596.708174306402,33.79322226862212,33.79322226862212
98_png.rf.b77e65e183c8314ed4d321b2e0970f1f_roi_24.png,98.png,1655,0.9270461797714233,891.4206685582308,42.97600187097067,969.872739615428,78.45207105719726,78.45207105719726
19_png.rf.aabc4ba10a41d7686e6d12be86adbf62_roi_12.png,19.png,569,0.9270359873771667,762.1812643567159,38.40787754092805,740.337982601742,-21.843281754973873,21.843281754973873
118_png.rf.55a01e17df553b816f0981b14bd0a2fa_roi_10.png,118.png,2093,0.9269726872444153,608.6874154480355,39.80474495358411,647.765705976725,39.078290528689536,39.078290528689536
118_png.rf.55a01e17df553b816f0981b14bd0a2fa_roi_28.png,118.png,2105,0.9269114136695862,601.6303621499976,37.34292077741957,613.251113778217,11.62075162821941,11.62075162821941
121_png.rf.49e7ff8713556ad7cc37d311e25762ea_roi_44.png,121.png,2162,0.9267420768737793,735.1259948309241,31.10865824017779,803.684683621281,68.55868879035688,68.55868879035688
256_png.rf.18d3c3ddc6e345fc5391481cf087f656_roi_50.png,256.png,2751,0.9266682267189026,864.5883689163115,43.35213996458602,908.257139463044,43.6687705467325,43.6687705467325
116_png.rf.31f3bd809826aa89c4df5b576dde5220_roi_41.png,116.png,2056,0.9265232682228088,645.7745566760632,42.07943564186274,657.496188093391,11.721631417327785,11.721631417327785
99_png.rf.2f98932bb0145b858dd8d04d300acba8_roi_11.png,99.png,1673,0.9264296293258667,863.1596040615885,40.41754195763779,900.801997090769,37.642393029180425,37.642393029180425
152_png.rf.39c63859049503978a692da8d573f11d_roi_40.png,152.png,319,0.9264069199562073,744.1161416237599,33.5470598605372,729.620671835404,-14.495469788355877,14.495469788355877
142_png.rf.6954e9787d8655c6e888927c9ae9ef63_roi_13.png,142.png,2531,0.9263363480567932,620.6511064930785,40.22172356257739,616.744611459604,-3.906495033474471,3.906495033474471
60_png.rf.a000903d437e210d51f99e68ebbad4fb_roi_3.png,60.png,904,0.9261944890022278,624.7269259992831,31.945853860859145,605.362097672615,-19.36482832666809,19.36482832666809
109_png.rf.c8dd17e858d1df0c04a8d6524de5fe76_roi_21.png,109.png,1906,0.9261592626571655,732.2889070516749,30.88780174494863,796.295305271502,64.00639821982713,64.00639821982713
129_png.rf.61b7c9fa0db10241e1b256d4f4a66143_roi_6.png,129.png,2366,0.9261515736579895,521.1384443693673,33.03341235244034,546.93147967786,25.793035308492676,25.793035308492676
116_png.rf.31f3bd809826aa89c4df5b576dde5220_roi_21.png,116.png,2063,0.9261363744735718,656.478887610375,41.14974251113956,652.838192883004,-3.640694727370942,3.640694727370942
129_png.rf.61b7c9fa0db10241e1b256d4f4a66143_roi_24.png,129.png,2372,0.9258046746253967,525.7394117309958,33.60273753456529,529.938031199896,4.198619468900233,4.198619468900233
120_png.rf.4511382e2372fd66448504ae75698502_roi_33.png,120.png,2144,0.925632894039154,746.0930670910693,35.12706946326082,833.152346150579,87.05927905950966,87.05927905950966
138_png.rf.908dcbe578186eb4dceaf9330c729cfb_roi_9.png,138.png,2462,0.9255878329277039,771.9676698069792,34.75312144547852,858.274769516791,86.30709970981184,86.30709970981184
100_png.rf.93dbb301c4dc91fe8173d8a0a7f2dd5b_roi_12.png,100.png,1702,0.9255150556564331,863.5596236488614,42.78548780687306,907.069540438587,43.509916789725594,43.509916789725594
93_png.rf.b21584f50d6c3347de640ab82eae1dee_roi_47.png,93.png,1550,0.9254921674728394,932.09689621524,42.85352789106622,1004.49918562239,72.40228940714996,72.40228940714996
121_png.rf.49e7ff8713556ad7cc37d311e25762ea_roi_14.png,121.png,2188,0.9254302382469177,758.2381218309637,34.43260915114979,816.724007251839,58.48588542087532,58.48588542087532
103_png.rf.b9743a889c7194da0b8dce5c5b632bbc_roi_7.png,103.png,1778,0.925424337387085,917.264154351036,45.65743934114317,941.795952848801,24.531798497764953,24.531798497764953
256_png.rf.18d3c3ddc6e345fc5391481cf087f656_roi_40.png,256.png,2755,0.9253686666488647,910.226143009574,43.015501608640186,956.654642548082,46.42849953850805,46.42849953850805
103_png.rf.b9743a889c7194da0b8dce5c5b632bbc_roi_43.png,103.png,1777,0.9252597093582153,805.2553436740093,45.20004156762145,804.7538658821,-0.5014777919093376,0.5014777919093376
111_png.rf.8fe543cf12ca100b887933e93b334b92_roi_12.png,111.png,1941,0.9251311421394348,626.8573246228776,41.276467256139405,679.084952676957,52.22762805407933,52.22762805407933
124_png.rf.144d1a960a56ef39d10c4e62e12a454f_roi_21.png,124.png,2264,0.9250457286834717,525.8288496893047,31.624303478176504,579.303370098637,53.474520409332285,53.474520409332285
123_png.rf.0c588dbfcff4253201b9ca4de4e9e251_roi_30.png,123.png,2245,0.9250140190124512,544.3121739945227,34.858863036766294,587.352022784366,43.03984878984329,43.03984878984329
108_png.rf.160624ea8bde3c8593ffcc9ddb55a11d_roi_31.png,108.png,1886,0.925000011920929,761.8614960119587,34.304981771196395,820.554416096831,58.6929200848723,58.6929200848723
15_png.rf.b5104b9c207ec5a13eb374db463ccad9_roi_25.png,15.png,530,0.9247716069221497,592.5869800899736,27.52106442604266,611.481345568732,18.894365478758345,18.894365478758345
113_png.rf.e3028a1dab303081c21db80950b8398c_roi_38.png,113.png,2006,0.9247214198112488,691.8254538004354,34.31650452162639,748.173320249781,56.34786644934559,56.34786644934559
102_png.rf.17ecda620c62893042cd19d261c2d15e_roi_9.png,102.png,1738,0.9246993660926819,848.9728135607717,39.13448020930011,873.556253984264,24.583440423492334,24.583440423492334
20_png.rf.850033e7c361b1f2fd8e68b838ece0d8_roi_8.png,20.png,583,0.9245569705963135,564.293542271781,30.744312670289847,579.303370098637,15.00982782685594,15.00982782685594
92_png.rf.80ea001d686c323f4ac8f2ee5ef69ad9_roi_12.png,92.png,1530,0.9244445562362671,902.081152773122,40.243330423898456,963.924888666468,61.84373589334598,61.84373589334598
121_png.rf.49e7ff8713556ad7cc37d311e25762ea_roi_27.png,121.png,2186,0.9242424368858337,787.4697340369299,33.8631213429387,843.453104952684,55.98337091575411,55.98337091575411
136_png.rf.7a735b709fa85d325c66be549f2953fe_roi_5.png,136.png,2439,0.924220085144043,636.6993270207211,35.275267249321686,668.507507251838,31.80818023111692,31.80818023111692
129_png.rf.61b7c9fa0db10241e1b256d4f4a66143_roi_26.png,129.png,2373,0.9240096807479858,556.4039836522519,33.71372689527084,574.160587511545,17.756603859293136,17.756603859293136
100_png.rf.93dbb301c4dc91fe8173d8a0a7f2dd5b_roi_36.png,100.png,1711,0.9239671230316162,918.7466747635348,43.89087697849607,947.515931805166,28.76925704163125,28.76925704163125
21_png.rf.28755f53e16211c9387b07df8534937c_roi_4.png,21.png,592,0.9238796830177307,574.5423921523782,28.689396940741137,606.985728608707,32.44333645632878,32.44333645632878
233_png.rf.2b58d11f6910e50a1a7c57dfb7968557_roi_10.png,233.png,2716,0.9237991571426392,706.0116708744123,36.13432884836616,739.501771835404,33.490100960991754,33.490100960991754
259_png.rf.87675763f1552916772a6119f6ff6c71_roi_22.png,259.png,2800,0.9237038493156433,947.212033064324,46.9518154473168,947.144737176624,-0.06729588770008377,0.06729588770008377
117_png.rf.332c11b1d4dd1aa4ece43456d90ba521_roi_19.png,117.png,2084,0.9234575629234314,630.3074447430272,37.4231508800805,643.681123417864,13.37367867483681,13.37367867483681
100_png.rf.93dbb301c4dc91fe8173d8a0a7f2dd5b_roi_35.png,100.png,1710,0.9234510064125061,843.6067962530914,43.05485154751707,865.370482721933,21.76368646884157,21.76368646884157
79_png.rf.5ec9f077f4d5af0f3ab029d7283bba4e_roi_35.png,79.png,1056,0.9233828186988831,588.6674124866396,34.650743780300246,307.153446732424,-281.5139657542156,281.5139657542156
105_png.rf.2038c199fbe085aed32df6eb357079f4_roi_2.png,105.png,1811,0.9233500361442566,814.3337681869162,34.494291929843826,802.499310295912,-11.834457891004263,11.834457891004263
139_png.rf.b31bb426801c1937eccc9821dfe61214_roi_10.png,139.png,2468,0.9233373403549194,805.2681337372665,38.35081444578295,845.237088093391,39.96895435612453,39.96895435612453
95_png.rf.42f0772809f559cf65a74a06f90e2684_roi_34.png,95.png,1604,0.9231773614883423,821.7853878243832,35.21827623716523,850.599731801203,28.814343976819828,28.814343976819828
141_png.rf.491e5a4c500bc47a609e08980408d66c_roi_11.png,141.png,2512,0.9230294823646545,613.2536652357074,36.69096714879736,613.588030036204,0.3343648004965871,0.3343648004965871
118_png.rf.55a01e17df553b816f0981b14bd0a2fa_roi_18.png,118.png,2107,0.9229133725166321,664.4603069102948,39.99825608554181,694.429116249215,29.96880933892021,29.96880933892021
136_png.rf.7a735b709fa85d325c66be549f2953fe_roi_2.png,136.png,2441,0.9228901267051697,632.1050662548657,36.018277004068906,678.348446150579,46.24337989571325,46.24337989571325
12_png.rf.49dc252058487427cd943ed38c5d8627_roi_23.png,12.png,495,0.9228560924530029,697.8224603941685,38.27992115420738,716.817066463947,18.994606069778456,18.994606069778456
143_png.rf.c3e3d6a7b2f10bce3af6568db51c3ab9_roi_36.png,143.png,19,0.9228017926216125,595.7301595979127,31.230446650277777,617.089144293619,21.35898469570634,21.35898469570634
17_png.rf.90e990b683301d2fed43404a308c5140_roi_1.png,17.png,543,0.9225997924804688,620.4481573605115,34.85266917487142,644.08731204145,23.639154680938532,23.639154680938532
141_png.rf.491e5a4c500bc47a609e08980408d66c_roi_25.png,141.png,2502,0.9225871562957764,611.1418943171333,38.64786854858173,618.219363452066,7.077469134932699,7.077469134932699
150_png.rf.5ef32cd27346163ba4df997dac47f9ae_roi_20.png,150.png,275,0.9224985837936401,552.838402768509,30.1588487171986,567.033016277445,14.194613508935959,14.194613508935959
103_png.rf.b9743a889c7194da0b8dce5c5b632bbc_roi_1.png,103.png,1770,0.9224782586097717,871.2486578751984,44.37614512771711,928.94388330378,57.69522542858158,57.69522542858158
116_png.rf.31f3bd809826aa89c4df5b576dde5220_roi_36.png,116.png,2069,0.9223300814628601,667.9429073609828,41.755953329885344,692.790583885625,24.847676524642225,24.847676524642225
140_png.rf.18ec71dd3e97ae820fb4e7753bfbec3e_roi_22.png,140.png,2499,0.9222177267074585,660.431107671832,42.86666967178043,687.470521620674,27.039413948842025,27.039413948842025
94_png.rf.49891f2386b2bd0dae3124e2b7a1112a_roi_31.png,94.png,1575,0.9221574068069458,860.0822051736437,42.6461657411672,931.575516249216,71.49331107557225,71.49331107557225
119_png.rf.497c650b0290be25e8f041e87b86f7f7_roi_0.png,119.png,2112,0.9221426248550415,785.1562833277022,38.98554296848034,834.98479346485,49.82851013714776,49.82851013714776
15_png.rf.b5104b9c207ec5a13eb374db463ccad9_roi_17.png,15.png,526,0.9220632314682007,522.3340882639958,28.159299329968764,544.939395783463,22.60530751946726,22.60530751946726
121_png.rf.49e7ff8713556ad7cc37d311e25762ea_roi_35.png,121.png,2177,0.9220067262649536,788.8731736031879,36.19918037262399,820.074503625919,31.2013300227311,31.2013300227311
124_png.rf.144d1a960a56ef39d10c4e62e12a454f_roi_9.png,124.png,2262,0.9218392372131348,571.0785506378602,37.552236542541856,614.347054566109,43.26850392824883,43.26850392824883
93_png.rf.b21584f50d6c3347de640ab82eae1dee_roi_0.png,93.png,1547,0.9218069911003113,874.5480455912154,42.53428595550618,899.825531781744,25.27748619052852,25.27748619052852
120_png.rf.4511382e2372fd66448504ae75698502_roi_7.png,120.png,2148,0.921726405620575,758.539017853334,34.49477142365579,798.85105094019,40.31203308685599,40.31203308685599
92_png.rf.80ea001d686c323f4ac8f2ee5ef69ad9_roi_38.png,92.png,1522,0.9216349720954895,880.3638281306347,41.11355773078191,951.143801298534,70.77997316789924,70.77997316789924
140_png.rf.18ec71dd3e97ae820fb4e7753bfbec3e_roi_8.png,140.png,2484,0.9215559363365173,624.8258310424126,41.36479922896892,664.443651374268,39.617820331855455,39.617820331855455
62_png.rf.beb309695495d75acd96567a6b6510bc_roi_5.png,62.png,919,0.9214800000190735,639.3723326711211,31.8088939278073,675.753838340315,36.381505669193984,36.381505669193984
107_png.rf.6215e321ee35ac2198cab08ebff50b91_roi_22.png,107.png,1860,0.9214541912078857,771.9551690926238,37.08792884216365,794.313539033582,22.35836994095814,22.35836994095814
134_png.rf.004aee1bacac1673bfbc037b834a310b_roi_2.png,134.png,2429,0.9213764071464539,631.2950326684582,34.50620560499522,667.474245568732,36.1792129002738,36.1792129002738
110_png.rf.f1695d5abb6a86459ef7744b76a07589_roi_24.png,110.png,1926,0.9213107824325562,622.5796071040387,37.720193725191486,619.47320188038,-3.106405223658726,3.106405223658726
63_png.rf.1b23e63a8895068458c0232cd4607ada_roi_3.png,63.png,933,0.9211822748184204,649.3032598020877,33.68597514218545,650.166398836307,0.8631390342193299,0.8631390342193299
121_png.rf.49e7ff8713556ad7cc37d311e25762ea_roi_42.png,121.png,2171,0.9211340546607971,767.9986039462797,36.5839274047271,830.92618620424,62.92758225796035,62.92758225796035
61_png.rf.e55ce5a3101fec23419760cfe9572677_roi_3.png,61.png,908,0.9211130142211914,569.0663931349478,27.449037005016656,592.820963992948,23.754570858000193,23.754570858000193
105_png.rf.2038c199fbe085aed32df6eb357079f4_roi_30.png,105.png,1823,0.9211079478263855,812.299316266128,36.65767214184144,795.346800716689,-16.952515549439,16.952515549439
114_png.rf.82ce6f7cb0b6f79807e0efb6891ebbad_roi_9.png,114.png,2012,0.9210050106048584,809.732939679754,39.13315907955974,868.155869516791,58.42292983703692,58.42292983703692
152_png.rf.39c63859049503978a692da8d573f11d_roi_33.png,152.png,311,0.9210022687911987,740.9972522516099,35.38489196163214,756.872297672616,15.87504542100612,15.87504542100612
108_png.rf.160624ea8bde3c8593ffcc9ddb55a11d_roi_12.png,108.png,1881,0.9209569692611694,776.7483953012668,36.86310879667784,785.328582140088,8.580186838821191,8.580186838821191
49_png.rf.7b6be40490eb63cd475ec3f1272052ea_roi_10.png,49.png,799,0.9208831787109375,604.2988171666393,25.87730261851583,578.256916799523,-26.04190036711634,26.04190036711634
18_png.rf.8dc36dd51f5ef8f7f16f7f069f027de6_roi_12.png,18.png,555,0.9206408858299255,750.9123208930673,35.130746741674635,764.412637153202,13.500316260134696,13.500316260134696
135_png.rf.16d557f9254fd49aa1fd6943d75c43a9_roi_7.png,135.png,2432,0.9205713868141174,597.5147401167402,34.694717322717,647.106774888249,49.59203477150879,49.59203477150879
144_png.rf.a5a2a2c438edbf198ffa6a10f317e83d_roi_15.png,144.png,45,0.9205068945884705,787.9591408906722,37.107064511686026,809.702733518511,21.74359262783878,21.74359262783878
111_png.rf.8fe543cf12ca100b887933e93b334b92_roi_15.png,111.png,1947,0.920447051525116,619.4963530228656,38.80661978607801,637.63703061805,18.140677595184343,18.140677595184343
31_png.rf.8c44aa894a4794a3b8219900d8410790_roi_8.png,31.png,690,0.920421838760376,519.0635025041954,28.469878093010244,492.771026992131,-26.292475512064414,26.292475512064414
135_png.rf.16d557f9254fd49aa1fd6943d75c43a9_roi_4.png,135.png,2434,0.9203795194625854,660.3087567575429,36.48319257815328,709.898632936664,49.589876179121006,49.589876179121006
95_png.rf.42f0772809f559cf65a74a06f90e2684_roi_25.png,95.png,1600,0.9203581809997559,847.5121917844057,39.622551328406296,895.503737204854,47.99154542044835,47.99154542044835
177_png.rf.7d111caca2be9c02b4c09af0069e3b04_roi_2.png,177.png,1433,0.920343816280365,497.77110108348165,26.576422910736337,527.734389257084,29.963288173602336,29.963288173602336
114_png.rf.82ce6f7cb0b6f79807e0efb6891ebbad_roi_2.png,114.png,2011,0.9203254580497742,818.0878075022159,42.20092891814776,868.486903044073,50.39909554185704,50.39909554185704
120_png.rf.4511382e2372fd66448504ae75698502_roi_29.png,120.png,2152,0.9201480746269226,770.844192477189,36.15967020656622,830.423755729802,59.57956325261296,59.57956325261296
173_png.rf.0867fc12b7d4d1126ffa2cb1d29a36d3_roi_1.png,173.png,1370,0.9201043248176575,667.3949196795432,33.75317303932115,682.150459355721,14.755539676177705,14.755539676177705
115_png.rf.4e7d2dcc137306ce0a4845f84fae0b70_roi_7.png,115.png,2038,0.9200648665428162,790.3670998928709,40.5394077716338,829.293536571355,38.92643667848415,38.92643667848415
123_png.rf.0c588dbfcff4253201b9ca4de4e9e251_roi_26.png,123.png,2236,0.9200000166893005,543.1235744888993,32.39710013499268,571.990186986159,28.866612497259666,28.866612497259666
111_png.rf.8fe543cf12ca100b887933e93b334b92_roi_39.png,111.png,1954,0.919902503490448,633.1023227873212,39.28696384950575,662.15418330378,29.05186051645876,29.05186051645876
99_png.rf.2f98932bb0145b858dd8d04d300acba8_roi_10.png,99.png,1672,0.9198982119560242,893.6655033750039,41.25974903604256,925.550089862353,31.88458648734911,31.88458648734911
211_png.rf.31aa4a97aa88d5fb954271f5ab741a85_roi_17.png,211.png,2705,0.9197849631309509,342.0469610010072,20.83272024455324,317.502698836307,-24.54426216470023,24.54426216470023
14_png.rf.c25a6dade4d855368be01104eaa5b4d8_roi_9.png,14.png,510,0.919773519039154,683.9638052618494,33.14103997960647,707.289517994754,23.32571273290455,23.32571273290455
244_png.rf.5bcc8a2e036202b828c2fe7081b01a74_roi_24.png,244.png,2734,0.9196991324424744,921.5626898887976,46.389908470482965,967.539566543829,45.97687665503133,45.97687665503133
55_png.rf.5513469446ec6f819ff77d98dcf354ec_roi_7.png,55.png,848,0.9195862412452698,514.5504597154504,30.89017171612076,474.510240779119,-40.04021893633143,40.04021893633143
115_png.rf.4e7d2dcc137306ce0a4845f84fae0b70_roi_8.png,115.png,2034,0.9195402264595032,768.5806021497488,36.2011123060711,804.211274306402,35.63067215665319,35.63067215665319
133_png.rf.e6e7993f16b609c53d0b09b6393aaca3_roi_2.png,133.png,2423,0.9195402264595032,815.7287034096656,37.4333360288294,873.475931781744,57.747228372078325,57.747228372078325
138_png.rf.908dcbe578186eb4dceaf9330c729cfb_roi_6.png,138.png,2465,0.9194879531860352,778.8244754816855,37.47133959299046,823.119912642755,44.29543716106957,44.29543716106957
92_png.rf.80ea001d686c323f4ac8f2ee5ef69ad9_roi_4.png,92.png,1539,0.9194007515907288,836.9227249385484,42.42497020107996,926.215292883004,89.29256794445564,89.29256794445564
141_png.rf.491e5a4c500bc47a609e08980408d66c_roi_3.png,141.png,2501,0.9190694689750671,599.7754203668618,37.88936052762971,614.032656311648,14.257235944786203,14.257235944786203
257_png.rf.d0e9b62c92e89f70b1ab6feac50e3c89_roi_18.png,257.png,2778,0.918972373008728,955.0338332809227,45.56531441677711,966.045072440672,11.011239159749266,11.011239159749266
128_png.rf.bff9aea834e0f8c141fb97e07d16c917_roi_40.png,128.png,2350,0.9189644455909729,528.8812007732726,36.14744867941079,550.693331781743,21.812131008470487,21.812131008470487
140_png.rf.18ec71dd3e97ae820fb4e7753bfbec3e_roi_15.png,140.png,2487,0.9188741445541382,604.351171200437,43.72765035033875,617.166719731522,12.815548531085028,12.815548531085028
144_png.rf.a5a2a2c438edbf198ffa6a10f317e83d_roi_21.png,144.png,52,0.918816328048706,755.896799999546,34.71537847872668,790.369638705386,34.47283870583999,34.47283870583999
110_png.rf.f1695d5abb6a86459ef7744b76a07589_roi_41.png,110.png,1933,0.9187620878219604,619.1621307203518,39.171818211382366,649.03617967786,29.874048957508194,29.874048957508194
117_png.rf.332c11b1d4dd1aa4ece43456d90ba521_roi_1.png,117.png,2073,0.918695330619812,595.5281635447576,38.37956955584193,619.529998254461,24.001834709703417,24.001834709703417
111_png.rf.8fe543cf12ca100b887933e93b334b92_roi_16.png,111.png,1944,0.9186251163482666,566.1386781348998,36.20738125176523,582.459951522036,16.321273387136216,16.321273387136216
93_png.rf.b21584f50d6c3347de640ab82eae1dee_roi_31.png,93.png,1564,0.9184873700141907,893.6690983661119,42.48203416374763,958.918216831063,65.24911846495104,65.24911846495104
129_png.rf.61b7c9fa0db10241e1b256d4f4a66143_roi_14.png,129.png,2383,0.91845703125,546.575997739115,34.16343071286975,606.877010766337,60.301013027221984,60.301013027221984
109_png.rf.c8dd17e858d1df0c04a8d6524de5fe76_roi_38.png,109.png,1895,0.918367326259613,751.758948825229,32.26256785399811,814.988517412908,63.229568587678955,63.229568587678955
152_png.rf.39c63859049503978a692da8d573f11d_roi_19.png,152.png,308,0.918367326259613,766.0168586302949,37.88784044901608,773.728627573978,7.711768943683069,7.711768943683069
136_png.rf.7a735b709fa85d325c66be549f2953fe_roi_0.png,136.png,2443,0.9183451533317566,608.7155564745426,36.45529937160144,652.039007251838,43.32345077729542,43.32345077729542
121_png.rf.49e7ff8713556ad7cc37d311e25762ea_roi_7.png,121.png,2167,0.9182419180870056,757.0082027240752,35.95007830366402,826.661903625919,69.65370090184376,69.65370090184376
99_png.rf.2f98932bb0145b858dd8d04d300acba8_roi_33.png,99.png,1690,0.9182189702987671,853.7248505937158,41.27182051881429,910.64293598951,56.91808539579415,56.91808539579415
128_png.rf.bff9aea834e0f8c141fb97e07d16c917_roi_38.png,128.png,2347,0.9182057976722717,557.1660804625296,34.44022480563534,583.590170680483,26.424090217953335,26.424090217953335
129_png.rf.61b7c9fa0db10241e1b256d4f4a66143_roi_5.png,129.png,2364,0.9180309176445007,578.6213326506372,36.480929699128666,614.734884467472,36.11355181683484,36.11355181683484
256_png.rf.18d3c3ddc6e345fc5391481cf087f656_roi_39.png,256.png,2754,0.9179289937019348,957.0001802468712,45.51351112007983,1000.34362088644,43.343440639568826,43.343440639568826
24_png.rf.50b47caa78e1b88c004d45f806f8a3d5_roi_3.png,24.png,622,0.9179192781448364,786.27694956807,46.31495875195824,784.352116831063,-1.9248327370070228,1.9248327370070228
97_png.rf.f4e8ad3bada447eb1ef57ab4eee50c1f_roi_26.png,97.png,1644,0.9178155660629272,831.4760407060231,38.65754613033129,864.200102462227,32.72406175620392,32.72406175620392
91_png.rf.0a273fe102d97aae48f032d48b5a851a_roi_9.png,91.png,1502,0.9177681803703308,812.2913638818627,39.17946489545327,881.19355094019,68.90218705832729,68.90218705832729
141_png.rf.491e5a4c500bc47a609e08980408d66c_roi_30.png,141.png,2513,0.9176772832870483,613.8043229656677,39.73519140917234,684.569818628252,70.76549566258439,70.76549566258439
20_png.rf.850033e7c361b1f2fd8e68b838ece0d8_roi_4.png,20.png,576,0.9176650643348694,577.2325294478622,34.31653157351909,590.97260907757,13.740079629707793,13.740079629707793
93_png.rf.b21584f50d6c3347de640ab82eae1dee_roi_42.png,93.png,1558,0.9176371693611145,875.1184512974775,40.04943080695167,912.218789248312,37.1003379508345,37.1003379508345
62_png.rf.beb309695495d75acd96567a6b6510bc_roi_3.png,62.png,918,0.9174844026565552,658.4347460409073,30.036473480114797,672.419977239055,13.985231198147744,13.985231198147744
60_png.rf.a000903d437e210d51f99e68ebbad4fb_roi_2.png,60.png,903,0.9174311757087708,710.5658275194495,40.1145540265685,726.857803044073,16.291975524623467,16.291975524623467
129_png.rf.61b7c9fa0db10241e1b256d4f4a66143_roi_31.png,129.png,2381,0.9174082279205322,584.3207685338668,35.90033012504113,610.682159937567,26.361391403700168,26.361391403700168
117_png.rf.332c11b1d4dd1aa4ece43456d90ba521_roi_26.png,117.png,2088,0.9174023866653442,583.5999264171205,35.662314314319666,617.366517412909,33.76659099578853,33.76659099578853
26_png.rf.77b1a871caec1696c0c42414a7adefc8_roi_16.png,26.png,635,0.9173340201377869,715.1644703166548,32.62849489614792,731.940653290997,16.77618297434219,16.77618297434219
95_png.rf.42f0772809f559cf65a74a06f90e2684_roi_28.png,95.png,1596,0.9172955751419067,865.1477643485722,40.17007435004791,935.234528147053,70.08676379848077,70.08676379848077
117_png.rf.332c11b1d4dd1aa4ece43456d90ba521_roi_16.png,117.png,2080,0.9171198010444641,620.6515030351995,39.65656687624625,629.782292883003,9.130789847803499,9.130789847803499
141_png.rf.491e5a4c500bc47a609e08980408d66c_roi_13.png,141.png,2515,0.9171010255813599,590.5162558400375,34.261601332321405,627.150659937567,36.634404097529455,36.634404097529455
8_png.rf.948823bca27201cd701a09c4a0aeff25_roi_0.png,8.png,449,0.9170239567756653,720.0130569883547,40.22139167938128,745.061792883003,25.048735894648303,25.048735894648303
103_png.rf.b9743a889c7194da0b8dce5c5b632bbc_roi_4.png,103.png,1781,0.9169723391532898,878.0482979024968,41.99493615205074,931.512837144431,53.46453924193429,53.46453924193429
118_png.rf.55a01e17df553b816f0981b14bd0a2fa_roi_38.png,118.png,2110,0.9169054627418518,641.7114404176535,39.948654266201366,638.065021620674,-3.6464187969795603,3.6464187969795603
233_png.rf.2b58d11f6910e50a1a7c57dfb7968557_roi_0.png,233.png,2710,0.9168692827224731,780.9180042766272,33.503462836167024,771.996953601504,-8.921050675123297,8.921050675123297
126_png.rf.83f4d29ee84bd0966ec6d1b6d6836ac1_roi_42.png,126.png,2303,0.9167622327804565,735.5215775084323,32.01146077632154,756.307188093392,20.785610584959727,20.785610584959727
111_png.rf.8fe543cf12ca100b887933e93b334b92_roi_33.png,111.png,1956,0.9167404770851135,585.7355323055606,35.085225187562294,579.448791747541,-6.286740558019574,6.286740558019574
129_png.rf.61b7c9fa0db10241e1b256d4f4a66143_roi_4.png,129.png,2368,0.9165812134742737,565.9112492480914,33.97416705661306,565.409706669991,-0.5015425781003842,0.5015425781003842
123_png.rf.0c588dbfcff4253201b9ca4de4e9e251_roi_33.png,123.png,2239,0.9165751934051514,553.8249790247429,39.667189828652326,594.738608415531,40.91362939078806,40.91362939078806
111_png.rf.8fe543cf12ca100b887933e93b334b92_roi_17.png,111.png,1946,0.9165013432502747,599.7328904628197,37.53714027603935,606.16128330378,6.428392840960328,6.428392840960328
111_png.rf.8fe543cf12ca100b887933e93b334b92_roi_26.png,111.png,1962,0.9164759516716003,656.0222835672992,38.86536348011132,684.410897672615,28.38861410531581,28.38861410531581
111_png.rf.8fe543cf12ca100b887933e93b334b92_roi_9.png,111.png,1935,0.9162865877151489,583.6355111629638,36.96338277004123,583.824246732425,0.18873556946118697,0.18873556946118697
11_png.rf.06e04b9b157f1751a682bb1ea3aaf986_roi_0.png,11.png,472,0.9162415862083435,683.9013820448931,36.06825808228144,654.579560358258,-29.321821686635076,29.321821686635076
141_png.rf.491e5a4c500bc47a609e08980408d66c_roi_24.png,141.png,2505,0.9162001013755798,616.2060387245064,40.20046106019564,638.824046150579,22.61800742607261,22.61800742607261
120_png.rf.4511382e2372fd66448504ae75698502_roi_26.png,120.png,2155,0.916083037853241,771.9107748928345,33.316583226488724,819.178360519414,47.26758562657949,47.26758562657949
150_png.rf.5ef32cd27346163ba4df997dac47f9ae_roi_23.png,150.png,272,0.9159128069877625,567.8285539836382,29.32544270397686,596.976528728898,29.147974745259717,29.147974745259717
259_png.rf.87675763f1552916772a6119f6ff6c71_roi_25.png,259.png,2795,0.9159051179885864,1010.591092736762,49.08453849675885,1075.44253656258,64.85144382581802,64.85144382581802
140_png.rf.18ec71dd3e97ae820fb4e7753bfbec3e_roi_6.png,140.png,2482,0.9158825278282166,620.5491912481577,38.19023668103858,661.782988675237,41.23379742707925,41.23379742707925
101_png.rf.c4bf71f43d058b555a715c3e9695be8b_roi_19.png,101.png,1714,0.9157561659812927,822.2287593328679,33.93266957876543,837.028798827536,14.800039494668113,14.800039494668113
143_png.rf.c3e3d6a7b2f10bce3af6568db51c3ab9_roi_7.png,143.png,6,0.9157392978668213,735.417029143151,32.64660877059704,783.318855147956,47.901826004805,47.901826004805
145_png.rf.cb189c4b5913bc8fcb53703f1d06d8fa_roi_1.png,145.png,59,0.915703535079956,830.5672065715249,34.87538544072723,817.531495955307,-13.035710616217898,13.035710616217898
119_png.rf.497c650b0290be25e8f041e87b86f7f7_roi_27.png,119.png,2120,0.9157001972198486,815.5112444235422,38.5389468824516,847.965678514168,32.454434090625796,32.454434090625796
117_png.rf.332c11b1d4dd1aa4ece43456d90ba521_roi_23.png,117.png,2085,0.91567063331604,637.5008959257954,40.50533933356037,694.988343097734,57.487447171938584,57.487447171938584
140_png.rf.18ec71dd3e97ae820fb4e7753bfbec3e_roi_12.png,140.png,2492,0.9155230522155762,537.3341497418779,34.665903690748195,557.046655729802,19.712505987924033,19.712505987924033
5_png.rf.7e4dddd1d1d7055c901a3636e13f5793_roi_11.png,5.png,426,0.9153728485107422,719.2592561022678,37.524172557871445,720.544640197274,1.2853840950061795,1.2853840950061795
137_png.rf.fb5c25dce1b41853ef65d16e882cdb0b_roi_0.png,137.png,2449,0.915219783782959,762.6937509763728,35.873215359971354,797.15572220252,34.46197122614717,34.46197122614717
101_png.rf.c4bf71f43d058b555a715c3e9695be8b_roi_2.png,101.png,1723,0.9152184724807739,819.2644526290144,33.915057315415346,798.965651513266,-20.298801115748347,20.298801115748347
124_png.rf.144d1a960a56ef39d10c4e62e12a454f_roi_18.png,124.png,2269,0.9151602387428284,527.1861390381716,34.18349259345745,563.902410152298,36.71627111412636,36.71627111412636
57_png.rf.8f487a26af5047f2a1caf0288f3e993b_roi_26.png,57.png,871,0.914993405342102,648.4913062659512,30.19744475058334,637.359657498762,-11.131648767189176,11.131648767189176
18_png.rf.8dc36dd51f5ef8f7f16f7f069f027de6_roi_1.png,18.png,547,0.9149397015571594,526.5540668454034,24.24975222505833,484.550261734757,-42.003805110646454,42.003805110646454
102_png.rf.17ecda620c62893042cd19d261c2d15e_roi_19.png,102.png,1745,0.9148584604263306,819.274005714009,38.72693142275547,817.129480250936,-2.1445254630730233,2.1445254630730233
93_png.rf.b21584f50d6c3347de640ab82eae1dee_roi_24.png,93.png,1554,0.9147540926933289,889.5341235132753,43.27440619658899,958.351465044681,68.81734153140576,68.81734153140576
244_png.rf.5bcc8a2e036202b828c2fe7081b01a74_roi_12.png,244.png,2729,0.9147503972053528,1030.1726743484735,45.59472104045376,1018.34060905541,-11.832065293063465,11.832065293063465
143_png.rf.c3e3d6a7b2f10bce3af6568db51c3ab9_roi_45.png,143.png,15,0.9144848585128784,581.7266183317404,25.441697520096632,585.793812623296,4.067194291555666,4.067194291555666
202_png.rf.1536fc8a88228bb8324ac1a09adf0d09_roi_27.png,202.png,2684,0.9143407344818115,267.0428294635524,23.20365141818349,269.889485049318,2.8466555857656317,2.8466555857656317
127_png.rf.f5998eff46ab9c23d70c90ea9d4ca09a_roi_23.png,127.png,2320,0.9142212271690369,696.5766451557892,31.860542466455477,705.714672560864,9.138027405074808,9.138027405074808
31_png.rf.8c44aa894a4794a3b8219900d8410790_roi_11.png,31.png,698,0.9142091274261475,725.9246522560657,34.323394830740604,712.901460510642,-13.023191745423674,13.023191745423674
93_png.rf.b21584f50d6c3347de640ab82eae1dee_roi_41.png,93.png,1557,0.9142080545425415,848.3980179482995,40.20630439913197,829.117264718409,-19.28075322989048,19.28075322989048
99_png.rf.2f98932bb0145b858dd8d04d300acba8_roi_27.png,99.png,1679,0.9141305088996887,844.9083833242528,40.54221999860287,803.152358653684,-41.75602467056876,41.75602467056876
105_png.rf.2038c199fbe085aed32df6eb357079f4_roi_17.png,105.png,1814,0.9141131639480591,788.0044974408677,33.92960221513281,766.826800191303,-21.17769724956463,21.17769724956463
12_png.rf.49dc252058487427cd943ed38c5d8627_roi_17.png,12.png,489,0.9140478372573853,519.6154458429764,30.90921294569631,486.502505856533,-33.11293998644345,33.11293998644345
57_png.rf.8f487a26af5047f2a1caf0288f3e993b_roi_21.png,57.png,864,0.9139566421508789,562.9840759344315,28.01950318155465,573.652274306402,10.668198371970448,10.668198371970448
94_png.rf.49891f2386b2bd0dae3124e2b7a1112a_roi_2.png,94.png,1590,0.9139323234558105,880.8327423885881,43.844648756498174,937.969001298534,57.13625890994581,57.13625890994581
118_png.rf.55a01e17df553b816f0981b14bd0a2fa_roi_5.png,118.png,2089,0.9138649702072144,652.9050748533105,40.34269058335581,666.053153984263,13.14807913095251,13.14807913095251
256_png.rf.18d3c3ddc6e345fc5391481cf087f656_roi_32.png,256.png,2760,0.9138141870498657,865.485758190664,43.022240574221726,925.747140779121,60.26138258845697,60.26138258845697
97_png.rf.f4e8ad3bada447eb1ef57ab4eee50c1f_roi_21.png,97.png,1642,0.913773775100708,887.1640896653737,39.65327128466343,959.517604780841,72.3535151154673,72.3535151154673
104_png.rf.eb19faafbed5983b0cba70b7a044d4b2_roi_1.png,104.png,1794,0.9137709140777588,798.6324541207097,40.975542360774384,847.206653984264,48.57419986355433,48.57419986355433
140_png.rf.18ec71dd3e97ae820fb4e7753bfbec3e_roi_25.png,140.png,2493,0.9137238264083862,616.4548417054928,40.91917006932435,668.935498254462,52.48065654896925,52.48065654896925
111_png.rf.8fe543cf12ca100b887933e93b334b92_roi_43.png,111.png,1964,0.9135291576385498,600.4037896672398,37.254821239691445,631.768494046696,31.364704379456157,31.364704379456157
143_png.rf.c3e3d6a7b2f10bce3af6568db51c3ab9_roi_29.png,143.png,31,0.9134785532951355,720.4787396134091,34.12434619130191,762.523393464849,42.04465385143999,42.04465385143999
257_png.rf.d0e9b62c92e89f70b1ab6feac50e3c89_roi_1.png,257.png,2773,0.9134405851364136,782.2617312309467,44.40897234227691,793.61259046797,11.350859237023315,11.350859237023315
112_png.rf.6c97f0189ea80fec5eb32c7787ddafbc_roi_56.png,112.png,1991,0.9133776426315308,658.6263884176823,41.21210463034008,668.101318628252,9.47493021056971,9.47493021056971
111_png.rf.8fe543cf12ca100b887933e93b334b92_roi_27.png,111.png,1959,0.9133042693138123,604.4136385434296,36.6649290334914,588.933758773874,-15.47987976955551,15.47987976955551
24_png.rf.50b47caa78e1b88c004d45f806f8a3d5_roi_0.png,24.png,618,0.913294792175293,792.107726741166,39.5286792720128,795.072563563487,2.9648368223211037,2.9648368223211037
138_png.rf.908dcbe578186eb4dceaf9330c729cfb_roi_17.png,138.png,2455,0.9132514595985413,803.8127745957056,41.21555739779758,858.874157466569,55.06138287086344,55.06138287086344
110_png.rf.f1695d5abb6a86459ef7744b76a07589_roi_25.png,110.png,1929,0.9130275249481201,591.8591823600406,35.71222739878277,600.704102462226,8.844920102185483,8.844920102185483
139_png.rf.b31bb426801c1937eccc9821dfe61214_roi_32.png,139.png,2481,0.913007378578186,729.7396277138886,35.75221956026945,780.761661674335,51.02203396044638,51.02203396044638
110_png.rf.f1695d5abb6a86459ef7744b76a07589_roi_22.png,110.png,1923,0.9129460453987122,574.2985548792092,38.46049700205344,604.425793464849,30.127238585639816,30.127238585639816
130_png.rf.901f918f4884e1fdac6e82ec416390b1_roi_36.png,130.png,2394,0.9128901362419128,563.3732721143223,33.63819703757803,620.660217412908,57.28694529858569,57.28694529858569
112_png.rf.6c97f0189ea80fec5eb32c7787ddafbc_roi_26.png,112.png,1978,0.9128651022911072,642.4880959961574,37.31493512796378,666.053153984263,23.565057988105536,23.565057988105536
143_png.rf.c3e3d6a7b2f10bce3af6568db51c3ab9_roi_2.png,143.png,2,0.9124781489372253,620.3337148746365,28.08966603060359,642.157907251838,21.824192377201484,21.824192377201484
121_png.rf.49e7ff8713556ad7cc37d311e25762ea_roi_39.png,121.png,2174,0.912462592124939,772.6993713079253,31.729210652171226,809.862370098637,37.162998790711754,37.162998790711754
129_png.rf.61b7c9fa0db10241e1b256d4f4a66143_roi_3.png,129.png,2370,0.9122275114059448,611.7668797086636,38.55221814235294,653.129065309026,41.36218560036241,41.36218560036241
95_png.rf.42f0772809f559cf65a74a06f90e2684_roi_18.png,95.png,1607,0.91222083568573,872.1600339642288,36.81990286906464,905.597110877758,33.43707691352927,33.43707691352927
140_png.rf.18ec71dd3e97ae820fb4e7753bfbec3e_roi_18.png,140.png,2494,0.9121737480163574,636.2949191047129,39.15041815515002,657.827221620673,21.532302515960055,21.532302515960055
107_png.rf.6215e321ee35ac2198cab08ebff50b91_roi_11.png,107.png,1865,0.9120461344718933,784.4159270255585,37.7123561295431,809.642801178342,25.226874152783466,25.226874152783466
130_png.rf.901f918f4884e1fdac6e82ec416390b1_roi_41.png,130.png,2402,0.9117247462272644,531.338954141262,32.89915577259573,561.70465094019,30.36569679892807,30.36569679892807
92_png.rf.80ea001d686c323f4ac8f2ee5ef69ad9_roi_2.png,92.png,1540,0.9115462303161621,939.4775069034494,40.268317887634986,932.626421030057,-6.8510858733923214,6.8510858733923214
101_png.rf.c4bf71f43d058b555a715c3e9695be8b_roi_43.png,101.png,1719,0.9114946126937866,825.2688091509847,41.98392404655913,835.727182721934,10.458373570949334,10.458373570949334
113_png.rf.e3028a1dab303081c21db80950b8398c_roi_5.png,113.png,1996,0.9114062786102295,817.9065837370433,40.884427307421554,878.133926992132,60.227343255088726,60.227343255088726
116_png.rf.31f3bd809826aa89c4df5b576dde5220_roi_51.png,116.png,2052,0.9113233089447021,611.7384709067471,40.53641055174984,617.834669516791,6.096198610043871,6.096198610043871
152_png.rf.39c63859049503978a692da8d573f11d_roi_23.png,152.png,305,0.9108000993728638,683.1962163652495,33.41061284704446,688.794655729802,5.598439364552519,5.598439364552519
202_png.rf.1536fc8a88228bb8324ac1a09adf0d09_roi_7.png,202.png,2692,0.9105154275894165,408.4235235323284,20.67863015862477,347.848226992131,-60.57529654019737,60.57529654019737
31_png.rf.8c44aa894a4794a3b8219900d8410790_roi_6.png,31.png,691,0.9104679226875305,627.8159025296374,34.479792443988615,635.24535136088,7.4294488312426665,7.4294488312426665
125_png.rf.0cd17c5aff1f4162dfb2c73cb9991f3e_roi_27.png,125.png,2287,0.9102932214736938,721.8124521415438,41.01601260222393,799.993030465666,78.18057832412228,78.18057832412228
94_png.rf.49891f2386b2bd0dae3124e2b7a1112a_roi_39.png,94.png,1577,0.9102685451507568,881.316431995772,42.22718379986662,867.477167189406,-13.839264806365918,13.839264806365918
134_png.rf.004aee1bacac1673bfbc037b834a310b_roi_8.png,134.png,2428,0.9102393388748169,593.9735207577043,34.16358154441846,639.442816137795,45.469295380090784,45.469295380090784
108_png.rf.160624ea8bde3c8593ffcc9ddb55a11d_roi_19.png,108.png,1879,0.9102274179458618,768.8571029429484,34.46369304126293,829.889788555046,61.03268561209768,61.03268561209768
128_png.rf.bff9aea834e0f8c141fb97e07d16c917_roi_12.png,128.png,2345,0.9102107882499695,583.4530497498782,37.945178697348965,612.742800573075,29.289750823196755,29.289750823196755
126_png.rf.83f4d29ee84bd0966ec6d1b6d6836ac1_roi_14.png,126.png,2305,0.9101502895355225,747.6777298858273,35.37051477464964,784.917226410285,37.23949652445776,37.23949652445776
109_png.rf.c8dd17e858d1df0c04a8d6524de5fe76_roi_8.png,109.png,1892,0.9099447727203369,784.4429685298223,35.748773408778746,862.795646150579,78.35267762075671,78.35267762075671
140_png.rf.18ec71dd3e97ae820fb4e7753bfbec3e_roi_10.png,140.png,2489,0.909883975982666,601.4163903026505,39.5404418144317,621.790436571354,20.374046268703523,20.374046268703523
105_png.rf.2038c199fbe085aed32df6eb357079f4_roi_47.png,105.png,1835,0.9096815586090088,795.6511306678912,38.08759732343168,848.393669516792,52.742538848900836,52.742538848900836
94_png.rf.49891f2386b2bd0dae3124e2b7a1112a_roi_14.png,94.png,1578,0.9096153974533081,862.1433760915876,40.40019207267824,894.682749194652,32.53937310306446,32.53937310306446
109_png.rf.c8dd17e858d1df0c04a8d6524de5fe76_roi_26.png,109.png,1901,0.9094814658164978,734.5796547259489,34.23167616991744,781.349289257084,46.769634531135125,46.769634531135125
128_png.rf.bff9aea834e0f8c141fb97e07d16c917_roi_4.png,128.png,2336,0.909383237361908,595.7720936615184,33.430481362233444,626.876422784366,31.104329122847616,31.104329122847616
152_png.rf.39c63859049503978a692da8d573f11d_roi_30.png,152.png,300,0.9091874957084656,686.053132308696,31.43532831761746,721.103867045793,35.050734737096946,35.050734737096946
257_png.rf.d0e9b62c92e89f70b1ab6feac50e3c89_roi_23.png,257.png,2769,0.9091721773147583,983.0637270349894,48.938872525979534,999.303765942525,16.240038907535677,16.240038907535677
257_png.rf.d0e9b62c92e89f70b1ab6feac50e3c89_roi_51.png,257.png,2786,0.9091570377349854,971.7274138850754,44.650794156835225,963.50726100449,-8.220152880585374,8.220152880585374
130_png.rf.901f918f4884e1fdac6e82ec416390b1_roi_40.png,130.png,2406,0.9090211391448975,575.0223012350098,34.99731692174079,576.552261674335,1.5299604393252366,1.5299604393252366
259_png.rf.87675763f1552916772a6119f6ff6c71_roi_9.png,259.png,2798,0.908746063709259,930.9502970556996,48.59246679765453,991.598622775595,60.64832571989541,60.64832571989541
19_png.rf.aabc4ba10a41d7686e6d12be86adbf62_roi_0.png,19.png,567,0.9086576700210571,670.366345134402,37.427720277415695,691.226490993851,20.860145859449062,20.860145859449062
106_png.rf.573a9b71c29129dbc83682319da248b9_roi_4.png,106.png,1842,0.9086018204689026,808.2775457670261,36.81708729613759,812.445509742296,4.167963975269913,4.167963975269913
110_png.rf.f1695d5abb6a86459ef7744b76a07589_roi_32.png,110.png,1922,0.9085456132888794,605.6817614067236,38.42382034394043,650.868626992132,45.18686558540844,45.18686558540844
96_png.rf.5e3968fff8f9f8fdab30c8f999334f6f_roi_31.png,96.png,1625,0.908311665058136,863.4362919788616,39.66916947014274,947.804057466569,84.3677654877074,84.3677654877074
120_png.rf.4511382e2372fd66448504ae75698502_roi_9.png,120.png,2154,0.9081183075904846,720.4768093686222,30.04278823514812,806.505275369362,86.02846600073985,86.02846600073985
112_png.rf.6c97f0189ea80fec5eb32c7787ddafbc_roi_31.png,112.png,1984,0.9077019095420837,639.3885952954715,40.0253818107333,674.058509602644,34.66991430717246,34.66991430717246
99_png.rf.2f98932bb0145b858dd8d04d300acba8_roi_17.png,99.png,1674,0.9076677560806274,880.529016554743,41.444602316557365,922.259525828439,41.73050927369604,41.73050927369604
124_png.rf.144d1a960a56ef39d10c4e62e12a454f_roi_39.png,124.png,2252,0.9074074029922485,610.6183501312438,37.12073312738227,626.619828728899,16.00147859765525,16.00147859765525
109_png.rf.c8dd17e858d1df0c04a8d6524de5fe76_roi_5.png,109.png,1893,0.907390832901001,776.970409831512,36.86082359222544,802.846979096015,25.87656926450302,25.87656926450302
150_png.rf.5ef32cd27346163ba4df997dac47f9ae_roi_10.png,150.png,264,0.9073248505592346,562.7656351885289,26.90491381169984,569.484233578933,6.718598390404054,6.718598390404054
23_png.rf.eb33425f1552646a0744adb0080634ac_roi_2.png,23.png,609,0.9073171019554138,604.0021400465353,26.592419033785827,635.030657346377,31.028517299841724,31.028517299841724
118_png.rf.55a01e17df553b816f0981b14bd0a2fa_roi_27.png,118.png,2100,0.9070199131965637,627.2870307221435,41.02093677210096,635.527210184491,8.240179462347442,8.240179462347442
28_png.rf.40c0dd2c3a202e20adc268d7e72892df_roi_0.png,28.png,657,0.9069048166275024,581.8796007672903,27.124351270320577,477.966319029483,-103.91328173780732,103.91328173780732
98_png.rf.b77e65e183c8314ed4d321b2e0970f1f_roi_22.png,98.png,1651,0.9068719744682312,856.3201589064232,42.39996877193186,900.70503961543,44.38488070900678,44.38488070900678
102_png.rf.17ecda620c62893042cd19d261c2d15e_roi_4.png,102.png,1737,0.906818687915802,828.9639234476477,36.62979398087504,925.747140779121,96.78321733147322,96.78321733147322
124_png.rf.144d1a960a56ef39d10c4e62e12a454f_roi_3.png,124.png,2270,0.9067988395690918,588.1249866591658,35.12204369033032,606.629435407662,18.504448748496202,18.504448748496202
139_png.rf.b31bb426801c1937eccc9821dfe61214_roi_19.png,139.png,2477,0.9067144989967346,823.5881208108098,38.31877265891859,853.14862220252,29.560501391710204,29.560501391710204
5_png.rf.7e4dddd1d1d7055c901a3636e13f5793_roi_2.png,5.png,421,0.9065757989883423,701.9625070928902,37.09058552128126,694.291997672615,-7.6705094202751525,7.6705094202751525
150_png.rf.5ef32cd27346163ba4df997dac47f9ae_roi_26.png,150.png,271,0.9065347909927368,436.24054770656295,23.057559182561967,445.432050358343,9.19150265178007,9.19150265178007
99_png.rf.2f98932bb0145b858dd8d04d300acba8_roi_8.png,99.png,1667,0.9063708782196045,831.3097183002836,41.5182254024931,872.18607604317,40.8763577428864,40.8763577428864
143_png.rf.c3e3d6a7b2f10bce3af6568db51c3ab9_roi_46.png,143.png,10,0.9063674211502075,608.2555494448401,29.022151876252863,596.134046030386,-12.121503414454082,12.121503414454082
122_png.rf.617059b075a6f81cae0fd7788acdfed2_roi_40.png,122.png,2201,0.9062044024467468,614.7923035594779,36.99432984866981,661.976903625919,47.184600066441135,47.184600066441135
12_png.rf.49dc252058487427cd943ed38c5d8627_roi_16.png,12.png,490,0.9061864614486694,639.0676005766393,36.15091870651389,658.873982610513,19.806382033873774,19.806382033873774
31_png.rf.8c44aa894a4794a3b8219900d8410790_roi_9.png,31.png,697,0.9059602618217468,617.9822533933211,32.84876703851245,568.105736200294,-49.8765171930271,49.8765171930271
79_png.rf.5ec9f077f4d5af0f3ab029d7283bba4e_roi_39.png,79.png,1064,0.9058461785316467,638.560951767933,38.28031281663969,334.867341942812,-303.69360982512103,303.69360982512103
141_png.rf.491e5a4c500bc47a609e08980408d66c_roi_14.png,141.png,2517,0.905640184879303,612.939381049609,37.45345073485797,634.012297090768,21.072916041159033,21.072916041159033
119_png.rf.497c650b0290be25e8f041e87b86f7f7_roi_32.png,119.png,2127,0.9056186676025391,754.082974571142,37.51855211905961,828.429983674249,74.34700910310698,74.34700910310698
141_png.rf.491e5a4c500bc47a609e08980408d66c_roi_31.png,141.png,2511,0.9055811166763306,622.1438083145575,37.45042796229784,659.248313205142,37.10450489058451,37.10450489058451
108_png.rf.160624ea8bde3c8593ffcc9ddb55a11d_roi_21.png,108.png,1883,0.9055097103118896,734.0409503383646,31.45682509897184,763.587797552423,29.546847214058403,29.546847214058403
140_png.rf.18ec71dd3e97ae820fb4e7753bfbec3e_roi_13.png,140.png,2496,0.9055020213127136,616.3390078486091,39.56666588553474,623.994078514168,7.655070665558924,7.655070665558924
102_png.rf.17ecda620c62893042cd19d261c2d15e_roi_47.png,102.png,1762,0.9054762721061707,898.6349667848909,34.89835831768416,929.664777872554,31.02981108766312,31.02981108766312
112_png.rf.6c97f0189ea80fec5eb32c7787ddafbc_roi_42.png,112.png,1989,0.9054251909255981,633.7470050879182,37.27835215314312,660.846684467472,27.099679379553777,27.099679379553777
141_png.rf.491e5a4c500bc47a609e08980408d66c_roi_19.png,141.png,2523,0.9052631855010986,572.4444985761447,40.60141494864153,606.783189257084,34.338690680939294,34.338690680939294
14_png.rf.c25a6dade4d855368be01104eaa5b4d8_roi_8.png,14.png,509,0.9051637053489685,604.7093393944886,30.715809438365877,622.76690188038,18.05756248589148,18.05756248589148
116_png.rf.31f3bd809826aa89c4df5b576dde5220_roi_52.png,116.png,2050,0.9051112532615662,674.5672104470996,40.958966670580025,677.960616249215,3.393405802115467,3.393405802115467
91_png.rf.0a273fe102d97aae48f032d48b5a851a_roi_39.png,91.png,1510,0.9048917293548584,775.3868492025798,38.91029238421437,835.880936571355,60.49408736877524,60.49408736877524
49_png.rf.7b6be40490eb63cd475ec3f1272052ea_roi_0.png,49.png,794,0.90472811460495,778.33773385533,42.51907383982289,789.46924544854,11.131511593210007,11.131511593210007
93_png.rf.b21584f50d6c3347de640ab82eae1dee_roi_26.png,93.png,1565,0.9045617580413818,880.2568036558862,41.77629994754499,931.107364145333,50.85056048944682,50.85056048944682
175_png.rf.809573d6b32e2ea5b757d39421fb3e6a_roi_11.png,175.png,1388,0.9043963551521301,654.7920758215513,35.03116823314436,400.41030841553,-254.3817674060213,254.3817674060213
259_png.rf.87675763f1552916772a6119f6ff6c71_roi_4.png,259.png,2810,0.9043829441070557,974.5342895393584,43.84635351179032,995.722650811227,21.188361271868644,21.188361271868644
110_png.rf.f1695d5abb6a86459ef7744b76a07589_roi_40.png,110.png,1931,0.9043700098991394,583.6194729870206,36.485404098816616,593.842465309025,10.222992322004416,10.222992322004416
114_png.rf.82ce6f7cb0b6f79807e0efb6891ebbad_roi_10.png,114.png,2013,0.9043598175048828,790.7200869068395,37.64654393598612,815.30291566737,24.58282876053056,24.58282876053056
111_png.rf.8fe543cf12ca100b887933e93b334b92_roi_28.png,111.png,1957,0.9043372869491577,567.2560853353801,34.99988668115099,579.166251522036,11.910166186655829,11.910166186655829
118_png.rf.55a01e17df553b816f0981b14bd0a2fa_roi_6.png,118.png,2090,0.9041648507118225,648.7914335892706,40.55136867997189,658.392331199896,9.600897610625452,9.600897610625452
110_png.rf.f1695d5abb6a86459ef7744b76a07589_roi_38.png,110.png,1927,0.9040229916572571,625.7479682317011,37.08492112726028,640.365621038827,14.617652807125978,14.617652807125978
172_png.rf.f3457ec580e8349d69afeb37c6eae6f8_roi_6.png,172.png,1347,0.9039495587348938,752.549288234156,37.17104463978695,403.74416951679,-348.80511871736604,348.80511871736604
26_png.rf.77b1a871caec1696c0c42414a7adefc8_roi_12.png,26.png,640,0.9038000702857971,751.0253393361871,32.601972772365365,754.224029454359,3.1986901181718395,3.1986901181718395
202_png.rf.1536fc8a88228bb8324ac1a09adf0d09_roi_37.png,202.png,2681,0.903797447681427,343.2147419944023,20.955737487275275,338.332438889968,-4.8823031044343,4.8823031044343
113_png.rf.e3028a1dab303081c21db80950b8398c_roi_35.png,113.png,2003,0.903682291507721,757.0598280824647,33.461442751224375,751.891572007248,-5.168256075216732,5.168256075216732
103_png.rf.b9743a889c7194da0b8dce5c5b632bbc_roi_24.png,103.png,1783,0.9036585092544556,877.6987978815511,44.88811542976624,958.484343097734,80.78554521618298,80.78554521618298
135_png.rf.16d557f9254fd49aa1fd6943d75c43a9_roi_0.png,135.png,2436,0.903527557849884,641.3787116227581,33.18539173135918,661.395158773875,20.016447151116836,20.016447151116836
57_png.rf.8f487a26af5047f2a1caf0288f3e993b_roi_19.png,57.png,865,0.903293251991272,667.9655069040516,32.00588985971867,673.924526992132,5.959020088080365,5.959020088080365
8_png.rf.948823bca27201cd701a09c4a0aeff25_roi_12.png,8.png,445,0.9032787084579468,627.9329398044747,35.30808748821726,592.415490993851,-35.517448810623705,35.517448810623705
141_png.rf.491e5a4c500bc47a609e08980408d66c_roi_20.png,141.png,2521,0.903189480304718,615.2334330442914,40.95168930391519,615.765010184491,0.5315771401996017,0.5315771401996017
103_png.rf.b9743a889c7194da0b8dce5c5b632bbc_roi_44.png,103.png,1771,0.90284264087677,832.9191427860835,46.021071472310425,816.330294619771,-16.58884816631246,16.58884816631246
142_png.rf.6954e9787d8655c6e888927c9ae9ef63_roi_16.png,142.png,2536,0.9027623534202576,616.9448813342652,38.807898130657215,605.830249776497,-11.114631557768234,11.114631557768234
116_png.rf.31f3bd809826aa89c4df5b576dde5220_roi_24.png,116.png,2065,0.9019876718521118,605.8239568789874,42.08279340231795,629.936046732425,24.112089853437624,24.112089853437624
109_png.rf.c8dd17e858d1df0c04a8d6524de5fe76_roi_40.png,109.png,1894,0.9019461274147034,769.0335021377613,32.15874943205417,827.461089257084,58.427587119322766,58.427587119322766
130_png.rf.901f918f4884e1fdac6e82ec416390b1_roi_38.png,130.png,2405,0.9018683433532715,532.2116828944992,33.59384811402911,539.585055147955,7.373372253455841,7.373372253455841
63_png.rf.1b23e63a8895068458c0232cd4607ada_roi_23.png,63.png,938,0.901862382888794,598.2469398897722,31.08041122075411,610.117050358343,11.870110468570829,11.870110468570829
116_png.rf.31f3bd809826aa89c4df5b576dde5220_roi_45.png,116.png,2059,0.9017841815948486,596.2424447390858,39.15822116089983,648.67360945026,52.43116471117412,52.43116471117412
91_png.rf.0a273fe102d97aae48f032d48b5a851a_roi_8.png,91.png,1503,0.9016393423080444,830.8602058044919,38.39455635093544,882.969201880382,52.108996075890104,52.108996075890104
103_png.rf.b9743a889c7194da0b8dce5c5b632bbc_roi_6.png,103.png,1774,0.9013511538505554,916.7240302312164,46.81144528512862,966.030565309026,49.3065350778096,49.3065350778096
145_png.rf.cb189c4b5913bc8fcb53703f1d06d8fa_roi_18.png,145.png,81,0.9012500643730164,771.1927682845554,37.42933675961172,783.496134825817,12.30336654126154,12.30336654126154
102_png.rf.17ecda620c62893042cd19d261c2d15e_roi_41.png,102.png,1753,0.9011408686637878,838.1307591261013,36.33872746430692,852.155521620675,14.024762494573679,14.024762494573679
144_png.rf.a5a2a2c438edbf198ffa6a10f317e83d_roi_26.png,144.png,46,0.9011090397834778,795.5518880294035,36.66568526376776,811.067028728899,15.515140699495532,15.515140699495532
102_png.rf.17ecda620c62893042cd19d261c2d15e_roi_44.png,102.png,1760,0.901085376739502,842.5665703772745,35.65584010168186,860.478411459604,17.911841082329488,17.911841082329488
19_png.rf.aabc4ba10a41d7686e6d12be86adbf62_roi_5.png,19.png,573,0.9007015228271484,683.434149643944,35.386822638902174,707.63819461977,24.204044975826037,24.204044975826037
114_png.rf.82ce6f7cb0b6f79807e0efb6891ebbad_roi_44.png,114.png,2027,0.9006469249725342,780.1271418893026,37.085468811069454,791.019839033582,10.892697144279396,10.892697144279396
5_png.rf.7e4dddd1d1d7055c901a3636e13f5793_roi_12.png,5.png,425,0.9006054401397705,588.6289513806423,31.326802869332585,616.801407833684,28.17245645304172,28.17245645304172
112_png.rf.6c97f0189ea80fec5eb32c7787ddafbc_roi_55.png,112.png,1992,0.9004559516906738,597.9496354009218,41.40333255998871,625.92348330378,27.97384790285821,27.97384790285821
144_png.rf.a5a2a2c438edbf198ffa6a10f317e83d_roi_2.png,144.png,34,0.9004554152488708,806.6936002582833,35.730548519540015,829.673034272201,22.97943401391774,22.97943401391774
128_png.rf.bff9aea834e0f8c141fb97e07d16c917_roi_34.png,128.png,2339,0.9002656936645508,578.9014165234099,33.206968355116295,596.301985682816,17.400569159406132,17.400569159406132
124_png.rf.144d1a960a56ef39d10c4e62e12a454f_roi_15.png,124.png,2254,0.9002533555030823,590.0838861301285,35.40655293007261,619.102007251838,29.018121121709555,29.018121121709555
111_png.rf.8fe543cf12ca100b887933e93b334b92_roi_7.png,111.png,1937,0.9000598192214966,621.7305259765216,40.07498585724511,625.278051522036,3.547525545514418,3.547525545514418
65_png.rf.ed7fbab377a149638e32f171df1f39c8_roi_1.png,65.png,947,0.89997798204422,708.3034145854831,43.10253740295867,720.247885040548,11.944470455064902,11.944470455064902
115_png.rf.4e7d2dcc137306ce0a4845f84fae0b70_roi_29.png,115.png,2046,0.8997511267662048,787.5894674888522,40.87357729766306,839.696449083231,52.106981594378794,52.106981594378794
122_png.rf.617059b075a6f81cae0fd7788acdfed2_roi_27.png,122.png,2205,0.8996981978416443,592.5206743017944,37.00405676085376,612.902437153201,20.38176285140662,20.38176285140662
92_png.rf.80ea001d686c323f4ac8f2ee5ef69ad9_roi_9.png,92.png,1534,0.8996970653533936,870.6149129417489,41.33473425161632,925.627665300254,55.012752358505054,55.012752358505054
16_png.rf.15709a30ea6b376bcd9df84102f56f34_roi_5.png,16.png,534,0.8995269536972046,722.2553398219071,34.14889163188371,575.056153832385,-147.1991859895221,147.1991859895221
102_png.rf.17ecda620c62893042cd19d261c2d15e_roi_2.png,102.png,1735,0.8988916873931885,886.8241137650003,40.67117398913495,958.68414077912,71.86002701411962,71.86002701411962
139_png.rf.b31bb426801c1937eccc9821dfe61214_roi_14.png,139.png,2470,0.8983364105224609,805.5286474469509,40.03684940735498,851.858766463947,46.330119016996036,46.330119016996036
118_png.rf.55a01e17df553b816f0981b14bd0a2fa_roi_21.png,118.png,2098,0.8983050584793091,647.484271682792,43.56256888781655,688.599952187418,41.11568050462597,41.11568050462597
142_png.rf.6954e9787d8655c6e888927c9ae9ef63_roi_20.png,142.png,2538,0.8980647325515747,593.2524108321956,38.14335731428716,608.389863591716,15.137452759520443,15.137452759520443
120_png.rf.4511382e2372fd66448504ae75698502_roi_25.png,120.png,2159,0.8979135751724243,759.9243149120872,37.61041764033351,824.264346732425,64.3400318203378,64.3400318203378
100_png.rf.93dbb301c4dc91fe8173d8a0a7f2dd5b_roi_47.png,100.png,1712,0.8978042602539062,886.9074857872278,42.51141401538579,926.860724664748,39.95323887752022,39.95323887752022
150_png.rf.5ef32cd27346163ba4df997dac47f9ae_roi_27.png,150.png,270,0.8977166414260864,618.5420618311182,30.65813486069503,637.884605976725,19.34254414560678,19.34254414560678
107_png.rf.6215e321ee35ac2198cab08ebff50b91_roi_29.png,107.png,1870,0.8976883292198181,751.2494881528997,34.61745848212614,786.980613810411,35.73112565751126,35.73112565751126
110_png.rf.f1695d5abb6a86459ef7744b76a07589_roi_18.png,110.png,1919,0.8974953889846802,590.8585593373863,37.0548263342787,598.502880861012,7.644321523625763,7.644321523625763
113_png.rf.e3028a1dab303081c21db80950b8398c_roi_29.png,113.png,1999,0.8972367644309998,794.1332673889185,40.13607313508188,839.439855027764,45.306587638845485,45.306587638845485
173_png.rf.0867fc12b7d4d1126ffa2cb1d29a36d3_roi_0.png,173.png,1373,0.8970715403556824,547.3153153947338,23.739250716323017,569.359590993851,22.044275599117213,22.044275599117213
64_png.rf.aead9dbcf2b88c62d80ab0f0b47628db_roi_8.png,64.png,942,0.8961521983146667,621.556807145386,32.97268961708026,649.921565147869,28.364758002483086,28.364758002483086
142_png.rf.6954e9787d8655c6e888927c9ae9ef63_roi_10.png,142.png,2528,0.8960949778556824,593.7438504148606,40.82597021278355,591.716009602644,-2.0278408122165956,2.0278408122165956
146_png.rf.6ba5197b14cc019df1f46cda73230bd2_roi_23.png,146.png,125,0.8956947922706604,692.6646200403374,30.722139176372607,626.257091018023,-66.4075290223144,66.4075290223144
110_png.rf.f1695d5abb6a86459ef7744b76a07589_roi_44.png,110.png,1930,0.8954351544380188,620.4106591709647,39.80495811535489,652.073285622393,31.66262645142831,31.66262645142831
105_png.rf.2038c199fbe085aed32df6eb357079f4_roi_21.png,105.png,1819,0.895348846912384,719.2582799321726,31.874430740534404,752.037022784366,32.77874285219332,32.77874285219332
119_png.rf.497c650b0290be25e8f041e87b86f7f7_roi_30.png,119.png,2128,0.8953450918197632,791.4670011101362,39.45839624435898,842.556961846179,51.089960736042826,51.089960736042826
114_png.rf.82ce6f7cb0b6f79807e0efb6891ebbad_roi_18.png,114.png,2017,0.8953326344490051,761.3831172088478,36.39882355740447,801.323047305499,39.93993009665121,39.93993009665121
244_png.rf.5bcc8a2e036202b828c2fe7081b01a74_roi_6.png,244.png,2725,0.8953174352645874,899.3204623566382,42.47077674789742,915.936320094692,16.615857738053705,16.615857738053705
105_png.rf.2038c199fbe085aed32df6eb357079f4_roi_46.png,105.png,1834,0.8951367735862732,807.4504955738897,39.11786746334011,866.260743097734,58.81024752384428,58.81024752384428
143_png.rf.c3e3d6a7b2f10bce3af6568db51c3ab9_roi_1.png,143.png,0,0.8949040770530701,678.9201057261588,32.698472397246086,709.431928637714,30.511822911555214,30.511822911555214
120_png.rf.4511382e2372fd66448504ae75698502_roi_34.png,120.png,2141,0.8949002027511597,693.6549556274093,30.35785499238089,745.917774888249,52.262819260839706,52.262819260839706
112_png.rf.6c97f0189ea80fec5eb32c7787ddafbc_roi_18.png,112.png,1969,0.8946864604949951,579.5300016014517,36.946311582965,598.534738889968,19.004737288516367,19.004737288516367
113_png.rf.e3028a1dab303081c21db80950b8398c_roi_27.png,113.png,2000,0.8945103883743286,749.3467577091266,38.010139509600535,769.869817994754,20.52306028562748,20.52306028562748
117_png.rf.332c11b1d4dd1aa4ece43456d90ba521_roi_15.png,117.png,2077,0.8944709897041321,614.6496475519059,38.91760051927909,655.857655729802,41.20800817789609,41.20800817789609
2_png.rf.1af673f7693cdba09ad2485f5a501bfc_roi_12.png,2.png,402,0.8944371938705444,560.9670370404829,26.260987233745105,493.432378422206,-67.53465861827686,67.53465861827686
123_png.rf.0c588dbfcff4253201b9ca4de4e9e251_roi_32.png,123.png,2240,0.8942927718162537,616.2473471991451,31.297219154601702,589.264792301157,-26.982554897988166,26.982554897988166
103_png.rf.b9743a889c7194da0b8dce5c5b632bbc_roi_5.png,103.png,1773,0.8941465020179749,901.9087089511702,44.48918043984071,955.584355729802,53.67564677863186,53.67564677863186
92_png.rf.80ea001d686c323f4ac8f2ee5ef69ad9_roi_11.png,92.png,1529,0.894127607345581,867.70997493488,40.57088454035981,914.073754566109,46.36377963122891,46.36377963122891
259_png.rf.87675763f1552916772a6119f6ff6c71_roi_30.png,259.png,2793,0.8939063549041748,911.1842849662016,43.53879672328213,874.791733690354,-36.39255127584761,36.39255127584761
90_png.rf.69bdac2f8992d8d3ebf3226c61ad2bd5_roi_0.png,90.png,1487,0.8935190439224243,793.8141610363198,36.68818187519375,815.76343246293,21.949271426610267,21.949271426610267
16_png.rf.15709a30ea6b376bcd9df84102f56f34_roi_13.png,16.png,538,0.893425703048706,704.5886269491783,34.83353605604204,733.776236571355,29.187609622176637,29.187609622176637
57_png.rf.8f487a26af5047f2a1caf0288f3e993b_roi_18.png,57.png,868,0.893100917339325,510.6785106311588,26.99749826732652,501.949898836307,-8.728611794851815,8.728611794851815
102_png.rf.17ecda620c62893042cd19d261c2d15e_roi_20.png,102.png,1751,0.8929928541183472,802.6294853398234,37.3848518342438,849.992040779121,47.36255543929758,47.36255543929758
152_png.rf.39c63859049503978a692da8d573f11d_roi_43.png,152.png,331,0.8926261067390442,681.3723241370275,32.57346165103998,670.945225246593,-10.427098890434422,10.427098890434422
26_png.rf.77b1a871caec1696c0c42414a7adefc8_roi_4.png,26.png,639,0.8925864696502686,690.9990905616978,30.96543403737052,700.023415667369,9.02432510567121,9.02432510567121
22_png.rf.c50cb0ca2a50371b33f002d2131b8c8d_roi_0.png,22.png,598,0.8924689292907715,657.1400782886541,30.536509898949173,641.632958773875,-15.507119514779106,15.507119514779106
105_png.rf.2038c199fbe085aed32df6eb357079f4_roi_31.png,105.png,1827,0.8923912048339844,778.3993387060051,31.7117913562108,782.034882140088,3.6355434340829333,3.6355434340829333
122_png.rf.617059b075a6f81cae0fd7788acdfed2_roi_6.png,122.png,2220,0.8922986388206482,623.3501705598193,37.96765857169369,659.482389257084,36.13221869726476,36.13221869726476
112_png.rf.6c97f0189ea80fec5eb32c7787ddafbc_roi_29.png,112.png,1980,0.892236590385437,631.2923764363139,42.34381076880305,681.173994046696,49.88161761038202,49.88161761038202
18_png.rf.8dc36dd51f5ef8f7f16f7f069f027de6_roi_15.png,18.png,551,0.892024040222168,682.1376199507181,33.959696294579985,710.657657466569,28.52003751585096,28.52003751585096
116_png.rf.31f3bd809826aa89c4df5b576dde5220_roi_26.png,116.png,2072,0.8917086720466614,628.0743527904418,40.52677152865324,663.341198836308,35.266846045866146,35.266846045866146
108_png.rf.160624ea8bde3c8593ffcc9ddb55a11d_roi_22.png,108.png,1875,0.8916540145874023,747.0370567102971,31.69381266785751,792.263650940191,45.226594229893976,45.226594229893976
55_png.rf.5513469446ec6f819ff77d98dcf354ec_roi_10.png,55.png,838,0.8911545872688293,697.7188616858638,38.38311101747644,678.679479677861,-19.039382008002804,19.039382008002804
100_png.rf.93dbb301c4dc91fe8173d8a0a7f2dd5b_roi_43.png,100.png,1709,0.8910079002380371,892.1440793579638,40.13058168928051,934.070030618052,41.92595126008814,41.92595126008814
138_png.rf.908dcbe578186eb4dceaf9330c729cfb_roi_0.png,138.png,2464,0.8909854292869568,775.5765966216157,36.50515821200831,834.750717412908,59.17412079129224,59.17412079129224
15_png.rf.b5104b9c207ec5a13eb374db463ccad9_roi_19.png,15.png,525,0.8909692168235779,710.1516238196344,28.93177652113665,732.88009346485,22.72846964521557,22.72846964521557
143_png.rf.c3e3d6a7b2f10bce3af6568db51c3ab9_roi_43.png,143.png,4,0.8909624814987183,605.1850385784492,25.971314866236423,539.213860519413,-65.97117805903622,65.97117805903622
211_png.rf.31aa4a97aa88d5fb954271f5ab741a85_roi_19.png,211.png,2704,0.8907563090324402,416.61253349399766,22.636103712576507,422.447515140996,5.834981646998358,5.834981646998358
143_png.rf.c3e3d6a7b2f10bce3af6568db51c3ab9_roi_39.png,143.png,14,0.8907539248466492,665.9667282527928,30.549152176592813,655.372868353098,-10.593859899694735,10.593859899694735
136_png.rf.7a735b709fa85d325c66be549f2953fe_roi_3.png,136.png,2440,0.8904255032539368,602.7635293675659,37.13451130872088,657.159271835404,54.39574246783809,54.39574246783809
92_png.rf.80ea001d686c323f4ac8f2ee5ef69ad9_roi_33.png,92.png,1526,0.8903723359107971,917.6413957238734,40.89460870098701,908.869740679165,-8.771655044708382,8.771655044708382
111_png.rf.8fe543cf12ca100b887933e93b334b92_roi_11.png,111.png,1942,0.8903605341911316,632.0331238629506,34.62295110718293,638.258936571355,6.225812708404419,6.225812708404419
144_png.rf.a5a2a2c438edbf198ffa6a10f317e83d_roi_13.png,144.png,36,0.8901627659797668,753.7474638705711,32.696794581601104,700.12037314271,-53.62709072786106,53.62709072786106
119_png.rf.497c650b0290be25e8f041e87b86f7f7_roi_2.png,119.png,2116,0.8900862336158752,777.207997417987,37.856413653337086,826.895979677861,49.687982259873934,49.687982259873934
12_png.rf.49dc252058487427cd943ed38c5d8627_roi_20.png,12.png,494,0.890041708946228,633.1392531481987,34.86220555176068,640.365621038827,7.226367890628353,7.226367890628353
110_png.rf.f1695d5abb6a86459ef7744b76a07589_roi_12.png,110.png,1915,0.8899465203285217,641.0475984576351,39.00278524474784,700.274126992132,59.22652853449688,59.22652853449688
119_png.rf.497c650b0290be25e8f041e87b86f7f7_roi_10.png,119.png,2119,0.8898892402648926,842.0279422404705,38.26446899524437,845.979477350476,3.9515351100055796,3.9515351100055796
111_png.rf.8fe543cf12ca100b887933e93b334b92_roi_45.png,111.png,1966,0.8898678421974182,652.5279112223976,38.12012110456238,658.529449776497,6.0015385540993975,6.0015385540993975
89_png.rf.9d3e334f7c5cb93bc20089fb52688222_roi_24.png,89.png,1469,0.8898305296897888,827.7919566199669,38.98298456735962,910.114851545459,82.32289492549216,82.32289492549216
113_png.rf.e3028a1dab303081c21db80950b8398c_roi_1.png,113.png,1995,0.8898119330406189,756.9789704406651,37.50580300475381,806.313523848102,49.33455340743694,49.33455340743694
118_png.rf.55a01e17df553b816f0981b14bd0a2fa_roi_25.png,118.png,2095,0.8898094296455383,638.3201895489841,40.45577291537255,655.012037065201,16.691847516216853,16.691847516216853
233_png.rf.2b58d11f6910e50a1a7c57dfb7968557_roi_28.png,233.png,2717,0.8897916674613953,782.320273544463,37.57135248049129,759.234860571065,-23.08541297339798,23.08541297339798
152_png.rf.39c63859049503978a692da8d573f11d_roi_42.png,152.png,330,0.8893616795539856,775.1633401075077,36.21399960341193,781.583365309026,6.420025201518342,6.420025201518342
132_png.rf.51e8400ac63b7f1c6e4e112e32791ed2_roi_6.png,132.png,2418,0.8892921805381775,782.3966519079204,38.071677513337626,861.602747887346,79.20609597942564,79.20609597942564
111_png.rf.8fe543cf12ca100b887933e93b334b92_roi_44.png,111.png,1965,0.8889875411987305,621.1613604293601,37.41129671782584,641.724033518511,20.56267308915085,20.56267308915085
109_png.rf.c8dd17e858d1df0c04a8d6524de5fe76_roi_28.png,109.png,1904,0.8888734579086304,781.6834723223895,34.18713741071739,818.219538308122,36.53606598573242,36.53606598573242
130_png.rf.901f918f4884e1fdac6e82ec416390b1_roi_39.png,130.png,2410,0.8884813189506531,555.3589564765176,33.8575573452537,596.102903625919,40.74394714940138,40.74394714940138
142_png.rf.6954e9787d8655c6e888927c9ae9ef63_roi_15.png,142.png,2533,0.8884426355361938,585.2880113692564,41.11744783725225,647.512247887345,62.22423651808856,62.22423651808856
104_png.rf.eb19faafbed5983b0cba70b7a044d4b2_roi_16.png,104.png,1803,0.8881729245185852,856.006129546979,39.167559148666776,905.257058653684,49.25092910670503,49.25092910670503
124_png.rf.144d1a960a56ef39d10c4e62e12a454f_roi_2.png,124.png,2271,0.8879590630531311,622.0714913694292,35.13127052642152,664.140384467472,42.06889309804285,42.06889309804285
109_png.rf.c8dd17e858d1df0c04a8d6524de5fe76_roi_13.png,109.png,1909,0.8879339098930359,775.9687838767516,35.58265987703884,819.509394046696,43.54061016994444,43.54061016994444
143_png.rf.c3e3d6a7b2f10bce3af6568db51c3ab9_roi_37.png,143.png,16,0.8877192735671997,596.7220621720899,28.77016446389575,589.660925274823,-7.06113689726692,7.06113689726692
129_png.rf.61b7c9fa0db10241e1b256d4f4a66143_roi_23.png,129.png,2382,0.8875609636306763,584.4483444407623,36.2214575061133,612.174555027763,27.72621058700065,27.72621058700065
133_png.rf.e6e7993f16b609c53d0b09b6393aaca3_roi_3.png,133.png,2424,0.8875074982643127,804.9762222692973,36.01645524218613,864.862169516791,59.88594724749373,59.88594724749373
106_png.rf.573a9b71c29129dbc83682319da248b9_roi_1.png,106.png,1839,0.8874249458312988,788.794228079159,39.054838649532606,850.706029301973,61.911801222814006,61.911801222814006
22_png.rf.c50cb0ca2a50371b33f002d2131b8c8d_roi_4.png,22.png,594,0.8871240019798279,414.5523583306748,20.257785360319566,424.533748469192,9.981390138517213,9.981390138517213
115_png.rf.4e7d2dcc137306ce0a4845f84fae0b70_roi_31.png,115.png,2043,0.887002170085907,776.0343600172473,34.155478054374186,798.263423357441,22.229063340193647,22.229063340193647
12_png.rf.49dc252058487427cd943ed38c5d8627_roi_5.png,12.png,484,0.88698410987854,627.5984844879298,31.3889580630814,554.971812926043,-72.62667156188684,72.62667156188684
89_png.rf.9d3e334f7c5cb93bc20089fb52688222_roi_53.png,89.png,1464,0.8868243098258972,775.9251176911633,38.1650507563813,808.869269516791,32.944151825627614,32.944151825627614
89_png.rf.9d3e334f7c5cb93bc20089fb52688222_roi_33.png,89.png,1465,0.8867900967597961,735.2846263749107,36.106172524397216,770.903079677861,35.61845330295034,35.61845330295034
99_png.rf.2f98932bb0145b858dd8d04d300acba8_roi_49.png,99.png,1693,0.8865096569061279,884.3048480337112,41.76308501760878,923.526863563488,39.22201552977674,39.22201552977674
146_png.rf.6ba5197b14cc019df1f46cda73230bd2_roi_30.png,146.png,123,0.8864720463752747,686.219136300376,33.14960804013261,634.560817081338,-51.65831921903805,51.65831921903805
143_png.rf.c3e3d6a7b2f10bce3af6568db51c3ab9_roi_30.png,143.png,32,0.8863247632980347,704.230757737586,31.803235122033737,722.474044986886,18.24328724930001,18.24328724930001
152_png.rf.39c63859049503978a692da8d573f11d_roi_35.png,152.png,313,0.886227548122406,749.5285647182528,37.13049283251267,762.885569396599,13.35700467834613,13.35700467834613
103_png.rf.b9743a889c7194da0b8dce5c5b632bbc_roi_45.png,103.png,1768,0.8860043883323669,850.2261896383643,44.949385752610524,890.721099409382,40.49490977101766,40.49490977101766
94_png.rf.49891f2386b2bd0dae3124e2b7a1112a_roi_28.png,94.png,1581,0.8859699964523315,930.399055588333,42.82820069036222,954.785170098637,24.38611451030397,24.38611451030397
101_png.rf.c4bf71f43d058b555a715c3e9695be8b_roi_6.png,101.png,1717,0.8858733177185059,871.7938929746898,40.88196370886546,936.290307833685,64.4964148589952,64.4964148589952
142_png.rf.6954e9787d8655c6e888927c9ae9ef63_roi_23.png,142.png,2534,0.8858166933059692,601.6836407816456,37.40920561449595,631.671536571355,29.98789578970934,29.98789578970934
116_png.rf.31f3bd809826aa89c4df5b576dde5220_roi_48.png,116.png,2055,0.8857249617576599,649.5788213105786,41.45040241703429,666.166746732425,16.58792542184642,16.58792542184642
114_png.rf.82ce6f7cb0b6f79807e0efb6891ebbad_roi_28.png,114.png,2024,0.8857071399688721,735.1864364492095,33.76947510225193,756.11327314271,20.92683669350049,20.92683669350049
259_png.rf.87675763f1552916772a6119f6ff6c71_roi_34.png,259.png,2807,0.8854418992996216,834.306899643276,41.982559563002496,852.720631199897,18.413731556620974,18.413731556620974
122_png.rf.617059b075a6f81cae0fd7788acdfed2_roi_31.png,122.png,2195,0.8853240013122559,629.8071775976498,37.30345216383054,656.559883885626,26.752706287976252,26.752706287976252
110_png.rf.f1695d5abb6a86459ef7744b76a07589_roi_34.png,110.png,1921,0.8852769732475281,656.4482213960943,38.25667232074027,680.511926992131,24.063705596036698,24.063705596036698
15_png.rf.b5104b9c207ec5a13eb374db463ccad9_roi_6.png,15.png,519,0.8850931525230408,492.1407041016427,27.81575898904768,494.23227967786,2.0915755762172807,2.0915755762172807
143_png.rf.c3e3d6a7b2f10bce3af6568db51c3ab9_roi_23.png,143.png,24,0.88494873046875,700.324861377809,30.356984678410107,710.331707935924,10.006846558114944,10.006846558114944
24_png.rf.50b47caa78e1b88c004d45f806f8a3d5_roi_17.png,24.png,613,0.8847394585609436,707.0637067212147,37.25859462029387,687.566763471525,-19.496943249689707,19.496943249689707
110_png.rf.f1695d5abb6a86459ef7744b76a07589_roi_11.png,110.png,1911,0.8846060037612915,638.8447410885977,36.36472586809943,614.549272589094,-24.295468499503727,24.295468499503727
122_png.rf.617059b075a6f81cae0fd7788acdfed2_roi_2.png,122.png,2214,0.8845714330673218,548.6176621843834,34.29984034191054,592.18141494191,43.56375275752657,43.56375275752657
19_png.rf.aabc4ba10a41d7686e6d12be86adbf62_roi_4.png,19.png,572,0.8843709826469421,679.0386909916862,33.67686833499037,662.291301880381,-16.74738911130521,16.74738911130521
14_png.rf.c25a6dade4d855368be01104eaa5b4d8_roi_16.png,14.png,513,0.8841934204101562,703.3352471238342,33.856647373705655,737.538088675238,34.20284155140382,34.20284155140382
145_png.rf.cb189c4b5913bc8fcb53703f1d06d8fa_roi_17.png,145.png,82,0.8841124773025513,803.3836380901698,39.32113910776497,815.683174676872,12.299536586702175,12.299536586702175
122_png.rf.617059b075a6f81cae0fd7788acdfed2_roi_26.png,122.png,2206,0.8839808702468872,512.2106266148704,33.86555049357235,530.228903625919,18.018277011048554,18.018277011048554
202_png.rf.1536fc8a88228bb8324ac1a09adf0d09_roi_35.png,202.png,2670,0.8837994337081909,418.38004528182586,22.29470193003945,296.480388475818,-121.89965680600784,121.89965680600784
118_png.rf.55a01e17df553b816f0981b14bd0a2fa_roi_29.png,118.png,2103,0.8836750984191895,628.5657244624533,40.03789529247462,623.922059383951,-4.643665078502295,4.643665078502295
110_png.rf.f1695d5abb6a86459ef7744b76a07589_roi_43.png,110.png,1932,0.8836438655853271,661.7961827455694,39.18092244375952,676.98415094019,15.18796819462068,15.18796819462068
102_png.rf.17ecda620c62893042cd19d261c2d15e_roi_8.png,102.png,1741,0.8835771679878235,859.1051468257499,40.28274244355584,936.621341360967,77.5161945352171,77.5161945352171
29_png.rf.c9fc855c2b62bc01a20e4d97ef0495e0_roi_10.png,29.png,662,0.8833368420600891,711.1738677924715,34.32109933113448,715.695150377802,4.521282585330482,4.521282585330482
149_png.rf.4dfa00beb57e9649962221eb0b15f710_roi_32.png,149.png,234,0.8829847574234009,741.7338651899843,36.64211676966284,594.514436354742,-147.2194288352423,147.2194288352423
98_png.rf.b77e65e183c8314ed4d321b2e0970f1f_roi_36.png,98.png,1661,0.8829365372657776,848.4658567859991,42.55669272065876,862.419576616246,13.953719830246882,13.953719830246882
12_png.rf.49dc252058487427cd943ed38c5d8627_roi_21.png,12.png,493,0.8828170895576477,573.803552877959,30.875851313899567,568.29205094019,-5.511501937768912,5.511501937768912
62_png.rf.beb309695495d75acd96567a6b6510bc_roi_29.png,62.png,913,0.8827099800109863,645.1531083464852,31.75539545200425,665.379321468289,20.22621312180388,20.22621312180388
117_png.rf.332c11b1d4dd1aa4ece43456d90ba521_roi_9.png,117.png,2079,0.882552444934845,612.9915106390516,35.41341805136864,640.12566225618,27.134151617128396,27.134151617128396
117_png.rf.332c11b1d4dd1aa4ece43456d90ba521_roi_25.png,117.png,2087,0.8823399543762207,630.924380128337,38.18457014633983,650.377956884723,19.453576756385928,19.453576756385928
49_png.rf.7b6be40490eb63cd475ec3f1272052ea_roi_8.png,49.png,802,0.8820430040359497,623.705161987261,37.18211508308717,600.746683905084,-22.958478082177066,22.958478082177066
256_png.rf.18d3c3ddc6e345fc5391481cf087f656_roi_29.png,256.png,2762,0.8819575905799866,806.1697467485527,41.35250957298959,833.640543644224,27.470796895671242,27.470796895671242
151_png.rf.717257c00a1209ed06a039fb95a1454b_roi_17.png,151.png,289,0.8817981481552124,619.8017129288816,28.854950853987965,618.880173742973,-0.9215391859085003,0.9215391859085003
13_png.rf.36b7ebf783550ceabbed516115d3e643_roi_3.png,13.png,496,0.8816795945167542,641.698778806292,29.89844651706472,570.787297489468,-70.91148131682405,70.91148131682405
101_png.rf.c4bf71f43d058b555a715c3e9695be8b_roi_22.png,101.png,1720,0.8815703988075256,825.5090437675652,36.71870032643528,882.366351541496,56.857307773930756,56.857307773930756
92_png.rf.80ea001d686c323f4ac8f2ee5ef69ad9_roi_37.png,92.png,1525,0.8814749717712402,875.1433795839316,42.8645796342438,892.810140779121,17.666761195189338,17.666761195189338
95_png.rf.42f0772809f559cf65a74a06f90e2684_roi_0.png,95.png,1601,0.8811582922935486,856.64381960711,40.44553595606711,911.92377303129,55.27995342418001,55.27995342418001
244_png.rf.5bcc8a2e036202b828c2fe7081b01a74_roi_14.png,244.png,2724,0.8809788823127747,950.0655002577118,43.06758377603347,795.779272329251,-154.2862279284609,154.2862279284609
117_png.rf.332c11b1d4dd1aa4ece43456d90ba521_roi_3.png,117.png,2074,0.8809648752212524,637.3318900981885,41.97553598707076,691.948101187113,54.6162110889245,54.6162110889245
14_png.rf.c25a6dade4d855368be01104eaa5b4d8_roi_1.png,14.png,501,0.8807428479194641,584.3984890961291,29.81245596393976,598.540621620673,14.142132524543968,14.142132524543968
63_png.rf.1b23e63a8895068458c0232cd4607ada_roi_18.png,63.png,928,0.8805704116821289,555.3085902098497,28.128782455075395,500.894119149675,-54.41447106017472,54.41447106017472
202_png.rf.1536fc8a88228bb8324ac1a09adf0d09_roi_5.png,202.png,2686,0.8801190257072449,394.1321664625637,22.795349342081867,386.670398836307,-7.461767626256687,7.461767626256687
131_png.rf.041420ac8b783be2c578e49792031cbc_roi_7.png,131.png,2414,0.8801108598709106,801.8715293502187,38.009518350649934,893.078495201617,91.20696585139831,91.20696585139831
144_png.rf.a5a2a2c438edbf198ffa6a10f317e83d_roi_5.png,144.png,40,0.8800546526908875,824.4900900840676,34.72046103924346,775.681558192029,-48.80853189203856,48.80853189203856
20_png.rf.850033e7c361b1f2fd8e68b838ece0d8_roi_15.png,20.png,582,0.8799368739128113,753.3629733912102,37.005641988515904,746.13521566737,-7.227757723840227,7.227757723840227
111_png.rf.8fe543cf12ca100b887933e93b334b92_roi_20.png,111.png,1949,0.8799089789390564,613.1586167430363,37.26058587345565,608.461882721933,-4.696734021103339,4.696734021103339
118_png.rf.55a01e17df553b816f0981b14bd0a2fa_roi_35.png,118.png,2108,0.8796795010566711,602.3241088538269,38.42982303057506,645.945019029483,43.620910175656036,43.620910175656036
128_png.rf.bff9aea834e0f8c141fb97e07d16c917_roi_11.png,128.png,2348,0.8795604109764099,544.2086619930669,36.44679769982351,595.634751522036,51.4260895289691,51.4260895289691
124_png.rf.144d1a960a56ef39d10c4e62e12a454f_roi_30.png,124.png,2251,0.8793736100196838,615.6609353634077,33.99686584089659,628.043667077985,12.38273171457729,12.38273171457729
116_png.rf.31f3bd809826aa89c4df5b576dde5220_roi_15.png,116.png,2058,0.8792585134506226,624.2575861411955,42.19965131484858,678.211327573978,53.95374143278252,53.95374143278252
112_png.rf.6c97f0189ea80fec5eb32c7787ddafbc_roi_58.png,112.png,1990,0.8792079091072083,602.3469382568135,35.93296328417253,642.214703625919,39.86776536910554,39.86776536910554
93_png.rf.b21584f50d6c3347de640ab82eae1dee_roi_8.png,93.png,1546,0.8787457346916199,873.1712939045636,41.95853471891488,920.58083236359,47.40953845902641,47.40953845902641
123_png.rf.0c588dbfcff4253201b9ca4de4e9e251_roi_31.png,123.png,2237,0.8785714507102966,537.0409919835104,36.02227400188982,591.913060519413,54.8720685359026,54.8720685359026
23_png.rf.eb33425f1552646a0744adb0080634ac_roi_0.png,23.png,611,0.878494918346405,706.2568456348769,30.84190266557232,793.102997672615,86.84615203773808,86.84615203773808
175_png.rf.809573d6b32e2ea5b757d39421fb3e6a_roi_19.png,175.png,1402,0.8784313797950745,539.9795819525932,26.6818324999172,624.709805976725,84.73022402413176,84.73022402413176
21_png.rf.28755f53e16211c9387b07df8534937c_roi_3.png,21.png,591,0.8784049153327942,635.7004533386992,29.63376567092659,619.489837153201,-16.21061618549811,16.21061618549811
211_png.rf.31aa4a97aa88d5fb954271f5ab741a85_roi_10.png,211.png,2701,0.8783068656921387,391.5361069545189,20.48912667127084,365.681022202519,-25.855084751999925,25.855084751999925
211_png.rf.31aa4a97aa88d5fb954271f5ab741a85_roi_18.png,211.png,2707,0.8783018589019775,357.6267654561068,22.13355947219903,342.488003625919,-15.138761830187775,15.138761830187775
211_png.rf.31aa4a97aa88d5fb954271f5ab741a85_roi_5.png,211.png,2697,0.8780487775802612,386.986552419735,21.010368571051945,355.89687967786,-31.089672741875006,31.089672741875006
143_png.rf.c3e3d6a7b2f10bce3af6568db51c3ab9_roi_41.png,143.png,11,0.8777830600738525,590.8770034023698,27.843221466082824,590.351714392256,-0.5252890101138519,0.5252890101138519
152_png.rf.39c63859049503978a692da8d573f11d_roi_34.png,152.png,312,0.8777721524238586,756.7322076566586,36.4155616822006,736.448030618051,-20.284177038607595,20.284177038607595
144_png.rf.a5a2a2c438edbf198ffa6a10f317e83d_roi_11.png,144.png,41,0.8777260184288025,821.5245776669514,41.14888990447923,830.875272560864,9.350694893912646,9.350694893912646
104_png.rf.eb19faafbed5983b0cba70b7a044d4b2_roi_5.png,104.png,1798,0.8775510191917419,827.672308305377,33.82506836405876,833.797777932322,6.125469626945005,6.125469626945005
29_png.rf.c9fc855c2b62bc01a20e4d97ef0495e0_roi_6.png,29.png,667,0.8772095441818237,752.9722122118995,37.24524251251078,757.629995850265,4.6577836383654585,4.6577836383654585
152_png.rf.39c63859049503978a692da8d573f11d_roi_20.png,152.png,306,0.8770053386688232,715.5451914676125,34.58637638373932,731.238425135172,15.693233667559412,15.693233667559412
57_png.rf.8f487a26af5047f2a1caf0288f3e993b_roi_12.png,57.png,860,0.8769800066947937,689.5216922064802,36.77578273394978,692.028423389633,2.5067311831527377,2.5067311831527377
129_png.rf.61b7c9fa0db10241e1b256d4f4a66143_roi_34.png,129.png,2361,0.8768472671508789,580.3233699907879,36.05741604982348,617.977665729715,37.65429573892709,37.65429573892709
150_png.rf.5ef32cd27346163ba4df997dac47f9ae_roi_8.png,150.png,262,0.8766603469848633,579.088605463117,28.88612823901379,576.43766110126,-2.6509443618570003,2.6509443618570003
91_png.rf.0a273fe102d97aae48f032d48b5a851a_roi_30.png,91.png,1519,0.8766151070594788,849.6955770423975,40.40621124974282,919.684689257084,69.98911221468643,69.98911221468643
202_png.rf.1536fc8a88228bb8324ac1a09adf0d09_roi_39.png,202.png,2666,0.8765652775764465,383.9267500232141,19.640157578567543,243.677003625919,-140.24974639729507,140.24974639729507
128_png.rf.bff9aea834e0f8c141fb97e07d16c917_roi_45.png,128.png,2338,0.8765159845352173,529.6560801117156,34.34052325997164,552.485617994754,22.82953788303837,22.82953788303837
119_png.rf.497c650b0290be25e8f041e87b86f7f7_roi_41.png,119.png,2138,0.876479983329773,786.1503297371227,40.941254665565694,868.142163251349,81.9918335142263,81.9918335142263
99_png.rf.2f98932bb0145b858dd8d04d300acba8_roi_7.png,99.png,1670,0.8764011859893799,806.937430430006,38.084438693941095,850.088998254462,43.15156782445604,43.15156782445604
152_png.rf.39c63859049503978a692da8d573f11d_roi_13.png,152.png,325,0.8760416507720947,716.5184351679922,32.80825737178289,709.356041360967,-7.1623938070251825,7.1623938070251825
144_png.rf.a5a2a2c438edbf198ffa6a10f317e83d_roi_12.png,144.png,39,0.8760061860084534,784.1754543638112,34.828316765989754,789.358788666466,5.183334302654771,5.183334302654771
151_png.rf.717257c00a1209ed06a039fb95a1454b_roi_15.png,151.png,284,0.8754022717475891,613.3344160037993,31.175913307914545,528.771175839247,-84.56324016455233,84.56324016455233
65_png.rf.ed7fbab377a149638e32f171df1f39c8_roi_0.png,65.png,948,0.8751205205917358,739.1404377354977,46.63890886207589,748.118280864975,8.977843129477264,8.977843129477264
143_png.rf.c3e3d6a7b2f10bce3af6568db51c3ab9_roi_16.png,143.png,20,0.8748921751976013,619.9795575028318,27.052934299168413,628.280879096014,8.301321593182251,8.301321593182251
115_png.rf.4e7d2dcc137306ce0a4845f84fae0b70_roi_26.png,115.png,2042,0.8748636245727539,767.5591459888267,36.86675168154372,786.224725246593,18.665579257766353,18.665579257766353
31_png.rf.8c44aa894a4794a3b8219900d8410790_roi_12.png,31.png,699,0.8746963143348694,693.7367777265456,35.95888459299647,669.5750473055,-24.161730421045604,24.161730421045604
29_png.rf.c9fc855c2b62bc01a20e4d97ef0495e0_roi_2.png,29.png,672,0.874451756477356,753.9067550158828,33.918960861120546,767.59274440504,13.685989389157157,13.685989389157157
92_png.rf.80ea001d686c323f4ac8f2ee5ef69ad9_roi_0.png,92.png,1536,0.8741722106933594,897.9278602095079,42.11094817723763,912.703576625017,14.775716415509123,14.775716415509123
114_png.rf.82ce6f7cb0b6f79807e0efb6891ebbad_roi_27.png,114.png,2029,0.8741112351417542,806.9148634963577,40.61925232912871,837.987621038829,31.072757542471322,31.072757542471322
17_png.rf.90e990b683301d2fed43404a308c5140_roi_2.png,17.png,542,0.873893141746521,750.7603939121989,40.33967708443981,749.057721038827,-1.7026728733718528,1.7026728733718528
143_png.rf.c3e3d6a7b2f10bce3af6568db51c3ab9_roi_40.png,143.png,12,0.8738695979118347,651.7541718102551,30.84606553142665,680.118214360064,28.364042549808914,28.364042549808914
14_png.rf.c25a6dade4d855368be01104eaa5b4d8_roi_10.png,14.png,504,0.8734003901481628,482.237657075932,27.78681940378903,468.653464574794,-13.584192501138034,13.584192501138034
150_png.rf.5ef32cd27346163ba4df997dac47f9ae_roi_21.png,150.png,276,0.8729411959648132,587.055957344548,29.27856841106375,589.321588675237,2.2656313306889615,2.2656313306889615
26_png.rf.77b1a871caec1696c0c42414a7adefc8_roi_5.png,26.png,642,0.872940182685852,598.500413462384,27.7238214862118,630.010486204239,31.51007274185497,31.51007274185497
122_png.rf.617059b075a6f81cae0fd7788acdfed2_roi_42.png,122.png,2211,0.8728848695755005,523.5991262067387,29.15966131114514,520.815955729802,-2.783170476936675,2.783170476936675
61_png.rf.e55ce5a3101fec23419760cfe9572677_roi_5.png,61.png,907,0.8728477954864502,642.3857651797338,33.3647601248296,651.376940197274,8.991175017540286,8.991175017540286
130_png.rf.901f918f4884e1fdac6e82ec416390b1_roi_21.png,130.png,2387,0.8728007078170776,570.8016372585113,36.26558573500365,600.623780259707,29.82214300119574,29.82214300119574
110_png.rf.f1695d5abb6a86459ef7744b76a07589_roi_13.png,110.png,1917,0.8725279569625854,653.976107965376,38.12245796938063,647.284054566109,-6.692053399266911,6.692053399266911
118_png.rf.55a01e17df553b816f0981b14bd0a2fa_roi_37.png,118.png,2111,0.8720321655273438,638.8922863071542,41.21422156582205,675.482737153201,36.59045084604679,36.59045084604679
14_png.rf.c25a6dade4d855368be01104eaa5b4d8_roi_4.png,14.png,505,0.8719874620437622,680.6178840979985,34.63970166505795,688.657537153201,8.039653055202507,8.039653055202507
60_png.rf.a000903d437e210d51f99e68ebbad4fb_roi_1.png,60.png,901,0.8718258738517761,709.4530391156514,42.145904349064,719.180344986886,9.727305871234535,9.727305871234535
100_png.rf.93dbb301c4dc91fe8173d8a0a7f2dd5b_roi_32.png,100.png,1704,0.8716662526130676,870.6868262670647,43.78112028304133,872.770567659832,2.0837413927672515,2.0837413927672515
110_png.rf.f1695d5abb6a86459ef7744b76a07589_roi_14.png,110.png,1916,0.8714859485626221,659.7727374062285,38.0955274364592,689.165850358344,29.393112952115416,29.393112952115416
90_png.rf.69bdac2f8992d8d3ebf3226c61ad2bd5_roi_15.png,90.png,1484,0.8714575171470642,789.2457483691123,37.30696224069024,860.301131781743,71.0553834126307,71.0553834126307
113_png.rf.e3028a1dab303081c21db80950b8398c_roi_18.png,113.png,2005,0.8710963726043701,728.7898186828046,37.235663872355616,784.249276625016,55.45945794221143,55.45945794221143
12_png.rf.49dc252058487427cd943ed38c5d8627_roi_3.png,12.png,486,0.8704264760017395,597.5835442798765,31.406244690509546,575.787354413724,-21.79618986615253,21.79618986615253
129_png.rf.61b7c9fa0db10241e1b256d4f4a66143_roi_17.png,129.png,2375,0.8703545331954956,536.1654434890924,34.415430197442085,566.962034100357,30.796590611264605,30.796590611264605
144_png.rf.a5a2a2c438edbf198ffa6a10f317e83d_roi_6.png,144.png,42,0.8703423738479614,770.344499691693,35.267347958096146,777.136928147053,6.792428455359982,6.792428455359982
123_png.rf.0c588dbfcff4253201b9ca4de4e9e251_roi_37.png,123.png,2231,0.87009197473526,605.5969854399659,36.832282472389394,628.683216129023,23.08623068905706,23.08623068905706
112_png.rf.6c97f0189ea80fec5eb32c7787ddafbc_roi_43.png,112.png,1986,0.8700311779975891,640.0169103879133,39.970896435431605,671.970961991836,31.95405160392272,31.95405160392272
100_png.rf.93dbb301c4dc91fe8173d8a0a7f2dd5b_roi_48.png,100.png,1705,0.8700289726257324,905.4696952921576,44.95239261350099,961.01901856783,55.549323275672464,55.549323275672464
99_png.rf.2f98932bb0145b858dd8d04d300acba8_roi_45.png,99.png,1692,0.8697950839996338,916.6687729462592,43.05290693495362,974.488931517399,57.820158571139814,57.820158571139814
143_png.rf.c3e3d6a7b2f10bce3af6568db51c3ab9_roi_15.png,143.png,13,0.8695651888847351,606.6988621894709,28.726983156498893,599.105731199896,-7.593130989574888,7.593130989574888
259_png.rf.87675763f1552916772a6119f6ff6c71_roi_16.png,259.png,2818,0.8692643642425537,869.8068459443417,40.25566649742091,844.707704689655,-25.099141254686742,25.099141254686742
124_png.rf.144d1a960a56ef39d10c4e62e12a454f_roi_31.png,124.png,2255,0.8691796064376831,640.4807671136344,38.59942835453583,676.84703236359,36.36626524995552,36.36626524995552
112_png.rf.6c97f0189ea80fec5eb32c7787ddafbc_roi_40.png,112.png,1983,0.8689064979553223,600.5293613075509,33.90549900685793,605.459055147955,4.929693840404184,4.929693840404184
57_png.rf.8f487a26af5047f2a1caf0288f3e993b_roi_13.png,57.png,852,0.868857204914093,557.2793946575565,32.342405008479986,529.95153050663,-27.32786415092653,27.32786415092653
127_png.rf.f5998eff46ab9c23d70c90ea9d4ca09a_roi_16.png,127.png,2332,0.868838369846344,758.8255538322389,34.92893922669065,790.408685622394,31.583131790155107,31.583131790155107
91_png.rf.0a273fe102d97aae48f032d48b5a851a_roi_35.png,91.png,1517,0.8688370585441589,784.6771261151508,39.90033910292826,863.828907833685,79.15178171853415,79.15178171853415
233_png.rf.2b58d11f6910e50a1a7c57dfb7968557_roi_15.png,233.png,2718,0.8682612180709839,679.5157634118735,35.68340496746043,660.814826438515,-18.70093697335858,18.70093697335858
63_png.rf.1b23e63a8895068458c0232cd4607ada_roi_19.png,63.png,930,0.868147611618042,532.9382085606368,29.471540540994592,555.682360519413,22.74415195877623,22.74415195877623
49_png.rf.7b6be40490eb63cd475ec3f1272052ea_roi_2.png,49.png,795,0.8679178357124329,507.8950380949722,25.688960938653032,508.577459937567,0.6824218425948061,0.6824218425948061
143_png.rf.c3e3d6a7b2f10bce3af6568db51c3ab9_roi_34.png,143.png,25,0.8678891062736511,593.2961412699942,27.783585936243064,542.211808093218,-51.08433317677623,51.08433317677623
98_png.rf.b77e65e183c8314ed4d321b2e0970f1f_roi_10.png,98.png,1659,0.8676089644432068,884.9130759687498,42.48188073074973,902.63444440504,17.721368436290163,17.721368436290163
57_png.rf.8f487a26af5047f2a1caf0288f3e993b_roi_11.png,57.png,861,0.8675445318222046,617.236243477725,30.570103921531384,618.943818476643,1.7075749989179485,1.7075749989179485
149_png.rf.4dfa00beb57e9649962221eb0b15f710_roi_21.png,149.png,245,0.8674190044403076,693.7833445336717,30.38483166810496,533.435771599685,-160.3475729339866,160.3475729339866
102_png.rf.17ecda620c62893042cd19d261c2d15e_roi_28.png,102.png,1754,0.8672575354576111,821.8657331409115,39.97020161228104,880.000652676958,58.13491953604648,58.13491953604648
26_png.rf.77b1a871caec1696c0c42414a7adefc8_roi_3.png,26.png,638,0.8671672344207764,612.0142691336146,27.205708123598296,576.317148669265,-35.69712046434961,35.69712046434961
119_png.rf.497c650b0290be25e8f041e87b86f7f7_roi_26.png,119.png,2121,0.867024302482605,825.4012329568807,39.027935058487095,863.02972220252,37.628489245639344,37.628489245639344
137_png.rf.fb5c25dce1b41853ef65d16e882cdb0b_roi_5.png,137.png,2448,0.8666666746139526,789.6477835680772,39.22336209566143,856.44232220252,66.7945386344428,66.7945386344428
149_png.rf.4dfa00beb57e9649962221eb0b15f710_roi_25.png,149.png,212,0.866420328617096,792.5608758043242,36.84997083773531,733.25851546795,-59.302360336374136,59.302360336374136
131_png.rf.041420ac8b783be2c578e49792031cbc_roi_3.png,131.png,2412,0.8663584589958191,802.4624054871739,35.82200483279275,856.288568353099,53.826162865925085,53.826162865925085
104_png.rf.eb19faafbed5983b0cba70b7a044d4b2_roi_9.png,104.png,1795,0.8659973740577698,831.2153487995619,38.33328322880564,872.610931079705,41.39558228014312,41.39558228014312
144_png.rf.a5a2a2c438edbf198ffa6a10f317e83d_roi_1.png,144.png,37,0.8657638430595398,764.8288396474252,35.76498022470877,751.12424440504,-13.704595242385153,13.704595242385153
211_png.rf.31aa4a97aa88d5fb954271f5ab741a85_roi_15.png,211.png,2706,0.8657505512237549,401.1894041825908,22.57798244771376,368.931425135172,-32.257979047418814,32.257979047418814
93_png.rf.b21584f50d6c3347de640ab82eae1dee_roi_20.png,93.png,1561,0.8655049800872803,852.3504420050548,39.53146452189063,889.984592883003,37.63415087794817,37.63415087794817
144_png.rf.a5a2a2c438edbf198ffa6a10f317e83d_roi_19.png,144.png,50,0.8655042052268982,726.0671755294079,32.16359556826689,717.284181614701,-8.782993914706935,8.782993914706935
110_png.rf.f1695d5abb6a86459ef7744b76a07589_roi_15.png,110.png,1920,0.8652253746986389,659.1531259683118,39.82125935060091,683.902584467472,24.749458499160255,24.749458499160255
202_png.rf.1536fc8a88228bb8324ac1a09adf0d09_roi_38.png,202.png,2678,0.865140974521637,391.3474747802819,23.90139103902898,354.669703044072,-36.677771736209934,36.677771736209934
18_png.rf.8dc36dd51f5ef8f7f16f7f069f027de6_roi_0.png,18.png,548,0.8651376366615295,602.3834720328838,32.95752810627202,456.748248505378,-145.6352235275058,145.6352235275058
89_png.rf.9d3e334f7c5cb93bc20089fb52688222_roi_38.png,89.png,1470,0.8642417788505554,770.2606574911875,36.51990299808888,841.766108415531,71.50545092434345,71.50545092434345
64_png.rf.aead9dbcf2b88c62d80ab0f0b47628db_roi_1.png,64.png,946,0.864059567451477,402.2035956938288,25.542477496215145,328.89109025962,-73.31250543420879,73.31250543420879
16_png.rf.15709a30ea6b376bcd9df84102f56f34_roi_2.png,16.png,532,0.8637926578521729,659.9149276852771,36.85754461565697,547.399631781743,-112.51529590353414,112.51529590353414
144_png.rf.a5a2a2c438edbf198ffa6a10f317e83d_roi_0.png,144.png,35,0.862998902797699,768.616872231895,37.27311384842864,780.202434825817,11.585562593922077,11.585562593922077
143_png.rf.c3e3d6a7b2f10bce3af6568db51c3ab9_roi_35.png,143.png,21,0.8624822497367859,664.0111157684307,30.56714234239436,663.67223236359,-0.3388834048407716,0.3388834048407716
151_png.rf.717257c00a1209ed06a039fb95a1454b_roi_34.png,151.png,299,0.8623669147491455,559.8366380183287,28.20813013119555,514.11944359158,-45.71719442674873,45.71719442674873
129_png.rf.61b7c9fa0db10241e1b256d4f4a66143_roi_33.png,129.png,2365,0.8612191677093506,536.8528200023314,34.73650390243188,579.400327573978,42.54750757164652,42.54750757164652
116_png.rf.31f3bd809826aa89c4df5b576dde5220_roi_49.png,116.png,2054,0.8610400557518005,667.6383048633177,43.14097420169234,697.494617833598,29.856312970280328,29.856312970280328
93_png.rf.b21584f50d6c3347de640ab82eae1dee_roi_16.png,93.png,1552,0.8609044551849365,874.6908694510751,38.746666298666575,862.248179669088,-12.442689781987042,12.442689781987042
104_png.rf.eb19faafbed5983b0cba70b7a044d4b2_roi_0.png,104.png,1793,0.860296905040741,741.8490322523173,30.20566119136004,813.62422220252,71.77518995020262,71.77518995020262
15_png.rf.b5104b9c207ec5a13eb374db463ccad9_roi_20.png,15.png,528,0.859375,550.4145592961196,29.16118736762972,557.315010152298,6.900450856178395,6.900450856178395
21_png.rf.28755f53e16211c9387b07df8534937c_roi_5.png,21.png,588,0.8592592477798462,580.7378394600371,28.389326543094924,536.565592301156,-44.17224715888108,44.17224715888108
152_png.rf.39c63859049503978a692da8d573f11d_roi_22.png,152.png,304,0.8589810729026794,747.9789416765053,34.52934558857908,751.177904813032,3.198963136526686,3.198963136526686
152_png.rf.39c63859049503978a692da8d573f11d_roi_41.png,152.png,329,0.8586735725402832,706.5729748294177,35.31201206813925,635.445149042267,-71.12782578715075,71.12782578715075
145_png.rf.cb189c4b5913bc8fcb53703f1d06d8fa_roi_12.png,145.png,83,0.8586515188217163,801.1921446226628,34.841129939121096,774.464744898887,-26.72739972377576,26.72739972377576
141_png.rf.491e5a4c500bc47a609e08980408d66c_roi_22.png,141.png,2519,0.8585483431816101,614.5440226804719,38.95159772757972,646.884459203336,32.340436522864024,32.340436522864024
202_png.rf.1536fc8a88228bb8324ac1a09adf0d09_roi_4.png,202.png,2688,0.8581070303916931,358.89237037946737,23.05423949774048,331.379726992131,-27.512643387336368,27.512643387336368
148_png.rf.2792a5b60dde0320afebc5e526e3967a_roi_10.png,148.png,195,0.857988178730011,546.8580902181615,26.671830449912587,432.280332327591,-114.57775789057047,114.57775789057047
20_png.rf.850033e7c361b1f2fd8e68b838ece0d8_roi_6.png,20.png,579,0.8578855991363525,565.2046860195087,29.729891954238383,580.370910152298,15.166224132789353,15.166224132789353
15_png.rf.b5104b9c207ec5a13eb374db463ccad9_roi_16.png,15.png,524,0.8576200008392334,553.6983237994683,27.382762042244355,566.071773724556,12.373449925087698,12.373449925087698
105_png.rf.2038c199fbe085aed32df6eb357079f4_roi_23.png,105.png,1824,0.8575498461723328,823.5879502542527,38.95488254291276,893.472207833685,69.8842575794323,69.8842575794323
143_png.rf.c3e3d6a7b2f10bce3af6568db51c3ab9_roi_38.png,143.png,18,0.8575489521026611,623.1670326264885,30.258112165503373,622.857976625016,-0.309056001472527,0.309056001472527
150_png.rf.5ef32cd27346163ba4df997dac47f9ae_roi_5.png,150.png,259,0.8573022484779358,559.4702398362696,28.395232658757635,609.820295201616,50.35005536534641,50.35005536534641
5_png.rf.7e4dddd1d1d7055c901a3636e13f5793_roi_13.png,5.png,423,0.8572349548339844,651.975896878856,36.04649079665823,641.918938244535,-10.056958634321063,10.056958634321063
141_png.rf.491e5a4c500bc47a609e08980408d66c_roi_15.png,141.png,2509,0.8570568561553955,594.0556719172785,40.80644872429445,613.935698836307,19.880026919028523,19.880026919028523
138_png.rf.908dcbe578186eb4dceaf9330c729cfb_roi_4.png,138.png,2466,0.8565834760665894,819.222315994266,37.38931447719101,875.417096938384,56.194780944118065,56.194780944118065
142_png.rf.6954e9787d8655c6e888927c9ae9ef63_roi_2.png,142.png,2527,0.8564516305923462,589.8291986800145,39.285510092296114,610.813395783463,20.984197103448423,20.984197103448423
20_png.rf.850033e7c361b1f2fd8e68b838ece0d8_roi_3.png,20.png,577,0.8560793995857239,485.7826866026878,27.204234971064192,453.94297241725,-31.8397141854378,31.8397141854378
151_png.rf.717257c00a1209ed06a039fb95a1454b_roi_20.png,151.png,287,0.8560518622398376,530.8004094686257,26.97308538147433,527.71641946783,-3.0839900007957795,3.0839900007957795
152_png.rf.39c63859049503978a692da8d573f11d_roi_29.png,152.png,302,0.8559701442718506,684.6165011771666,31.742494784654085,697.211367077986,12.5948659008194,12.5948659008194
29_png.rf.c9fc855c2b62bc01a20e4d97ef0495e0_roi_9.png,29.png,666,0.8558030724525452,729.3382434135405,33.35433535978453,753.70049349308,24.362250079539535,24.362250079539535
112_png.rf.6c97f0189ea80fec5eb32c7787ddafbc_roi_32.png,112.png,1977,0.8555347323417664,631.7633577175286,39.11799596582714,601.640406669992,-30.122951047536617,30.122951047536617
141_png.rf.491e5a4c500bc47a609e08980408d66c_roi_4.png,141.png,2504,0.8555011749267578,629.7979507344468,35.89034524676817,618.630719181868,-11.167231552578755,11.167231552578755
91_png.rf.0a273fe102d97aae48f032d48b5a851a_roi_44.png,91.png,1521,0.8551236987113953,784.7454926453078,41.6343460167803,836.617443097734,51.87195045242629,51.87195045242629
114_png.rf.82ce6f7cb0b6f79807e0efb6891ebbad_roi_34.png,114.png,2019,0.8540946841239929,762.5484898931416,40.203143110258544,806.648992301157,44.10050240801547,44.10050240801547
19_png.rf.aabc4ba10a41d7686e6d12be86adbf62_roi_9.png,19.png,575,0.8535053133964539,741.4508248816719,35.1617608283646,722.377087511546,-19.073737370125855,19.073737370125855
140_png.rf.18ec71dd3e97ae820fb4e7753bfbec3e_roi_24.png,140.png,2495,0.8533333539962769,636.4497305876794,39.8406789189033,660.047498836308,23.597768248628654,23.597768248628654
145_png.rf.cb189c4b5913bc8fcb53703f1d06d8fa_roi_20.png,145.png,78,0.8531963229179382,783.892102060059,35.576105051793505,732.077056243108,-51.81504581695094,51.81504581695094
91_png.rf.0a273fe102d97aae48f032d48b5a851a_roi_36.png,91.png,1518,0.8527321815490723,754.1966314044622,37.97143528349389,810.661555729802,56.46492432533978,56.46492432533978
15_png.rf.b5104b9c207ec5a13eb374db463ccad9_roi_7.png,15.png,521,0.8523656129837036,692.7863364129057,35.25911402371532,731.047646150578,38.26130973767226,38.26130973767226
177_png.rf.7d111caca2be9c02b4c09af0069e3b04_roi_1.png,177.png,1432,0.8517482280731201,691.3735355803151,39.05011372355448,661.423554413725,-29.949981166590078,29.949981166590078
121_png.rf.49e7ff8713556ad7cc37d311e25762ea_roi_33.png,121.png,2181,0.851328432559967,781.2543842808445,34.977934956747674,840.573210152298,59.31882587145344,59.31882587145344
98_png.rf.b77e65e183c8314ed4d321b2e0970f1f_roi_38.png,98.png,1658,0.8509673476219177,820.8122927347216,37.94707729702657,853.32590188038,32.51360914565839,32.51360914565839
112_png.rf.6c97f0189ea80fec5eb32c7787ddafbc_roi_51.png,112.png,1988,0.850818932056427,556.3561642575203,32.52356199384756,566.596722202519,10.240557944998727,10.240557944998727
18_png.rf.8dc36dd51f5ef8f7f16f7f069f027de6_roi_9.png,18.png,556,0.8506944179534912,725.2593148293587,33.28488530867478,692.259752676957,-32.99956215240172,32.99956215240172
145_png.rf.cb189c4b5913bc8fcb53703f1d06d8fa_roi_0.png,145.png,57,0.8506764769554138,798.0137520211794,34.78479589439797,827.107537726276,29.093785705096593,29.093785705096593
211_png.rf.31aa4a97aa88d5fb954271f5ab741a85_roi_20.png,211.png,2702,0.8502904772758484,403.370602028762,24.076713120756136,386.670398836307,-16.70020319245498,16.70020319245498
125_png.rf.0cd17c5aff1f4162dfb2c73cb9991f3e_roi_16.png,125.png,2285,0.8497853875160217,735.0508124031695,34.06612020890474,821.672874888249,86.62206248507948,86.62206248507948
63_png.rf.1b23e63a8895068458c0232cd4607ada_roi_4.png,63.png,932,0.8497359752655029,440.0792328011315,22.628410986525942,411.358948469192,-28.720284331939524,28.720284331939524
12_png.rf.49dc252058487427cd943ed38c5d8627_roi_0.png,12.png,482,0.8497284054756165,586.91909389955,33.57953204783078,601.668802309842,14.749708410291987,14.749708410291987
138_png.rf.908dcbe578186eb4dceaf9330c729cfb_roi_13.png,138.png,2461,0.848912239074707,780.1815331896044,37.75329054342714,851.721647887346,71.54011469774161,71.54011469774161
63_png.rf.1b23e63a8895068458c0232cd4607ada_roi_6.png,63.png,936,0.847953200340271,579.9123881582985,27.193180751393506,582.266036571355,2.353648413056476,2.353648413056476
141_png.rf.491e5a4c500bc47a609e08980408d66c_roi_5.png,141.png,2503,0.8478632569313049,606.1798815176276,37.12859763983758,649.932322784366,43.7524412667384,43.7524412667384
98_png.rf.b77e65e183c8314ed4d321b2e0970f1f_roi_19.png,98.png,1652,0.8478574156761169,908.6758003808594,44.78337286978691,952.227976625016,43.55217624415661,43.55217624415661
259_png.rf.87675763f1552916772a6119f6ff6c71_roi_11.png,259.png,2812,0.8476658463478088,910.8489352222496,47.491989075523,955.487398254462,44.638463032212485,44.638463032212485
146_png.rf.6ba5197b14cc019df1f46cda73230bd2_roi_9.png,146.png,98,0.8470228910446167,664.2655480208954,34.53839033896465,624.428427421496,-39.83712059939933,39.83712059939933
21_png.rf.28755f53e16211c9387b07df8534937c_roi_2.png,21.png,590,0.846969723701477,708.0031678747507,33.845212187492656,665.116849776498,-42.88631809825267,42.88631809825267
11_png.rf.06e04b9b157f1751a682bb1ea3aaf986_roi_25.png,11.png,475,0.8465391397476196,656.3644950822027,34.79547413963066,645.876462288373,-10.488032793829689,10.488032793829689
123_png.rf.0c588dbfcff4253201b9ca4de4e9e251_roi_38.png,123.png,2228,0.8465055227279663,535.800235635135,37.78421507674555,553.615837153201,17.815601518066046,17.815601518066046
140_png.rf.18ec71dd3e97ae820fb4e7753bfbec3e_roi_16.png,140.png,2486,0.8462238311767578,601.7215543794841,38.27730125918428,644.709217994754,42.98766361526987,42.98766361526987
145_png.rf.cb189c4b5913bc8fcb53703f1d06d8fa_roi_25.png,145.png,77,0.8461477756500244,804.7460369101877,37.79919107188998,807.205083183588,2.459046273400304,2.459046273400304
63_png.rf.1b23e63a8895068458c0232cd4607ada_roi_7.png,63.png,937,0.8460038900375366,544.7968061047354,27.25202594750137,532.004554566109,-12.792251538626374,12.792251538626374
150_png.rf.5ef32cd27346163ba4df997dac47f9ae_roi_33.png,150.png,265,0.8460000157356262,478.4962127818102,25.57209770671857,494.754092189736,16.257879407925827,16.257879407925827
12_png.rf.49dc252058487427cd943ed38c5d8627_roi_6.png,12.png,481,0.845801055431366,681.314847975442,37.516128433846,604.397392730618,-76.91745524482405,76.91745524482405
150_png.rf.5ef32cd27346163ba4df997dac47f9ae_roi_3.png,150.png,257,0.8456533551216125,545.8597951070651,24.56328192739092,530.46297967786,-15.396815429205162,15.396815429205162
259_png.rf.87675763f1552916772a6119f6ff6c71_roi_21.png,259.png,2811,0.8452735543251038,890.0027660856426,44.68111631076017,884.695673022519,-5.307093063123602,5.307093063123602
11_png.rf.06e04b9b157f1751a682bb1ea3aaf986_roi_4.png,11.png,469,0.844939649105072,605.0376059161341,34.433489393901624,592.138117874562,-12.899488041572113,12.899488041572113
145_png.rf.cb189c4b5913bc8fcb53703f1d06d8fa_roi_19.png,145.png,79,0.844719409942627,765.7019250942204,33.176892728219904,681.732831693744,-83.96909340047648,83.96909340047648
141_png.rf.491e5a4c500bc47a609e08980408d66c_roi_8.png,141.png,2510,0.8445596098899841,599.3127741007767,37.88554218976442,573.047003625919,-26.265770474857618,26.265770474857618
244_png.rf.5bcc8a2e036202b828c2fe7081b01a74_roi_19.png,244.png,2730,0.8437275886535645,930.2105297780791,43.1324114728378,971.111676616245,40.9011468381658,40.9011468381658
148_png.rf.2792a5b60dde0320afebc5e526e3967a_roi_6.png,148.png,189,0.8430737853050232,624.8895209601341,30.387726997438055,582.633947707768,-42.25557325236605,42.25557325236605
118_png.rf.55a01e17df553b816f0981b14bd0a2fa_roi_9.png,118.png,2091,0.8426706790924072,665.1935130239953,40.68451473703308,646.909723971479,-18.283789052516227,18.283789052516227
11_png.rf.06e04b9b157f1751a682bb1ea3aaf986_roi_17.png,11.png,478,0.8423789143562317,579.2664429245322,34.159239102499924,531.199486204239,-48.066956720293206,48.066956720293206
256_png.rf.18d3c3ddc6e345fc5391481cf087f656_roi_59.png,256.png,2740,0.8423457741737366,956.0622905702422,43.96212044272816,731.065596939039,-224.99669363120324,224.99669363120324
24_png.rf.50b47caa78e1b88c004d45f806f8a3d5_roi_9.png,24.png,623,0.8423194289207458,717.3526532508796,37.2404878805517,714.04831494191,-3.304338308969591,3.304338308969591
24_png.rf.50b47caa78e1b88c004d45f806f8a3d5_roi_7.png,24.png,616,0.8421798348426819,713.7970156272572,39.55457881889014,683.186141380425,-30.610874246832168,30.610874246832168
143_png.rf.c3e3d6a7b2f10bce3af6568db51c3ab9_roi_8.png,143.png,5,0.8421052694320679,576.3857389298161,28.75210581984099,586.030309016835,9.644570087018906,9.644570087018906
63_png.rf.1b23e63a8895068458c0232cd4607ada_roi_30.png,63.png,941,0.8420875668525696,428.90018714224175,24.868113228530447,422.101913205142,-6.7982739370997365,6.7982739370997365
144_png.rf.a5a2a2c438edbf198ffa6a10f317e83d_roi_14.png,144.png,38,0.841788113117218,760.6040484220932,35.55298655537547,752.990970089866,-7.613078332227246,7.613078332227246
202_png.rf.1536fc8a88228bb8324ac1a09adf0d09_roi_9.png,202.png,2694,0.8412561416625977,383.47654310516975,19.52921898889909,289.963008614617,-93.51353449055273,93.51353449055273
152_png.rf.39c63859049503978a692da8d573f11d_roi_32.png,152.png,307,0.8407440781593323,742.775087935534,35.53713906151214,750.085099991228,7.310012055694074,7.310012055694074
233_png.rf.2b58d11f6910e50a1a7c57dfb7968557_roi_21.png,233.png,2722,0.839463472366333,719.7528877528745,35.8220330686214,649.01954440504,-70.73334334783442,70.73334334783442
150_png.rf.5ef32cd27346163ba4df997dac47f9ae_roi_11.png,150.png,261,0.8393966555595398,464.4265414589997,22.988205505812115,466.284308415531,1.857766956531293,1.857766956531293
211_png.rf.31aa4a97aa88d5fb954271f5ab741a85_roi_4.png,211.png,2696,0.8389261960983276,354.7186438526501,19.380645608513756,296.270227453785,-58.44841639886505,58.44841639886505
117_png.rf.332c11b1d4dd1aa4ece43456d90ba521_roi_18.png,117.png,2083,0.8388134837150574,635.145963159351,39.59865499979173,691.928719149675,56.78275599032395,56.78275599032395
124_png.rf.144d1a960a56ef39d10c4e62e12a454f_roi_22.png,124.png,2249,0.8387096524238586,569.3876755421015,36.8777715711985,604.694147887345,35.30647234524349,35.30647234524349
104_png.rf.eb19faafbed5983b0cba70b7a044d4b2_roi_27.png,104.png,1792,0.8383527994155884,801.8619708719781,38.85823840032607,842.50261494191,40.64064406993191,40.64064406993191
152_png.rf.39c63859049503978a692da8d573f11d_roi_12.png,152.png,327,0.8377407193183899,639.5441542091962,31.2827491086544,600.85472034556,-38.68943386363617,38.68943386363617
110_png.rf.f1695d5abb6a86459ef7744b76a07589_roi_23.png,110.png,1925,0.8372389078140259,632.2856071538996,38.29207720499025,648.077357466569,15.791750312669365,15.791750312669365
18_png.rf.8dc36dd51f5ef8f7f16f7f069f027de6_roi_10.png,18.png,557,0.8370927572250366,532.8003256685435,26.52475403006285,572.984324521133,40.183998852589525,40.183998852589525
141_png.rf.491e5a4c500bc47a609e08980408d66c_roi_21.png,141.png,2522,0.8370044231414795,634.4404361930427,39.00522129844776,651.530694046696,17.09025785365327,17.09025785365327
121_png.rf.49e7ff8713556ad7cc37d311e25762ea_roi_5.png,121.png,2164,0.8368437886238098,758.4805209420686,35.19807993909612,850.603189095928,92.12266815385942,92.12266815385942
233_png.rf.2b58d11f6910e50a1a7c57dfb7968557_roi_24.png,233.png,2721,0.836804211139679,729.3474844424786,33.23887925544677,746.813917994755,17.466433552276385,17.466433552276385
126_png.rf.83f4d29ee84bd0966ec6d1b6d6836ac1_roi_33.png,126.png,2309,0.8366698026657104,760.3523048912376,37.434718936182726,801.057434553239,40.705129662001355,40.705129662001355
151_png.rf.717257c00a1209ed06a039fb95a1454b_roi_18.png,151.png,292,0.8365866541862488,628.5373409516412,30.28057668719768,581.626093224466,-46.91124772717524,46.91124772717524
143_png.rf.c3e3d6a7b2f10bce3af6568db51c3ab9_roi_44.png,143.png,3,0.8357415795326233,666.04744127664,31.58473453236421,691.386127573978,25.338686297337972,25.338686297337972
148_png.rf.2792a5b60dde0320afebc5e526e3967a_roi_2.png,148.png,190,0.835573136806488,551.9216056130499,28.942939148969703,512.139514360063,-39.7820912529869,39.7820912529869
57_png.rf.8f487a26af5047f2a1caf0288f3e993b_roi_22.png,57.png,867,0.8354787230491638,398.5382900477079,24.92009404579332,365.949376625015,-32.58891342269288,32.58891342269288
57_png.rf.8f487a26af5047f2a1caf0288f3e993b_roi_10.png,57.png,859,0.8339390754699707,546.410852573338,29.125065206192197,551.760871835404,5.3500192620659845,5.3500192620659845
15_png.rf.b5104b9c207ec5a13eb374db463ccad9_roi_21.png,15.png,527,0.83343106508255,524.806350022896,28.9034183810748,490.647707251838,-34.158642771058,34.158642771058
143_png.rf.c3e3d6a7b2f10bce3af6568db51c3ab9_roi_33.png,143.png,28,0.8330394625663757,678.4390151083079,31.547915299221287,702.746123357441,24.30710824913308,24.30710824913308
233_png.rf.2b58d11f6910e50a1a7c57dfb7968557_roi_7.png,233.png,2711,0.8325083255767822,769.633733622812,36.89681553657083,777.810755568646,8.177021945833985,8.177021945833985
142_png.rf.6954e9787d8655c6e888927c9ae9ef63_roi_3.png,142.png,2524,0.8323914408683777,643.2163465006055,37.96415784913634,671.110739463044,27.894392962438474,27.894392962438474
26_png.rf.77b1a871caec1696c0c42414a7adefc8_roi_14.png,26.png,636,0.8304233551025391,688.6785395840952,33.98872551983689,562.968852709149,-125.70968687494621,125.70968687494621
49_png.rf.7b6be40490eb63cd475ec3f1272052ea_roi_9.png,49.png,796,0.8304122686386108,457.97482476576295,24.30358306888617,428.997828728898,-28.976996036864932,28.976996036864932
152_png.rf.39c63859049503978a692da8d573f11d_roi_21.png,152.png,303,0.8304097056388855,807.9130312255332,37.86991177973748,786.127767771253,-21.785263454280198,21.785263454280198
99_png.rf.2f98932bb0145b858dd8d04d300acba8_roi_38.png,99.png,1685,0.8303744792938232,893.356772675361,42.616522709763984,926.461129301974,33.104356626613026,33.104356626613026
16_png.rf.15709a30ea6b376bcd9df84102f56f34_roi_10.png,16.png,539,0.8303589820861816,588.4320899275331,31.56229358645319,602.861700573075,14.42961064554197,14.42961064554197
145_png.rf.cb189c4b5913bc8fcb53703f1d06d8fa_roi_10.png,145.png,75,0.8303524851799011,870.386370642485,36.56479186424775,766.162634123778,-104.22373651870691,104.22373651870691
14_png.rf.c25a6dade4d855368be01104eaa5b4d8_roi_21.png,14.png,514,0.8300450444221497,495.1553335325943,24.576527049333787,490.544867045792,-4.610466486802295,4.610466486802295
152_png.rf.39c63859049503978a692da8d573f11d_roi_6.png,152.png,318,0.8292682766914368,746.8343656194712,35.79644353215961,735.685543699039,-11.14882192043217,11.14882192043217
177_png.rf.7d111caca2be9c02b4c09af0069e3b04_roi_16.png,177.png,1428,0.829249918460846,695.170242340208,35.366612452132934,689.89333818793,-5.276904152278007,5.276904152278007
211_png.rf.31aa4a97aa88d5fb954271f5ab741a85_roi_12.png,211.png,2703,0.8282828330993652,383.05396427841913,23.28343116956452,299.169893493079,-83.88407078534016,83.88407078534016
62_png.rf.beb309695495d75acd96567a6b6510bc_roi_7.png,62.png,915,0.8281211256980896,468.2468875449204,25.071180792151026,406.101565309025,-62.145322235895435,62.145322235895435
14_png.rf.c25a6dade4d855368be01104eaa5b4d8_roi_18.png,14.png,515,0.8280447721481323,552.5444269125194,29.657539709194637,593.511431781743,40.967004869223615,40.967004869223615
78_png.rf.64c5d696884a3b905e0a4e7625969623_roi_31.png,78.png,1044,0.8276346325874329,224.1923117969912,21.84311293008461,211.967180259706,-12.225131537285193,12.225131537285193
62_png.rf.beb309695495d75acd96567a6b6510bc_roi_15.png,62.png,925,0.8274446725845337,575.5059269703335,26.23510822926716,549.135121620673,-26.370805349660486,26.370805349660486
122_png.rf.617059b075a6f81cae0fd7788acdfed2_roi_37.png,122.png,2198,0.8273170590400696,506.4209253462116,28.999514325458808,542.701475470095,36.280550123883415,36.280550123883415
12_png.rf.49dc252058487427cd943ed38c5d8627_roi_22.png,12.png,492,0.8264414668083191,597.7593287542958,33.726406956389134,589.61246110126,-8.14686765303577,8.14686765303577
91_png.rf.0a273fe102d97aae48f032d48b5a851a_roi_40.png,91.png,1509,0.8260824680328369,770.0642840248997,37.71356335625765,800.877413205143,30.81312918024321,30.81312918024321
149_png.rf.4dfa00beb57e9649962221eb0b15f710_roi_20.png,149.png,246,0.8259226679801941,770.1160148284398,33.32842242139538,627.898926830975,-142.21708799746477,142.21708799746477
202_png.rf.1536fc8a88228bb8324ac1a09adf0d09_roi_17.png,202.png,2663,0.8258064389228821,312.5655604337088,17.549975721539887,291.347013786989,-21.2185466467198,21.2185466467198
110_png.rf.f1695d5abb6a86459ef7744b76a07589_roi_6.png,110.png,1913,0.825323224067688,631.684865945848,39.74250611430204,677.657978361783,45.97311241593502,45.97311241593502
64_png.rf.aead9dbcf2b88c62d80ab0f0b47628db_roi_6.png,64.png,945,0.8251748085021973,654.0655150211977,36.62608476888784,620.831614360063,-33.233900661134726,33.233900661134726
211_png.rf.31aa4a97aa88d5fb954271f5ab741a85_roi_8.png,211.png,2700,0.8236715197563171,405.7496114602805,22.96193578573187,422.198870680483,16.44925922020252,16.44925922020252
152_png.rf.39c63859049503978a692da8d573f11d_roi_11.png,152.png,320,0.8234560489654541,740.5847883165518,37.13624422977902,711.063130465666,-29.521657850885845,29.521657850885845
152_png.rf.39c63859049503978a692da8d573f11d_roi_38.png,152.png,326,0.8228120803833008,739.0674928101995,32.21036013108262,747.992601326765,8.925108516565501,8.925108516565501
151_png.rf.717257c00a1209ed06a039fb95a1454b_roi_30.png,151.png,297,0.8213863372802734,563.039843332793,28.03045434098947,418.848374306401,-144.19146902639199,144.19146902639199
121_png.rf.49e7ff8713556ad7cc37d311e25762ea_roi_4.png,121.png,2163,0.8208853602409363,742.3192801331047,32.57552336971055,815.019659817376,72.7003796842713,72.7003796842713
145_png.rf.cb189c4b5913bc8fcb53703f1d06d8fa_roi_15.png,145.png,87,0.8208817839622498,789.8045159206686,34.53593469497507,709.044098736351,-80.76041718431759,80.76041718431759
145_png.rf.cb189c4b5913bc8fcb53703f1d06d8fa_roi_30.png,145.png,56,0.819252073764801,760.1488124594123,33.52331252758922,714.188180283128,-45.96063217628432,45.96063217628432
145_png.rf.cb189c4b5913bc8fcb53703f1d06d8fa_roi_5.png,145.png,62,0.8191731572151184,875.5272421924461,39.14422924039978,884.407936562584,8.880694370137917,8.880694370137917
106_png.rf.573a9b71c29129dbc83682319da248b9_roi_20.png,106.png,1843,0.8189606070518494,764.8729688593137,36.20704276016632,847.200771253559,82.32780239424528,82.32780239424528
151_png.rf.717257c00a1209ed06a039fb95a1454b_roi_8.png,151.png,279,0.8185166716575623,674.1046345716995,32.64274834171481,675.354242977542,1.249608405842423,1.249608405842423
23_png.rf.eb33425f1552646a0744adb0080634ac_roi_7.png,23.png,607,0.8182323575019836,596.1023793853605,29.24325478119616,621.918536451163,25.8161570658026,25.8161570658026
151_png.rf.717257c00a1209ed06a039fb95a1454b_roi_22.png,151.png,295,0.8176726698875427,626.5362227378157,29.12296795543951,555.20205375265,-71.33416898516566,71.33416898516566
149_png.rf.4dfa00beb57e9649962221eb0b15f710_roi_34.png,149.png,255,0.8169389963150024,745.7725584976829,36.55994176654815,724.89355810478,-20.879000392902867,20.879000392902867
129_png.rf.61b7c9fa0db10241e1b256d4f4a66143_roi_22.png,129.png,2384,0.8162944316864014,551.9599133481134,35.086827002148766,599.162527573978,47.20261422586452,47.20261422586452
90_png.rf.69bdac2f8992d8d3ebf3226c61ad2bd5_roi_18.png,90.png,1498,0.8154467344284058,818.9523688103094,36.91006597895229,641.997233718584,-176.95513509172542,176.95513509172542
14_png.rf.c25a6dade4d855368be01104eaa5b4d8_roi_0.png,14.png,500,0.8153496980667114,730.1904334925712,35.78655702593378,655.566783303779,-74.62365018879223,74.62365018879223
16_png.rf.15709a30ea6b376bcd9df84102f56f34_roi_4.png,16.png,535,0.8140000104904175,578.8510466511145,27.35829599260105,540.989511459603,-37.86153519151151,37.86153519151151
90_png.rf.69bdac2f8992d8d3ebf3226c61ad2bd5_roi_24.png,90.png,1496,0.8124118447303772,814.3067768008094,39.29279110743627,894.454550779034,80.14777397822456,80.14777397822456
121_png.rf.49e7ff8713556ad7cc37d311e25762ea_roi_15.png,121.png,2187,0.81232088804245,781.9482602872837,35.30826188823753,840.732846732425,58.78458644514126,58.78458644514126
123_png.rf.0c588dbfcff4253201b9ca4de4e9e251_roi_6.png,123.png,2223,0.812199056148529,542.4629061815375,34.55189345055475,609.608737153201,67.14583097166349,67.14583097166349
60_png.rf.a000903d437e210d51f99e68ebbad4fb_roi_6.png,60.png,902,0.8113738894462585,641.6628203753583,33.28881272442844,609.120302078386,-32.542518296972275,32.542518296972275
143_png.rf.c3e3d6a7b2f10bce3af6568db51c3ab9_roi_27.png,143.png,23,0.8109354972839355,616.1777588941436,30.92400076720128,644.612260519414,28.4345016252704,28.4345016252704
89_png.rf.9d3e334f7c5cb93bc20089fb52688222_roi_39.png,89.png,1471,0.8108723759651184,767.4630429714473,36.42922010714327,854.758753831879,87.29571086043165,87.29571086043165
148_png.rf.2792a5b60dde0320afebc5e526e3967a_roi_24.png,148.png,208,0.810502290725708,514.2183839642634,27.885282004583527,450.945311949488,-63.27307201477538,63.27307201477538
130_png.rf.901f918f4884e1fdac6e82ec416390b1_roi_14.png,130.png,2389,0.8102627992630005,569.3820461823266,34.02399567766398,611.207108415531,41.82506223320445,41.82506223320445
12_png.rf.49dc252058487427cd943ed38c5d8627_roi_15.png,12.png,487,0.8101910948753357,557.6852686350284,31.963757262490496,523.217175343924,-34.46809329110431,34.46809329110431
129_png.rf.61b7c9fa0db10241e1b256d4f4a66143_roi_20.png,129.png,2385,0.8098360896110535,573.5183114211567,36.40270793539398,611.869175470095,38.35086404893832,38.35086404893832
177_png.rf.7d111caca2be9c02b4c09af0069e3b04_roi_0.png,177.png,1426,0.8097074031829834,695.2288235193822,31.80531308201688,548.295774888249,-146.93304863113326,146.93304863113326
11_png.rf.06e04b9b157f1751a682bb1ea3aaf986_roi_15.png,11.png,480,0.8095238208770752,682.2775463460171,37.56528163573416,628.920428147052,-53.357118198965054,53.357118198965054
256_png.rf.18d3c3ddc6e345fc5391481cf087f656_roi_2.png,256.png,2738,0.8094291687011719,961.5814757340784,42.95852012866691,794.765935557319,-166.81554017675933,166.81554017675933
143_png.rf.c3e3d6a7b2f10bce3af6568db51c3ab9_roi_42.png,143.png,9,0.8094000220298767,641.2349917573881,27.3257737584765,583.969668381328,-57.26532337606011,57.26532337606011
144_png.rf.a5a2a2c438edbf198ffa6a10f317e83d_roi_3.png,144.png,33,0.8088372349739075,751.987030456674,37.30060892718205,751.786311459604,-0.2007189970699983,0.2007189970699983
105_png.rf.2038c199fbe085aed32df6eb357079f4_roi_28.png,105.png,1820,0.8087535500526428,817.7743209646196,36.89852586846343,878.870433518511,61.09611255389143,61.09611255389143
143_png.rf.c3e3d6a7b2f10bce3af6568db51c3ab9_roi_25.png,143.png,30,0.8084415793418884,581.2207203876918,27.73385337360276,591.987499991228,10.766779603536179,10.766779603536179
132_png.rf.51e8400ac63b7f1c6e4e112e32791ed2_roi_3.png,132.png,2417,0.8081133365631104,809.1466086270932,31.68210956785536,866.825852676958,57.67924404986479,57.67924404986479
14_png.rf.c25a6dade4d855368be01104eaa5b4d8_roi_3.png,14.png,506,0.8080405592918396,356.1862660424415,23.48806595266052,316.001285049318,-40.184980993123474,40.184980993123474
144_png.rf.a5a2a2c438edbf198ffa6a10f317e83d_roi_17.png,144.png,48,0.8065978288650513,754.0119872860173,33.562224318325526,750.656092301158,-3.355894984859333,3.355894984859333
140_png.rf.18ec71dd3e97ae820fb4e7753bfbec3e_roi_27.png,140.png,2500,0.8065911531448364,563.9346753523031,41.41467417650932,602.861700573075,38.92702522077195,38.92702522077195
128_png.rf.bff9aea834e0f8c141fb97e07d16c917_roi_15.png,128.png,2351,0.8054298758506775,580.7054578349665,36.75015729550334,593.709357931134,13.003900096167513,13.003900096167513
22_png.rf.c50cb0ca2a50371b33f002d2131b8c8d_roi_2.png,22.png,596,0.8054025769233704,627.2734549805685,34.781111123945664,575.812619181868,-51.4608357987006,51.4608357987006
21_png.rf.28755f53e16211c9387b07df8534937c_roi_6.png,21.png,587,0.8041359782218933,670.3913913379112,31.39567535412732,664.899408997377,-5.49198234053415,5.49198234053415
124_png.rf.144d1a960a56ef39d10c4e62e12a454f_roi_14.png,124.png,2258,0.8038288950920105,580.5190325463739,35.95915865965519,616.601610152298,36.08257760592414,36.08257760592414
149_png.rf.4dfa00beb57e9649962221eb0b15f710_roi_15.png,149.png,219,0.803200364112854,588.5226311588087,28.300192822241574,443.336089304772,-145.18654185403676,145.18654185403676
11_png.rf.06e04b9b157f1751a682bb1ea3aaf986_roi_7.png,11.png,470,0.8024628162384033,691.692958136523,37.30690678503275,609.489261674334,-82.20369646218899,82.20369646218899
15_png.rf.b5104b9c207ec5a13eb374db463ccad9_roi_14.png,15.png,522,0.801950991153717,590.1494902324836,26.42035998956987,574.257544986885,-15.89194524559855,15.89194524559855
145_png.rf.cb189c4b5913bc8fcb53703f1d06d8fa_roi_32.png,145.png,67,0.8015686273574829,802.9971983842444,38.72532442325122,684.240485406422,-118.75671297782242,118.75671297782242
29_png.rf.c9fc855c2b62bc01a20e4d97ef0495e0_roi_5.png,29.png,669,0.8000891804695129,751.2300817721633,37.48889651789678,779.12901204145,27.898930269286666,27.898930269286666
123_png.rf.0c588dbfcff4253201b9ca4de4e9e251_roi_7.png,123.png,2224,0.7996710538864136,597.5405288634895,40.96246789605988,623.285967627639,25.745438764149526,25.745438764149526
149_png.rf.4dfa00beb57e9649962221eb0b15f710_roi_17.png,149.png,215,0.798701286315918,763.7822985620639,35.13917669933767,709.921959268497,-53.860339293566994,53.860339293566994
149_png.rf.4dfa00beb57e9649962221eb0b15f710_roi_31.png,149.png,226,0.7978759407997131,747.5311966841203,37.23070806920218,639.764218504874,-107.7669781792464,107.7669781792464
128_png.rf.bff9aea834e0f8c141fb97e07d16c917_roi_29.png,128.png,2346,0.7977941036224365,485.6923355148583,36.49176617349292,546.229251522036,60.53691600717764,60.53691600717764
95_png.rf.42f0772809f559cf65a74a06f90e2684_roi_15.png,95.png,1603,0.7977207899093628,885.873823734823,38.35908941832832,956.714574888249,70.84075115342603,70.84075115342603
57_png.rf.8f487a26af5047f2a1caf0288f3e993b_roi_9.png,57.png,855,0.796088457107544,573.2830995082959,29.34742729216796,447.181039504007,-126.10206000428889,126.10206000428889
146_png.rf.6ba5197b14cc019df1f46cda73230bd2_roi_29.png,146.png,117,0.7954545617103577,789.3632802319138,35.07142135758692,705.890228789322,-83.47305144259178,83.47305144259178
256_png.rf.18d3c3ddc6e345fc5391481cf087f656_roi_33.png,256.png,2758,0.7947664856910706,1007.9906487901728,44.40906662197096,1035.24084675188,27.250197961707272,27.250197961707272
148_png.rf.2792a5b60dde0320afebc5e526e3967a_roi_21.png,148.png,202,0.7943262457847595,458.2622674147459,25.699504061987565,381.727408836221,-76.5348585785249,76.5348585785249
256_png.rf.18d3c3ddc6e345fc5391481cf087f656_roi_53.png,256.png,2746,0.7926877737045288,896.7304624984749,43.37937257004897,958.668948216851,61.938485718376114,61.938485718376114
12_png.rf.49dc252058487427cd943ed38c5d8627_roi_7.png,12.png,483,0.7922228574752808,645.5959896617353,36.8938608350333,579.506778920112,-66.08921074162333,66.08921074162333
144_png.rf.a5a2a2c438edbf198ffa6a10f317e83d_roi_22.png,144.png,53,0.7898222208023071,722.0019827039143,32.02668803406541,732.423701727996,10.421719024081654,10.421719024081654
14_png.rf.c25a6dade4d855368be01104eaa5b4d8_roi_11.png,14.png,507,0.7890295386314392,593.0447107471139,30.48150089513388,621.747139504007,28.70242875689314,28.70242875689314
152_png.rf.39c63859049503978a692da8d573f11d_roi_16.png,152.png,317,0.7879921197891235,778.1603359710047,33.907717123062284,712.218614392256,-65.94172157874868,65.94172157874868
152_png.rf.39c63859049503978a692da8d573f11d_roi_2.png,152.png,310,0.7853776812553406,763.6583631361117,31.18828742338042,717.307736571356,-46.35062656475566,46.35062656475566
57_png.rf.8f487a26af5047f2a1caf0288f3e993b_roi_24.png,57.png,870,0.7848101258277893,679.067316815301,31.090803596891423,688.697698254462,9.630381439161056,9.630381439161056
148_png.rf.2792a5b60dde0320afebc5e526e3967a_roi_26.png,148.png,210,0.7847917675971985,644.6650949924185,33.58728522168446,526.57408120325,-118.09101378916853,118.09101378916853
29_png.rf.c9fc855c2b62bc01a20e4d97ef0495e0_roi_8.png,29.png,660,0.7824516892433167,773.1844921618614,38.08150444603421,724.86154623046,-48.322945931401364,48.322945931401364
140_png.rf.18ec71dd3e97ae820fb4e7753bfbec3e_roi_23.png,140.png,2497,0.7824227809906006,606.9157413869393,38.04244523176038,614.597765890871,7.682024503931643,7.682024503931643
15_png.rf.b5104b9c207ec5a13eb374db463ccad9_roi_3.png,15.png,518,0.7813323140144348,611.6895392410396,31.33655002582124,478.850307473108,-132.8392317679316,132.8392317679316
11_png.rf.06e04b9b157f1751a682bb1ea3aaf986_roi_22.png,11.png,477,0.7806183099746704,596.7181981510672,31.41386680488753,520.930556302876,-75.78764184819124,75.78764184819124
19_png.rf.aabc4ba10a41d7686e6d12be86adbf62_roi_6.png,19.png,562,0.7802429795265198,689.7610595902173,34.92808027920256,593.140335063165,-96.62072452705229,96.62072452705229
16_png.rf.15709a30ea6b376bcd9df84102f56f34_roi_3.png,16.png,533,0.7786056399345398,741.0082038665804,37.62098649789147,661.657630465666,-79.35057340091441,79.35057340091441
146_png.rf.6ba5197b14cc019df1f46cda73230bd2_roi_38.png,146.png,94,0.7774720788002014,746.0608001505218,34.57962386837223,618.140049074458,-127.92075107606377,127.92075107606377
145_png.rf.cb189c4b5913bc8fcb53703f1d06d8fa_roi_21.png,145.png,85,0.7768231630325317,746.9338293104573,32.65329155577234,745.855095783463,-1.0787335269943696,1.0787335269943696
11_png.rf.06e04b9b157f1751a682bb1ea3aaf986_roi_1.png,11.png,474,0.7748697996139526,589.9353655580506,31.46094852766856,448.588631781743,-141.34673377630764,141.34673377630764
149_png.rf.4dfa00beb57e9649962221eb0b15f710_roi_29.png,149.png,220,0.7748462557792664,699.4865363488112,31.910807969029808,589.674424581556,-109.81211176725526,109.81211176725526
63_png.rf.1b23e63a8895068458c0232cd4607ada_roi_29.png,63.png,940,0.7731629610061646,438.9269200222442,21.94708955881252,418.009027573977,-20.917892448267196,20.917892448267196
146_png.rf.6ba5197b14cc019df1f46cda73230bd2_roi_5.png,146.png,91,0.7726503610610962,729.775544119892,35.550959197210545,655.694883183587,-74.08066093630498,74.08066093630498
211_png.rf.31aa4a97aa88d5fb954271f5ab741a85_roi_6.png,211.png,2699,0.7725752592086792,435.1229444570097,22.724086647524743,388.502846150578,-46.62009830643166,46.62009830643166
144_png.rf.a5a2a2c438edbf198ffa6a10f317e83d_roi_20.png,144.png,51,0.7725626826286316,778.7799336796057,39.348998845012886,814.063973572172,35.284039892566284,35.284039892566284
21_png.rf.28755f53e16211c9387b07df8534937c_roi_1.png,21.png,585,0.7691498398780823,698.5004233107528,34.37831650457212,586.273725094208,-112.22669821654483,112.22669821654483
129_png.rf.61b7c9fa0db10241e1b256d4f4a66143_roi_11.png,129.png,2376,0.7683352828025818,543.7521006210811,32.18536210740737,579.965437153201,36.21333653211991,36.21333653211991
135_png.rf.16d557f9254fd49aa1fd6943d75c43a9_roi_1.png,135.png,2437,0.7680901288986206,606.7166404376604,34.26395423350117,634.359965890872,27.64332545321156,27.64332545321156
26_png.rf.77b1a871caec1696c0c42414a7adefc8_roi_6.png,26.png,643,0.7676869034767151,740.4927501955011,33.54847877753219,739.798526992131,-0.694223203370143,0.694223203370143
150_png.rf.5ef32cd27346163ba4df997dac47f9ae_roi_30.png,150.png,269,0.7675906419754028,526.7726152816265,24.32524219316979,469.852245568731,-56.92036971289548,56.92036971289548
244_png.rf.5bcc8a2e036202b828c2fe7081b01a74_roi_5.png,244.png,2726,0.765821635723114,850.4568009254835,40.79132847779256,863.997168814753,13.540367889269419,13.540367889269419
144_png.rf.a5a2a2c438edbf198ffa6a10f317e83d_roi_16.png,144.png,47,0.7629733681678772,815.4781871204631,39.99446636409305,836.383367045793,20.90517992532989,20.90517992532989
148_png.rf.2792a5b60dde0320afebc5e526e3967a_roi_30.png,148.png,207,0.7627596259117126,481.3312474591779,29.92276577210858,381.220445369312,-100.1108020898659,100.1108020898659
151_png.rf.717257c00a1209ed06a039fb95a1454b_roi_13.png,151.png,285,0.762750506401062,581.3780802933929,28.271740432303925,498.4844075933,-82.89367270009296,82.89367270009296
14_png.rf.c25a6dade4d855368be01104eaa5b4d8_roi_17.png,14.png,516,0.7623888254165649,730.4472303893594,33.186001447338924,732.080907833685,1.633677444325599,1.633677444325599
256_png.rf.18d3c3ddc6e345fc5391481cf087f656_roi_61.png,256.png,2736,0.762192964553833,951.889758574714,45.71554855720636,907.720430618051,-44.169327956663096,44.169327956663096
149_png.rf.4dfa00beb57e9649962221eb0b15f710_roi_30.png,149.png,225,0.7619893550872803,744.4825523262258,34.88466561238631,603.832283151395,-140.65026917483078,140.65026917483078
202_png.rf.1536fc8a88228bb8324ac1a09adf0d09_roi_31.png,202.png,2677,0.7616528868675232,336.253847166705,23.111994206167623,313.709310032106,-22.54453713459901,22.54453713459901
31_png.rf.8c44aa894a4794a3b8219900d8410790_roi_13.png,31.png,695,0.7603305578231812,674.9863084805515,34.9592540891102,583.889346178808,-91.09696230174359,91.09696230174359
151_png.rf.717257c00a1209ed06a039fb95a1454b_roi_2.png,151.png,278,0.7602812647819519,530.9702153917618,25.18064171662236,415.417555729801,-115.55265966196083,115.55265966196083
148_png.rf.2792a5b60dde0320afebc5e526e3967a_roi_22.png,148.png,205,0.7599433660507202,597.7479729773797,31.092690462313087,494.837550358343,-102.91042261903675,102.91042261903675
151_png.rf.717257c00a1209ed06a039fb95a1454b_roi_19.png,151.png,290,0.7594229578971863,629.2470565078269,28.12482142159028,543.945967277071,-85.3010892307559,85.3010892307559
256_png.rf.18d3c3ddc6e345fc5391481cf087f656_roi_3.png,256.png,2739,0.7558778524398804,742.1663112443595,37.02972788750884,747.421609016836,5.255297772476524,5.255297772476524
31_png.rf.8c44aa894a4794a3b8219900d8410790_roi_2.png,31.png,692,0.7558737993240356,695.551452846638,35.83601417821344,708.353922082328,12.802469235690069,12.802469235690069
151_png.rf.717257c00a1209ed06a039fb95a1454b_roi_12.png,151.png,281,0.7508532404899597,575.6255601800841,30.033196538901134,555.342308295339,-20.28325188474514,20.28325188474514
211_png.rf.31aa4a97aa88d5fb954271f5ab741a85_roi_7.png,211.png,2698,0.75,346.7256554312135,21.90778860466547,351.857654454689,5.131999023475487,5.131999023475487
152_png.rf.39c63859049503978a692da8d573f11d_roi_28.png,152.png,301,0.7497097849845886,733.7672607881381,35.05673658244526,682.618611459604,-51.14864932853402,51.14864932853402
149_png.rf.4dfa00beb57e9649962221eb0b15f710_roi_16.png,149.png,216,0.7495940923690796,722.0047848690867,29.58982088089106,547.406974505612,-174.59781036347476,174.59781036347476
259_png.rf.87675763f1552916772a6119f6ff6c71_roi_31.png,259.png,2792,0.7467633485794067,911.8830776592476,49.06430825419097,895.941068232906,-15.942009426341656,15.942009426341656
150_png.rf.5ef32cd27346163ba4df997dac47f9ae_roi_31.png,150.png,267,0.7457504868507385,570.7220134904528,30.426589313977452,590.548765309025,19.826751818572234,19.826751818572234
146_png.rf.6ba5197b14cc019df1f46cda73230bd2_roi_27.png,146.png,124,0.7442805171012878,764.9463300535181,33.72617210975023,642.722301206572,-122.22402884694611,122.22402884694611
148_png.rf.2792a5b60dde0320afebc5e526e3967a_roi_14.png,148.png,199,0.7435508370399475,600.200368326345,31.54076169288302,502.118159817375,-98.08220850897004,98.08220850897004
148_png.rf.2792a5b60dde0320afebc5e526e3967a_roi_31.png,148.png,200,0.7425320148468018,621.5297005718703,31.961357291036737,510.409907251838,-111.11979332003233,111.11979332003233
148_png.rf.2792a5b60dde0320afebc5e526e3967a_roi_11.png,148.png,198,0.7419354915618896,559.3198861054399,27.52672196508972,449.433856150491,-109.88602995494887,109.88602995494887
17_png.rf.90e990b683301d2fed43404a308c5140_roi_0.png,17.png,541,0.7417908310890198,734.2069207444512,39.77591463447363,769.44548971276,35.23856896830887,35.23856896830887
146_png.rf.6ba5197b14cc019df1f46cda73230bd2_roi_12.png,146.png,108,0.7407407164573669,745.4003052463624,34.58841889037047,577.742023971479,-167.6582812748835,167.6582812748835
145_png.rf.cb189c4b5913bc8fcb53703f1d06d8fa_roi_13.png,145.png,84,0.7380127310752869,845.1275643360125,36.54686690247501,772.875065910331,-72.25249842568144,72.25249842568144
93_png.rf.b21584f50d6c3347de640ab82eae1dee_roi_46.png,93.png,1548,0.7345225811004639,888.3103078929404,43.21683517544472,947.106069834292,58.79576194135166,58.79576194135166
151_png.rf.717257c00a1209ed06a039fb95a1454b_roi_14.png,151.png,286,0.7336267828941345,549.8975620299673,27.044696233092974,460.00751635634,-89.8900456736273,89.8900456736273
143_png.rf.c3e3d6a7b2f10bce3af6568db51c3ab9_roi_26.png,143.png,26,0.7305315136909485,635.3370122741084,29.54221188655184,683.742947887346,48.4059356132376,48.4059356132376
202_png.rf.1536fc8a88228bb8324ac1a09adf0d09_roi_23.png,202.png,2693,0.7289719581604004,357.5558849235885,18.965537473673034,151.316285049318,-206.2395998742705,206.2395998742705
140_png.rf.18ec71dd3e97ae820fb4e7753bfbec3e_roi_11.png,140.png,2490,0.7287449240684509,607.3481070859356,41.59382306192308,655.058470098637,47.710363012701464,47.710363012701464
151_png.rf.717257c00a1209ed06a039fb95a1454b_roi_27.png,151.png,291,0.7287417054176331,617.2073216810953,28.45531098480192,462.977416799522,-154.2299048815733,154.2299048815733
149_png.rf.4dfa00beb57e9649962221eb0b15f710_roi_12.png,149.png,239,0.7279468178749084,761.4064686189636,36.19303839468039,636.041079697319,-125.36538892164458,125.36538892164458
244_png.rf.5bcc8a2e036202b828c2fe7081b01a74_roi_8.png,244.png,2723,0.7271116971969604,915.904271992917,41.18065141526892,892.766843711774,-23.137428281143002,23.137428281143002
152_png.rf.39c63859049503978a692da8d573f11d_roi_39.png,152.png,314,0.7269537448883057,678.7131546688618,30.95452538830985,587.486005394878,-91.22714927398374,91.22714927398374
259_png.rf.87675763f1552916772a6119f6ff6c71_roi_28.png,259.png,2790,0.725605309009552,900.633783633766,40.86356717578328,527.979608703914,-372.65417492985205,372.65417492985205
152_png.rf.39c63859049503978a692da8d573f11d_roi_5.png,152.png,316,0.7241050601005554,778.9707792555871,34.262591942361496,710.694682601742,-68.27609665384512,68.27609665384512
259_png.rf.87675763f1552916772a6119f6ff6c71_roi_26.png,259.png,2794,0.7237130999565125,876.7064810017158,48.629380304410255,928.934864606988,52.22838360527214,52.22838360527214
150_png.rf.5ef32cd27346163ba4df997dac47f9ae_roi_32.png,150.png,268,0.7232733964920044,486.0140174867688,22.686879891710163,478.756880259707,-7.257137227061833,7.257137227061833
24_png.rf.50b47caa78e1b88c004d45f806f8a3d5_roi_8.png,24.png,614,0.7226795554161072,774.6871525128336,39.79362321511515,673.829661933844,-100.85749057898954,100.85749057898954
31_png.rf.8c44aa894a4794a3b8219900d8410790_roi_5.png,31.png,688,0.7171875238418579,519.4625481539786,30.927534757754195,529.270081414628,9.807533260649393,9.807533260649393
146_png.rf.6ba5197b14cc019df1f46cda73230bd2_roi_3.png,146.png,88,0.717041552066803,561.991158660833,27.95139808856505,581.926189773182,19.935031112349066,19.935031112349066
257_png.rf.d0e9b62c92e89f70b1ab6feac50e3c89_roi_17.png,257.png,2788,0.7148160338401794,903.5400661220292,50.3246736832974,1116.33123177297,212.7911656509409,212.7911656509409
202_png.rf.1536fc8a88228bb8324ac1a09adf0d09_roi_19.png,202.png,2682,0.7140300869941711,355.0977515255056,23.3214078741672,358.831145416347,3.7333938908413984,3.7333938908413984
148_png.rf.2792a5b60dde0320afebc5e526e3967a_roi_8.png,148.png,192,0.7121848464012146,510.352261489919,27.7192337759437,425.178570985785,-85.17369050413402,85.17369050413402
149_png.rf.4dfa00beb57e9649962221eb0b15f710_roi_3.png,149.png,211,0.7096157073974609,727.0556797822533,32.52219769111948,589.415410184491,-137.6402695977623,137.6402695977623
149_png.rf.4dfa00beb57e9649962221eb0b15f710_roi_13.png,149.png,228,0.7084304690361023,752.7963856452537,33.85087561936604,609.944937786698,-142.85144785855573,142.85144785855573
148_png.rf.2792a5b60dde0320afebc5e526e3967a_roi_36.png,148.png,204,0.7043063044548035,534.9601988708524,26.94386554133933,447.475133868647,-87.48506500220543,87.48506500220543
256_png.rf.18d3c3ddc6e345fc5391481cf087f656_roi_4.png,256.png,2741,0.7023603916168213,923.354890021046,44.229152479608544,726.991938769133,-196.36295125191305,196.36295125191305
256_png.rf.18d3c3ddc6e345fc5391481cf087f656_roi_5.png,256.png,2743,0.7023136615753174,956.542530146193,43.4077768851804,835.44321124745,-121.09931889874304,121.09931889874304
57_png.rf.8f487a26af5047f2a1caf0288f3e993b_roi_5.png,57.png,857,0.7016043066978455,594.5128529632534,31.40112902280361,535.548965890872,-58.96388707238145,58.96388707238145
233_png.rf.2b58d11f6910e50a1a7c57dfb7968557_roi_25.png,233.png,2719,0.6970923542976379,688.0821435099296,37.4470365773581,608.907511727909,-79.17463178202058,79.17463178202058
143_png.rf.c3e3d6a7b2f10bce3af6568db51c3ab9_roi_28.png,143.png,27,0.6970712542533875,684.309235938573,30.80574658503324,740.935613562246,56.626377623672965,56.626377623672965
148_png.rf.2792a5b60dde0320afebc5e526e3967a_roi_29.png,148.png,209,0.6958897709846497,583.1689764573924,28.646174641575325,449.986168409558,-133.18280804783444,133.18280804783444
151_png.rf.717257c00a1209ed06a039fb95a1454b_roi_28.png,151.png,293,0.6915032863616943,552.7085167219276,28.32677158334613,434.508669978445,-118.19984674348257,118.19984674348257
19_png.rf.aabc4ba10a41d7686e6d12be86adbf62_roi_7.png,19.png,560,0.6913456320762634,653.8508277495303,32.34040224066332,491.65117117433,-162.19965657520027,162.19965657520027
146_png.rf.6ba5197b14cc019df1f46cda73230bd2_roi_37.png,146.png,104,0.6911339163780212,715.6186251629553,34.47906541176971,571.501719666263,-144.1169054966922,144.1169054966922
64_png.rf.aead9dbcf2b88c62d80ab0f0b47628db_roi_3.png,64.png,944,0.6870554685592651,498.2364344489772,32.262531722401754,439.560377820901,-58.676056628076196,58.676056628076196
145_png.rf.cb189c4b5913bc8fcb53703f1d06d8fa_roi_4.png,145.png,60,0.6832767128944397,778.1576277860918,35.37936047741217,860.818069387828,82.66044160173624,82.66044160173624
152_png.rf.39c63859049503978a692da8d573f11d_roi_17.png,152.png,315,0.6731002926826477,682.2482491536555,30.177118722987107,556.013394046695,-126.23485510696048,126.23485510696048
151_png.rf.717257c00a1209ed06a039fb95a1454b_roi_21.png,151.png,294,0.6729378700256348,585.0248872346996,25.77584192463126,462.037668934943,-122.98721829975659,122.98721829975659
151_png.rf.717257c00a1209ed06a039fb95a1454b_roi_23.png,151.png,296,0.6709167957305908,636.7434742247817,29.808322516202985,562.462959845605,-74.28051437917668,74.28051437917668
12_png.rf.49dc252058487427cd943ed38c5d8627_roi_14.png,12.png,488,0.6688481569290161,601.8892103852676,33.39330264317538,441.193027453785,-160.69618293148255,160.69618293148255
151_png.rf.717257c00a1209ed06a039fb95a1454b_roi_7.png,151.png,280,0.6683505773544312,580.0798440125895,30.25405750718803,488.588411260183,-91.49143275240652,91.49143275240652
148_png.rf.2792a5b60dde0320afebc5e526e3967a_roi_20.png,148.png,201,0.6667895317077637,506.79592066482746,26.688137365510435,367.367332243397,-139.42858842143045,139.42858842143045
146_png.rf.6ba5197b14cc019df1f46cda73230bd2_roi_16.png,146.png,113,0.6656233668327332,778.6301618671096,37.81182731490274,638.567452095112,-140.06270977199756,140.06270977199756
146_png.rf.6ba5197b14cc019df1f46cda73230bd2_roi_8.png,146.png,92,0.660209596157074,767.1018099743181,32.49923779952265,657.23371130722,-109.86809866709814,109.86809866709814
22_png.rf.c50cb0ca2a50371b33f002d2131b8c8d_roi_6.png,22.png,603,0.6535626649856567,396.0848782213962,24.251608255613544,384.837951522036,-11.246926699360188,11.246926699360188
19_png.rf.aabc4ba10a41d7686e6d12be86adbf62_roi_13.png,19.png,561,0.6500780582427979,647.4378553848609,34.36226095031592,562.78395136088,-84.65390402398089,84.65390402398089
151_png.rf.717257c00a1209ed06a039fb95a1454b_roi_31.png,151.png,298,0.6473171710968018,540.6401286342756,28.953507752500705,436.787941460747,-103.85218717352859,103.85218717352859
211_png.rf.31aa4a97aa88d5fb954271f5ab741a85_roi_9.png,211.png,2708,0.6451612710952759,392.1364980131411,21.2414520729867,348.411694364197,-43.72480364894409,43.72480364894409
14_png.rf.c25a6dade4d855368be01104eaa5b4d8_roi_20.png,14.png,517,0.6441437005996704,701.7477426873942,31.45050545771348,682.538289257084,-19.20945343031019,19.20945343031019
151_png.rf.717257c00a1209ed06a039fb95a1454b_roi_9.png,151.png,282,0.6415954828262329,546.9524485507476,23.90754646251229,375.231088675237,-171.7213598755106,171.7213598755106
15_png.rf.b5104b9c207ec5a13eb374db463ccad9_roi_8.png,15.png,520,0.6406480073928833,598.3554378622919,29.885986750449103,605.321936571355,6.966498709063103,6.966498709063103
13_png.rf.36b7ebf783550ceabbed516115d3e643_roi_2.png,13.png,497,0.6404547691345215,603.3950215456572,30.71527354403361,518.133404046609,-85.26161749904816,85.26161749904816
148_png.rf.2792a5b60dde0320afebc5e526e3967a_roi_32.png,148.png,203,0.6378066539764404,610.5523487956348,29.442668033461477,412.336437093432,-198.2159117022028,198.2159117022028
202_png.rf.1536fc8a88228bb8324ac1a09adf0d09_roi_40.png,202.png,2664,0.6356478333473206,414.5952516055381,23.208075752812142,142.896437735047,-271.6988138704911,271.6988138704911
141_png.rf.491e5a4c500bc47a609e08980408d66c_roi_28.png,141.png,2507,0.6330274939537048,603.9189115186285,39.27912783323627,611.610956691314,7.692045172685425,7.692045172685425
145_png.rf.cb189c4b5913bc8fcb53703f1d06d8fa_roi_29.png,145.png,55,0.6325824856758118,791.3077411708314,32.675184851210126,669.911963563487,-121.39577760734437,121.39577760734437
151_png.rf.717257c00a1209ed06a039fb95a1454b_roi_25.png,151.png,283,0.6306554079055786,622.585372228442,30.8205139536632,554.232868200713,-68.35250402772897,68.35250402772897
146_png.rf.6ba5197b14cc019df1f46cda73230bd2_roi_39.png,146.png,96,0.63011634349823,759.602288187157,34.829245072964135,632.910473572172,-126.69181461498499,126.69181461498499
90_png.rf.69bdac2f8992d8d3ebf3226c61ad2bd5_roi_3.png,90.png,1486,0.6280591487884521,948.52980220193,38.56683344491237,996.687350658842,48.15754845691197,48.15754845691197
151_png.rf.717257c00a1209ed06a039fb95a1454b_roi_26.png,151.png,288,0.6266641020774841,495.2151713240237,25.38761755747027,414.244039504007,-80.9711318200167,80.9711318200167
149_png.rf.4dfa00beb57e9649962221eb0b15f710_roi_10.png,149.png,229,0.6263022422790527,761.9055335572067,35.61768457243168,606.960468934944,-154.94506462226275,154.94506462226275
145_png.rf.cb189c4b5913bc8fcb53703f1d06d8fa_roi_33.png,145.png,63,0.623908281326294,879.2501926847,37.68868455011132,705.162346663884,-174.08784602081596,174.08784602081596
146_png.rf.6ba5197b14cc019df1f46cda73230bd2_roi_4.png,146.png,90,0.6210871934890747,706.0490863408048,35.43461593434,591.462551513265,-114.58653482753982,114.58653482753982
148_png.rf.2792a5b60dde0320afebc5e526e3967a_roi_23.png,148.png,206,0.6206161379814148,568.678204319158,30.212615924048684,446.545629149588,-122.13257516956998,122.13257516956998
146_png.rf.6ba5197b14cc019df1f46cda73230bd2_roi_42.png,146.png,89,0.6160616278648376,726.7096002391779,35.894895069207074,636.107216096831,-90.60238414234686,90.60238414234686
147_png.rf.cf2e44c074bedd11a6fc17a869ce1e4a_roi_21.png,147.png,157,0.6159372925758362,620.5083779800087,38.56004133474819,382.939689136892,-237.56868884311672,237.56868884311672
146_png.rf.6ba5197b14cc019df1f46cda73230bd2_roi_21.png,146.png,120,0.6133503317832947,750.8083223397758,35.91781727074529,622.59050749688,-128.2178148428958,128.2178148428958
146_png.rf.6ba5197b14cc019df1f46cda73230bd2_roi_35.png,146.png,111,0.6124628782272339,731.2025281261032,34.06787234489654,610.707098282692,-120.49542984341122,120.49542984341122
57_png.rf.8f487a26af5047f2a1caf0288f3e993b_roi_14.png,57.png,854,0.6104968190193176,650.8967411629163,33.18937499677065,506.391461092488,-144.50528007042834,144.50528007042834
147_png.rf.cf2e44c074bedd11a6fc17a869ce1e4a_roi_23.png,147.png,161,0.6025640964508057,563.2216049973596,36.12062178501279,297.469766918065,-265.7518380792946,265.7518380792946
31_png.rf.8c44aa894a4794a3b8219900d8410790_roi_1.png,31.png,696,0.6003668904304504,739.4235920750027,38.11790629672706,816.855243097734,77.43165102273133,77.43165102273133
119_png.rf.497c650b0290be25e8f041e87b86f7f7_roi_31.png,119.png,2129,0.5974169969558716,790.3467229069503,41.32140167543312,837.085595201617,46.73887229466675,46.73887229466675
147_png.rf.cf2e44c074bedd11a6fc17a869ce1e4a_roi_4.png,147.png,126,0.5881296992301941,630.5305734833157,39.11228049024452,440.907711335449,-189.62286214786673,189.62286214786673
146_png.rf.6ba5197b14cc019df1f46cda73230bd2_roi_28.png,146.png,122,0.5830159783363342,728.2964260804943,34.02175678333747,599.625392426648,-128.67103365384628,128.67103365384628
24_png.rf.50b47caa78e1b88c004d45f806f8a3d5_roi_12.png,24.png,615,0.5828087329864502,750.654285829724,43.85749924917896,624.299251113127,-126.35503471659706,126.35503471659706
16_png.rf.15709a30ea6b376bcd9df84102f56f34_roi_6.png,16.png,537,0.5775009393692017,670.3572628243425,35.167499006569884,680.67384836009,10.31658553574755,10.31658553574755
146_png.rf.6ba5197b14cc019df1f46cda73230bd2_roi_36.png,146.png,105,0.5743695497512817,749.289128813231,34.702367117377186,460.228611280646,-289.0605175325849,289.0605175325849
146_png.rf.6ba5197b14cc019df1f46cda73230bd2_roi_10.png,146.png,102,0.5718792080879211,668.3317909883364,33.248347223162405,556.153254293533,-112.17853669480337,112.17853669480337
148_png.rf.2792a5b60dde0320afebc5e526e3967a_roi_15.png,148.png,197,0.5666666626930237,533.3249977633936,29.04727043607609,452.121569845519,-81.20342791787465,81.20342791787465
146_png.rf.6ba5197b14cc019df1f46cda73230bd2_roi_18.png,146.png,112,0.566156268119812,757.0426423257999,33.163867319279234,586.582646961039,-170.45999536476086,170.45999536476086
149_png.rf.4dfa00beb57e9649962221eb0b15f710_roi_14.png,149.png,221,0.5601365566253662,736.0140082986057,31.35603344682881,605.801849042266,-130.21215925633976,130.21215925633976
147_png.rf.cf2e44c074bedd11a6fc17a869ce1e4a_roi_8.png,147.png,137,0.5503393411636353,615.6395525621216,41.751707964242165,348.415756912953,-267.2237956491686,267.2237956491686
146_png.rf.6ba5197b14cc019df1f46cda73230bd2_roi_20.png,146.png,119,0.5465642213821411,755.1224260437174,28.884986326365013,563.237207131646,-191.88521891207142,191.88521891207142
147_png.rf.cf2e44c074bedd11a6fc17a869ce1e4a_roi_14.png,147.png,149,0.5398188829421997,648.8385825374714,36.80057283797678,456.117599045217,-192.72098349225445,192.72098349225445
22_png.rf.c50cb0ca2a50371b33f002d2131b8c8d_roi_12.png,22.png,601,0.5368475914001465,612.6292964428922,28.64620038424105,242.506623366212,-370.12267307668014,370.12267307668014
24_png.rf.50b47caa78e1b88c004d45f806f8a3d5_roi_13.png,24.png,612,0.5311324596405029,802.3989949910693,44.40127938299807,647.044095783463,-155.3548992076063,155.3548992076063
146_png.rf.6ba5197b14cc019df1f46cda73230bd2_roi_19.png,146.png,118,0.5305668711662292,732.17746431906,35.19981726204647,580.051636992045,-152.12582732701503,152.12582732701503
150_png.rf.5ef32cd27346163ba4df997dac47f9ae_roi_12.png,150.png,263,0.5270349383354187,648.4230655516237,30.376786151967902,672.59137418621,24.16830863458631,24.16830863458631
19_png.rf.aabc4ba10a41d7686e6d12be86adbf62_roi_19.png,19.png,565,0.5263158082962036,629.1345331505048,33.31417276779841,389.024658662454,-240.10987448805082,240.10987448805082
149_png.rf.4dfa00beb57e9649962221eb0b15f710_roi_19.png,149.png,243,0.5225726366043091,715.7712799730741,31.996710316016618,530.993095262039,-184.77818471103512,184.77818471103512
148_png.rf.2792a5b60dde0320afebc5e526e3967a_roi_4.png,148.png,193,0.5193284153938293,498.4685598626019,23.78217873854104,408.821137033009,-89.64742282959293,89.64742282959293
19_png.rf.aabc4ba10a41d7686e6d12be86adbf62_roi_11.png,19.png,559,0.5177589058876038,607.3489160301519,35.61930449459843,352.987873613136,-254.36104241701594,254.36104241701594
147_png.rf.cf2e44c074bedd11a6fc17a869ce1e4a_roi_5.png,147.png,127,0.5155275464057922,623.968040825434,39.85151615538204,450.899594540542,-173.06844628489193,173.06844628489193
146_png.rf.6ba5197b14cc019df1f46cda73230bd2_roi_40.png,146.png,97,0.5138434767723083,747.537046627112,34.42838551161076,643.076174066019,-104.46087256109297,104.46087256109297
24_png.rf.50b47caa78e1b88c004d45f806f8a3d5_roi_10.png,24.png,621,0.5123762488365173,750.5939452019433,40.16889022991329,606.517255176186,-144.07669002575722,144.07669002575722
23_png.rf.eb33425f1552646a0744adb0080634ac_roi_9.png,23.png,606,0.508289098739624,727.0005578370066,34.717481685779404,332.10222661248,-394.89833122452654,394.89833122452654
147_png.rf.cf2e44c074bedd11a6fc17a869ce1e4a_roi_6.png,147.png,130,0.5030018091201782,645.6558379173606,44.57923526420586,494.605894648,-151.0499432693606,151.0499432693606
147_png.rf.cf2e44c074bedd11a6fc17a869ce1e4a_roi_35.png,147.png,167,0.5014413595199585,595.1614570734815,39.80190101353134,400.226756805494,-194.93470026798752,194.93470026798752
147_png.rf.cf2e44c074bedd11a6fc17a869ce1e4a_roi_46.png,147.png,154,0.49457135796546936,640.8777972120319,36.59670614588306,285.908499358384,-354.96929785364784,354.96929785364784
149_png.rf.4dfa00beb57e9649962221eb0b15f710_roi_28.png,149.png,217,0.4904051125049591,739.8820190312666,34.43204457451708,633.304186204239,-106.57783282702758,106.57783282702758
12_png.rf.49dc252058487427cd943ed38c5d8627_roi_13.png,12.png,491,0.4836309552192688,638.1059539619202,32.392896681352674,453.121268782559,-184.98468517936124,184.98468517936124
147_png.rf.cf2e44c074bedd11a6fc17a869ce1e4a_roi_41.png,147.png,139,0.4826783537864685,590.2761994483882,33.103221587157,425.139019149674,-165.13718029871416,165.13718029871416
97_png.rf.f4e8ad3bada447eb1ef57ab4eee50c1f_roi_39.png,97.png,1645,0.47786733508110046,886.1544373358399,37.27817487331691,948.552329454359,62.39789211851905,62.39789211851905
147_png.rf.cf2e44c074bedd11a6fc17a869ce1e4a_roi_13.png,147.png,144,0.4713836908340454,593.0439552895997,38.61915043413367,414.118681294435,-178.92527399516467,178.92527399516467
177_png.rf.7d111caca2be9c02b4c09af0069e3b04_roi_8.png,177.png,1420,0.46898263692855835,706.7925063532539,33.68805903451904,709.26372254009,2.471216186836159,2.471216186836159
14_png.rf.c25a6dade4d855368be01104eaa5b4d8_roi_12.png,14.png,508,0.46881192922592163,683.8638055313882,32.45818957468782,525.174059817375,-158.68974571401316,158.68974571401316
147_png.rf.cf2e44c074bedd11a6fc17a869ce1e4a_roi_20.png,147.png,151,0.46802181005477905,598.6757438091956,39.313125196216205,435.010364694266,-163.66537911492964,163.66537911492964
122_png.rf.617059b075a6f81cae0fd7788acdfed2_roi_15.png,122.png,2200,0.4667496383190155,596.1051516224985,35.63492660594308,655.760698254461,59.655546631962466,59.655546631962466
24_png.rf.50b47caa78e1b88c004d45f806f8a3d5_roi_11.png,24.png,617,0.46641629934310913,810.5769792154448,45.72827023852654,640.519374888249,-170.0576043271958,170.0576043271958
16_png.rf.15709a30ea6b376bcd9df84102f56f34_roi_1.png,16.png,531,0.464796781539917,593.0847076121274,32.79501706046535,326.147455979686,-266.9372516324414,266.9372516324414
147_png.rf.cf2e44c074bedd11a6fc17a869ce1e4a_roi_19.png,147.png,153,0.4599815905094147,587.0638233766603,41.37430179518672,438.292719221266,-148.77110415539426,148.77110415539426
147_png.rf.cf2e44c074bedd11a6fc17a869ce1e4a_roi_44.png,147.png,138,0.4572121202945709,505.5298281991012,36.53630573064092,257.448055609609,-248.08177258949218,248.08177258949218
147_png.rf.cf2e44c074bedd11a6fc17a869ce1e4a_roi_22.png,147.png,159,0.4544532299041748,622.9879396298684,40.77800019013508,437.162571615261,-185.82536801460736,185.82536801460736
147_png.rf.cf2e44c074bedd11a6fc17a869ce1e4a_roi_28.png,147.png,181,0.45304176211357117,594.7124969521917,34.77113783874496,386.791636829314,-207.92086012287774,207.92086012287774
147_png.rf.cf2e44c074bedd11a6fc17a869ce1e4a_roi_10.png,147.png,141,0.44669196009635925,637.4751546724643,38.43555577359404,435.573074066018,-201.9020806064463,201.9020806064463
147_png.rf.cf2e44c074bedd11a6fc17a869ce1e4a_roi_9.png,147.png,142,0.4438326060771942,568.3940824220216,36.589278632638674,411.311305838931,-157.0827765830906,157.0827765830906
147_png.rf.cf2e44c074bedd11a6fc17a869ce1e4a_roi_42.png,147.png,131,0.43764248490333557,570.8083590495818,33.781135202102575,273.467785543165,-297.3405735064168,297.3405735064168
118_png.rf.55a01e17df553b816f0981b14bd0a2fa_roi_22.png,118.png,2102,0.4237440228462219,566.2543394430503,33.91643893949517,585.519301588006,19.26496214495569,19.26496214495569
147_png.rf.cf2e44c074bedd11a6fc17a869ce1e4a_roi_17.png,147.png,147,0.4212617874145508,542.0721272030843,36.88488826884336,312.388311889065,-229.68381531401928,229.68381531401928
112_png.rf.6c97f0189ea80fec5eb32c7787ddafbc_roi_4.png,112.png,1970,0.4125773012638092,576.353352012522,38.1816551742291,690.627103044073,114.273751031551,114.273751031551
49_png.rf.7b6be40490eb63cd475ec3f1272052ea_roi_5.png,49.png,800,0.405733197927475,570.3576931876224,30.11311499473182,481.065782750163,-89.29191043745942,89.29191043745942
202_png.rf.1536fc8a88228bb8324ac1a09adf0d09_roi_29.png,202.png,2665,0.4017016589641571,395.6031332780673,20.7648444620386,312.533527310076,-83.06960596799127,83.06960596799127
147_png.rf.cf2e44c074bedd11a6fc17a869ce1e4a_roi_39.png,147.png,155,0.3911423981189728,571.0331767706399,33.65555920669187,367.470256878228,-203.5629198924119,203.5629198924119
149_png.rf.4dfa00beb57e9649962221eb0b15f710_roi_24.png,149.png,213,0.35426267981529236,746.278783898611,38.14978385348805,608.096565729715,-138.18221816889593,138.18221816889593
202_png.rf.1536fc8a88228bb8324ac1a09adf0d09_roi_1.png,202.png,2680,0.3522600829601288,405.44504175385873,23.311139683544397,397.669563331874,-7.775478421984758,7.775478421984758
147_png.rf.cf2e44c074bedd11a6fc17a869ce1e4a_roi_34.png,147.png,162,0.351505845785141,572.8787504461008,37.71587943048935,285.536999478928,-287.34175096717274,287.34175096717274
147_png.rf.cf2e44c074bedd11a6fc17a869ce1e4a_roi_36.png,147.png,171,0.3333945572376251,611.7071000295869,36.66012319387729,374.413270270378,-237.29382975920885,237.29382975920885
256_png.rf.18d3c3ddc6e345fc5391481cf087f656_roi_63.png,256.png,2737,0.33111077547073364,963.6877831464608,45.36344416890006,824.117820257561,-139.5699628888998,139.5699628888998
121_png.rf.49e7ff8713556ad7cc37d311e25762ea_roi_29.png,121.png,2192,0.3265306055545807,767.648853378759,35.238782795039434,838.324532202433,70.67567882367405,70.67567882367405
259_png.rf.87675763f1552916772a6119f6ff6c71_roi_10.png,259.png,2799,0.316188782453537,849.3390371972903,42.23114222990717,921.314202923881,71.97516572659072,71.97516572659072
