human_file,computer_file,iou,length_um_human,width_um_human,length_um_computer,width_um_computer,length_diff_um,width_diff_um,abs_length_diff_um,abs_width_diff_um
99_png.rf.2f98932bb0145b858dd8d04d300acba8_roi_20.png,99_png.rf.2f98932bb0145b858dd8d04d300acba8_roi_9.png,0.9602391719818115,900.6025629330853,40.36679851442533,891.8844590701814,40.77937850951199,-8.718103862903945,0.41257999508666643,8.718103862903945,0.41257999508666643
92_png.rf.80ea001d686c323f4ac8f2ee5ef69ad9_roi_35.png,92_png.rf.80ea001d686c323f4ac8f2ee5ef69ad9_roi_1.png,0.9570412635803223,913.0523234250444,41.60005880153968,917.3151781848328,41.77673265457475,4.262854759788411,0.17667385303506933,4.262854759788411,0.17667385303506933
91_png.rf.0a273fe102d97aae48f032d48b5a851a_roi_0.png,91_png.rf.0a273fe102d97aae48f032d48b5a851a_roi_20.png,0.9561347961425781,864.1862390582567,39.38976827220597,868.6418090884574,38.94337426625581,4.455570030200761,-0.446394005950161,4.455570030200761,0.446394005950161
79_png.rf.5ec9f077f4d5af0f3ab029d7283bba4e_roi_58.png,79_png.rf.5ec9f077f4d5af0f3ab029d7283bba4e_roi_28.png,0.9518760442733765,697.9628180386752,37.60122664281606,708.4125442257575,37.3840962812032,10.44972618708232,-0.2171303616128597,10.44972618708232,0.2171303616128597
116_png.rf.31f3bd809826aa89c4df5b576dde5220_roi_11.png,116_png.rf.31f3bd809826aa89c4df5b576dde5220_roi_54.png,0.9516329169273376,621.5334973732228,42.02643174586137,620.9721132701969,42.75687145604662,-0.56138410302583,0.7304397101852445,0.56138410302583,0.7304397101852445
92_png.rf.80ea001d686c323f4ac8f2ee5ef69ad9_roi_20.png,92_png.rf.80ea001d686c323f4ac8f2ee5ef69ad9_roi_44.png,0.9515418410301208,810.7379696626518,38.7919435327842,806.7607483450407,39.545613172720095,-3.977221317611111,0.7536696399358931,3.977221317611111,0.7536696399358931
247_png.rf.cd7f216bffe054fe21ad783946e169c5_roi_36.png,247_png.rf.cd7f216bffe054fe21ad783946e169c5_roi_10.png,0.9502262473106384,860.8785624542536,41.84391392280372,849.656870535638,42.07854719840917,-11.221691918615647,0.23463327560544656,11.221691918615647,0.23463327560544656
98_png.rf.b77e65e183c8314ed4d321b2e0970f1f_roi_5.png,98_png.rf.b77e65e183c8314ed4d321b2e0970f1f_roi_39.png,0.949999988079071,829.6918694535702,40.09121852392795,834.2257886255203,39.247726556992525,4.5339191719500604,-0.8434919669354244,4.5339191719500604,0.8434919669354244
256_png.rf.18d3c3ddc6e345fc5391481cf087f656_roi_9.png,256_png.rf.18d3c3ddc6e345fc5391481cf087f656_roi_65.png,0.9497878551483154,984.4500703789377,45.97033475498559,999.6184048919424,45.91337615633384,15.168334513004766,-0.05695859865175379,15.168334513004766,0.05695859865175379
128_png.rf.bff9aea834e0f8c141fb97e07d16c917_roi_46.png,128_png.rf.bff9aea834e0f8c141fb97e07d16c917_roi_40.png,0.9495114088058472,542.1969013607209,36.26350109766601,538.0543039461514,36.94674926242681,-4.142597414569423,0.6832481647608049,4.142597414569423,0.6832481647608049
92_png.rf.80ea001d686c323f4ac8f2ee5ef69ad9_roi_13.png,92_png.rf.80ea001d686c323f4ac8f2ee5ef69ad9_roi_41.png,0.9486600756645203,895.816685901028,43.083881916456754,900.3890009686838,42.7187450178649,4.572315067655836,-0.3651368985918566,4.572315067655836,0.3651368985918566
110_png.rf.f1695d5abb6a86459ef7744b76a07589_roi_19.png,110_png.rf.f1695d5abb6a86459ef7744b76a07589_roi_21.png,0.9484346508979797,629.490776227931,37.421161291403386,619.1445409973155,37.87213420831047,-10.346235230615434,0.45097291690708374,10.346235230615434,0.45097291690708374
247_png.rf.cd7f216bffe054fe21ad783946e169c5_roi_15.png,247_png.rf.cd7f216bffe054fe21ad783946e169c5_roi_40.png,0.948399543762207,794.3544153326574,48.96087513391657,802.2316613409278,48.26304217623326,7.87724600827039,-0.6978329576833104,7.87724600827039,0.6978329576833104
255_png.rf.de47ae0ea94061f8b83dcd6f7f61b6d8_roi_31.png,255_png.rf.de47ae0ea94061f8b83dcd6f7f61b6d8_roi_19.png,0.9476165771484375,869.4838059923497,46.71506947327202,872.9794895236953,47.25910973245896,3.4956835313455485,0.5440402591869429,3.4956835313455485,0.5440402591869429
255_png.rf.de47ae0ea94061f8b83dcd6f7f61b6d8_roi_26.png,255_png.rf.de47ae0ea94061f8b83dcd6f7f61b6d8_roi_26.png,0.9474934935569763,950.4383235471732,47.94939062946208,958.3060809580932,47.54033466219869,7.867757410919921,-0.40905596726339155,7.867757410919921,0.40905596726339155
94_png.rf.49891f2386b2bd0dae3124e2b7a1112a_roi_11.png,94_png.rf.49891f2386b2bd0dae3124e2b7a1112a_roi_1.png,0.9470868110656738,877.3950272123218,41.088038154009055,871.1878768332494,41.3990171786205,-6.2071503790723455,0.31097902461144145,6.2071503790723455,0.31097902461144145
116_png.rf.31f3bd809826aa89c4df5b576dde5220_roi_12.png,116_png.rf.31f3bd809826aa89c4df5b576dde5220_roi_22.png,0.9470587968826294,593.8891382486203,36.47543386794317,586.7974548166206,37.38507094604663,-7.091683431999627,0.9096370781034651,7.091683431999627,0.9096370781034651
118_png.rf.55a01e17df553b816f0981b14bd0a2fa_roi_34.png,118_png.rf.55a01e17df553b816f0981b14bd0a2fa_roi_13.png,0.9469879269599915,670.7179151761209,39.969276977921,663.1139931894537,40.56546650710813,-7.60392198666716,0.5961895291871286,7.60392198666716,0.5961895291871286
110_png.rf.f1695d5abb6a86459ef7744b76a07589_roi_17.png,110_png.rf.f1695d5abb6a86459ef7744b76a07589_roi_30.png,0.9468682408332825,641.0126976412816,39.011664630175424,651.0443586609283,37.82161034236752,10.031661019646663,-1.1900542878079037,10.031661019646663,1.1900542878079037
92_png.rf.80ea001d686c323f4ac8f2ee5ef69ad9_roi_34.png,92_png.rf.80ea001d686c323f4ac8f2ee5ef69ad9_roi_26.png,0.9462251663208008,922.8302319177744,44.31181313854789,929.9004964801492,43.817372575035336,7.070264562374746,-0.49444056351255483,7.070264562374746,0.49444056351255483
94_png.rf.49891f2386b2bd0dae3124e2b7a1112a_roi_10.png,94_png.rf.49891f2386b2bd0dae3124e2b7a1112a_roi_8.png,0.945515513420105,887.5538037821219,43.220930516792194,905.3224796556462,42.98012782514054,17.76867587352433,-0.2408026916516519,17.76867587352433,0.2408026916516519
253_png.rf.c5ce7acb6522efe044f32dfc3817bd83_roi_1.png,253_png.rf.c5ce7acb6522efe044f32dfc3817bd83_roi_11.png,0.9451881647109985,948.2079258063112,45.30936416567814,939.07857557644,45.2069311216948,-9.129350229871193,-0.10243304398333919,9.129350229871193,0.10243304398333919
139_png.rf.b31bb426801c1937eccc9821dfe61214_roi_6.png,139_png.rf.b31bb426801c1937eccc9821dfe61214_roi_1.png,0.9450253248214722,790.4883125000222,40.26025672647612,803.8815912513205,39.89229193412173,13.39327875129834,-0.3679647923543925,13.39327875129834,0.3679647923543925
116_png.rf.31f3bd809826aa89c4df5b576dde5220_roi_1.png,116_png.rf.31f3bd809826aa89c4df5b576dde5220_roi_0.png,0.9438202381134033,657.2917610110545,43.0501020584488,674.0492613344721,43.23638839407529,16.757500323417617,0.186286335626491,16.757500323417617,0.186286335626491
258_png.rf.4974b8c7d9ed04ac6afac3610ec7ed0b_roi_19.png,258_png.rf.4974b8c7d9ed04ac6afac3610ec7ed0b_roi_60.png,0.9430965781211853,1051.771977059355,46.12400612806909,1034.20813373178,47.20585517571092,-17.563843327575114,1.0818490476418319,17.563843327575114,1.0818490476418319
256_png.rf.18d3c3ddc6e345fc5391481cf087f656_roi_49.png,256_png.rf.18d3c3ddc6e345fc5391481cf087f656_roi_63.png,0.9428836703300476,972.1967994886732,46.849794354918366,989.7295419751092,47.62496244582558,17.532742486436064,0.775168090907215,17.532742486436064,0.775168090907215
263_png.rf.97c0ded9ac82af60867b2c23dec561ec_roi_38.png,263_png.rf.97c0ded9ac82af60867b2c23dec561ec_roi_67.png,0.9426947832107544,961.6588791774034,46.889002230007485,960.5882883974416,47.52499614814922,-1.0705907799617762,0.635993918141736,1.0705907799617762,0.635993918141736
98_png.rf.b77e65e183c8314ed4d321b2e0970f1f_roi_12.png,98_png.rf.b77e65e183c8314ed4d321b2e0970f1f_roi_17.png,0.9412146806716919,840.1878346554843,38.82352707273473,822.2987494959859,40.59194418530185,-17.889085159498336,1.7684171125671213,17.889085159498336,1.7684171125671213
231_png.rf.f3e62932017a5371d12e33973c57f95b_roi_32.png,231_png.rf.f3e62932017a5371d12e33973c57f95b_roi_0.png,0.9411764740943909,781.2074990494891,36.40260501427071,780.7022571337035,35.851363872617554,-0.505241915785632,-0.5512411416531577,0.505241915785632,0.5512411416531577
110_png.rf.f1695d5abb6a86459ef7744b76a07589_roi_28.png,110_png.rf.f1695d5abb6a86459ef7744b76a07589_roi_6.png,0.9411201477050781,602.1745036661949,37.59102596769483,610.2880950733553,36.63008961167868,8.113591407160357,-0.9609363560161555,8.113591407160357,0.9609363560161555
92_png.rf.80ea001d686c323f4ac8f2ee5ef69ad9_roi_25.png,92_png.rf.80ea001d686c323f4ac8f2ee5ef69ad9_roi_19.png,0.9405968189239502,905.0636179866052,42.12053512285281,909.727973412118,42.98076244864695,4.664355425512781,0.860227325794142,4.664355425512781,0.860227325794142
94_png.rf.49891f2386b2bd0dae3124e2b7a1112a_roi_33.png,94_png.rf.49891f2386b2bd0dae3124e2b7a1112a_roi_37.png,0.940559446811676,876.6879130142556,41.92364787202661,883.4622856156328,41.75716313803006,6.774372601377195,-0.16648473399655472,6.774372601377195,0.16648473399655472
106_png.rf.573a9b71c29129dbc83682319da248b9_roi_24.png,106_png.rf.573a9b71c29129dbc83682319da248b9_roi_14.png,0.9405344128608704,775.292264699061,37.15625755365117,776.8572215918177,36.21722793137653,1.5649568927567543,-0.9390296222746457,1.5649568927567543,0.9390296222746457
92_png.rf.80ea001d686c323f4ac8f2ee5ef69ad9_roi_14.png,92_png.rf.80ea001d686c323f4ac8f2ee5ef69ad9_roi_34.png,0.9400513768196106,885.4184045953666,41.780641721027976,891.852045511584,43.64186400655851,6.433640916217428,1.8612222855305305,6.433640916217428,1.8612222855305305
92_png.rf.80ea001d686c323f4ac8f2ee5ef69ad9_roi_21.png,92_png.rf.80ea001d686c323f4ac8f2ee5ef69ad9_roi_24.png,0.9399075508117676,846.1040843555022,40.84471106063274,841.8901515396728,41.173438048638815,-4.2139328158293665,0.3287269880060748,4.2139328158293665,0.3287269880060748
93_png.rf.b21584f50d6c3347de640ab82eae1dee_roi_12.png,93_png.rf.b21584f50d6c3347de640ab82eae1dee_roi_27.png,0.9398359060287476,834.8817298761334,41.92657540947967,866.1510705804504,40.80104639299656,31.269340704317074,-1.1255290164831067,31.269340704317074,1.1255290164831067
91_png.rf.0a273fe102d97aae48f032d48b5a851a_roi_3.png,91_png.rf.0a273fe102d97aae48f032d48b5a851a_roi_23.png,0.9397163391113281,786.8641769676077,37.70004912908538,777.2952855633513,40.23319995853826,-9.56889140425642,2.533150829452879,9.56889140425642,2.533150829452879
258_png.rf.4974b8c7d9ed04ac6afac3610ec7ed0b_roi_53.png,258_png.rf.4974b8c7d9ed04ac6afac3610ec7ed0b_roi_34.png,0.9397112727165222,872.5880824750642,43.93740289940581,812.964627525768,46.02031447570365,-59.62345494929616,2.082911576297839,59.62345494929616,2.082911576297839
118_png.rf.55a01e17df553b816f0981b14bd0a2fa_roi_32.png,118_png.rf.55a01e17df553b816f0981b14bd0a2fa_roi_24.png,0.9395559430122375,642.655616648901,41.259722480464895,631.7019698088816,40.43580368731797,-10.95364684001936,-0.8239187931469232,10.95364684001936,0.8239187931469232
93_png.rf.b21584f50d6c3347de640ab82eae1dee_roi_2.png,93_png.rf.b21584f50d6c3347de640ab82eae1dee_roi_44.png,0.9392059445381165,856.8227925130969,40.40608328685751,846.5000905852471,41.2836514585694,-10.322701927849835,0.8775681717118928,10.322701927849835,0.8775681717118928
98_png.rf.b77e65e183c8314ed4d321b2e0970f1f_roi_7.png,98_png.rf.b77e65e183c8314ed4d321b2e0970f1f_roi_16.png,0.9388005137443542,864.7195122321984,39.42413095523671,880.3143554589454,40.57127266577,15.594843226747003,1.1471417105332904,15.594843226747003,1.1471417105332904
139_png.rf.b31bb426801c1937eccc9821dfe61214_roi_18.png,139_png.rf.b31bb426801c1937eccc9821dfe61214_roi_13.png,0.9383243918418884,780.8536702901919,38.24470152861112,808.380617649052,38.36715687738441,27.526947358860184,0.12245534877329334,27.526947358860184,0.12245534877329334
98_png.rf.b77e65e183c8314ed4d321b2e0970f1f_roi_11.png,98_png.rf.b77e65e183c8314ed4d321b2e0970f1f_roi_10.png,0.9382789134979248,911.4296628516578,39.81669623537881,896.1760167670454,40.79949346481872,-15.253646084612342,0.9827972294399103,15.253646084612342,0.9827972294399103
101_png.rf.c4bf71f43d058b555a715c3e9695be8b_roi_44.png,101_png.rf.c4bf71f43d058b555a715c3e9695be8b_roi_18.png,0.9382165670394897,851.0409786684572,40.18524275415283,852.5880177166299,38.604526860899625,1.5470390481726781,-1.5807158932532062,1.5470390481726781,1.5807158932532062
94_png.rf.49891f2386b2bd0dae3124e2b7a1112a_roi_12.png,94_png.rf.49891f2386b2bd0dae3124e2b7a1112a_roi_10.png,0.9381787776947021,908.694781947795,42.17433178475903,904.5124013294936,42.56351470970043,-4.1823806183014085,0.3891829249413945,4.1823806183014085,0.3891829249413945
102_png.rf.17ecda620c62893042cd19d261c2d15e_roi_14.png,102_png.rf.17ecda620c62893042cd19d261c2d15e_roi_18.png,0.937844455242157,881.8804740141895,38.79827596747557,883.4189786179329,40.09086459650328,1.5385046037433767,1.292588629027712,1.5385046037433767,1.292588629027712
112_png.rf.6c97f0189ea80fec5eb32c7787ddafbc_roi_1.png,112_png.rf.6c97f0189ea80fec5eb32c7787ddafbc_roi_27.png,0.9375936388969421,594.9890914900988,35.580382855234824,587.9221938954564,36.726422970227965,-7.066897594642342,1.1460401149931414,7.066897594642342,1.1460401149931414
139_png.rf.b31bb426801c1937eccc9821dfe61214_roi_12.png,139_png.rf.b31bb426801c1937eccc9821dfe61214_roi_27.png,0.9373825788497925,834.9057213310078,40.53677823984083,840.0052517379038,41.32193267921064,5.099530406895951,0.785154439369812,5.099530406895951,0.785154439369812
113_png.rf.e3028a1dab303081c21db80950b8398c_roi_3.png,113_png.rf.e3028a1dab303081c21db80950b8398c_roi_15.png,0.937269389629364,754.5860871441126,34.00796799760964,727.6932116942036,36.21673473539179,-26.89287544990907,2.208766737782149,26.89287544990907,2.208766737782149
139_png.rf.b31bb426801c1937eccc9821dfe61214_roi_5.png,139_png.rf.b31bb426801c1937eccc9821dfe61214_roi_22.png,0.9365786910057068,797.947801488464,39.50968845838821,803.3700454932823,38.27032321395964,5.422244004818253,-1.2393652444285692,5.422244004818253,1.2393652444285692
110_png.rf.f1695d5abb6a86459ef7744b76a07589_roi_10.png,110_png.rf.f1695d5abb6a86459ef7744b76a07589_roi_33.png,0.9364244937896729,594.0763245880911,37.929373641023226,592.067389656029,38.13177164323316,-2.0089349320620613,0.20239800220993232,2.0089349320620613,0.20239800220993232
139_png.rf.b31bb426801c1937eccc9821dfe61214_roi_13.png,139_png.rf.b31bb426801c1937eccc9821dfe61214_roi_14.png,0.936170220375061,731.3135398105369,39.50574701459568,750.7975530214715,39.829542431507136,19.484013210934563,0.32379541691145874,19.484013210934563,0.32379541691145874
263_png.rf.97c0ded9ac82af60867b2c23dec561ec_roi_70.png,263_png.rf.97c0ded9ac82af60867b2c23dec561ec_roi_50.png,0.9355644583702087,947.338851568102,43.91698900985137,953.7981598917166,45.61615077194255,6.459308323614664,1.6991617620911796,6.459308323614664,1.6991617620911796
112_png.rf.6c97f0189ea80fec5eb32c7787ddafbc_roi_24.png,112_png.rf.6c97f0189ea80fec5eb32c7787ddafbc_roi_52.png,0.9350534081459045,623.1392423058767,38.443934910117,614.0795482271883,39.30468228477734,-9.05969407868838,0.8607473746603418,9.05969407868838,0.8607473746603418
257_png.rf.d0e9b62c92e89f70b1ab6feac50e3c89_roi_11.png,257_png.rf.d0e9b62c92e89f70b1ab6feac50e3c89_roi_0.png,0.9343571662902832,953.1218812863611,45.27107935644508,960.7365369179578,45.31684261325992,7.614655631596634,0.045763256814844055,7.614655631596634,0.045763256814844055
256_png.rf.18d3c3ddc6e345fc5391481cf087f656_roi_18.png,256_png.rf.18d3c3ddc6e345fc5391481cf087f656_roi_58.png,0.933929979801178,956.9655394544976,42.54643287875243,961.7350870666144,42.90200756536103,4.769547612116753,0.35557468660860536,4.769547612116753,0.35557468660860536
254_png.rf.ab63b13be5cc38585431fc95c5897dfe_roi_6.png,254_png.rf.ab63b13be5cc38585431fc95c5897dfe_roi_29.png,0.933849573135376,967.2586618034333,50.08199593828164,969.9358508168403,49.35051953073123,2.6771890134070873,-0.7314764075504101,2.6771890134070873,0.7314764075504101
104_png.rf.eb19faafbed5983b0cba70b7a044d4b2_roi_18.png,104_png.rf.eb19faafbed5983b0cba70b7a044d4b2_roi_9.png,0.9336550235748291,761.938772197571,34.23525065030661,774.8736967064035,34.780761519606656,12.934924508832523,0.5455108693000454,12.934924508832523,0.5455108693000454
94_png.rf.49891f2386b2bd0dae3124e2b7a1112a_roi_8.png,94_png.rf.49891f2386b2bd0dae3124e2b7a1112a_roi_23.png,0.9332394599914551,891.9660365811733,41.72444396339736,895.7994304388271,43.01930010198007,3.8333938576538458,1.294856138582709,3.8333938576538458,1.294856138582709
118_png.rf.55a01e17df553b816f0981b14bd0a2fa_roi_13.png,118_png.rf.55a01e17df553b816f0981b14bd0a2fa_roi_34.png,0.9329140186309814,488.55560415377295,30.86933907166913,501.7695776626171,30.95260548550842,13.213973508844163,0.08326641383929001,13.213973508844163,0.08326641383929001
93_png.rf.b21584f50d6c3347de640ab82eae1dee_roi_7.png,93_png.rf.b21584f50d6c3347de640ab82eae1dee_roi_8.png,0.9326470494270325,906.806113320506,40.45681668259933,892.8134428938484,40.48350729914065,-13.992670426657583,0.026690616541316103,13.992670426657583,0.026690616541316103
247_png.rf.cd7f216bffe054fe21ad783946e169c5_roi_18.png,247_png.rf.cd7f216bffe054fe21ad783946e169c5_roi_16.png,0.9326122999191284,894.3871543952952,43.13200006609789,887.1762953229368,44.15989760915551,-7.210859072358403,1.0278975430576196,7.210859072358403,1.0278975430576196
127_png.rf.f5998eff46ab9c23d70c90ea9d4ca09a_roi_47.png,127_png.rf.f5998eff46ab9c23d70c90ea9d4ca09a_roi_7.png,0.9324561357498169,722.6844309796461,32.885820210616984,739.2937571916692,34.00645106729792,16.60932621202312,1.1206308566809327,16.60932621202312,1.1206308566809327
12_png.rf.49dc252058487427cd943ed38c5d8627_roi_2.png,12_png.rf.49dc252058487427cd943ed38c5d8627_roi_2.png,0.9324554204940796,681.7740278472793,36.73489238780866,697.9792835667533,35.975949287558336,16.205255719474053,-0.7589431002503204,16.205255719474053,0.7589431002503204
262_png.rf.cef87c6dea9381c0e5718daeb9450039_roi_23.png,262_png.rf.cef87c6dea9381c0e5718daeb9450039_roi_12.png,0.9321303367614746,933.03101690031,41.99231051272418,932.57482423493,42.64499362095548,-0.45619266537994463,0.6526831082313009,0.45619266537994463,0.6526831082313009
144_png.rf.a5a2a2c438edbf198ffa6a10f317e83d_roi_34.png,144_png.rf.a5a2a2c438edbf198ffa6a10f317e83d_roi_20.png,0.9320276379585266,770.1785278652651,35.93173301218355,768.9689080630185,36.47693545570623,-1.209619802246607,0.5452024435226832,1.209619802246607,0.5452024435226832
103_png.rf.b9743a889c7194da0b8dce5c5b632bbc_roi_27.png,103_png.rf.b9743a889c7194da0b8dce5c5b632bbc_roi_9.png,0.9319108724594116,814.0898930996251,42.05963451390954,806.8379382207943,41.2285003827305,-7.251954878830816,-0.8311341311790414,7.251954878830816,0.8311341311790414
255_png.rf.de47ae0ea94061f8b83dcd6f7f61b6d8_roi_11.png,255_png.rf.de47ae0ea94061f8b83dcd6f7f61b6d8_roi_17.png,0.9317150712013245,995.84894548667,48.05124695643801,984.8617554067164,47.03855564927461,-10.98719007995362,-1.0126913071633936,10.98719007995362,1.0126913071633936
256_png.rf.18d3c3ddc6e345fc5391481cf087f656_roi_8.png,256_png.rf.18d3c3ddc6e345fc5391481cf087f656_roi_57.png,0.9316303730010986,935.9899275746656,44.52284840884365,953.8570556346796,45.97204079884629,17.86712806001401,1.4491923900026364,17.86712806001401,1.4491923900026364
104_png.rf.eb19faafbed5983b0cba70b7a044d4b2_roi_22.png,104_png.rf.eb19faafbed5983b0cba70b7a044d4b2_roi_17.png,0.9315732717514038,622.3505024571378,31.32397772835856,638.3054704372736,31.70781446117388,15.954967980135734,0.38383673281531827,15.954967980135734,0.38383673281531827
254_png.rf.ab63b13be5cc38585431fc95c5897dfe_roi_8.png,254_png.rf.ab63b13be5cc38585431fc95c5897dfe_roi_31.png,0.9315522313117981,995.883083260138,49.399282224894165,973.0139849318176,48.29040207253588,-22.869098328320433,-1.1088801523582816,22.869098328320433,1.1088801523582816
243_png.rf.8c7fbde9cf1c100bd9391051c6f812ca_roi_58.png,243_png.rf.8c7fbde9cf1c100bd9391051c6f812ca_roi_15.png,0.9309614300727844,757.0806762299437,33.50777879514074,748.7799812287509,33.512981912519265,-8.300695001192821,0.005203117378528077,8.300695001192821,0.005203117378528077
255_png.rf.de47ae0ea94061f8b83dcd6f7f61b6d8_roi_32.png,255_png.rf.de47ae0ea94061f8b83dcd6f7f61b6d8_roi_0.png,0.9309386610984802,961.662515205829,51.97828455574941,967.470986380282,51.15412176169909,5.808471174453075,-0.8241627940503236,5.808471174453075,0.8241627940503236
233_png.rf.2b58d11f6910e50a1a7c57dfb7968557_roi_17.png,233_png.rf.2b58d11f6910e50a1a7c57dfb7968557_roi_5.png,0.9308606386184692,783.0214703600369,37.64016393314076,777.788096025203,38.611258228346806,-5.233374334833911,0.9710942952060435,5.233374334833911,0.9710942952060435
244_png.rf.5bcc8a2e036202b828c2fe7081b01a74_roi_2.png,244_png.rf.5bcc8a2e036202b828c2fe7081b01a74_roi_18.png,0.9306734800338745,857.3967033999487,42.3652603946445,869.5092949114737,45.18288188717102,12.112591511525011,2.81762149252652,12.112591511525011,2.81762149252652
113_png.rf.e3028a1dab303081c21db80950b8398c_roi_7.png,113_png.rf.e3028a1dab303081c21db80950b8398c_roi_6.png,0.9306694269180298,758.3038077006654,41.43151567697856,747.0838755107902,41.4110265256431,-11.21993218987518,-0.02048915133546103,11.21993218987518,0.02048915133546103
255_png.rf.de47ae0ea94061f8b83dcd6f7f61b6d8_roi_10.png,255_png.rf.de47ae0ea94061f8b83dcd6f7f61b6d8_roi_23.png,0.9304158687591553,851.8600623784862,45.95892961951826,865.9601641454242,44.76399621746243,14.100101766937996,-1.194933402055831,14.100101766937996,1.194933402055831
232_png.rf.a2128ada57e85a13e1f6e4fe587144ee_roi_13.png,232_png.rf.a2128ada57e85a13e1f6e4fe587144ee_roi_47.png,0.9302977323532104,783.6086655644764,37.9450132843161,801.1393241200387,39.06184234495007,17.530658555562354,1.1168290606339752,17.530658555562354,1.1168290606339752
98_png.rf.b77e65e183c8314ed4d321b2e0970f1f_roi_2.png,98_png.rf.b77e65e183c8314ed4d321b2e0970f1f_roi_38.png,0.9302453994750977,949.0078206593392,41.007469768511385,1016.1089937788256,39.96834593285044,67.10117311948636,-1.039123835660945,67.10117311948636,1.039123835660945
107_png.rf.6215e321ee35ac2198cab08ebff50b91_roi_3.png,107_png.rf.6215e321ee35ac2198cab08ebff50b91_roi_21.png,0.930232584476471,756.5777427869571,38.53724263841243,759.2324214222269,38.43451758881601,2.6546786352698746,-0.10272504959642248,2.6546786352698746,0.10272504959642248
100_png.rf.93dbb301c4dc91fe8173d8a0a7f2dd5b_roi_34.png,100_png.rf.93dbb301c4dc91fe8173d8a0a7f2dd5b_roi_49.png,0.9301429986953735,890.5143787167093,43.53352079717639,903.6051989764812,43.25521598665876,13.090820259771931,-0.2783048105176249,13.090820259771931,0.2783048105176249
258_png.rf.4974b8c7d9ed04ac6afac3610ec7ed0b_roi_1.png,258_png.rf.4974b8c7d9ed04ac6afac3610ec7ed0b_roi_13.png,0.9298245906829834,962.9386828584494,47.71508712572557,997.697904690665,45.69992146817757,34.759221832215644,-2.015165657547996,34.759221832215644,2.015165657547996
94_png.rf.49891f2386b2bd0dae3124e2b7a1112a_roi_24.png,94_png.rf.49891f2386b2bd0dae3124e2b7a1112a_roi_29.png,0.9298036694526672,865.919071995601,40.39806163941035,870.101617673213,42.05804124317815,4.182545677611984,1.6599796037678018,4.182545677611984,1.6599796037678018
91_png.rf.0a273fe102d97aae48f032d48b5a851a_roi_23.png,91_png.rf.0a273fe102d97aae48f032d48b5a851a_roi_14.png,0.9296310544013977,747.4312643870882,36.86663408387604,754.4179398394466,37.786659208002575,6.9866754523584405,0.920025124126532,6.9866754523584405,0.920025124126532
253_png.rf.c5ce7acb6522efe044f32dfc3817bd83_roi_0.png,253_png.rf.c5ce7acb6522efe044f32dfc3817bd83_roi_1.png,0.9292487502098083,959.3902593652442,46.438870151361584,955.8365176837287,44.84632067272201,-3.5537416815154756,-1.592549478639576,3.5537416815154756,1.592549478639576
118_png.rf.55a01e17df553b816f0981b14bd0a2fa_roi_14.png,118_png.rf.55a01e17df553b816f0981b14bd0a2fa_roi_25.png,0.9290752410888672,621.8512238929112,43.99674649821154,658.5220288994726,41.28836633593574,36.67080500656141,-2.7083801622758017,36.67080500656141,2.7083801622758017
243_png.rf.8c7fbde9cf1c100bd9391051c6f812ca_roi_7.png,243_png.rf.8c7fbde9cf1c100bd9391051c6f812ca_roi_16.png,0.9289396405220032,764.6037779061157,38.36392105535082,764.6663182535858,37.26924498503776,0.06254034747007609,-1.0946760703130636,0.06254034747007609,1.0946760703130636
244_png.rf.5bcc8a2e036202b828c2fe7081b01a74_roi_23.png,244_png.rf.5bcc8a2e036202b828c2fe7081b01a74_roi_10.png,0.9285305738449097,897.2194142471933,40.50674874894918,898.3214796793425,42.259145828726446,1.1020654321491747,1.7523970797772677,1.1020654321491747,1.7523970797772677
256_png.rf.18d3c3ddc6e345fc5391481cf087f656_roi_14.png,256_png.rf.18d3c3ddc6e345fc5391481cf087f656_roi_1.png,0.9284802079200745,943.4420885371678,43.670214169788544,975.5034864907224,43.91999909785176,32.06139795355455,0.24978492806321384,32.06139795355455,0.24978492806321384
110_png.rf.f1695d5abb6a86459ef7744b76a07589_roi_30.png,110_png.rf.f1695d5abb6a86459ef7744b76a07589_roi_23.png,0.9280182123184204,622.8447608151954,38.23313115766936,626.5670338875544,36.98330408737456,3.7222730723590303,-1.2498270702947991,3.7222730723590303,1.2498270702947991
98_png.rf.b77e65e183c8314ed4d321b2e0970f1f_roi_27.png,98_png.rf.b77e65e183c8314ed4d321b2e0970f1f_roi_15.png,0.9278023838996887,847.7073175433235,39.65091533822255,853.4452442237346,39.6033421891885,5.7379266804110785,-0.04757314903405074,5.7379266804110785,0.04757314903405074
260_png.rf.6224abc499ca7b65a43aa371685b6fef_roi_5.png,260_png.rf.6224abc499ca7b65a43aa371685b6fef_roi_23.png,0.9277750849723816,982.179471032859,44.517017606651,966.3795595731816,45.83446066249872,-15.799911459677446,1.3174430558477184,15.799911459677446,1.3174430558477184
112_png.rf.6c97f0189ea80fec5eb32c7787ddafbc_roi_6.png,112_png.rf.6c97f0189ea80fec5eb32c7787ddafbc_roi_0.png,0.92768794298172,628.3341330434325,36.29910594421938,623.2054657027126,35.17723668599565,-5.128667340719971,-1.1218692582237253,5.128667340719971,1.1218692582237253
263_png.rf.97c0ded9ac82af60867b2c23dec561ec_roi_35.png,263_png.rf.97c0ded9ac82af60867b2c23dec561ec_roi_53.png,0.9275828003883362,982.8279756819978,43.535710195020606,974.1656387478246,45.28408953901578,-8.662336934173254,1.7483793439951754,8.662336934173254,1.7483793439951754
92_png.rf.80ea001d686c323f4ac8f2ee5ef69ad9_roi_39.png,92_png.rf.80ea001d686c323f4ac8f2ee5ef69ad9_roi_39.png,0.9275282621383667,879.0927709669984,42.266634788439895,899.2116747560824,44.819877271816615,20.118903789084015,2.553242483376721,20.118903789084015,2.553242483376721
232_png.rf.a2128ada57e85a13e1f6e4fe587144ee_roi_21.png,232_png.rf.a2128ada57e85a13e1f6e4fe587144ee_roi_69.png,0.9274953007698059,672.9674223690951,34.09981019875853,662.2079912332018,33.99969982664446,-10.759431135893237,-0.1001103721140737,10.759431135893237,0.1001103721140737
115_png.rf.4e7d2dcc137306ce0a4845f84fae0b70_roi_19.png,115_png.rf.4e7d2dcc137306ce0a4845f84fae0b70_roi_16.png,0.9272286295890808,838.4044383353635,41.994243942178656,850.2463655293241,41.890867608558416,11.8419271939606,-0.10337633362023979,11.8419271939606,0.10337633362023979
105_png.rf.2038c199fbe085aed32df6eb357079f4_roi_42.png,105_png.rf.2038c199fbe085aed32df6eb357079f4_roi_9.png,0.927209734916687,826.1175702173363,37.18103633356271,844.6177974955677,36.83313688124194,18.500227278231478,-0.34789945232076747,18.500227278231478,0.34789945232076747
19_png.rf.aabc4ba10a41d7686e6d12be86adbf62_roi_2.png,19_png.rf.aabc4ba10a41d7686e6d12be86adbf62_roi_9.png,0.9271948337554932,687.5757144328513,35.461682103688496,715.2043784396724,35.5249302445342,27.628664006821054,0.06324814084570107,27.628664006821054,0.06324814084570107
110_png.rf.f1695d5abb6a86459ef7744b76a07589_roi_29.png,110_png.rf.f1695d5abb6a86459ef7744b76a07589_roi_42.png,0.9265648126602173,591.5715408375528,36.848845580594094,606.561102452876,35.279329841855954,14.989561615323169,-1.56951573873814,14.989561615323169,1.56951573873814
99_png.rf.2f98932bb0145b858dd8d04d300acba8_roi_6.png,99_png.rf.2f98932bb0145b858dd8d04d300acba8_roi_24.png,0.9265396595001221,910.7488016520714,41.53005848177245,905.0263475474378,43.65468366936072,-5.722454104633584,2.124625187588272,5.722454104633584,2.124625187588272
140_png.rf.18ec71dd3e97ae820fb4e7753bfbec3e_roi_2.png,140_png.rf.18ec71dd3e97ae820fb4e7753bfbec3e_roi_1.png,0.9264132380485535,598.2378272622577,37.2235156212871,602.9503172880619,36.694796574719305,4.712490025804186,-0.5287190465677938,4.712490025804186,0.5287190465677938
110_png.rf.f1695d5abb6a86459ef7744b76a07589_roi_27.png,110_png.rf.f1695d5abb6a86459ef7744b76a07589_roi_9.png,0.9258485436439514,582.417917977188,36.18205963293683,561.7269135874274,34.72458995876715,-20.69100438976068,-1.4574696741696798,20.69100438976068,1.4574696741696798
232_png.rf.a2128ada57e85a13e1f6e4fe587144ee_roi_23.png,232_png.rf.a2128ada57e85a13e1f6e4fe587144ee_roi_43.png,0.9255178570747375,737.5533449187737,32.68381445910095,720.1421733219413,33.92847642339123,-17.411171596832446,1.2446619642902803,17.411171596832446,1.2446619642902803
246_png.rf.776b77392d7ac89839233dcf319142d7_roi_9.png,246_png.rf.776b77392d7ac89839233dcf319142d7_roi_1.png,0.9254984259605408,948.2352647779647,41.83634067567611,961.2114320810568,43.44001596514232,12.976167303092097,1.60367528946621,12.976167303092097,1.60367528946621
257_png.rf.d0e9b62c92e89f70b1ab6feac50e3c89_roi_49.png,257_png.rf.d0e9b62c92e89f70b1ab6feac50e3c89_roi_30.png,0.9254276156425476,980.839590356259,48.17633661082098,961.1431192634968,48.0249744583584,-19.69647109276218,-0.1513621524625819,19.69647109276218,0.1513621524625819
97_png.rf.f4e8ad3bada447eb1ef57ab4eee50c1f_roi_28.png,97_png.rf.f4e8ad3bada447eb1ef57ab4eee50c1f_roi_3.png,0.9253968000411987,845.6979004646253,38.36592356989495,814.0470297675876,42.16727270990746,-31.650870697037703,3.801349140012505,31.650870697037703,3.801349140012505
262_png.rf.cef87c6dea9381c0e5718daeb9450039_roi_28.png,262_png.rf.cef87c6dea9381c0e5718daeb9450039_roi_38.png,0.9252956509590149,867.5699609043771,41.2456782112682,867.2231951757277,44.398385138993966,-0.3467657286494159,3.1527069277257667,0.3467657286494159,3.1527069277257667
93_png.rf.b21584f50d6c3347de640ab82eae1dee_roi_29.png,93_png.rf.b21584f50d6c3347de640ab82eae1dee_roi_20.png,0.9243112206459045,856.8187093806113,40.33613399852504,852.572427665282,41.37681928028389,-4.246281715329246,1.0406852817588472,4.246281715329246,1.0406852817588472
261_png.rf.230af3d4ace926a978a538a9bf5891a1_roi_30.png,261_png.rf.230af3d4ace926a978a538a9bf5891a1_roi_41.png,0.924293041229248,1020.80171905528,47.397262244253525,973.5548559169252,48.37110728344845,-47.2468631383548,0.9738450391949272,47.2468631383548,0.9738450391949272
254_png.rf.ab63b13be5cc38585431fc95c5897dfe_roi_9.png,254_png.rf.ab63b13be5cc38585431fc95c5897dfe_roi_27.png,0.9242424368858337,971.167426253048,46.63854221651543,954.823532743712,45.419653586492544,-16.343893509336,-1.2188886300228887,16.343893509336,1.2188886300228887
102_png.rf.17ecda620c62893042cd19d261c2d15e_roi_15.png,102_png.rf.17ecda620c62893042cd19d261c2d15e_roi_17.png,0.924146294593811,851.198370360271,40.50453202362246,866.4772300351948,41.96582038329801,15.278859674923751,1.4612883596755495,15.278859674923751,1.4612883596755495
97_png.rf.f4e8ad3bada447eb1ef57ab4eee50c1f_roi_43.png,97_png.rf.f4e8ad3bada447eb1ef57ab4eee50c1f_roi_5.png,0.9239975810050964,876.2998513232607,39.4765221710898,901.656620239186,40.48714814827438,25.356768915925386,1.0106259771845814,25.356768915925386,1.0106259771845814
243_png.rf.8c7fbde9cf1c100bd9391051c6f812ca_roi_14.png,243_png.rf.8c7fbde9cf1c100bd9391051c6f812ca_roi_29.png,0.9238929748535156,671.1264385342711,33.90367581788048,697.4884504371669,33.6017172724019,26.3620119028958,-0.30195854547858403,26.3620119028958,0.30195854547858403
110_png.rf.f1695d5abb6a86459ef7744b76a07589_roi_9.png,110_png.rf.f1695d5abb6a86459ef7744b76a07589_roi_39.png,0.9235954880714417,607.0845010440229,39.34171218495416,615.2998190429962,38.36429176819082,8.215317998973319,-0.9774204167633442,8.215317998973319,0.9774204167633442
232_png.rf.a2128ada57e85a13e1f6e4fe587144ee_roi_4.png,232_png.rf.a2128ada57e85a13e1f6e4fe587144ee_roi_14.png,0.9234750270843506,762.2898804125051,38.46825010336462,785.3425409240427,35.97934165374956,23.052660511537624,-2.48890844961506,23.052660511537624,2.48890844961506
252_png.rf.a4b084dc500978b10c8730046675dde5_roi_31.png,252_png.rf.a4b084dc500978b10c8730046675dde5_roi_2.png,0.9233922362327576,974.5558020159624,42.84233163447147,961.3376066860296,42.58088497802806,-13.218195329932769,-0.26144665644341103,13.218195329932769,0.26144665644341103
232_png.rf.a2128ada57e85a13e1f6e4fe587144ee_roi_24.png,232_png.rf.a2128ada57e85a13e1f6e4fe587144ee_roi_8.png,0.922977089881897,730.9091953636679,34.47676858393537,747.5714457813987,32.04103802922966,16.662250417730775,-2.4357305547057067,16.662250417730775,2.4357305547057067
98_png.rf.b77e65e183c8314ed4d321b2e0970f1f_roi_3.png,98_png.rf.b77e65e183c8314ed4d321b2e0970f1f_roi_37.png,0.9229583740234375,850.1515795905121,41.57142762811946,837.7058796158035,40.4281632015138,-12.445699974708646,-1.1432644266056613,12.445699974708646,1.1432644266056613
233_png.rf.2b58d11f6910e50a1a7c57dfb7968557_roi_29.png,233_png.rf.2b58d11f6910e50a1a7c57dfb7968557_roi_25.png,0.9229351878166199,807.8178991064756,42.52675252404761,811.8455170895629,43.325730505379376,4.027617983087339,0.7989779813317668,4.027617983087339,0.7989779813317668
243_png.rf.8c7fbde9cf1c100bd9391051c6f812ca_roi_46.png,243_png.rf.8c7fbde9cf1c100bd9391051c6f812ca_roi_12.png,0.922694206237793,797.5522426265696,35.0628729575536,787.2788886707366,35.09297437344938,-10.273353955833045,0.030101415895778416,10.273353955833045,0.030101415895778416
251_png.rf.03356d60d75e295fd05c7ad26b5ea07d_roi_20.png,251_png.rf.03356d60d75e295fd05c7ad26b5ea07d_roi_55.png,0.9222034215927124,1006.9348481826294,44.90049449122076,1004.4596053982258,43.84597785311941,-2.4752427844035765,-1.0545166381013544,2.4752427844035765,1.0545166381013544
124_png.rf.144d1a960a56ef39d10c4e62e12a454f_roi_6.png,124_png.rf.144d1a960a56ef39d10c4e62e12a454f_roi_39.png,0.9220718741416931,601.4055044025768,37.080507214800974,591.2833284152138,39.82389068845951,-10.122175987362994,2.7433834736585325,10.122175987362994,2.7433834736585325
116_png.rf.31f3bd809826aa89c4df5b576dde5220_roi_43.png,116_png.rf.31f3bd809826aa89c4df5b576dde5220_roi_43.png,0.9219143390655518,610.9653110611246,41.993540795524815,607.6393219800444,40.91056887467609,-3.325989081080138,-1.0829719208487276,3.325989081080138,1.0829719208487276
264_png.rf.f8da8bde90d3daadf33eaf8fc654bb43_roi_30.png,264_png.rf.f8da8bde90d3daadf33eaf8fc654bb43_roi_48.png,0.9218418598175049,874.9245380664883,38.74033959956647,890.0872499629636,40.55327235096664,15.162711896475344,1.8129327514001687,15.162711896475344,1.8129327514001687
252_png.rf.a4b084dc500978b10c8730046675dde5_roi_24.png,252_png.rf.a4b084dc500978b10c8730046675dde5_roi_73.png,0.9218294024467468,862.6536790602021,38.7076507095669,806.0200279544006,39.74860671513611,-56.633651105801505,1.040956005569214,56.633651105801505,1.040956005569214
114_png.rf.82ce6f7cb0b6f79807e0efb6891ebbad_roi_40.png,114_png.rf.82ce6f7cb0b6f79807e0efb6891ebbad_roi_23.png,0.9216621518135071,816.8441203255559,38.53271154593966,803.5406102406146,38.454582445828514,-13.303510084941308,-0.07812910011114838,13.303510084941308,0.07812910011114838
253_png.rf.c5ce7acb6522efe044f32dfc3817bd83_roi_33.png,253_png.rf.c5ce7acb6522efe044f32dfc3817bd83_roi_22.png,0.921658992767334,823.8018747588837,42.861616351707895,843.3530320428882,39.84942526148318,19.55115728400449,-3.012191090224718,19.55115728400449,3.012191090224718
262_png.rf.cef87c6dea9381c0e5718daeb9450039_roi_24.png,262_png.rf.cef87c6dea9381c0e5718daeb9450039_roi_54.png,0.9215489029884338,975.1096429901488,42.14503775624595,962.7714914863014,45.063504400141824,-12.33815150384737,2.9184666438958757,12.33815150384737,2.9184666438958757
243_png.rf.8c7fbde9cf1c100bd9391051c6f812ca_roi_45.png,243_png.rf.8c7fbde9cf1c100bd9391051c6f812ca_roi_5.png,0.9214137196540833,792.0346693093669,32.33815806338734,773.0663387665832,32.973496094289594,-18.968330542783747,0.635338030902254,18.968330542783747,0.635338030902254
109_png.rf.c8dd17e858d1df0c04a8d6524de5fe76_roi_2.png,109_png.rf.c8dd17e858d1df0c04a8d6524de5fe76_roi_16.png,0.9213483333587646,784.8054599181891,34.46954843299281,793.8230375922516,35.23180238448593,9.017577674062522,0.7622539514931219,9.017577674062522,0.7622539514931219
93_png.rf.b21584f50d6c3347de640ab82eae1dee_roi_5.png,93_png.rf.b21584f50d6c3347de640ab82eae1dee_roi_35.png,0.9211767911911011,888.9430660592978,41.50226544444865,910.8921630852012,43.54415939067067,21.94909702590337,2.041893946222018,21.94909702590337,2.041893946222018
264_png.rf.f8da8bde90d3daadf33eaf8fc654bb43_roi_29.png,264_png.rf.f8da8bde90d3daadf33eaf8fc654bb43_roi_27.png,0.9208822846412659,1016.7860285442558,43.06341789768798,995.6355576310252,44.99786143398976,-21.150470913230606,1.9344435363017851,21.150470913230606,1.9344435363017851
106_png.rf.573a9b71c29129dbc83682319da248b9_roi_26.png,106_png.rf.573a9b71c29129dbc83682319da248b9_roi_8.png,0.9206934571266174,778.2716752826782,36.749634288551526,806.478130461462,36.02369332023914,28.206455178783813,-0.7259409683123863,28.206455178783813,0.7259409683123863
92_png.rf.80ea001d686c323f4ac8f2ee5ef69ad9_roi_17.png,92_png.rf.80ea001d686c323f4ac8f2ee5ef69ad9_roi_30.png,0.9204834699630737,837.199205864782,39.05467003567072,816.4439618239554,41.74976240428938,-20.755244040826597,2.69509236861866,20.755244040826597,2.69509236861866
130_png.rf.901f918f4884e1fdac6e82ec416390b1_roi_30.png,130_png.rf.901f918f4884e1fdac6e82ec416390b1_roi_40.png,0.9200000166893005,536.401327547369,34.71882418294946,550.1390772143551,36.298156069025424,13.737749666986133,1.5793318860759626,13.737749666986133,1.5793318860759626
261_png.rf.230af3d4ace926a978a538a9bf5891a1_roi_33.png,261_png.rf.230af3d4ace926a978a538a9bf5891a1_roi_39.png,0.91989666223526,1031.094757291694,44.02240336488286,1037.1493047132808,42.84609874567822,6.0545474215869035,-1.1763046192046431,6.0545474215869035,1.1763046192046431
116_png.rf.31f3bd809826aa89c4df5b576dde5220_roi_37.png,116_png.rf.31f3bd809826aa89c4df5b576dde5220_roi_44.png,0.9196503162384033,615.5200684488543,40.66357140275041,627.7275182352764,40.8449988507764,12.207449786422103,0.18142744802599253,12.207449786422103,0.18142744802599253
105_png.rf.2038c199fbe085aed32df6eb357079f4_roi_12.png,105_png.rf.2038c199fbe085aed32df6eb357079f4_roi_29.png,0.9195351004600525,730.5870954565435,32.70637391374079,718.0635521812192,32.6430106437271,-12.5235432753243,-0.06336327001368858,12.5235432753243,0.06336327001368858
100_png.rf.93dbb301c4dc91fe8173d8a0a7f2dd5b_roi_31.png,100_png.rf.93dbb301c4dc91fe8173d8a0a7f2dd5b_roi_12.png,0.9194715023040771,830.6106308087623,41.30438730870456,836.6219869665046,39.321550007709405,6.011356157742284,-1.9828373009951576,6.011356157742284,1.9828373009951576
115_png.rf.4e7d2dcc137306ce0a4845f84fae0b70_roi_20.png,115_png.rf.4e7d2dcc137306ce0a4845f84fae0b70_roi_7.png,0.9194201231002808,776.312947635156,41.65591036424051,774.1758572941147,39.23718255187695,-2.137090341041244,-2.4187278123635636,2.137090341041244,2.4187278123635636
112_png.rf.6c97f0189ea80fec5eb32c7787ddafbc_roi_36.png,112_png.rf.6c97f0189ea80fec5eb32c7787ddafbc_roi_58.png,0.9192053079605103,627.2376949467825,37.58403461131882,623.1457563515892,39.51198839690096,-4.091938595193369,1.9279537855821403,4.091938595193369,1.9279537855821403
263_png.rf.97c0ded9ac82af60867b2c23dec561ec_roi_34.png,263_png.rf.97c0ded9ac82af60867b2c23dec561ec_roi_63.png,0.9190441370010376,960.195792040718,45.23634686322204,909.771468943725,47.90204011486171,-50.42432309699291,2.6656932516396736,50.42432309699291,2.6656932516396736
144_png.rf.a5a2a2c438edbf198ffa6a10f317e83d_roi_7.png,144_png.rf.a5a2a2c438edbf198ffa6a10f317e83d_roi_8.png,0.9190283417701721,749.7458405641131,34.49689244901317,748.7721188040645,35.83558433036017,-0.9737217600486474,1.3386918813470032,0.9737217600486474,1.3386918813470032
115_png.rf.4e7d2dcc137306ce0a4845f84fae0b70_roi_18.png,115_png.rf.4e7d2dcc137306ce0a4845f84fae0b70_roi_27.png,0.9189627170562744,735.8084554967057,34.61843372742833,760.0578650131365,35.40031385956884,24.249409516430774,0.7818801321405076,24.249409516430774,0.7818801321405076
243_png.rf.8c7fbde9cf1c100bd9391051c6f812ca_roi_59.png,243_png.rf.8c7fbde9cf1c100bd9391051c6f812ca_roi_41.png,0.9186683297157288,746.7297649992096,34.374566707529226,748.6321944706052,33.210494221937026,1.9024294713956351,-1.1640724855922002,1.9024294713956351,1.1640724855922002
258_png.rf.4974b8c7d9ed04ac6afac3610ec7ed0b_roi_20.png,258_png.rf.4974b8c7d9ed04ac6afac3610ec7ed0b_roi_46.png,0.9185965061187744,927.9719951606362,48.82073154505592,948.1275666804358,47.6018816840792,20.15557151979965,-1.218849860976718,20.15557151979965,1.218849860976718
96_png.rf.5e3968fff8f9f8fdab30c8f999334f6f_roi_29.png,96_png.rf.5e3968fff8f9f8fdab30c8f999334f6f_roi_23.png,0.9183540344238281,829.4825520032953,37.5578887722612,851.7550492897057,39.81113427283545,22.272497286410385,2.253245500574252,22.272497286410385,2.253245500574252
103_png.rf.b9743a889c7194da0b8dce5c5b632bbc_roi_37.png,103_png.rf.b9743a889c7194da0b8dce5c5b632bbc_roi_43.png,0.9180468320846558,870.7633879425748,43.26665601118326,884.6675053807548,41.32603669598919,13.904117438180037,-1.9406193151940698,13.904117438180037,1.9406193151940698
113_png.rf.e3028a1dab303081c21db80950b8398c_roi_6.png,113_png.rf.e3028a1dab303081c21db80950b8398c_roi_23.png,0.9173228144645691,742.2827362275852,39.26534631591791,757.8320448930039,39.431227559063935,15.549308665418607,0.16588124314602481,15.549308665418607,0.16588124314602481
252_png.rf.a4b084dc500978b10c8730046675dde5_roi_13.png,252_png.rf.a4b084dc500978b10c8730046675dde5_roi_25.png,0.9173209071159363,993.520724019512,42.393720652032094,979.527424802743,45.80449422424798,-13.99329921676906,3.410773572215888,13.99329921676906,3.410773572215888
258_png.rf.4974b8c7d9ed04ac6afac3610ec7ed0b_roi_37.png,258_png.rf.4974b8c7d9ed04ac6afac3610ec7ed0b_roi_58.png,0.917231023311615,912.8788248084694,45.54227676862392,926.4356922000557,45.368139933786296,13.556867391586252,-0.17413683483762554,13.556867391586252,0.17413683483762554
232_png.rf.a2128ada57e85a13e1f6e4fe587144ee_roi_65.png,232_png.rf.a2128ada57e85a13e1f6e4fe587144ee_roi_25.png,0.916796863079071,780.5078106429584,35.5088757700476,794.5661996646081,33.64716808980754,14.05838902164976,-1.861707680240059,14.05838902164976,1.861707680240059
228_png.rf.d1fd4c8e9e77befd108d882d963bd834_roi_30.png,228_png.rf.d1fd4c8e9e77befd108d882d963bd834_roi_27.png,0.9164444208145142,678.2539917237558,35.88308740033834,670.9199394933356,35.382441284376235,-7.334052230420184,-0.5006461159621054,7.334052230420184,0.5006461159621054
247_png.rf.cd7f216bffe054fe21ad783946e169c5_roi_35.png,247_png.rf.cd7f216bffe054fe21ad783946e169c5_roi_24.png,0.9164094924926758,918.367323794446,43.3099587054701,976.2152491224584,43.12775771468808,57.84792532801248,-0.18220099078202168,57.84792532801248,0.18220099078202168
264_png.rf.f8da8bde90d3daadf33eaf8fc654bb43_roi_49.png,264_png.rf.f8da8bde90d3daadf33eaf8fc654bb43_roi_49.png,0.9164062738418579,752.7454339864113,36.115872634831085,754.2785398243883,35.53762567990491,1.5331058379770184,-0.578246954926172,1.5331058379770184,0.578246954926172
99_png.rf.2f98932bb0145b858dd8d04d300acba8_roi_22.png,99_png.rf.2f98932bb0145b858dd8d04d300acba8_roi_45.png,0.9161538481712341,768.4345863275852,36.13732430988928,771.9406223240313,35.080385236402265,3.506035996446144,-1.0569390734870154,3.506035996446144,1.0569390734870154
96_png.rf.5e3968fff8f9f8fdab30c8f999334f6f_roi_41.png,96_png.rf.5e3968fff8f9f8fdab30c8f999334f6f_roi_16.png,0.9161348938941956,876.1208638971276,38.2427134086564,875.458723370133,41.17915978442363,-0.6621405269945626,2.9364463757672326,0.6621405269945626,2.9364463757672326
246_png.rf.776b77392d7ac89839233dcf319142d7_roi_10.png,246_png.rf.776b77392d7ac89839233dcf319142d7_roi_2.png,0.9161098599433899,885.3714021991237,46.42641837759333,933.0359068664592,47.43879086634893,47.66450466733545,1.0123724887556023,47.66450466733545,1.0123724887556023
251_png.rf.03356d60d75e295fd05c7ad26b5ea07d_roi_34.png,251_png.rf.03356d60d75e295fd05c7ad26b5ea07d_roi_46.png,0.9160457253456116,983.4664962391124,42.88401861575638,944.6571584474316,45.277478943116805,-38.80933779168083,2.3934603273604225,38.80933779168083,2.3934603273604225
103_png.rf.b9743a889c7194da0b8dce5c5b632bbc_roi_10.png,103_png.rf.b9743a889c7194da0b8dce5c5b632bbc_roi_7.png,0.9160415530204773,863.3300898556009,43.427929014242046,875.9111399215279,40.43397141734787,12.581050065927002,-2.9939575968941767,12.581050065927002,2.9939575968941767
255_png.rf.de47ae0ea94061f8b83dcd6f7f61b6d8_roi_23.png,255_png.rf.de47ae0ea94061f8b83dcd6f7f61b6d8_roi_38.png,0.9157381653785706,863.3660610536378,51.898641460962025,867.6839032513,52.692926860991534,4.317842197662117,0.7942854000295085,4.317842197662117,0.7942854000295085
252_png.rf.a4b084dc500978b10c8730046675dde5_roi_26.png,252_png.rf.a4b084dc500978b10c8730046675dde5_roi_12.png,0.9156206250190735,976.7244332206234,46.50679827226404,982.9242997963154,46.58921014540983,6.199866575691999,0.08241187314578724,6.199866575691999,0.08241187314578724
261_png.rf.230af3d4ace926a978a538a9bf5891a1_roi_34.png,261_png.rf.230af3d4ace926a978a538a9bf5891a1_roi_4.png,0.914972722530365,883.2474831225032,47.51332350924853,931.916215851177,46.17739208523678,48.66873272867372,-1.335931424011747,48.66873272867372,1.335931424011747
231_png.rf.f3e62932017a5371d12e33973c57f95b_roi_21.png,231_png.rf.f3e62932017a5371d12e33973c57f95b_roi_50.png,0.9146296977996826,766.4798570738716,36.949776657714935,795.7837400685642,37.02599716851352,29.30388299469257,0.07622051079858494,29.30388299469257,0.07622051079858494
251_png.rf.03356d60d75e295fd05c7ad26b5ea07d_roi_33.png,251_png.rf.03356d60d75e295fd05c7ad26b5ea07d_roi_47.png,0.9146168231964111,943.244846117473,47.15520229420608,923.9488869661044,48.99461431119262,-19.295959151368606,1.839412016986543,19.295959151368606,1.839412016986543
222_png.rf.c9e88a8b6a45618da2a9b9652689a52a_roi_15.png,222_png.rf.c9e88a8b6a45618da2a9b9652689a52a_roi_2.png,0.9145607948303223,731.9741231018272,35.06147217062552,759.8066125646549,35.51400325471763,27.832489462827652,0.45253108409210796,27.832489462827652,0.45253108409210796
232_png.rf.a2128ada57e85a13e1f6e4fe587144ee_roi_28.png,232_png.rf.a2128ada57e85a13e1f6e4fe587144ee_roi_32.png,0.9141777157783508,780.4260714303733,36.04020663130728,799.0995350452137,35.63071586162488,18.67346361484033,-0.4094907696823995,18.67346361484033,0.4094907696823995
101_png.rf.c4bf71f43d058b555a715c3e9695be8b_roi_0.png,101_png.rf.c4bf71f43d058b555a715c3e9695be8b_roi_0.png,0.914099931716919,850.0151741683135,35.074025506343894,856.9562375137658,37.00203237117415,6.941063345452335,1.9280068648302588,6.941063345452335,1.9280068648302588
219_png.rf.1cea427249122e68a431e56275cd8513_roi_35.png,219_png.rf.1cea427249122e68a431e56275cd8513_roi_40.png,0.9132124185562134,357.40763649465094,22.994766426708757,354.79558824602435,22.479274340205077,-2.612048248626593,-0.5154920865036807,2.612048248626593,0.5154920865036807
251_png.rf.03356d60d75e295fd05c7ad26b5ea07d_roi_8.png,251_png.rf.03356d60d75e295fd05c7ad26b5ea07d_roi_31.png,0.9130988717079163,947.0764484582674,42.64674905980313,949.9586328359472,45.320511302664535,2.8821843776798914,2.6737622428614074,2.8821843776798914,2.6737622428614074
252_png.rf.a4b084dc500978b10c8730046675dde5_roi_46.png,252_png.rf.a4b084dc500978b10c8730046675dde5_roi_59.png,0.9129321575164795,925.0786143041051,43.78068280744664,894.8940777303019,46.32112009588012,-30.184536573803257,2.5404372884334805,30.184536573803257,2.5404372884334805
128_png.rf.bff9aea834e0f8c141fb97e07d16c917_roi_23.png,128_png.rf.bff9aea834e0f8c141fb97e07d16c917_roi_25.png,0.912754476070404,626.1349248983889,39.65923676851156,623.834730434764,41.55836486451808,-2.300194463624962,1.899128096006521,2.300194463624962,1.899128096006521
253_png.rf.c5ce7acb6522efe044f32dfc3817bd83_roi_16.png,253_png.rf.c5ce7acb6522efe044f32dfc3817bd83_roi_6.png,0.9126102924346924,888.410576122691,42.09938549884888,903.6217817115272,40.3690111295885,15.211205588836151,-1.7303743692603817,15.211205588836151,1.7303743692603817
90_png.rf.69bdac2f8992d8d3ebf3226c61ad2bd5_roi_12.png,90_png.rf.69bdac2f8992d8d3ebf3226c61ad2bd5_roi_23.png,0.9126057028770447,712.0257510498803,36.995645397469225,732.9368022031632,35.460116236529174,20.91105115328287,-1.535529160940051,20.91105115328287,1.535529160940051
262_png.rf.cef87c6dea9381c0e5718daeb9450039_roi_17.png,262_png.rf.cef87c6dea9381c0e5718daeb9450039_roi_1.png,0.9124908447265625,994.4210374257458,43.478736046491406,940.4065579097696,46.04906446214633,-54.01447951597618,2.5703284156549273,54.01447951597618,2.5703284156549273
130_png.rf.901f918f4884e1fdac6e82ec416390b1_roi_29.png,130_png.rf.901f918f4884e1fdac6e82ec416390b1_roi_37.png,0.9124305844306946,612.0432648725666,39.17338200101253,611.2843201603973,42.23131250660268,-0.7589447121692956,3.05793050559015,0.7589447121692956,3.05793050559015
139_png.rf.b31bb426801c1937eccc9821dfe61214_roi_3.png,139_png.rf.b31bb426801c1937eccc9821dfe61214_roi_31.png,0.9124135375022888,807.8511234549673,39.01710146203821,805.1244838850772,40.24381966862024,-2.7266395698900396,1.226718206582028,2.7266395698900396,1.226718206582028
254_png.rf.ab63b13be5cc38585431fc95c5897dfe_roi_13.png,254_png.rf.ab63b13be5cc38585431fc95c5897dfe_roi_25.png,0.9123462438583374,999.4661010960116,49.60743820454499,997.8731429513348,47.37918481106964,-1.5929581446767997,-2.228253393475349,1.5929581446767997,2.228253393475349
128_png.rf.bff9aea834e0f8c141fb97e07d16c917_roi_31.png,128_png.rf.bff9aea834e0f8c141fb97e07d16c917_roi_2.png,0.9123134613037109,578.0912341635275,38.64907451830997,610.4001868585593,37.53142499106482,32.30895269503185,-1.117649527245156,32.30895269503185,1.117649527245156
232_png.rf.a2128ada57e85a13e1f6e4fe587144ee_roi_14.png,232_png.rf.a2128ada57e85a13e1f6e4fe587144ee_roi_60.png,0.9122486114501953,334.76164329217283,34.52155433950186,327.74221020034105,34.73500935922756,-7.019433091831786,0.2134550197256999,7.019433091831786,0.2134550197256999
232_png.rf.a2128ada57e85a13e1f6e4fe587144ee_roi_20.png,232_png.rf.a2128ada57e85a13e1f6e4fe587144ee_roi_45.png,0.9118446707725525,703.286660373025,37.963209852902345,709.3894998659622,38.9905497982628,6.102839492937164,1.0273399453604526,6.102839492937164,1.0273399453604526
263_png.rf.97c0ded9ac82af60867b2c23dec561ec_roi_37.png,263_png.rf.97c0ded9ac82af60867b2c23dec561ec_roi_45.png,0.9117122292518616,856.8668508791643,40.60127392962495,855.2579149189497,42.89116025586499,-1.6089359602145805,2.289886326240037,1.6089359602145805,2.289886326240037
257_png.rf.d0e9b62c92e89f70b1ab6feac50e3c89_roi_8.png,257_png.rf.d0e9b62c92e89f70b1ab6feac50e3c89_roi_18.png,0.9112955927848816,1035.0736009775285,48.10516657277981,1043.695865849735,44.67113524971401,8.622264872206415,-3.4340313230657955,8.622264872206415,3.4340313230657955
258_png.rf.4974b8c7d9ed04ac6afac3610ec7ed0b_roi_38.png,258_png.rf.4974b8c7d9ed04ac6afac3610ec7ed0b_roi_45.png,0.9110192656517029,882.732945349507,43.3108464795314,865.4981050303819,43.97128453992548,-17.234840319125055,0.6604380603940783,17.234840319125055,0.6604380603940783
96_png.rf.5e3968fff8f9f8fdab30c8f999334f6f_roi_49.png,96_png.rf.5e3968fff8f9f8fdab30c8f999334f6f_roi_20.png,0.9107587337493896,838.1736780723137,39.45488914075601,839.851038203828,41.731441839123896,1.6773601315143196,2.2765526983678868,1.6773601315143196,2.2765526983678868
255_png.rf.de47ae0ea94061f8b83dcd6f7f61b6d8_roi_25.png,255_png.rf.de47ae0ea94061f8b83dcd6f7f61b6d8_roi_20.png,0.9102875590324402,1031.47234613677,50.961969910805664,1012.029099160206,53.369163735824905,-19.44324697656407,2.4071938250192417,19.44324697656407,2.4071938250192417
228_png.rf.d1fd4c8e9e77befd108d882d963bd834_roi_28.png,228_png.rf.d1fd4c8e9e77befd108d882d963bd834_roi_35.png,0.9101479649543762,739.0958546555344,41.20114236544718,752.4404138124489,39.18966464678533,13.344559156914556,-2.011477718661851,13.344559156914556,2.011477718661851
239_png.rf.4ed938c80d208d81f455a7bd2caf1cca_roi_11.png,239_png.rf.4ed938c80d208d81f455a7bd2caf1cca_roi_18.png,0.9101214408874512,754.8844665376785,34.25671385190133,757.7825318617995,35.01246059771133,2.898065324121035,0.7557467458100007,2.898065324121035,0.7557467458100007
119_png.rf.497c650b0290be25e8f041e87b86f7f7_roi_18.png,119_png.rf.497c650b0290be25e8f041e87b86f7f7_roi_15.png,0.9099130630493164,787.2864796830227,38.27885299665895,786.3196633696905,38.33119400325499,-0.9668163133321741,0.05234100659604479,0.9668163133321741,0.05234100659604479
91_png.rf.0a273fe102d97aae48f032d48b5a851a_roi_14.png,91_png.rf.0a273fe102d97aae48f032d48b5a851a_roi_17.png,0.90969318151474,795.9436946867842,38.26633910864073,781.771777251346,38.77836176956736,-14.171917435438218,0.5120226609266325,14.171917435438218,0.5120226609266325
247_png.rf.cd7f216bffe054fe21ad783946e169c5_roi_3.png,247_png.rf.cd7f216bffe054fe21ad783946e169c5_roi_5.png,0.9094638824462891,922.5623915172198,40.41216656455668,969.2115852580812,40.92354221111573,46.64919374086139,0.5113756465590527,46.64919374086139,0.5113756465590527
261_png.rf.230af3d4ace926a978a538a9bf5891a1_roi_29.png,261_png.rf.230af3d4ace926a978a538a9bf5891a1_roi_38.png,0.909394383430481,959.178295380186,47.1980797232314,941.821502337964,45.38815081896874,-17.356793042221966,-1.8099289042626623,17.356793042221966,1.8099289042626623
256_png.rf.18d3c3ddc6e345fc5391481cf087f656_roi_47.png,256_png.rf.18d3c3ddc6e345fc5391481cf087f656_roi_28.png,0.9087037444114685,901.373955862138,43.59796504268025,927.7812354860336,44.5440847721641,26.407279623895533,0.946119729483847,26.407279623895533,0.946119729483847
100_png.rf.93dbb301c4dc91fe8173d8a0a7f2dd5b_roi_23.png,100_png.rf.93dbb301c4dc91fe8173d8a0a7f2dd5b_roi_38.png,0.9084128737449646,846.3577779444086,42.39416051067203,861.723004519725,42.38813524974721,15.365226575316456,-0.006025260924822362,15.365226575316456,0.006025260924822362
114_png.rf.82ce6f7cb0b6f79807e0efb6891ebbad_roi_12.png,114_png.rf.82ce6f7cb0b6f79807e0efb6891ebbad_roi_31.png,0.9083457589149475,771.7244716441762,37.16834148781741,781.5227370320999,36.8143620377958,9.79826538792372,-0.3539794500216047,9.79826538792372,0.3539794500216047
112_png.rf.6c97f0189ea80fec5eb32c7787ddafbc_roi_46.png,112_png.rf.6c97f0189ea80fec5eb32c7787ddafbc_roi_45.png,0.9083414077758789,571.3589676322307,37.509767269754725,585.3279610498146,37.06161660249247,13.968993417583874,-0.4481506672622544,13.968993417583874,0.4481506672622544
152_png.rf.39c63859049503978a692da8d573f11d_roi_10.png,152_png.rf.39c63859049503978a692da8d573f11d_roi_6.png,0.9080616235733032,694.5567773674309,33.16675314981159,683.4914278329533,34.72279994139721,-11.065349534477605,1.5560467915856222,11.065349534477605,1.5560467915856222
264_png.rf.f8da8bde90d3daadf33eaf8fc654bb43_roi_13.png,264_png.rf.f8da8bde90d3daadf33eaf8fc654bb43_roi_9.png,0.9077893495559692,1004.3593099067036,44.11555398290443,927.1730523378242,46.05651433902071,-77.18625756887945,1.9409603561162783,77.18625756887945,1.9409603561162783
232_png.rf.a2128ada57e85a13e1f6e4fe587144ee_roi_29.png,232_png.rf.a2128ada57e85a13e1f6e4fe587144ee_roi_35.png,0.9075862169265747,642.5127871837192,35.93031304820168,647.4273577989649,35.42805599188844,4.91457061524568,-0.5022570563132405,4.91457061524568,0.5022570563132405
114_png.rf.82ce6f7cb0b6f79807e0efb6891ebbad_roi_13.png,114_png.rf.82ce6f7cb0b6f79807e0efb6891ebbad_roi_15.png,0.9075330495834351,772.1962188971779,38.40692614300339,748.3526790324437,38.78559716243644,-23.843539864734225,0.3786710194330496,23.843539864734225,0.3786710194330496
152_png.rf.39c63859049503978a692da8d573f11d_roi_37.png,152_png.rf.39c63859049503978a692da8d573f11d_roi_32.png,0.9074146747589111,756.5581627569585,35.56975794683768,748.0551362117769,35.53528680579524,-8.50302654518157,-0.0344711410424452,8.50302654518157,0.0344711410424452
95_png.rf.42f0772809f559cf65a74a06f90e2684_roi_11.png,95_png.rf.42f0772809f559cf65a74a06f90e2684_roi_30.png,0.9068977236747742,782.7251075799218,38.09855099550615,806.6162384095977,40.04790057857154,23.891130829675944,1.9493495830653913,23.891130829675944,1.9493495830653913
252_png.rf.a4b084dc500978b10c8730046675dde5_roi_49.png,252_png.rf.a4b084dc500978b10c8730046675dde5_roi_36.png,0.9068806171417236,967.3395943618912,44.288668799037616,967.1229228968664,45.68226205238821,-0.21667146502477408,1.3935932533505948,0.21667146502477408,1.3935932533505948
103_png.rf.b9743a889c7194da0b8dce5c5b632bbc_roi_29.png,103_png.rf.b9743a889c7194da0b8dce5c5b632bbc_roi_27.png,0.9066169857978821,879.4191595672297,40.6321990829431,879.360774322755,43.68637168779309,-0.05838524447472082,3.054172604849988,0.05838524447472082,3.054172604849988
255_png.rf.de47ae0ea94061f8b83dcd6f7f61b6d8_roi_12.png,255_png.rf.de47ae0ea94061f8b83dcd6f7f61b6d8_roi_39.png,0.9065420627593994,964.9749727688472,48.64910251655486,966.325787873393,51.11904420417844,1.3508151045457453,2.4699416876235745,1.3508151045457453,2.4699416876235745
111_png.rf.8fe543cf12ca100b887933e93b334b92_roi_22.png,111_png.rf.8fe543cf12ca100b887933e93b334b92_roi_45.png,0.9064327478408813,640.9367598904568,37.2193709707311,383.73349038041033,60.46385443632343,-257.2032695100464,23.24448346559233,257.2032695100464,23.24448346559233
231_png.rf.f3e62932017a5371d12e33973c57f95b_roi_65.png,231_png.rf.f3e62932017a5371d12e33973c57f95b_roi_19.png,0.9063394665718079,769.8246144549606,32.833365225723824,772.076705466127,33.84133944816228,2.252091011166385,1.007974222438456,2.252091011166385,1.007974222438456
98_png.rf.b77e65e183c8314ed4d321b2e0970f1f_roi_32.png,98_png.rf.b77e65e183c8314ed4d321b2e0970f1f_roi_36.png,0.9060221314430237,906.8260738763609,42.06842622138242,904.7620973115714,44.897994288097166,-2.0639765647894137,2.8295680667147494,2.0639765647894137,2.8295680667147494
234_png.rf.dae6f7030fd6d837fb4356b7e35c0b1f_roi_31.png,234_png.rf.dae6f7030fd6d837fb4356b7e35c0b1f_roi_15.png,0.9060070514678955,766.8766208945084,38.94820790429677,789.5036317697407,37.531987669508986,22.62701087523226,-1.4162202347877866,22.62701087523226,1.4162202347877866
243_png.rf.8c7fbde9cf1c100bd9391051c6f812ca_roi_63.png,243_png.rf.8c7fbde9cf1c100bd9391051c6f812ca_roi_40.png,0.90596604347229,754.7284078121863,35.93908998869457,772.5365658465303,34.22689131099742,17.808158034343933,-1.7121986776971454,17.808158034343933,1.7121986776971454
149_png.rf.4dfa00beb57e9649962221eb0b15f710_roi_11.png,149_png.rf.4dfa00beb57e9649962221eb0b15f710_roi_33.png,0.9058219194412231,684.538353712535,35.48385823225713,683.5864289795786,36.253230489916206,-0.9519247329563996,0.7693722576590787,0.9519247329563996,0.7693722576590787
232_png.rf.a2128ada57e85a13e1f6e4fe587144ee_roi_1.png,232_png.rf.a2128ada57e85a13e1f6e4fe587144ee_roi_24.png,0.9057670831680298,728.9157860540362,38.53909640203244,733.173827848534,37.74574867615525,4.258041794497785,-0.7933477258771902,4.258041794497785,0.7933477258771902
107_png.rf.6215e321ee35ac2198cab08ebff50b91_roi_4.png,107_png.rf.6215e321ee35ac2198cab08ebff50b91_roi_22.png,0.9055117964744568,770.8887024031848,36.386156453310974,721.794719335317,38.71474169926745,-49.093983067867725,2.328585245956475,49.093983067867725,2.328585245956475
112_png.rf.6c97f0189ea80fec5eb32c7787ddafbc_roi_2.png,112_png.rf.6c97f0189ea80fec5eb32c7787ddafbc_roi_8.png,0.9054684042930603,655.5765441173503,37.06408336349208,636.0821151467685,39.47275589086421,-19.494428970581794,2.4086725273721257,19.494428970581794,2.4086725273721257
129_png.rf.61b7c9fa0db10241e1b256d4f4a66143_roi_30.png,129_png.rf.61b7c9fa0db10241e1b256d4f4a66143_roi_22.png,0.9052523374557495,536.1035648960324,36.2084342160398,563.455270177882,37.729786892933966,27.351705281849604,1.5213526768941676,27.351705281849604,1.5213526768941676
247_png.rf.cd7f216bffe054fe21ad783946e169c5_roi_17.png,247_png.rf.cd7f216bffe054fe21ad783946e169c5_roi_29.png,0.9049847722053528,953.8235067807616,46.39634928967403,988.6886760946288,47.05707411329598,34.86516931386723,0.6607248236219547,34.86516931386723,0.6607248236219547
29_png.rf.c9fc855c2b62bc01a20e4d97ef0495e0_roi_0.png,29_png.rf.c9fc855c2b62bc01a20e4d97ef0495e0_roi_2.png,0.9047778248786926,789.1741028766857,38.28630811313733,786.3353249329809,41.55035424531653,-2.838777943704713,3.264046132179196,2.838777943704713,3.264046132179196
257_png.rf.d0e9b62c92e89f70b1ab6feac50e3c89_roi_13.png,257_png.rf.d0e9b62c92e89f70b1ab6feac50e3c89_roi_47.png,0.9047729969024658,955.9288113918124,48.74143124625908,966.3901600729478,46.80461451410736,10.461348681135405,-1.9368167321517262,10.461348681135405,1.9368167321517262
114_png.rf.82ce6f7cb0b6f79807e0efb6891ebbad_roi_22.png,114_png.rf.82ce6f7cb0b6f79807e0efb6891ebbad_roi_9.png,0.9046232104301453,789.6609825185348,37.11586448187668,791.0286717330027,36.164623316728985,1.3676892144679869,-0.9512411651476924,1.3676892144679869,0.9512411651476924
262_png.rf.cef87c6dea9381c0e5718daeb9450039_roi_59.png,262_png.rf.cef87c6dea9381c0e5718daeb9450039_roi_3.png,0.9046162962913513,843.6053101619384,40.28657855906702,834.084817418161,41.41875792335642,-9.520492743777368,1.1321793642893994,9.520492743777368,1.1321793642893994
82_png.rf.78a828637d0fdf11d14f1d4b7920f8d0_roi_4.png,82_png.rf.78a828637d0fdf11d14f1d4b7920f8d0_roi_38.png,0.9046052694320679,555.1267725788658,34.79779441433499,560.7139755640875,34.9828502834861,5.587202985221666,0.18505586915111394,5.587202985221666,0.18505586915111394
127_png.rf.f5998eff46ab9c23d70c90ea9d4ca09a_roi_56.png,127_png.rf.f5998eff46ab9c23d70c90ea9d4ca09a_roi_3.png,0.9045521020889282,779.1479193838528,35.09927093111934,803.6464233193653,37.0590206930788,24.49850393551253,1.9597497619594577,24.49850393551253,1.9597497619594577
113_png.rf.e3028a1dab303081c21db80950b8398c_roi_24.png,113_png.rf.e3028a1dab303081c21db80950b8398c_roi_47.png,0.9044087529182434,723.9572157410696,34.576573031293066,728.5210509755325,36.4111594907577,4.563835234462886,1.8345864594646315,4.563835234462886,1.8345864594646315
24_png.rf.50b47caa78e1b88c004d45f806f8a3d5_roi_18.png,24_png.rf.50b47caa78e1b88c004d45f806f8a3d5_roi_10.png,0.9043413996696472,698.2421888719472,41.401462686053705,722.8067575252726,38.79677073075001,24.56456865332541,-2.604691955303693,24.56456865332541,2.604691955303693
128_png.rf.bff9aea834e0f8c141fb97e07d16c917_roi_9.png,128_png.rf.bff9aea834e0f8c141fb97e07d16c917_roi_38.png,0.9041607975959778,564.1128191919648,37.14438054236052,590.040824130373,39.52914823388805,25.928004938408208,2.3847676915275287,25.928004938408208,2.3847676915275287
232_png.rf.a2128ada57e85a13e1f6e4fe587144ee_roi_12.png,232_png.rf.a2128ada57e85a13e1f6e4fe587144ee_roi_19.png,0.9039692878723145,757.8335149014397,33.30111241035108,757.1479077591233,31.70859648668258,-0.6856071423163712,-1.5925159236685005,0.6856071423163712,1.5925159236685005
226_png.rf.3dd9a667ea244e78747dc6de8261ffbf_roi_47.png,226_png.rf.3dd9a667ea244e78747dc6de8261ffbf_roi_36.png,0.9036999344825745,651.0127768745776,32.28915864731462,650.8713404149378,31.94056505814686,-0.14143645963986273,-0.34859358916776273,0.14143645963986273,0.34859358916776273
97_png.rf.f4e8ad3bada447eb1ef57ab4eee50c1f_roi_42.png,97_png.rf.f4e8ad3bada447eb1ef57ab4eee50c1f_roi_26.png,0.9036818146705627,825.5297613004273,37.61361255908433,846.058309509748,38.79041599196727,20.528548209320775,1.1768034328829415,20.528548209320775,1.1768034328829415
113_png.rf.e3028a1dab303081c21db80950b8398c_roi_34.png,113_png.rf.e3028a1dab303081c21db80950b8398c_roi_18.png,0.9033148884773254,758.601302135859,40.31404378067588,764.4043296874743,41.09077311623043,5.803027551615287,0.776729335554549,5.803027551615287,0.776729335554549
98_png.rf.b77e65e183c8314ed4d321b2e0970f1f_roi_8.png,98_png.rf.b77e65e183c8314ed4d321b2e0970f1f_roi_30.png,0.9032173752784729,910.334910940923,43.124878064818766,1100.0462566391805,44.81193578710712,189.71134569825745,1.6870577222883512,189.71134569825745,1.6870577222883512
250_png.rf.3d136a274e571f9bc36e359db02aa816_roi_35.png,250_png.rf.3d136a274e571f9bc36e359db02aa816_roi_38.png,0.9030978679656982,922.874597889823,44.953375510941584,932.7569053011008,46.68207158219412,9.882307411277793,1.7286960712525357,9.882307411277793,1.7286960712525357
96_png.rf.5e3968fff8f9f8fdab30c8f999334f6f_roi_16.png,96_png.rf.5e3968fff8f9f8fdab30c8f999334f6f_roi_2.png,0.9028427600860596,785.5266860360799,35.33023638311602,817.247540578198,37.42839579671106,31.720854542118104,2.0981594135950346,31.720854542118104,2.0981594135950346
226_png.rf.3dd9a667ea244e78747dc6de8261ffbf_roi_40.png,226_png.rf.3dd9a667ea244e78747dc6de8261ffbf_roi_22.png,0.9027833938598633,738.6648755900212,34.13403136499168,743.6419957711076,35.79807865764209,4.977120181086434,1.6640472926504088,4.977120181086434,1.6640472926504088
247_png.rf.cd7f216bffe054fe21ad783946e169c5_roi_42.png,247_png.rf.cd7f216bffe054fe21ad783946e169c5_roi_35.png,0.9026374220848083,941.53168885333,43.977954875260906,929.4065488570968,46.59480435630432,-12.125139996233202,2.616849481043417,12.125139996233202,2.616849481043417
231_png.rf.f3e62932017a5371d12e33973c57f95b_roi_48.png,231_png.rf.f3e62932017a5371d12e33973c57f95b_roi_4.png,0.9022462368011475,738.9965483489974,33.66129977665673,771.4346752374438,32.90357087691337,32.43812688844639,-0.7577288997433627,32.43812688844639,0.7577288997433627
112_png.rf.6c97f0189ea80fec5eb32c7787ddafbc_roi_35.png,112_png.rf.6c97f0189ea80fec5eb32c7787ddafbc_roi_43.png,0.9020771384239197,631.1035231762643,39.93842452022056,628.5942730638727,38.90945912620952,-2.5092501123915554,-1.0289653940110384,2.5092501123915554,1.0289653940110384
234_png.rf.dae6f7030fd6d837fb4356b7e35c0b1f_roi_10.png,234_png.rf.dae6f7030fd6d837fb4356b7e35c0b1f_roi_6.png,0.9020658135414124,757.2707854747256,37.57770300044877,761.7262419468315,35.126180895993095,4.45545647210588,-2.4515221044556768,4.45545647210588,2.4515221044556768
255_png.rf.de47ae0ea94061f8b83dcd6f7f61b6d8_roi_20.png,255_png.rf.de47ae0ea94061f8b83dcd6f7f61b6d8_roi_22.png,0.9018731117248535,932.0215174754914,51.95031795980749,954.504742378998,52.4509373675412,22.483224903506652,0.5006194077337085,22.483224903506652,0.5006194077337085
256_png.rf.18d3c3ddc6e345fc5391481cf087f656_roi_60.png,256_png.rf.18d3c3ddc6e345fc5391481cf087f656_roi_56.png,0.9017724990844727,926.290169433292,45.24848010374222,970.719099776396,44.76716154186158,44.42893034310396,-0.4813185618806344,44.42893034310396,0.4813185618806344
243_png.rf.8c7fbde9cf1c100bd9391051c6f812ca_roi_17.png,243_png.rf.8c7fbde9cf1c100bd9391051c6f812ca_roi_51.png,0.9016241431236267,713.270053626806,30.582184218137463,704.1373223703081,33.14627386228002,-9.132731256497891,2.5640896441425554,9.132731256497891,2.5640896441425554
90_png.rf.69bdac2f8992d8d3ebf3226c61ad2bd5_roi_10.png,90_png.rf.69bdac2f8992d8d3ebf3226c61ad2bd5_roi_25.png,0.9012539386749268,757.0171922765943,36.44636743219559,754.8863894627326,36.57977704769682,-2.130802813861692,0.13340961550122898,2.130802813861692,0.13340961550122898
258_png.rf.4974b8c7d9ed04ac6afac3610ec7ed0b_roi_54.png,258_png.rf.4974b8c7d9ed04ac6afac3610ec7ed0b_roi_18.png,0.9012450575828552,888.9278004805233,43.4232803717428,878.4742168162397,41.85858349305849,-10.453583664283542,-1.564696878684309,10.453583664283542,1.564696878684309
251_png.rf.03356d60d75e295fd05c7ad26b5ea07d_roi_65.png,251_png.rf.03356d60d75e295fd05c7ad26b5ea07d_roi_73.png,0.9009183049201965,952.0749521627664,43.53365442026507,961.2664690420592,48.04999025828364,9.191516879292749,4.51633583801857,9.191516879292749,4.51633583801857
251_png.rf.03356d60d75e295fd05c7ad26b5ea07d_roi_51.png,251_png.rf.03356d60d75e295fd05c7ad26b5ea07d_roi_45.png,0.9003550410270691,951.6030703567416,44.16130331484273,987.182547341047,47.27028161004076,35.579476984305415,3.1089782951980283,35.579476984305415,3.1089782951980283
240_png.rf.839be34bb458cbb7c7ae6a0a072b9ed8_roi_44.png,240_png.rf.839be34bb458cbb7c7ae6a0a072b9ed8_roi_10.png,0.9002476334571838,761.0280906608212,40.30932910469456,761.1353997840965,37.74876083994876,0.10730912327528586,-2.560568264745804,0.10730912327528586,2.560568264745804
103_png.rf.b9743a889c7194da0b8dce5c5b632bbc_roi_35.png,103_png.rf.b9743a889c7194da0b8dce5c5b632bbc_roi_21.png,0.9002267718315125,856.243882643962,43.92142679629859,849.5367279967248,42.37945545436889,-6.707154647237189,-1.5419713419297025,6.707154647237189,1.5419713419297025
234_png.rf.dae6f7030fd6d837fb4356b7e35c0b1f_roi_9.png,234_png.rf.dae6f7030fd6d837fb4356b7e35c0b1f_roi_36.png,0.9000726938247681,761.4949926804536,38.17566839462332,723.7410642813296,39.69527667359586,-37.75392839912399,1.519608278972541,37.75392839912399,1.519608278972541
111_png.rf.8fe543cf12ca100b887933e93b334b92_roi_48.png,111_png.rf.8fe543cf12ca100b887933e93b334b92_roi_27.png,0.899908185005188,626.0108042876136,38.08740063048665,616.0697035196123,35.80003804519751,-9.94110076800132,-2.287362585289138,9.94110076800132,2.287362585289138
251_png.rf.03356d60d75e295fd05c7ad26b5ea07d_roi_22.png,251_png.rf.03356d60d75e295fd05c7ad26b5ea07d_roi_32.png,0.8995294570922852,927.7799078445186,41.08438814317502,950.1392670069891,41.21330688695094,22.359359162470582,0.1289187437759196,22.359359162470582,0.1289187437759196
98_png.rf.b77e65e183c8314ed4d321b2e0970f1f_roi_28.png,98_png.rf.b77e65e183c8314ed4d321b2e0970f1f_roi_31.png,0.89944988489151,835.2627356662648,39.80554285333369,835.3398677851745,42.1169942826232,0.07713211890973071,2.3114514292895123,0.07713211890973071,2.3114514292895123
232_png.rf.a2128ada57e85a13e1f6e4fe587144ee_roi_9.png,232_png.rf.a2128ada57e85a13e1f6e4fe587144ee_roi_70.png,0.8992140293121338,750.1255359720346,29.424055626088503,747.9069272030961,30.92969493609761,-2.218608768938566,1.5056393100091086,2.218608768938566,1.5056393100091086
231_png.rf.f3e62932017a5371d12e33973c57f95b_roi_58.png,231_png.rf.f3e62932017a5371d12e33973c57f95b_roi_84.png,0.8991466164588928,740.0738859052252,36.84107676065343,764.208821005544,37.34648266985003,24.134935100318785,0.5054059091966039,24.134935100318785,0.5054059091966039
231_png.rf.f3e62932017a5371d12e33973c57f95b_roi_81.png,231_png.rf.f3e62932017a5371d12e33973c57f95b_roi_1.png,0.8990073204040527,708.4478479543752,33.90778600643021,728.3325251384376,33.382179168697924,19.88467718406241,-0.5256068377322833,19.88467718406241,0.5256068377322833
231_png.rf.f3e62932017a5371d12e33973c57f95b_roi_62.png,231_png.rf.f3e62932017a5371d12e33973c57f95b_roi_57.png,0.8988631963729858,787.2881083865291,34.26875477979681,766.645858504727,34.99933543371447,-20.64224988180206,0.7305806539176629,20.64224988180206,0.7305806539176629
127_png.rf.f5998eff46ab9c23d70c90ea9d4ca09a_roi_53.png,127_png.rf.f5998eff46ab9c23d70c90ea9d4ca09a_roi_49.png,0.898764431476593,746.7766917298931,33.43014023255812,751.7207100668618,36.643827150884086,4.944018336968725,3.213686918325969,4.944018336968725,3.213686918325969
231_png.rf.f3e62932017a5371d12e33973c57f95b_roi_47.png,231_png.rf.f3e62932017a5371d12e33973c57f95b_roi_85.png,0.8987387418746948,789.8503629717236,35.77737640888525,797.0764751401304,37.67329408985015,7.2261121684067575,1.8959176809648994,7.2261121684067575,1.8959176809648994
263_png.rf.97c0ded9ac82af60867b2c23dec561ec_roi_13.png,263_png.rf.97c0ded9ac82af60867b2c23dec561ec_roi_38.png,0.8982367515563965,944.9304885731428,42.80719528594137,956.6748314957608,44.54295602538996,11.744342922617989,1.7357607394485939,11.744342922617989,1.7357607394485939
95_png.rf.42f0772809f559cf65a74a06f90e2684_roi_32.png,95_png.rf.42f0772809f559cf65a74a06f90e2684_roi_4.png,0.8978810906410217,882.1322902499509,38.75092052254848,875.5615563114757,42.37102794218216,-6.5707339384752,3.620107419633676,6.5707339384752,3.620107419633676
231_png.rf.f3e62932017a5371d12e33973c57f95b_roi_51.png,231_png.rf.f3e62932017a5371d12e33973c57f95b_roi_42.png,0.897834062576294,710.2988292263361,35.31731276443762,713.4750415559907,36.98542527608438,3.176212329654618,1.6681125116467612,3.176212329654618,1.6681125116467612
228_png.rf.d1fd4c8e9e77befd108d882d963bd834_roi_8.png,228_png.rf.d1fd4c8e9e77befd108d882d963bd834_roi_1.png,0.8977512121200562,792.4766842064234,38.39615034449983,797.5990004819685,36.53840341733802,5.122316275545018,-1.8577469271618128,5.122316275545018,1.8577469271618128
252_png.rf.a4b084dc500978b10c8730046675dde5_roi_48.png,252_png.rf.a4b084dc500978b10c8730046675dde5_roi_69.png,0.8976974487304688,857.0038841303905,41.638837116161405,859.8068733631675,42.626085670397536,2.8029892327770085,0.9872485542361318,2.8029892327770085,0.9872485542361318
146_png.rf.6ba5197b14cc019df1f46cda73230bd2_roi_13.png,146_png.rf.6ba5197b14cc019df1f46cda73230bd2_roi_5.png,0.8974553942680359,744.1543267634721,36.56040433730015,753.7569840504881,36.98995296524529,9.602657287015973,0.42954862794513815,9.602657287015973,0.42954862794513815
240_png.rf.839be34bb458cbb7c7ae6a0a072b9ed8_roi_45.png,240_png.rf.839be34bb458cbb7c7ae6a0a072b9ed8_roi_19.png,0.8972922563552856,777.748802852954,45.14817195025342,784.1371152236168,41.25255052649825,6.3883123706627885,-3.8956214237551734,6.3883123706627885,3.8956214237551734
103_png.rf.b9743a889c7194da0b8dce5c5b632bbc_roi_26.png,103_png.rf.b9743a889c7194da0b8dce5c5b632bbc_roi_2.png,0.896809995174408,896.5060095525189,43.73183449481723,880.6341458971608,40.92992998181336,-15.871863655358084,-2.801904513003869,15.871863655358084,2.801904513003869
227_png.rf.296b6ab312f6933dc130b671797b1a69_roi_60.png,227_png.rf.296b6ab312f6933dc130b671797b1a69_roi_31.png,0.8965963125228882,766.98304432712,31.445178534765954,738.541751524505,33.754700858874905,-28.441292802614953,2.3095223241089506,28.441292802614953,2.3095223241089506
231_png.rf.f3e62932017a5371d12e33973c57f95b_roi_60.png,231_png.rf.f3e62932017a5371d12e33973c57f95b_roi_21.png,0.8962346911430359,700.3350073630968,33.49777017957234,711.2773763791969,34.186441751029506,10.942369016100088,0.6886715714571636,10.942369016100088,0.6886715714571636
111_png.rf.8fe543cf12ca100b887933e93b334b92_roi_23.png,111_png.rf.8fe543cf12ca100b887933e93b334b92_roi_40.png,0.8953586220741272,650.578554129896,38.33354583790197,644.0871032185738,38.67953618896158,-6.491450911322204,0.34599035105960496,6.491450911322204,0.34599035105960496
109_png.rf.c8dd17e858d1df0c04a8d6524de5fe76_roi_19.png,109_png.rf.c8dd17e858d1df0c04a8d6524de5fe76_roi_32.png,0.8949232697486877,744.331613791525,33.84943793961508,772.241987960787,36.14066174781608,27.910374169262013,2.2912238082010035,27.910374169262013,2.2912238082010035
120_png.rf.4511382e2372fd66448504ae75698502_roi_23.png,120_png.rf.4511382e2372fd66448504ae75698502_roi_15.png,0.8947764039039612,720.7134385944989,37.25124686549512,729.6437662546945,39.593772251639024,8.93032766019553,2.3425253861439046,8.93032766019553,2.3425253861439046
145_png.rf.cb189c4b5913bc8fcb53703f1d06d8fa_roi_39.png,145_png.rf.cb189c4b5913bc8fcb53703f1d06d8fa_roi_32.png,0.8946972489356995,754.9391152678531,35.53127737076563,768.4937764521404,37.14921866495765,13.554661184287284,1.617941294192022,13.554661184287284,1.617941294192022
29_png.rf.c9fc855c2b62bc01a20e4d97ef0495e0_roi_11.png,29_png.rf.c9fc855c2b62bc01a20e4d97ef0495e0_roi_3.png,0.8944723606109619,756.9927711156043,36.86453516598273,762.5404051138505,39.91705486742545,5.5476339982461695,3.0525197014427192,5.5476339982461695,3.0525197014427192
264_png.rf.f8da8bde90d3daadf33eaf8fc654bb43_roi_33.png,264_png.rf.f8da8bde90d3daadf33eaf8fc654bb43_roi_32.png,0.8944381475448608,858.2580504521659,42.11127329514056,852.7444181316064,44.96575549229095,-5.513632320559509,2.8544821971503893,5.513632320559509,2.8544821971503893
128_png.rf.bff9aea834e0f8c141fb97e07d16c917_roi_35.png,128_png.rf.bff9aea834e0f8c141fb97e07d16c917_roi_27.png,0.8944381475448608,537.4543404646558,34.49496009799225,550.1757715057224,33.395848178294614,12.72143104106658,-1.0991119196976342,12.72143104106658,1.0991119196976342
96_png.rf.5e3968fff8f9f8fdab30c8f999334f6f_roi_57.png,96_png.rf.5e3968fff8f9f8fdab30c8f999334f6f_roi_28.png,0.8940467834472656,799.3608554437797,36.3460945845484,797.7910613822997,39.096433749544765,-1.5697940614799109,2.7503391649963618,1.5697940614799109,2.7503391649963618
115_png.rf.4e7d2dcc137306ce0a4845f84fae0b70_roi_23.png,115_png.rf.4e7d2dcc137306ce0a4845f84fae0b70_roi_22.png,0.8939393758773804,712.9807180611623,37.06397048358889,723.3707657898099,37.46056863661353,10.390047728647573,0.39659815302464096,10.390047728647573,0.39659815302464096
239_png.rf.4ed938c80d208d81f455a7bd2caf1cca_roi_57.png,239_png.rf.4ed938c80d208d81f455a7bd2caf1cca_roi_29.png,0.8939393758773804,774.3681843310754,33.94860559916071,763.2995656384348,32.3684973986108,-11.068618692640598,-1.5801082005499083,11.068618692640598,1.5801082005499083
232_png.rf.a2128ada57e85a13e1f6e4fe587144ee_roi_22.png,232_png.rf.a2128ada57e85a13e1f6e4fe587144ee_roi_57.png,0.8937329649925232,760.5339852194242,34.53165081444539,744.8638172033876,36.81456754208317,-15.670168016036541,2.282916727637776,15.670168016036541,2.282916727637776
97_png.rf.f4e8ad3bada447eb1ef57ab4eee50c1f_roi_2.png,97_png.rf.f4e8ad3bada447eb1ef57ab4eee50c1f_roi_30.png,0.8936810493469238,772.9691099954649,38.92957177681208,814.6010816544024,39.44644825422029,41.63197165893746,0.5168764774082106,41.63197165893746,0.5168764774082106
78_png.rf.64c5d696884a3b905e0a4e7625969623_roi_0.png,78_png.rf.64c5d696884a3b905e0a4e7625969623_roi_27.png,0.893478274345398,632.0641088958664,36.73261320261959,647.3099399525805,38.58769209271446,15.24583105671411,1.8550788900948731,15.24583105671411,1.8550788900948731
101_png.rf.c4bf71f43d058b555a715c3e9695be8b_roi_15.png,101_png.rf.c4bf71f43d058b555a715c3e9695be8b_roi_26.png,0.893151581287384,840.7778151021622,40.28775220579128,842.1718605652272,39.94185800501523,1.3940454630650265,-0.34589420077605126,1.3940454630650265,0.34589420077605126
144_png.rf.a5a2a2c438edbf198ffa6a10f317e83d_roi_33.png,144_png.rf.a5a2a2c438edbf198ffa6a10f317e83d_roi_19.png,0.892938494682312,722.4634649083644,36.9919923182676,728.1778534261186,38.3134282433412,5.714388517754287,1.321435925073601,5.714388517754287,1.321435925073601
128_png.rf.bff9aea834e0f8c141fb97e07d16c917_roi_7.png,128_png.rf.bff9aea834e0f8c141fb97e07d16c917_roi_49.png,0.8924989700317383,616.3091002205936,40.324998237401694,644.6997148469743,42.33054357378988,28.39061462638074,2.005545336388188,28.39061462638074,2.005545336388188
226_png.rf.3dd9a667ea244e78747dc6de8261ffbf_roi_1.png,226_png.rf.3dd9a667ea244e78747dc6de8261ffbf_roi_28.png,0.8921193480491638,778.3577523834252,34.437141290224325,766.2955412144016,36.062933666418175,-12.062211169023612,1.62579237619385,12.062211169023612,1.62579237619385
251_png.rf.03356d60d75e295fd05c7ad26b5ea07d_roi_23.png,251_png.rf.03356d60d75e295fd05c7ad26b5ea07d_roi_68.png,0.8917539119720459,927.3386640169978,43.80419329999752,934.7470781863392,46.36286374497319,7.408414169341427,2.558670444975668,7.408414169341427,2.558670444975668
231_png.rf.f3e62932017a5371d12e33973c57f95b_roi_38.png,231_png.rf.f3e62932017a5371d12e33973c57f95b_roi_34.png,0.8917389512062073,794.7132354326119,34.15001038140318,787.4001659087131,36.2885901579441,-7.3130695238987755,2.1385797765409222,7.3130695238987755,2.1385797765409222
101_png.rf.c4bf71f43d058b555a715c3e9695be8b_roi_16.png,101_png.rf.c4bf71f43d058b555a715c3e9695be8b_roi_39.png,0.891697883605957,815.1725578540994,41.82549465669136,855.8700525740137,39.732999584771946,40.69749471991429,-2.0924950719194158,40.69749471991429,2.0924950719194158
251_png.rf.03356d60d75e295fd05c7ad26b5ea07d_roi_14.png,251_png.rf.03356d60d75e295fd05c7ad26b5ea07d_roi_20.png,0.891209065914154,943.2010609082324,42.08468642401661,969.9786117549032,42.78460582541683,26.777550846670806,0.6999194014002228,26.777550846670806,0.6999194014002228
145_png.rf.cb189c4b5913bc8fcb53703f1d06d8fa_roi_27.png,145_png.rf.cb189c4b5913bc8fcb53703f1d06d8fa_roi_38.png,0.8909583687782288,822.1129132700548,36.4613419043135,810.3660314797203,39.19495690658713,-11.746881790334555,2.7336150022736305,11.746881790334555,2.7336150022736305
263_png.rf.97c0ded9ac82af60867b2c23dec561ec_roi_11.png,263_png.rf.97c0ded9ac82af60867b2c23dec561ec_roi_55.png,0.8907248377799988,1097.7744403155175,42.05743569479223,1100.8070099592271,44.16900383865482,3.0325696437096212,2.111568143862584,3.0325696437096212,2.111568143862584
105_png.rf.2038c199fbe085aed32df6eb357079f4_roi_43.png,105_png.rf.2038c199fbe085aed32df6eb357079f4_roi_47.png,0.8904358148574829,848.5133993946455,37.75100294722111,852.6361608695761,42.00597666228178,4.1227614749305985,4.254973715060672,4.1227614749305985,4.254973715060672
89_png.rf.9d3e334f7c5cb93bc20089fb52688222_roi_37.png,89_png.rf.9d3e334f7c5cb93bc20089fb52688222_roi_1.png,0.8903631567955017,790.82739811178,37.57063269657283,825.8560532900975,38.38602266845359,35.028655178317536,0.8153899718807622,35.028655178317536,0.8153899718807622
254_png.rf.ab63b13be5cc38585431fc95c5897dfe_roi_12.png,254_png.rf.ab63b13be5cc38585431fc95c5897dfe_roi_11.png,0.8898447155952454,1013.8789697049668,50.67972409493332,986.353493806275,48.58498659531898,-27.525475898691866,-2.0947374996143395,27.525475898691866,2.0947374996143395
128_png.rf.bff9aea834e0f8c141fb97e07d16c917_roi_33.png,128_png.rf.bff9aea834e0f8c141fb97e07d16c917_roi_16.png,0.8896169066429138,567.8608908422069,34.90398224857804,581.4074023965965,37.01466761493516,13.546511554389554,2.1106853663571243,13.546511554389554,2.1106853663571243
152_png.rf.39c63859049503978a692da8d573f11d_roi_9.png,152_png.rf.39c63859049503978a692da8d573f11d_roi_43.png,0.8894981145858765,707.2910990957773,33.73343298624425,709.9734758852193,36.393157140295344,2.682376789441946,2.6597241540510907,2.682376789441946,2.6597241540510907
252_png.rf.a4b084dc500978b10c8730046675dde5_roi_45.png,252_png.rf.a4b084dc500978b10c8730046675dde5_roi_58.png,0.8894826173782349,926.7987648445568,44.23017207954391,928.8712298435372,48.04948373035346,2.072464998980422,3.8193116508095457,2.072464998980422,3.8193116508095457
252_png.rf.a4b084dc500978b10c8730046675dde5_roi_25.png,252_png.rf.a4b084dc500978b10c8730046675dde5_roi_66.png,0.8894364237785339,879.3659090386212,38.41456655161512,837.1868471277008,40.26983085216922,-42.17906191092038,1.8552643005541043,42.17906191092038,1.8552643005541043
257_png.rf.d0e9b62c92e89f70b1ab6feac50e3c89_roi_10.png,257_png.rf.d0e9b62c92e89f70b1ab6feac50e3c89_roi_36.png,0.8892285823822021,976.3892907612504,47.746588635257154,923.5071633943252,45.30688065614029,-52.88212736692526,-2.439707979116868,52.88212736692526,2.439707979116868
232_png.rf.a2128ada57e85a13e1f6e4fe587144ee_roi_11.png,232_png.rf.a2128ada57e85a13e1f6e4fe587144ee_roi_28.png,0.8891830444335938,773.238843313071,34.16818016122346,771.0455515730812,37.228269556388426,-2.1932917399898315,3.0600893951649653,2.1932917399898315,3.0600893951649653
243_png.rf.8c7fbde9cf1c100bd9391051c6f812ca_roi_54.png,243_png.rf.8c7fbde9cf1c100bd9391051c6f812ca_roi_33.png,0.8890625238418579,771.1828582609122,35.421630185877994,764.787835480011,34.71519177015299,-6.395022780901172,-0.7064384157250032,6.395022780901172,0.7064384157250032
262_png.rf.cef87c6dea9381c0e5718daeb9450039_roi_60.png,262_png.rf.cef87c6dea9381c0e5718daeb9450039_roi_48.png,0.8890503644943237,944.602535516864,43.72473626348186,933.7112432147572,47.83402531038117,-10.891292302106763,4.109289046899313,10.891292302106763,4.109289046899313
111_png.rf.8fe543cf12ca100b887933e93b334b92_roi_49.png,111_png.rf.8fe543cf12ca100b887933e93b334b92_roi_44.png,0.8885306119918823,606.8714955434717,35.345088107353234,611.5670350523346,37.86593096853946,4.6955395088629075,2.5208428611862246,4.6955395088629075,2.5208428611862246
96_png.rf.5e3968fff8f9f8fdab30c8f999334f6f_roi_44.png,96_png.rf.5e3968fff8f9f8fdab30c8f999334f6f_roi_32.png,0.8885166049003601,847.6884200664105,38.51530863167143,845.1442721774972,42.69949882233914,-2.544147888913244,4.184190190667707,2.544147888913244,4.184190190667707
103_png.rf.b9743a889c7194da0b8dce5c5b632bbc_roi_30.png,103_png.rf.b9743a889c7194da0b8dce5c5b632bbc_roi_47.png,0.8884594440460205,861.5073684419185,41.69400523017837,888.0756810017908,44.29778937375989,26.56831255987231,2.603784143581521,26.56831255987231,2.603784143581521
263_png.rf.97c0ded9ac82af60867b2c23dec561ec_roi_36.png,263_png.rf.97c0ded9ac82af60867b2c23dec561ec_roi_40.png,0.8879096508026123,939.2961079458116,39.09246045323241,891.3417836291512,43.47089650999346,-47.954324316660404,4.378436056761046,47.954324316660404,4.378436056761046
125_png.rf.0cd17c5aff1f4162dfb2c73cb9991f3e_roi_10.png,125_png.rf.0cd17c5aff1f4162dfb2c73cb9991f3e_roi_14.png,0.8877627849578857,718.7386556793962,37.25987121696683,734.1537456819207,38.73732707816759,15.415090002524494,1.4774558612007596,15.415090002524494,1.4774558612007596
125_png.rf.0cd17c5aff1f4162dfb2c73cb9991f3e_roi_39.png,125_png.rf.0cd17c5aff1f4162dfb2c73cb9991f3e_roi_22.png,0.8877168893814087,781.2451114354029,38.41964657496438,792.715264331917,39.88739439927994,11.470152896514037,1.467747824315559,11.470152896514037,1.467747824315559
104_png.rf.eb19faafbed5983b0cba70b7a044d4b2_roi_3.png,104_png.rf.eb19faafbed5983b0cba70b7a044d4b2_roi_22.png,0.8874278664588928,806.8850932003998,38.915729365210495,834.5432943200593,39.98684507238163,27.658201119659566,1.0711157071711312,27.658201119659566,1.0711157071711312
109_png.rf.c8dd17e858d1df0c04a8d6524de5fe76_roi_48.png,109_png.rf.c8dd17e858d1df0c04a8d6524de5fe76_roi_48.png,0.8873496055603027,799.8310728027444,37.44914426539658,773.9844816847346,38.01030027780242,-25.84659111800977,0.5611560124058386,25.84659111800977,0.5611560124058386
101_png.rf.c4bf71f43d058b555a715c3e9695be8b_roi_17.png,101_png.rf.c4bf71f43d058b555a715c3e9695be8b_roi_48.png,0.8872107863426208,827.3795769250064,38.19113177493559,865.6726001349144,40.920020871425145,38.29302320990803,2.728889096489553,38.29302320990803,2.728889096489553
127_png.rf.f5998eff46ab9c23d70c90ea9d4ca09a_roi_51.png,127_png.rf.f5998eff46ab9c23d70c90ea9d4ca09a_roi_15.png,0.8869258165359497,740.3622238080657,33.73690337170449,751.7357205649797,37.45891051129741,11.37349675691405,3.722007139592918,11.37349675691405,3.722007139592918
141_png.rf.491e5a4c500bc47a609e08980408d66c_roi_1.png,141_png.rf.491e5a4c500bc47a609e08980408d66c_roi_7.png,0.8867151737213135,581.7697141558208,37.66670878070111,623.2248230985056,38.358463899886,41.455108942684774,0.6917551191848901,41.455108942684774,0.6917551191848901
229_png.rf.0a8a9bb02d7daec0c27ae2c90fa82242_roi_43.png,229_png.rf.0a8a9bb02d7daec0c27ae2c90fa82242_roi_40.png,0.8857483863830566,734.8721572652531,35.54995707415787,774.6983574905714,34.455396401952974,39.8262002253183,-1.0945606722048922,39.8262002253183,1.0945606722048922
251_png.rf.03356d60d75e295fd05c7ad26b5ea07d_roi_50.png,251_png.rf.03356d60d75e295fd05c7ad26b5ea07d_roi_39.png,0.885732889175415,1013.6273537475296,46.79860919810555,1024.375291297438,48.66729628230551,10.747937549908443,1.868687084199955,10.747937549908443,1.868687084199955
228_png.rf.d1fd4c8e9e77befd108d882d963bd834_roi_29.png,228_png.rf.d1fd4c8e9e77befd108d882d963bd834_roi_29.png,0.885704755783081,774.2850103525686,40.61206570722747,768.8856137180387,40.13020511939907,-5.399396634529921,-0.48186058782840036,5.399396634529921,0.48186058782840036
219_png.rf.1cea427249122e68a431e56275cd8513_roi_37.png,219_png.rf.1cea427249122e68a431e56275cd8513_roi_36.png,0.8854166865348816,356.5022862794538,21.51625740380892,372.1153705407292,22.31953007621968,15.61308426127539,0.8032726724107633,15.61308426127539,0.8032726724107633
264_png.rf.f8da8bde90d3daadf33eaf8fc654bb43_roi_31.png,264_png.rf.f8da8bde90d3daadf33eaf8fc654bb43_roi_35.png,0.8853853940963745,951.6476682522576,41.67132800031468,976.2362067096136,44.622300047021206,24.58853845735598,2.950972046706525,24.58853845735598,2.950972046706525
246_png.rf.776b77392d7ac89839233dcf319142d7_roi_8.png,246_png.rf.776b77392d7ac89839233dcf319142d7_roi_34.png,0.8848137259483337,851.4264096177678,40.18795483382164,898.6067251892654,43.19241221906191,47.180315571497545,3.004457385240265,47.180315571497545,3.004457385240265
96_png.rf.5e3968fff8f9f8fdab30c8f999334f6f_roi_51.png,96_png.rf.5e3968fff8f9f8fdab30c8f999334f6f_roi_36.png,0.884416937828064,804.3904074562674,36.06593541082428,829.8774885149229,39.22444306939793,25.487081058655463,3.1585076585736473,25.487081058655463,3.1585076585736473
239_png.rf.4ed938c80d208d81f455a7bd2caf1cca_roi_37.png,239_png.rf.4ed938c80d208d81f455a7bd2caf1cca_roi_32.png,0.8842662572860718,787.424345121602,34.18385406596837,719.026390646583,38.93992379558548,-68.39795447501899,4.75606972961711,68.39795447501899,4.75606972961711
258_png.rf.4974b8c7d9ed04ac6afac3610ec7ed0b_roi_15.png,258_png.rf.4974b8c7d9ed04ac6afac3610ec7ed0b_roi_51.png,0.8840919733047485,972.5834642499508,47.17865074304355,912.74726962883,47.209987858407146,-59.83619462112074,0.0313371153635984,59.83619462112074,0.0313371153635984
144_png.rf.a5a2a2c438edbf198ffa6a10f317e83d_roi_24.png,144_png.rf.a5a2a2c438edbf198ffa6a10f317e83d_roi_15.png,0.8836846351623535,754.642447730525,34.22782443244132,782.8163171169737,35.581858212364885,28.1738693864487,1.3540337799235687,28.1738693864487,1.3540337799235687
231_png.rf.f3e62932017a5371d12e33973c57f95b_roi_83.png,231_png.rf.f3e62932017a5371d12e33973c57f95b_roi_44.png,0.8836720585823059,780.1516470142185,38.08663016133134,752.92436162342,39.037889233915394,-27.227285390798443,0.9512590725840511,27.227285390798443,0.9512590725840511
127_png.rf.f5998eff46ab9c23d70c90ea9d4ca09a_roi_28.png,127_png.rf.f5998eff46ab9c23d70c90ea9d4ca09a_roi_45.png,0.8831627368927002,784.0180895566479,35.288952436733624,797.6742792040966,39.114283501478646,13.656189647448741,3.825331064745022,13.656189647448741,3.825331064745022
225_png.rf.26db629c7699dec1072172565f890b48_roi_13.png,225_png.rf.26db629c7699dec1072172565f890b48_roi_4.png,0.882932186126709,821.7891651999297,34.007388405137426,792.5597494050791,36.90105555311017,-29.229415794850638,2.8936671479727423,29.229415794850638,2.8936671479727423
90_png.rf.69bdac2f8992d8d3ebf3226c61ad2bd5_roi_9.png,90_png.rf.69bdac2f8992d8d3ebf3226c61ad2bd5_roi_43.png,0.88277268409729,750.9380225034354,38.967295282694856,769.7781668993731,40.97696771342896,18.840144395937727,2.0096724307341063,18.840144395937727,2.0096724307341063
214_png.rf.43e23175f08d4f7a4009138ed19c9960_roi_17.png,214_png.rf.43e23175f08d4f7a4009138ed19c9960_roi_1.png,0.8826815485954285,401.8136053784559,23.38034726465246,418.0860444902901,22.16109116358221,16.27243911183416,-1.2192561010702505,16.27243911183416,1.2192561010702505
114_png.rf.82ce6f7cb0b6f79807e0efb6891ebbad_roi_21.png,114_png.rf.82ce6f7cb0b6f79807e0efb6891ebbad_roi_42.png,0.8824451565742493,792.9498060346579,33.13143583904545,780.6808630144114,34.132821380783064,-12.268943020246411,1.001385541737612,12.268943020246411,1.001385541737612
253_png.rf.c5ce7acb6522efe044f32dfc3817bd83_roi_15.png,253_png.rf.c5ce7acb6522efe044f32dfc3817bd83_roi_27.png,0.8824011087417603,873.9159593097252,43.38374179759685,816.5782033870662,46.39374429577044,-57.33775592265897,3.0100024981735913,57.33775592265897,3.0100024981735913
232_png.rf.a2128ada57e85a13e1f6e4fe587144ee_roi_6.png,232_png.rf.a2128ada57e85a13e1f6e4fe587144ee_roi_44.png,0.8822222352027893,765.8673178317861,37.61953526069507,743.1080641462281,37.18372971008363,-22.75925368555795,-0.4358055506114411,22.75925368555795,0.4358055506114411
214_png.rf.43e23175f08d4f7a4009138ed19c9960_roi_16.png,214_png.rf.43e23175f08d4f7a4009138ed19c9960_roi_15.png,0.8820809125900269,411.5644447317013,21.466262132837443,404.71384151831177,22.461616920615192,-6.850603213389547,0.9953547877777496,6.850603213389547,0.9953547877777496
127_png.rf.f5998eff46ab9c23d70c90ea9d4ca09a_roi_18.png,127_png.rf.f5998eff46ab9c23d70c90ea9d4ca09a_roi_28.png,0.8818181753158569,697.0561114546512,31.45099635574683,683.7157901027956,34.97411503639122,-13.34032135185555,3.5231186806443873,13.34032135185555,3.5231186806443873
101_png.rf.c4bf71f43d058b555a715c3e9695be8b_roi_46.png,101_png.rf.c4bf71f43d058b555a715c3e9695be8b_roi_47.png,0.8815566897392273,830.5603938842067,34.82858734900598,860.7257266109101,37.91594245852709,30.165332726703355,3.0873551095211127,30.165332726703355,3.0873551095211127
264_png.rf.f8da8bde90d3daadf33eaf8fc654bb43_roi_28.png,264_png.rf.f8da8bde90d3daadf33eaf8fc654bb43_roi_31.png,0.8815203309059143,948.8752038187685,39.61940648173709,958.9720691051552,43.71373814126666,10.096865286386787,4.094331659529573,10.096865286386787,4.094331659529573
63_png.rf.1b23e63a8895068458c0232cd4607ada_roi_11.png,63_png.rf.1b23e63a8895068458c0232cd4607ada_roi_6.png,0.8812970519065857,581.2590824916028,29.562391830487478,596.3655963694096,31.089161284280426,15.10651387780672,1.526769453792948,15.10651387780672,1.526769453792948
255_png.rf.de47ae0ea94061f8b83dcd6f7f61b6d8_roi_13.png,255_png.rf.de47ae0ea94061f8b83dcd6f7f61b6d8_roi_33.png,0.881196141242981,888.5668369974433,44.47301805165085,878.2578272807839,46.09688963548193,-10.309009716659375,1.6238715838310824,10.309009716659375,1.6238715838310824
124_png.rf.144d1a960a56ef39d10c4e62e12a454f_roi_25.png,124_png.rf.144d1a960a56ef39d10c4e62e12a454f_roi_28.png,0.8809325695037842,622.763693666619,38.627876014534586,626.0998769622981,41.07265872146106,3.3361832956791204,2.4447827069264747,3.3361832956791204,2.4447827069264747
146_png.rf.6ba5197b14cc019df1f46cda73230bd2_roi_33.png,146_png.rf.6ba5197b14cc019df1f46cda73230bd2_roi_9.png,0.8809034824371338,722.8541808225472,34.42347538573285,746.4954524946514,34.39896554402016,23.641271672104267,-0.02450984171269255,23.641271672104267,0.02450984171269255
231_png.rf.f3e62932017a5371d12e33973c57f95b_roi_19.png,231_png.rf.f3e62932017a5371d12e33973c57f95b_roi_62.png,0.8808777332305908,737.7425444533878,35.479397712192224,732.1813597552201,37.19532849500333,-5.561184698167722,1.7159307828111068,5.561184698167722,1.7159307828111068
226_png.rf.3dd9a667ea244e78747dc6de8261ffbf_roi_29.png,226_png.rf.3dd9a667ea244e78747dc6de8261ffbf_roi_31.png,0.8808345198631287,798.3826785444,36.01923261449328,796.6999073527682,36.98275363878195,-1.6827711916319004,0.9635210242886671,1.6827711916319004,0.9635210242886671
243_png.rf.8c7fbde9cf1c100bd9391051c6f812ca_roi_19.png,243_png.rf.8c7fbde9cf1c100bd9391051c6f812ca_roi_60.png,0.8808025121688843,784.0712524491967,32.53025638320645,777.6590433088331,34.86159492475762,-6.4122091403635295,2.331338541551169,6.4122091403635295,2.331338541551169
125_png.rf.0cd17c5aff1f4162dfb2c73cb9991f3e_roi_13.png,125_png.rf.0cd17c5aff1f4162dfb2c73cb9991f3e_roi_15.png,0.8807377219200134,720.459198602417,33.513825923409954,729.5010765559913,36.34209475108545,9.041877953574271,2.828268827675494,9.041877953574271,2.828268827675494
207_png.rf.6406870a5223a2b33da9c5d54d767796_roi_18.png,207_png.rf.6406870a5223a2b33da9c5d54d767796_roi_28.png,0.8804205060005188,370.8313470470358,21.12670538955413,379.6278100498316,21.25177875985304,8.796463002795804,0.1250733702989102,8.796463002795804,0.1250733702989102
95_png.rf.42f0772809f559cf65a74a06f90e2684_roi_12.png,95_png.rf.42f0772809f559cf65a74a06f90e2684_roi_43.png,0.8803443312644958,884.8134233475903,38.693631463046174,868.2221776400029,44.34766337536737,-16.591245707587404,5.654031912321194,16.591245707587404,5.654031912321194
222_png.rf.c9e88a8b6a45618da2a9b9652689a52a_roi_32.png,222_png.rf.c9e88a8b6a45618da2a9b9652689a52a_roi_31.png,0.8797767162322998,715.202941902615,32.10754413591328,734.0834841728151,34.207324710960584,18.88054227020018,2.099780575047305,18.88054227020018,2.099780575047305
97_png.rf.f4e8ad3bada447eb1ef57ab4eee50c1f_roi_5.png,97_png.rf.f4e8ad3bada447eb1ef57ab4eee50c1f_roi_33.png,0.8793256282806396,860.7369530676912,39.1535687068924,819.0856728394403,44.511013105350976,-41.65128022825081,5.357444398458576,41.65128022825081,5.357444398458576
257_png.rf.d0e9b62c92e89f70b1ab6feac50e3c89_roi_14.png,257_png.rf.d0e9b62c92e89f70b1ab6feac50e3c89_roi_48.png,0.8790212869644165,953.4840715346112,48.16029617329316,936.7434139372704,48.8001356034432,-16.740657597340828,0.6398394301500403,16.740657597340828,0.6398394301500403
230_png.rf.9c37ef11d073f07a9d9b8aed22734e6a_roi_56.png,230_png.rf.9c37ef11d073f07a9d9b8aed22734e6a_roi_29.png,0.8786383867263794,718.1909773105579,28.30660913729449,708.3657596471577,30.752173821392145,-9.825217663400167,2.445564684097654,9.825217663400167,2.445564684097654
109_png.rf.c8dd17e858d1df0c04a8d6524de5fe76_roi_46.png,109_png.rf.c8dd17e858d1df0c04a8d6524de5fe76_roi_47.png,0.8780202865600586,733.8703601870606,37.26641498622609,725.9897504187401,38.11637942926554,-7.8806097683204825,0.849964443039454,7.8806097683204825,0.849964443039454
264_png.rf.f8da8bde90d3daadf33eaf8fc654bb43_roi_48.png,264_png.rf.f8da8bde90d3daadf33eaf8fc654bb43_roi_29.png,0.8767784833908081,920.3314294614586,43.86451307670532,951.0935070563946,44.194465751004,30.762077594936045,0.32995267429868136,30.762077594936045,0.32995267429868136
101_png.rf.c4bf71f43d058b555a715c3e9695be8b_roi_48.png,101_png.rf.c4bf71f43d058b555a715c3e9695be8b_roi_41.png,0.8766592741012573,912.8987639174866,39.37162862751347,919.6858296783786,43.48455306105432,6.7870657608920055,4.112924433540847,6.7870657608920055,4.112924433540847
263_png.rf.97c0ded9ac82af60867b2c23dec561ec_roi_32.png,263_png.rf.97c0ded9ac82af60867b2c23dec561ec_roi_18.png,0.8761035799980164,891.4313332920009,38.55283552407931,861.9485555603151,41.72102207897557,-29.482777731685815,3.168186554896259,29.482777731685815,3.168186554896259
127_png.rf.f5998eff46ab9c23d70c90ea9d4ca09a_roi_11.png,127_png.rf.f5998eff46ab9c23d70c90ea9d4ca09a_roi_0.png,0.8758541941642761,769.2096144813961,33.319638827837586,776.850301075058,37.63662728249299,7.64068659366194,4.316988454655402,7.64068659366194,4.316988454655402
82_png.rf.78a828637d0fdf11d14f1d4b7920f8d0_roi_3.png,82_png.rf.78a828637d0fdf11d14f1d4b7920f8d0_roi_27.png,0.8757539391517639,678.1200054531533,38.977649457728106,610.5313416001062,40.92266147360588,-67.58866385304714,1.9450120158777722,67.58866385304714,1.9450120158777722
114_png.rf.82ce6f7cb0b6f79807e0efb6891ebbad_roi_42.png,114_png.rf.82ce6f7cb0b6f79807e0efb6891ebbad_roi_47.png,0.8756737112998962,769.105107886803,38.44511269264082,751.4858782058742,39.48750090047279,-17.61922968092881,1.0423882078319693,17.61922968092881,1.0423882078319693
232_png.rf.a2128ada57e85a13e1f6e4fe587144ee_roi_64.png,232_png.rf.a2128ada57e85a13e1f6e4fe587144ee_roi_26.png,0.875394344329834,756.2568978185739,36.71796752266439,743.4852177016331,33.68054328744066,-12.771680116940729,-3.0374242352237246,12.771680116940729,3.0374242352237246
82_png.rf.78a828637d0fdf11d14f1d4b7920f8d0_roi_2.png,82_png.rf.78a828637d0fdf11d14f1d4b7920f8d0_roi_39.png,0.8752735257148743,634.8870486787823,36.45115005441917,636.7562834552318,40.50972401223396,1.8692347764495025,4.058573957814787,1.8692347764495025,4.058573957814787
95_png.rf.42f0772809f559cf65a74a06f90e2684_roi_39.png,95_png.rf.42f0772809f559cf65a74a06f90e2684_roi_34.png,0.8751674294471741,926.290397700305,40.91150601203066,859.3898271094815,46.16643547875811,-66.90057059082346,5.254929466727454,66.90057059082346,5.254929466727454
231_png.rf.f3e62932017a5371d12e33973c57f95b_roi_10.png,231_png.rf.f3e62932017a5371d12e33973c57f95b_roi_65.png,0.8751393556594849,764.4436573627933,37.24007741011952,753.4039848437628,37.62830453929662,-11.039672519030432,0.38822712917710334,11.039672519030432,0.38822712917710334
258_png.rf.4974b8c7d9ed04ac6afac3610ec7ed0b_roi_16.png,258_png.rf.4974b8c7d9ed04ac6afac3610ec7ed0b_roi_61.png,0.8751074075698853,885.8851784228143,40.68801484668671,870.630860056323,42.74866840538066,-15.254318366491361,2.06065355869395,15.254318366491361,2.06065355869395
109_png.rf.c8dd17e858d1df0c04a8d6524de5fe76_roi_10.png,109_png.rf.c8dd17e858d1df0c04a8d6524de5fe76_roi_11.png,0.875,769.2130543597934,32.65988120274968,765.5801248974265,36.17696331685963,-3.632929462366974,3.5170821141099466,3.632929462366974,3.5170821141099466
102_png.rf.17ecda620c62893042cd19d261c2d15e_roi_37.png,102_png.rf.17ecda620c62893042cd19d261c2d15e_roi_35.png,0.8749606013298035,857.9315683874764,36.00177251777976,878.288964795724,39.97381330781117,20.35739640824761,3.972040790031407,20.35739640824761,3.972040790031407
29_png.rf.c9fc855c2b62bc01a20e4d97ef0495e0_roi_1.png,29_png.rf.c9fc855c2b62bc01a20e4d97ef0495e0_roi_7.png,0.8748762011528015,784.8246789354789,37.66020164860301,797.3737526656123,42.03290963655493,12.549073730133387,4.372707987951927,12.549073730133387,4.372707987951927
251_png.rf.03356d60d75e295fd05c7ad26b5ea07d_roi_30.png,251_png.rf.03356d60d75e295fd05c7ad26b5ea07d_roi_58.png,0.8747428059577942,970.5563670216588,40.333908591239584,933.8614941453072,43.90859250226628,-36.69487287635161,3.574683911026696,36.69487287635161,3.574683911026696
262_png.rf.cef87c6dea9381c0e5718daeb9450039_roi_16.png,262_png.rf.cef87c6dea9381c0e5718daeb9450039_roi_45.png,0.8746788501739502,860.0094456308196,41.35079826947396,813.3465022602118,45.61229800568914,-46.66294337060788,4.261499736215178,46.66294337060788,4.261499736215178
232_png.rf.a2128ada57e85a13e1f6e4fe587144ee_roi_10.png,232_png.rf.a2128ada57e85a13e1f6e4fe587144ee_roi_63.png,0.8746556639671326,705.0023377755373,30.857362261085846,699.1375135312812,33.28129619395934,-5.864824244256056,2.4239339328734957,5.864824244256056,2.4239339328734957
240_png.rf.839be34bb458cbb7c7ae6a0a072b9ed8_roi_46.png,240_png.rf.839be34bb458cbb7c7ae6a0a072b9ed8_roi_31.png,0.8745599985122681,804.1000065489033,41.77970895537928,791.5841531201562,39.44414363452845,-12.51585342874705,-2.335565320850826,12.51585342874705,2.335565320850826
101_png.rf.c4bf71f43d058b555a715c3e9695be8b_roi_9.png,101_png.rf.c4bf71f43d058b555a715c3e9695be8b_roi_45.png,0.8742809891700745,896.1643090133176,39.61228404594541,913.9769369816944,43.82383911209368,17.812627968376773,4.2115550661482715,17.812627968376773,4.2115550661482715
95_png.rf.42f0772809f559cf65a74a06f90e2684_roi_43.png,95_png.rf.42f0772809f559cf65a74a06f90e2684_roi_15.png,0.8741214275360107,567.2381766715392,26.84189060120418,584.5562052650456,29.55458587880561,17.31802859350637,2.71269527760143,17.31802859350637,2.71269527760143
108_png.rf.160624ea8bde3c8593ffcc9ddb55a11d_roi_6.png,108_png.rf.160624ea8bde3c8593ffcc9ddb55a11d_roi_11.png,0.8737429976463318,775.980753182647,33.692671194477605,798.6589072618003,37.29238490628736,22.678154079153273,3.5997137118097555,22.678154079153273,3.5997137118097555
252_png.rf.a4b084dc500978b10c8730046675dde5_roi_51.png,252_png.rf.a4b084dc500978b10c8730046675dde5_roi_6.png,0.8732057213783264,898.6763669553217,36.96737831115157,909.2017514804232,39.68066767673224,10.525384525101572,2.713289365580671,10.525384525101572,2.713289365580671
251_png.rf.03356d60d75e295fd05c7ad26b5ea07d_roi_67.png,251_png.rf.03356d60d75e295fd05c7ad26b5ea07d_roi_60.png,0.8727797269821167,1106.653126611149,39.93030197007969,1108.5852422218522,44.41445092315493,1.9321156107032493,4.484148953075241,1.9321156107032493,4.484148953075241
232_png.rf.a2128ada57e85a13e1f6e4fe587144ee_roi_19.png,232_png.rf.a2128ada57e85a13e1f6e4fe587144ee_roi_53.png,0.8718847632408142,760.530421788958,34.14128719967528,745.9489829413199,36.5840755533182,-14.581438847638196,2.442788353642918,14.581438847638196,2.442788353642918
95_png.rf.42f0772809f559cf65a74a06f90e2684_roi_38.png,95_png.rf.42f0772809f559cf65a74a06f90e2684_roi_24.png,0.8713852763175964,870.5231519050577,41.23558298584269,903.6901685117753,44.67795169372293,33.16701660671754,3.4423687078802416,33.16701660671754,3.4423687078802416
263_png.rf.97c0ded9ac82af60867b2c23dec561ec_roi_49.png,263_png.rf.97c0ded9ac82af60867b2c23dec561ec_roi_41.png,0.8713693022727966,858.8288126526844,39.66020253416109,849.3988208762808,38.5550421045506,-9.429991776403654,-1.1051604296104856,9.429991776403654,1.1051604296104856
232_png.rf.a2128ada57e85a13e1f6e4fe587144ee_roi_2.png,232_png.rf.a2128ada57e85a13e1f6e4fe587144ee_roi_42.png,0.871169924736023,775.7560515405548,37.0937867225796,789.01448490933,38.93025282679767,13.258433368775172,1.8364661042180686,13.258433368775172,1.8364661042180686
251_png.rf.03356d60d75e295fd05c7ad26b5ea07d_roi_49.png,251_png.rf.03356d60d75e295fd05c7ad26b5ea07d_roi_44.png,0.8709235191345215,951.4049743745626,39.84425129507421,845.9011786689211,44.043929325251256,-105.50379570564144,4.199678030177047,105.50379570564144,4.199678030177047
232_png.rf.a2128ada57e85a13e1f6e4fe587144ee_roi_26.png,232_png.rf.a2128ada57e85a13e1f6e4fe587144ee_roi_34.png,0.8704783916473389,783.1294787749225,35.63656213828998,772.0327380811154,34.5469586072622,-11.096740693807078,-1.0896035310277838,11.096740693807078,1.0896035310277838
98_png.rf.b77e65e183c8314ed4d321b2e0970f1f_roi_14.png,98_png.rf.b77e65e183c8314ed4d321b2e0970f1f_roi_43.png,0.8702861666679382,873.7192582732644,41.24560447957697,889.654607896025,45.608082578370855,15.935349622760668,4.362478098793886,15.935349622760668,4.362478098793886
241_png.rf.284efb813a510d2e8012ce8856789030_roi_11.png,241_png.rf.284efb813a510d2e8012ce8856789030_roi_0.png,0.870232343673706,694.6024482433652,33.111965485405456,717.3886313588714,33.93121607988957,22.78618311550622,0.8192505944841173,22.78618311550622,0.8192505944841173
150_png.rf.5ef32cd27346163ba4df997dac47f9ae_roi_17.png,150_png.rf.5ef32cd27346163ba4df997dac47f9ae_roi_6.png,0.870010256767273,656.4766619413356,30.15557366551641,658.7857336905404,31.282638163538152,2.3090717492048043,1.127064498021742,2.3090717492048043,1.127064498021742
124_png.rf.144d1a960a56ef39d10c4e62e12a454f_roi_34.png,124_png.rf.144d1a960a56ef39d10c4e62e12a454f_roi_3.png,0.8688362836837769,584.8476804758636,33.2757764670041,634.0408531036119,35.39493165673759,49.193172627748254,2.1191551897334904,49.193172627748254,2.1191551897334904
103_png.rf.b9743a889c7194da0b8dce5c5b632bbc_roi_39.png,103_png.rf.b9743a889c7194da0b8dce5c5b632bbc_roi_13.png,0.8685431480407715,828.3330656055778,42.05637419941354,858.1048156254451,37.29958674608319,29.77175001986734,-4.756787453330347,29.77175001986734,4.756787453330347
101_png.rf.c4bf71f43d058b555a715c3e9695be8b_roi_28.png,101_png.rf.c4bf71f43d058b555a715c3e9695be8b_roi_32.png,0.86784428358078,808.4203714751911,36.16542093775455,853.4741644065817,39.68170118161897,45.0537929313906,3.516280243864422,45.0537929313906,3.516280243864422
231_png.rf.f3e62932017a5371d12e33973c57f95b_roi_75.png,231_png.rf.f3e62932017a5371d12e33973c57f95b_roi_35.png,0.8676854372024536,780.3930060133927,33.45035101640921,775.0080268672086,37.33963178731718,-5.384979146184037,3.8892807709079733,5.384979146184037,3.8892807709079733
209_png.rf.dd87f1ca3b14389f4c040ad6ff084cbe_roi_35.png,209_png.rf.dd87f1ca3b14389f4c040ad6ff084cbe_roi_31.png,0.8674569129943848,391.5484882798788,23.783365710386125,422.11288256527695,23.36305040438128,30.564394285398123,-0.420315306004845,30.564394285398123,0.420315306004845
228_png.rf.d1fd4c8e9e77befd108d882d963bd834_roi_7.png,228_png.rf.d1fd4c8e9e77befd108d882d963bd834_roi_20.png,0.8672465682029724,733.6080552283182,38.74740477247661,723.124838721377,35.84188750673245,-10.483216506941176,-2.905517265744159,10.483216506941176,2.905517265744159
149_png.rf.4dfa00beb57e9649962221eb0b15f710_roi_7.png,149_png.rf.4dfa00beb57e9649962221eb0b15f710_roi_18.png,0.867111086845398,706.8980947021017,32.584066930144004,703.9257826542762,35.2005928372551,-2.9723120478255396,2.6165259071110967,2.9723120478255396,2.6165259071110967
120_png.rf.4511382e2372fd66448504ae75698502_roi_37.png,120_png.rf.4511382e2372fd66448504ae75698502_roi_26.png,0.8670085668563843,785.5966795119945,36.27666956564476,817.4748621710695,38.9266546070385,31.878182659075037,2.649985041393741,31.878182659075037,2.649985041393741
231_png.rf.f3e62932017a5371d12e33973c57f95b_roi_57.png,231_png.rf.f3e62932017a5371d12e33973c57f95b_roi_47.png,0.8669689893722534,744.5221167655315,37.25691278363914,765.6342839445142,36.05095769315518,21.11216717898276,-1.205955090483954,21.11216717898276,1.205955090483954
230_png.rf.9c37ef11d073f07a9d9b8aed22734e6a_roi_53.png,230_png.rf.9c37ef11d073f07a9d9b8aed22734e6a_roi_33.png,0.8667389154434204,623.5866256359101,29.91518802867285,654.1921188898606,29.604119088395255,30.6054932539505,-0.3110689402775968,30.6054932539505,0.3110689402775968
113_png.rf.e3028a1dab303081c21db80950b8398c_roi_32.png,113_png.rf.e3028a1dab303081c21db80950b8398c_roi_1.png,0.866060197353363,840.9376276080125,41.465299409671616,767.2619175175901,41.62418167965088,-73.6757100904224,0.1588822699792658,73.6757100904224,0.1588822699792658
89_png.rf.9d3e334f7c5cb93bc20089fb52688222_roi_36.png,89_png.rf.9d3e334f7c5cb93bc20089fb52688222_roi_47.png,0.8658493757247925,775.7327456226918,35.58621863392232,781.5639586230573,41.2809887802925,5.831213000365437,5.694770146370182,5.831213000365437,5.694770146370182
232_png.rf.a2128ada57e85a13e1f6e4fe587144ee_roi_16.png,232_png.rf.a2128ada57e85a13e1f6e4fe587144ee_roi_31.png,0.8657465577125549,752.7910743407028,32.434289528530215,770.6936510282052,32.670197498403404,17.902576687502346,0.23590796987318896,17.902576687502346,0.23590796987318896
240_png.rf.839be34bb458cbb7c7ae6a0a072b9ed8_roi_37.png,240_png.rf.839be34bb458cbb7c7ae6a0a072b9ed8_roi_49.png,0.8657143115997314,755.6594380081574,36.3604432708336,747.9952770315167,39.76419703698421,-7.664160976640687,3.403753766150608,7.664160976640687,3.403753766150608
239_png.rf.4ed938c80d208d81f455a7bd2caf1cca_roi_18.png,239_png.rf.4ed938c80d208d81f455a7bd2caf1cca_roi_55.png,0.8652793169021606,806.8660485252238,36.94777215596616,795.1408210423498,35.55618868392378,-11.725227482874061,-1.3915834720423845,11.725227482874061,1.3915834720423845
109_png.rf.c8dd17e858d1df0c04a8d6524de5fe76_roi_4.png,109_png.rf.c8dd17e858d1df0c04a8d6524de5fe76_roi_35.png,0.865217387676239,737.0954274732673,35.41775324658956,657.4181588105065,39.58835270006765,-79.67726866276075,4.17059945347809,79.67726866276075,4.17059945347809
97_png.rf.f4e8ad3bada447eb1ef57ab4eee50c1f_roi_29.png,97_png.rf.f4e8ad3bada447eb1ef57ab4eee50c1f_roi_19.png,0.8651136159896851,864.2816713921248,38.99124458995408,845.7680984989205,45.47136441268305,-18.513572893204355,6.480119822728973,18.513572893204355,6.480119822728973
105_png.rf.2038c199fbe085aed32df6eb357079f4_roi_1.png,105_png.rf.2038c199fbe085aed32df6eb357079f4_roi_32.png,0.8646131753921509,816.9703324073851,33.47786604357829,826.0284716837889,36.69090778715837,9.058139276403836,3.213041743580085,9.058139276403836,3.213041743580085
244_png.rf.5bcc8a2e036202b828c2fe7081b01a74_roi_22.png,244_png.rf.5bcc8a2e036202b828c2fe7081b01a74_roi_24.png,0.8644524216651917,724.8156636881519,29.27316136377077,737.6098914720129,33.04466047453311,12.79422778386106,3.7714991107623383,12.79422778386106,3.7714991107623383
145_png.rf.cb189c4b5913bc8fcb53703f1d06d8fa_roi_37.png,145_png.rf.cb189c4b5913bc8fcb53703f1d06d8fa_roi_35.png,0.8640366196632385,808.0171920964796,34.69357183074999,808.1836773223225,38.26098394145598,0.16648522584296188,3.5674121107059946,0.16648522584296188,3.5674121107059946
241_png.rf.284efb813a510d2e8012ce8856789030_roi_54.png,241_png.rf.284efb813a510d2e8012ce8856789030_roi_31.png,0.8638638854026794,784.2807082622471,37.57633099142518,812.5047965526716,41.695538322780905,28.224088290424447,4.1192073313557245,28.224088290424447,4.1192073313557245
89_png.rf.9d3e334f7c5cb93bc20089fb52688222_roi_26.png,89_png.rf.9d3e334f7c5cb93bc20089fb52688222_roi_35.png,0.8637650609016418,780.0598236262896,35.08214380111282,805.4826593673022,38.54387327341834,25.42283574101259,3.461729472305521,25.42283574101259,3.461729472305521
231_png.rf.f3e62932017a5371d12e33973c57f95b_roi_46.png,231_png.rf.f3e62932017a5371d12e33973c57f95b_roi_56.png,0.8637404441833496,764.1203833217706,36.46122740485021,774.8145500945936,33.422362439243386,10.694166772822996,-3.0388649656068267,10.694166772822996,3.0388649656068267
127_png.rf.f5998eff46ab9c23d70c90ea9d4ca09a_roi_50.png,127_png.rf.f5998eff46ab9c23d70c90ea9d4ca09a_roi_36.png,0.8630644083023071,746.0374311884945,34.39380726543168,779.2077946060064,38.56512125770235,33.17036341751191,4.171313992270669,33.17036341751191,4.171313992270669
121_png.rf.49e7ff8713556ad7cc37d311e25762ea_roi_18.png,121_png.rf.49e7ff8713556ad7cc37d311e25762ea_roi_17.png,0.8630401492118835,738.0864902913554,33.51398141148164,731.1488963816677,38.9175052967267,-6.937593909687735,5.403523885245065,6.937593909687735,5.403523885245065
227_png.rf.296b6ab312f6933dc130b671797b1a69_roi_61.png,227_png.rf.296b6ab312f6933dc130b671797b1a69_roi_48.png,0.8627027273178101,764.2708429075727,38.028101815521936,787.8941369619963,37.45661446043594,23.62329405442358,-0.5714873550859991,23.62329405442358,0.5714873550859991
239_png.rf.4ed938c80d208d81f455a7bd2caf1cca_roi_38.png,239_png.rf.4ed938c80d208d81f455a7bd2caf1cca_roi_51.png,0.8626773953437805,748.5868200750369,35.47367158503385,746.274790828073,36.923172226949056,-2.3120292469639026,1.4495006419152077,2.3120292469639026,1.4495006419152077
219_png.rf.1cea427249122e68a431e56275cd8513_roi_4.png,219_png.rf.1cea427249122e68a431e56275cd8513_roi_38.png,0.8609958291053772,421.5512193166248,24.14547521444113,435.1978754200721,22.054046298116138,13.646656103447299,-2.0914289163249933,13.646656103447299,2.0914289163249933
126_png.rf.83f4d29ee84bd0966ec6d1b6d6836ac1_roi_34.png,126_png.rf.83f4d29ee84bd0966ec6d1b6d6836ac1_roi_25.png,0.8608608841896057,632.894947825169,31.068567519859347,657.3728341884738,32.47126048146092,24.477886363304833,1.40269296160157,24.477886363304833,1.40269296160157
126_png.rf.83f4d29ee84bd0966ec6d1b6d6836ac1_roi_22.png,126_png.rf.83f4d29ee84bd0966ec6d1b6d6836ac1_roi_43.png,0.8603636622428894,733.2585669006036,36.55781568628504,746.7728614527948,40.63962356937789,13.514294552191245,4.08180788309285,13.514294552191245,4.08180788309285
231_png.rf.f3e62932017a5371d12e33973c57f95b_roi_12.png,231_png.rf.f3e62932017a5371d12e33973c57f95b_roi_24.png,0.8600883483886719,796.5563533240341,35.96181341386641,821.9057425699206,35.001445830368525,25.349389245886414,-0.9603675834978844,25.349389245886414,0.9603675834978844
113_png.rf.e3028a1dab303081c21db80950b8398c_roi_13.png,113_png.rf.e3028a1dab303081c21db80950b8398c_roi_41.png,0.8600823283195496,810.2857693030791,42.10344328091228,820.5859716715886,40.77484799427183,10.300202368509531,-1.32859528664045,10.300202368509531,1.32859528664045
144_png.rf.a5a2a2c438edbf198ffa6a10f317e83d_roi_32.png,144_png.rf.a5a2a2c438edbf198ffa6a10f317e83d_roi_27.png,0.859950840473175,712.0709902587938,33.24242293594444,748.5045628955867,35.76229650139627,36.43357263679286,2.5198735654518316,36.43357263679286,2.5198735654518316
232_png.rf.a2128ada57e85a13e1f6e4fe587144ee_roi_7.png,232_png.rf.a2128ada57e85a13e1f6e4fe587144ee_roi_51.png,0.8596553206443787,765.5512771099902,36.21040380629975,776.3905202739599,39.18872904073779,10.839243163969627,2.9783252344380386,10.839243163969627,2.9783252344380386
102_png.rf.17ecda620c62893042cd19d261c2d15e_roi_48.png,102_png.rf.17ecda620c62893042cd19d261c2d15e_roi_3.png,0.8593035340309143,814.5007718354249,32.959335002008835,846.4349599769743,37.27327289828566,31.934188141549384,4.313937896276826,31.934188141549384,4.313937896276826
120_png.rf.4511382e2372fd66448504ae75698502_roi_36.png,120_png.rf.4511382e2372fd66448504ae75698502_roi_0.png,0.8591549396514893,753.1832325908128,35.40711818404657,778.4458167409912,39.072635160792544,25.262584150178327,3.6655169767459768,25.262584150178327,3.6655169767459768
227_png.rf.296b6ab312f6933dc130b671797b1a69_roi_27.png,227_png.rf.296b6ab312f6933dc130b671797b1a69_roi_18.png,0.8589193820953369,720.2574518417692,32.740890728690616,736.451478198647,34.55561235457671,16.19402635687777,1.8147216258860936,16.19402635687777,1.8147216258860936
138_png.rf.908dcbe578186eb4dceaf9330c729cfb_roi_20.png,138_png.rf.908dcbe578186eb4dceaf9330c729cfb_roi_2.png,0.857992947101593,912.9214629215544,40.09384092499023,924.3190439005436,42.67019635595904,11.397580978989254,2.5763554309688104,11.397580978989254,2.5763554309688104
120_png.rf.4511382e2372fd66448504ae75698502_roi_21.png,120_png.rf.4511382e2372fd66448504ae75698502_roi_6.png,0.8574821949005127,942.1713197678304,43.18722711569276,950.1878116792452,48.59850157894902,8.016491911414846,5.411274463256262,8.016491911414846,5.411274463256262
202_png.rf.1536fc8a88228bb8324ac1a09adf0d09_roi_24.png,202_png.rf.1536fc8a88228bb8324ac1a09adf0d09_roi_27.png,0.8569587469100952,368.6882375780577,20.21332086406226,379.3718146262506,22.15494581608338,10.683577048192944,1.9416249520211188,10.683577048192944,1.9416249520211188
145_png.rf.cb189c4b5913bc8fcb53703f1d06d8fa_roi_36.png,145_png.rf.cb189c4b5913bc8fcb53703f1d06d8fa_roi_15.png,0.8569468259811401,862.9895647339472,34.804114828775255,834.5464351677946,35.894363783849364,-28.443129566152606,1.0902489550741095,28.443129566152606,1.0902489550741095
95_png.rf.42f0772809f559cf65a74a06f90e2684_roi_40.png,95_png.rf.42f0772809f559cf65a74a06f90e2684_roi_10.png,0.8567242622375488,831.2494055150091,39.03755561067345,848.8598059848393,44.44990001962913,17.61040046983021,5.412344408955683,17.61040046983021,5.412344408955683
233_png.rf.2b58d11f6910e50a1a7c57dfb7968557_roi_31.png,233_png.rf.2b58d11f6910e50a1a7c57dfb7968557_roi_11.png,0.8567183613777161,811.9968125464436,40.80590604382833,785.0327538607713,36.95850740373379,-26.964058685672285,-3.8473986400945392,26.964058685672285,3.8473986400945392
120_png.rf.4511382e2372fd66448504ae75698502_roi_5.png,120_png.rf.4511382e2372fd66448504ae75698502_roi_36.png,0.8558400273323059,753.6834215900689,35.517439463845086,779.6597854289448,40.22234871527871,25.976363838875955,4.704909251433627,25.976363838875955,4.704909251433627
127_png.rf.f5998eff46ab9c23d70c90ea9d4ca09a_roi_41.png,127_png.rf.f5998eff46ab9c23d70c90ea9d4ca09a_roi_6.png,0.8554261922836304,762.7529543534517,33.18446420695796,786.3793833841147,37.52582129093802,23.626429030662962,4.341357083980057,23.626429030662962,4.341357083980057
101_png.rf.c4bf71f43d058b555a715c3e9695be8b_roi_18.png,101_png.rf.c4bf71f43d058b555a715c3e9695be8b_roi_42.png,0.8546651005744934,852.8133942448321,39.08567010047695,847.948302948583,42.87134245484759,-4.8650912962491475,3.7856723543706394,4.8650912962491475,3.7856723543706394
232_png.rf.a2128ada57e85a13e1f6e4fe587144ee_roi_36.png,232_png.rf.a2128ada57e85a13e1f6e4fe587144ee_roi_37.png,0.8545369505882263,728.5280271942269,30.39427228705648,733.9861089515751,29.367373020563885,5.458081757348282,-1.0268992664925953,5.458081757348282,1.0268992664925953
111_png.rf.8fe543cf12ca100b887933e93b334b92_roi_24.png,111_png.rf.8fe543cf12ca100b887933e93b334b92_roi_37.png,0.8529551029205322,595.8080163868385,38.31329772159626,587.5972327308701,35.60905872394159,-8.210783655968385,-2.70423899765467,8.210783655968385,2.70423899765467
79_png.rf.5ec9f077f4d5af0f3ab029d7283bba4e_roi_55.png,79_png.rf.5ec9f077f4d5af0f3ab029d7283bba4e_roi_55.png,0.8529411554336548,644.9304670594262,37.43804738469208,642.6848749907653,37.74532611234842,-2.245592068660926,0.307278727656346,2.245592068660926,0.307278727656346
101_png.rf.c4bf71f43d058b555a715c3e9695be8b_roi_45.png,101_png.rf.c4bf71f43d058b555a715c3e9695be8b_roi_34.png,0.8527583479881287,762.2890608429002,31.77375065536373,790.045379353506,35.687537834271204,27.75631851060575,3.913787178907473,27.75631851060575,3.913787178907473
226_png.rf.3dd9a667ea244e78747dc6de8261ffbf_roi_2.png,226_png.rf.3dd9a667ea244e78747dc6de8261ffbf_roi_24.png,0.8526409268379211,711.6127745270388,31.99232459869005,708.5164558987886,32.34188667978632,-3.096318628250174,0.34956208109626985,3.096318628250174,0.34956208109626985
120_png.rf.4511382e2372fd66448504ae75698502_roi_13.png,120_png.rf.4511382e2372fd66448504ae75698502_roi_13.png,0.8522607684135437,625.6377304529211,29.673760102518724,680.3223397680163,30.015454936863605,54.684609315095145,0.34169483434488157,54.684609315095145,0.34169483434488157
109_png.rf.c8dd17e858d1df0c04a8d6524de5fe76_roi_20.png,109_png.rf.c8dd17e858d1df0c04a8d6524de5fe76_roi_30.png,0.851230800151825,774.3276296813858,34.1212227987132,803.4775147111309,38.78555638345146,29.149885029745064,4.664333584738259,29.149885029745064,4.664333584738259
263_png.rf.97c0ded9ac82af60867b2c23dec561ec_roi_33.png,263_png.rf.97c0ded9ac82af60867b2c23dec561ec_roi_14.png,0.8509200811386108,896.464866301907,45.20620875979782,1009.853261965618,46.4583617471639,113.38839566371098,1.252152987366081,113.38839566371098,1.252152987366081
100_png.rf.93dbb301c4dc91fe8173d8a0a7f2dd5b_roi_24.png,100_png.rf.93dbb301c4dc91fe8173d8a0a7f2dd5b_roi_22.png,0.8502857089042664,636.3127221001928,29.912230424929227,630.9898770508659,28.73171786324551,-5.322845049326929,-1.1805125616837167,5.322845049326929,1.1805125616837167
227_png.rf.296b6ab312f6933dc130b671797b1a69_roi_58.png,227_png.rf.296b6ab312f6933dc130b671797b1a69_roi_47.png,0.8497908115386963,727.2187578894238,31.98797000846037,716.1792251236657,36.04531451350164,-11.039532765758167,4.057344505041268,11.039532765758167,4.057344505041268
202_png.rf.1536fc8a88228bb8324ac1a09adf0d09_roi_25.png,202_png.rf.1536fc8a88228bb8324ac1a09adf0d09_roi_26.png,0.8492646813392639,360.7134181487041,22.639528252126222,375.3954911668959,22.223888783278948,14.68207301819183,-0.41563946884727443,14.68207301819183,0.41563946884727443
263_png.rf.97c0ded9ac82af60867b2c23dec561ec_roi_23.png,263_png.rf.97c0ded9ac82af60867b2c23dec561ec_roi_49.png,0.849111020565033,984.6249908762704,41.67074088743991,988.4608720345934,44.80478500583105,3.835881158322991,3.134044118391138,3.835881158322991,3.134044118391138
127_png.rf.f5998eff46ab9c23d70c90ea9d4ca09a_roi_10.png,127_png.rf.f5998eff46ab9c23d70c90ea9d4ca09a_roi_55.png,0.8490071296691895,737.5306958524749,33.98114337703626,756.4961482185057,38.83208620095187,18.96545236603083,4.850942823915609,18.96545236603083,4.850942823915609
218_png.rf.7ccbe926dcb122920421f7672d8e6080_roi_10.png,218_png.rf.7ccbe926dcb122920421f7672d8e6080_roi_44.png,0.8486416339874268,364.9048085939001,20.59647974832356,370.1895104823719,22.553379097567785,5.284701888471773,1.9568993492442246,5.284701888471773,1.9568993492442246
243_png.rf.8c7fbde9cf1c100bd9391051c6f812ca_roi_55.png,243_png.rf.8c7fbde9cf1c100bd9391051c6f812ca_roi_37.png,0.847725510597229,774.5075144699651,32.40549946111583,770.5408503613803,36.20549192718234,-3.966664108584837,3.799992466066506,3.966664108584837,3.799992466066506
12_png.rf.49dc252058487427cd943ed38c5d8627_roi_1.png,12_png.rf.49dc252058487427cd943ed38c5d8627_roi_17.png,0.847142219543457,633.8510444298415,34.42591233234678,701.8526696614302,34.897452850615714,68.00162523158872,0.47154051826893095,68.00162523158872,0.47154051826893095
231_png.rf.f3e62932017a5371d12e33973c57f95b_roi_9.png,231_png.rf.f3e62932017a5371d12e33973c57f95b_roi_48.png,0.8466550707817078,672.7553364191604,31.960305399015425,708.1436899324385,35.68877227153414,35.38835351327816,3.728466872518716,35.38835351327816,3.728466872518716
227_png.rf.296b6ab312f6933dc130b671797b1a69_roi_59.png,227_png.rf.296b6ab312f6933dc130b671797b1a69_roi_59.png,0.8460394144058228,760.1887516294801,32.92120412150805,779.5384239340881,37.52793502392613,19.34967230460802,4.606730902418086,19.34967230460802,4.606730902418086
114_png.rf.82ce6f7cb0b6f79807e0efb6891ebbad_roi_41.png,114_png.rf.82ce6f7cb0b6f79807e0efb6891ebbad_roi_18.png,0.8459613919258118,745.2312492476707,40.95802146841323,737.2137141566616,38.50760500124295,-8.017535091009108,-2.450416467170278,8.017535091009108,2.450416467170278
146_png.rf.6ba5197b14cc019df1f46cda73230bd2_roi_25.png,146_png.rf.6ba5197b14cc019df1f46cda73230bd2_roi_24.png,0.8458904027938843,719.5817198984839,32.08603718642049,733.3198820437626,33.6730656101096,13.738162145278693,1.5870284236891123,13.738162145278693,1.5870284236891123
149_png.rf.4dfa00beb57e9649962221eb0b15f710_roi_6.png,149_png.rf.4dfa00beb57e9649962221eb0b15f710_roi_22.png,0.8454258441925049,706.0581791695574,35.74605962720988,756.5918219081939,36.679122344718365,50.533642738636445,0.9330627175084842,50.533642738636445,0.9330627175084842
5_png.rf.7e4dddd1d1d7055c901a3636e13f5793_roi_15.png,5_png.rf.7e4dddd1d1d7055c901a3636e13f5793_roi_3.png,0.8445556163787842,694.6878176916504,37.46886478967989,709.1236092993602,40.41504914899844,14.435791607709803,2.9461843593185506,14.435791607709803,2.9461843593185506
12_png.rf.49dc252058487427cd943ed38c5d8627_roi_10.png,12_png.rf.49dc252058487427cd943ed38c5d8627_roi_13.png,0.8436445593833923,559.0307803759757,30.375164359545643,582.8115823359512,33.097551230734545,23.78080195997552,2.7223868711889025,23.78080195997552,2.7223868711889025
129_png.rf.61b7c9fa0db10241e1b256d4f4a66143_roi_18.png,129_png.rf.61b7c9fa0db10241e1b256d4f4a66143_roi_5.png,0.839767336845398,572.4000402009216,30.958943649953994,570.3075088052562,36.1654707909178,-2.0925313956653326,5.206527140963807,2.0925313956653326,5.206527140963807
113_png.rf.e3028a1dab303081c21db80950b8398c_roi_12.png,113_png.rf.e3028a1dab303081c21db80950b8398c_roi_38.png,0.8396046161651611,804.4011694883914,42.23813733188904,804.1986612713806,39.42690482870935,-0.20250821701074528,-2.8112325031796956,0.20250821701074528,2.8112325031796956
241_png.rf.284efb813a510d2e8012ce8856789030_roi_10.png,241_png.rf.284efb813a510d2e8012ce8856789030_roi_60.png,0.8363396525382996,734.8787354707154,30.170314547750245,725.4484579783187,33.13179010086279,-9.430277492396613,2.9614755531125425,9.430277492396613,2.9614755531125425
239_png.rf.4ed938c80d208d81f455a7bd2caf1cca_roi_19.png,239_png.rf.4ed938c80d208d81f455a7bd2caf1cca_roi_41.png,0.8362248539924622,778.665214792403,39.677921183080485,739.9035903826093,38.91123266565417,-38.76162440979374,-0.7666885174263172,38.76162440979374,0.7666885174263172
231_png.rf.f3e62932017a5371d12e33973c57f95b_roi_13.png,231_png.rf.f3e62932017a5371d12e33973c57f95b_roi_73.png,0.8354639410972595,767.1465201308373,33.09881411496859,774.4855807714416,32.46195920056095,7.339060640604316,-0.6368549144076425,7.339060640604316,0.6368549144076425
227_png.rf.296b6ab312f6933dc130b671797b1a69_roi_34.png,227_png.rf.296b6ab312f6933dc130b671797b1a69_roi_61.png,0.8316583037376404,721.5680676515133,31.08987145356984,725.4910487064749,36.10115396297513,3.9229810549616104,5.011282509405291,3.9229810549616104,5.011282509405291
227_png.rf.296b6ab312f6933dc130b671797b1a69_roi_49.png,227_png.rf.296b6ab312f6933dc130b671797b1a69_roi_46.png,0.831539511680603,708.0694963929992,30.65807682418447,706.634491080815,32.288539531893974,-1.4350053121842166,1.6304627077095049,1.4350053121842166,1.6304627077095049
215_png.rf.f99bdc6b0472591837e886729971ba19_roi_3.png,215_png.rf.f99bdc6b0472591837e886729971ba19_roi_11.png,0.8308189511299133,451.5585911925201,19.3348401995189,445.100196052676,22.40392122114033,-6.458395139844129,3.069081021621429,6.458395139844129,3.069081021621429
264_png.rf.f8da8bde90d3daadf33eaf8fc654bb43_roi_47.png,264_png.rf.f8da8bde90d3daadf33eaf8fc654bb43_roi_50.png,0.8302277326583862,413.08468392037366,25.31595472673683,353.0410079009296,26.1948792482307,-60.043676019444035,0.8789245214938681,60.043676019444035,0.8789245214938681
257_png.rf.d0e9b62c92e89f70b1ab6feac50e3c89_roi_15.png,257_png.rf.d0e9b62c92e89f70b1ab6feac50e3c89_roi_27.png,0.8289284706115723,945.5956069620736,51.73579357573202,1106.8565020628057,44.67347945094839,161.2608951007321,-7.062314124783626,161.2608951007321,7.062314124783626
263_png.rf.97c0ded9ac82af60867b2c23dec561ec_roi_48.png,263_png.rf.97c0ded9ac82af60867b2c23dec561ec_roi_60.png,0.8284680843353271,945.6187434983718,44.142952718730086,887.3842701763949,44.85765017229275,-58.23447332197691,0.714697453562664,58.23447332197691,0.714697453562664
218_png.rf.7ccbe926dcb122920421f7672d8e6080_roi_11.png,218_png.rf.7ccbe926dcb122920421f7672d8e6080_roi_27.png,0.8274285793304443,420.4751433157848,21.986010176884488,412.7124488085937,21.353984049986675,-7.7626945071910995,-0.6320261268978129,7.7626945071910995,0.6320261268978129
237_png.rf.8ad467db9f17529916aeaeca083f306e_roi_28.png,237_png.rf.8ad467db9f17529916aeaeca083f306e_roi_42.png,0.8266435861587524,788.8573644261407,34.09553565264994,783.0028317067756,40.47160444959645,-5.854532719365125,6.376068796946505,5.854532719365125,6.376068796946505
230_png.rf.9c37ef11d073f07a9d9b8aed22734e6a_roi_44.png,230_png.rf.9c37ef11d073f07a9d9b8aed22734e6a_roi_46.png,0.8266331553459167,786.1987721595475,32.83880422921865,813.9651186291768,39.30309562103052,27.766346469629298,6.464291391811869,27.766346469629298,6.464291391811869
229_png.rf.0a8a9bb02d7daec0c27ae2c90fa82242_roi_1.png,229_png.rf.0a8a9bb02d7daec0c27ae2c90fa82242_roi_8.png,0.8260372877120972,761.5324061587968,36.233486447630845,763.9177349474869,34.940420681679925,2.385328788690117,-1.2930657659509208,2.385328788690117,1.2930657659509208
31_png.rf.8c44aa894a4794a3b8219900d8410790_roi_15.png,31_png.rf.8c44aa894a4794a3b8219900d8410790_roi_16.png,0.8258636593818665,663.3908744751776,31.969807457504096,675.878071535359,33.38797982253603,12.487197060181416,1.4181723650319356,12.487197060181416,1.4181723650319356
24_png.rf.50b47caa78e1b88c004d45f806f8a3d5_roi_6.png,24_png.rf.50b47caa78e1b88c004d45f806f8a3d5_roi_17.png,0.824918270111084,782.0920000662653,33.05666798954725,758.0085263792331,39.22592857849759,-24.08347368703221,6.169260588950337,24.08347368703221,6.169260588950337
22_png.rf.c50cb0ca2a50371b33f002d2131b8c8d_roi_10.png,22_png.rf.c50cb0ca2a50371b33f002d2131b8c8d_roi_11.png,0.824455201625824,545.0764823668907,28.969136968068785,585.6713541927223,31.60907496613647,40.59487182583166,2.6399379980676834,40.59487182583166,2.6399379980676834
239_png.rf.4ed938c80d208d81f455a7bd2caf1cca_roi_35.png,239_png.rf.4ed938c80d208d81f455a7bd2caf1cca_roi_7.png,0.824264407157898,744.0277066905733,33.73115164711827,756.6225357434097,34.66440347503992,12.594829052836417,0.9332518279216515,12.594829052836417,0.9332518279216515
99_png.rf.2f98932bb0145b858dd8d04d300acba8_roi_23.png,99_png.rf.2f98932bb0145b858dd8d04d300acba8_roi_21.png,0.8242009282112122,833.2362502495607,39.36298106700295,834.8109143830314,36.61574224297024,1.5746641334707192,-2.7472388240327064,1.5746641334707192,2.7472388240327064
96_png.rf.5e3968fff8f9f8fdab30c8f999334f6f_roi_20.png,96_png.rf.5e3968fff8f9f8fdab30c8f999334f6f_roi_7.png,0.8238685727119446,918.8491126245508,35.944197310091546,904.2078652407664,42.93805540705609,-14.641247383784389,6.993858096964544,14.641247383784389,6.993858096964544
22_png.rf.c50cb0ca2a50371b33f002d2131b8c8d_roi_9.png,22_png.rf.c50cb0ca2a50371b33f002d2131b8c8d_roi_6.png,0.8227611780166626,565.0344776954344,27.029053964546662,577.7735822166838,31.163582715572684,12.739104521249487,4.134528751026021,12.739104521249487,4.134528751026021
230_png.rf.9c37ef11d073f07a9d9b8aed22734e6a_roi_43.png,230_png.rf.9c37ef11d073f07a9d9b8aed22734e6a_roi_19.png,0.8226804137229919,715.4569143735927,30.89575181210497,749.337841684526,35.76930769868535,33.880927310933316,4.873555886580384,33.880927310933316,4.873555886580384
237_png.rf.8ad467db9f17529916aeaeca083f306e_roi_54.png,237_png.rf.8ad467db9f17529916aeaeca083f306e_roi_60.png,0.8219696879386902,721.2148460126346,28.12419126025125,715.338773096215,32.565346701779816,-5.876072916419503,4.441155441528565,5.876072916419503,4.441155441528565
146_png.rf.6ba5197b14cc019df1f46cda73230bd2_roi_24.png,146_png.rf.6ba5197b14cc019df1f46cda73230bd2_roi_15.png,0.8210989236831665,724.7686699956913,28.76060268504801,738.7237032923692,33.53478735280076,13.955033296677925,4.774184667752753,13.955033296677925,4.774184667752753
255_png.rf.de47ae0ea94061f8b83dcd6f7f61b6d8_roi_24.png,255_png.rf.de47ae0ea94061f8b83dcd6f7f61b6d8_roi_40.png,0.8195488452911377,877.4881163809723,52.55699392190133,904.885817748956,55.26123164225077,27.3977013679837,2.7042377203494397,27.3977013679837,2.7042377203494397
127_png.rf.f5998eff46ab9c23d70c90ea9d4ca09a_roi_12.png,127_png.rf.f5998eff46ab9c23d70c90ea9d4ca09a_roi_42.png,0.8129978775978088,680.4456631888863,31.38745434515716,684.8867633527941,37.92771093119228,4.441100163907777,6.54025658603512,4.441100163907777,6.54025658603512
231_png.rf.f3e62932017a5371d12e33973c57f95b_roi_23.png,231_png.rf.f3e62932017a5371d12e33973c57f95b_roi_68.png,0.8117271661758423,759.9957746693816,34.012546647589225,765.5652159982772,33.7207688665481,5.56944132889555,-0.2917777810411266,5.56944132889555,0.2917777810411266
241_png.rf.284efb813a510d2e8012ce8856789030_roi_34.png,241_png.rf.284efb813a510d2e8012ce8856789030_roi_34.png,0.8102521896362305,770.7199306353045,29.055663962062564,785.7051528231071,32.72614143849935,14.985222187802606,3.6704774764367833,14.985222187802606,3.6704774764367833
227_png.rf.296b6ab312f6933dc130b671797b1a69_roi_48.png,227_png.rf.296b6ab312f6933dc130b671797b1a69_roi_0.png,0.8098006844520569,735.6646035507239,30.89558525417146,780.6435635031831,33.60370125002521,44.97895995245926,2.708115995853749,44.97895995245926,2.708115995853749
62_png.rf.beb309695495d75acd96567a6b6510bc_roi_1.png,62_png.rf.beb309695495d75acd96567a6b6510bc_roi_33.png,0.8077154755592346,559.6264172045223,26.62084732438298,597.2134312981188,30.437508601893803,37.58701409359651,3.816661277510825,37.58701409359651,3.816661277510825
62_png.rf.beb309695495d75acd96567a6b6510bc_roi_0.png,62_png.rf.beb309695495d75acd96567a6b6510bc_roi_22.png,0.8065994381904602,654.8802533470624,29.977574558609337,675.3803310545882,35.309476473682274,20.500077707525747,5.331901915072937,20.500077707525747,5.331901915072937
231_png.rf.f3e62932017a5371d12e33973c57f95b_roi_18.png,231_png.rf.f3e62932017a5371d12e33973c57f95b_roi_46.png,0.8057956099510193,637.9750669097587,28.582679281286325,661.7641643527027,31.695356793326862,23.789097442944012,3.1126775120405377,23.789097442944012,3.1126775120405377
227_png.rf.296b6ab312f6933dc130b671797b1a69_roi_28.png,227_png.rf.296b6ab312f6933dc130b671797b1a69_roi_39.png,0.8038942813873291,719.705286799615,28.257719265098395,639.5592614705819,35.27841003333933,-80.14602532903314,7.020690768240932,80.14602532903314,7.020690768240932
229_png.rf.0a8a9bb02d7daec0c27ae2c90fa82242_roi_0.png,229_png.rf.0a8a9bb02d7daec0c27ae2c90fa82242_roi_26.png,0.8033261299133301,775.8243918040021,34.89346562835529,807.4495587264835,35.79613804684333,31.625166922481412,0.902672418488045,31.625166922481412,0.902672418488045
203_png.rf.266e32473f7481847a72330557f1e873_roi_48.png,203_png.rf.266e32473f7481847a72330557f1e873_roi_41.png,0.8030726313591003,335.701130797792,19.762308345780227,369.2616786326311,21.142417783490163,33.5605478348391,1.3801094377099368,33.5605478348391,1.3801094377099368
215_png.rf.f99bdc6b0472591837e886729971ba19_roi_5.png,215_png.rf.f99bdc6b0472591837e886729971ba19_roi_42.png,0.8023887276649475,429.42359746781193,19.294040959924907,464.7432215699533,21.96568192943266,35.31962410214135,2.6716409695077523,35.31962410214135,2.6716409695077523
209_png.rf.dd87f1ca3b14389f4c040ad6ff084cbe_roi_34.png,209_png.rf.dd87f1ca3b14389f4c040ad6ff084cbe_roi_38.png,0.7989886403083801,366.9180713516209,18.840931812298106,382.56481755861785,22.943047435189275,15.646746206996966,4.102115622891169,15.646746206996966,4.102115622891169
239_png.rf.4ed938c80d208d81f455a7bd2caf1cca_roi_36.png,239_png.rf.4ed938c80d208d81f455a7bd2caf1cca_roi_61.png,0.7985418438911438,741.9627639829598,36.37095689830519,760.4690410247299,37.59806311070811,18.50627704177009,1.2271062124029228,18.50627704177009,1.2271062124029228
29_png.rf.c9fc855c2b62bc01a20e4d97ef0495e0_roi_12.png,29_png.rf.c9fc855c2b62bc01a20e4d97ef0495e0_roi_13.png,0.7965172529220581,806.2864827416124,35.81261631239158,787.9983172442971,41.261948129023054,-18.288165497315276,5.449331816631471,18.288165497315276,5.449331816631471
227_png.rf.296b6ab312f6933dc130b671797b1a69_roi_18.png,227_png.rf.296b6ab312f6933dc130b671797b1a69_roi_51.png,0.7964997887611389,743.3237864113355,31.15128698421582,759.0132002623425,35.583303101734536,15.689413851006975,4.432016117518717,15.689413851006975,4.432016117518717
5_png.rf.7e4dddd1d1d7055c901a3636e13f5793_roi_14.png,5_png.rf.7e4dddd1d1d7055c901a3636e13f5793_roi_17.png,0.7932692170143127,553.1848142932424,30.50283943183049,594.2642058843825,33.886836106573384,41.07939159114005,3.3839966747428925,41.07939159114005,3.3839966747428925
233_png.rf.2b58d11f6910e50a1a7c57dfb7968557_roi_33.png,233_png.rf.2b58d11f6910e50a1a7c57dfb7968557_roi_22.png,0.7910714149475098,764.4243739188606,33.15969623850485,774.0937344116107,38.73725413839,9.669360492750116,5.57755789988515,9.669360492750116,5.57755789988515
237_png.rf.8ad467db9f17529916aeaeca083f306e_roi_53.png,237_png.rf.8ad467db9f17529916aeaeca083f306e_roi_33.png,0.7909181714057922,665.0174765816913,28.060801123525334,673.2049283783889,32.447727424619934,8.187451796697587,4.386926301094601,8.187451796697587,4.386926301094601
14_png.rf.c25a6dade4d855368be01104eaa5b4d8_roi_6.png,14_png.rf.c25a6dade4d855368be01104eaa5b4d8_roi_20.png,0.7908787727355957,752.5035989737066,38.06427473190889,770.3088739354956,33.265525683183256,17.805274961788996,-4.798749048725632,17.805274961788996,4.798749048725632
229_png.rf.0a8a9bb02d7daec0c27ae2c90fa82242_roi_2.png,229_png.rf.0a8a9bb02d7daec0c27ae2c90fa82242_roi_39.png,0.7893284559249878,656.3495954037907,33.34902167239542,700.4651893125425,33.14914805525963,44.11559390875186,-0.19987361713579332,44.11559390875186,0.19987361713579332
255_png.rf.de47ae0ea94061f8b83dcd6f7f61b6d8_roi_21.png,255_png.rf.de47ae0ea94061f8b83dcd6f7f61b6d8_roi_35.png,0.7881075739860535,1134.5833718515105,50.66004021957905,1147.4119483543827,64.36449278935926,12.828576502872238,13.704452569780209,12.828576502872238,13.704452569780209
231_png.rf.f3e62932017a5371d12e33973c57f95b_roi_44.png,231_png.rf.f3e62932017a5371d12e33973c57f95b_roi_55.png,0.7861635088920593,727.2579254732196,33.79188840472588,740.3061287350014,39.027704834493775,13.048203261781737,5.235816429767894,13.048203261781737,5.235816429767894
127_png.rf.f5998eff46ab9c23d70c90ea9d4ca09a_roi_27.png,127_png.rf.f5998eff46ab9c23d70c90ea9d4ca09a_roi_47.png,0.7780832648277283,718.8384837461575,31.022577982556957,735.6324796123073,37.43078786018204,16.79399586614977,6.408209877625087,16.79399586614977,6.408209877625087
145_png.rf.cb189c4b5913bc8fcb53703f1d06d8fa_roi_8.png,145_png.rf.cb189c4b5913bc8fcb53703f1d06d8fa_roi_36.png,0.7742551565170288,710.2189830712009,31.842866762210043,747.8222119001708,37.68917412019064,37.60322882896992,5.846307357980599,37.60322882896992,5.846307357980599
231_png.rf.f3e62932017a5371d12e33973c57f95b_roi_11.png,231_png.rf.f3e62932017a5371d12e33973c57f95b_roi_67.png,0.767760694026947,759.0405493028559,32.69328200435029,772.3759316116198,34.7959844063671,13.335382308763883,2.10270240201681,13.335382308763883,2.10270240201681
231_png.rf.f3e62932017a5371d12e33973c57f95b_roi_24.png,231_png.rf.f3e62932017a5371d12e33973c57f95b_roi_69.png,0.7643149495124817,644.6574356986168,27.98854247393369,679.0896685261561,31.06929517430469,34.432232827539224,3.080752700370997,34.432232827539224,3.080752700370997
109_png.rf.c8dd17e858d1df0c04a8d6524de5fe76_roi_45.png,109_png.rf.c8dd17e858d1df0c04a8d6524de5fe76_roi_40.png,0.7575300931930542,735.7466843385694,31.107501048360607,775.5798100048808,38.00873205988141,39.83312566631139,6.901231011520803,39.83312566631139,6.901231011520803
259_png.rf.87675763f1552916772a6119f6ff6c71_roi_2.png,259_png.rf.87675763f1552916772a6119f6ff6c71_roi_2.png,0.7484415769577026,1158.6928069977234,44.6154183329114,944.0930738247137,47.1827779790008,-214.59973317300978,2.5673596460893933,214.59973317300978,2.5673596460893933
