human_file,computer_file,iou,length_um_human,width_um_human,length_um_computer,width_um_computer,length_diff_um,width_diff_um,abs_length_diff_um,abs_width_diff_um
11_png.rf.06e04b9b157f1751a682bb1ea3aaf986_roi_10.png,11_png.rf.06e04b9b157f1751a682bb1ea3aaf986_roi_2.png,0.9278533458709717,546.1098704489484,33.240298930792065,557.1983327512991,31.999881742012164,11.08846230235065,-1.240417188779901,11.08846230235065,1.240417188779901
203_png.rf.266e32473f7481847a72330557f1e873_roi_16.png,203_png.rf.266e32473f7481847a72330557f1e873_roi_46.png,0.9237770438194275,427.6953982959808,21.34564614003559,428.7334599984344,22.084662619507423,1.0380617024536036,0.7390164794718324,1.0380617024536036,0.7390164794718324
55_png.rf.5513469446ec6f819ff77d98dcf354ec_roi_9.png,55_png.rf.5513469446ec6f819ff77d98dcf354ec_roi_0.png,0.9234234094619751,546.216931725352,31.238038866454893,542.6509518512132,29.602548734789845,-3.5659798741387476,-1.6354901316650476,3.5659798741387476,1.6354901316650476
19_png.rf.aabc4ba10a41d7686e6d12be86adbf62_roi_10.png,19_png.rf.aabc4ba10a41d7686e6d12be86adbf62_roi_21.png,0.9223697781562805,412.02446592849833,24.42174835305922,448.0323649296088,23.9744374932274,36.007899001110445,-0.44731085983181984,36.007899001110445,0.44731085983181984
201_png.rf.53f96182d413a6232eeb003ff97e9a2b_roi_9.png,201_png.rf.53f96182d413a6232eeb003ff97e9a2b_roi_12.png,0.920918345451355,345.9402789433313,23.89105606892149,376.4059449761021,22.093161607877107,30.465666032770798,-1.7978944610443826,30.465666032770798,1.7978944610443826
201_png.rf.53f96182d413a6232eeb003ff97e9a2b_roi_16.png,201_png.rf.53f96182d413a6232eeb003ff97e9a2b_roi_4.png,0.9204244017601013,353.2358504878484,22.51371965900503,373.91947212582215,21.972758752291902,20.683621637973772,-0.5409609067131278,20.683621637973772,0.5409609067131278
201_png.rf.53f96182d413a6232eeb003ff97e9a2b_roi_3.png,201_png.rf.53f96182d413a6232eeb003ff97e9a2b_roi_52.png,0.9170854091644287,373.31172761178766,21.88708931885924,394.8734675825624,22.04101927465056,21.561739970774738,0.15392995579131963,21.561739970774738,0.15392995579131963
201_png.rf.53f96182d413a6232eeb003ff97e9a2b_roi_12.png,201_png.rf.53f96182d413a6232eeb003ff97e9a2b_roi_37.png,0.9147928953170776,400.72413497829,22.382882394896694,397.9530930242328,22.75671328983559,-2.771041954057182,0.373830894938898,2.771041954057182,0.373830894938898
201_png.rf.53f96182d413a6232eeb003ff97e9a2b_roi_8.png,201_png.rf.53f96182d413a6232eeb003ff97e9a2b_roi_32.png,0.9140211343765259,336.4438096537272,22.86445310185763,359.98901312997896,22.7900627088231,23.545203476251743,-0.07439039303453043,23.545203476251743,0.07439039303453043
201_png.rf.53f96182d413a6232eeb003ff97e9a2b_roi_11.png,201_png.rf.53f96182d413a6232eeb003ff97e9a2b_roi_10.png,0.9108635187149048,346.59200041500566,21.34534922764716,363.8212906563252,21.34843703512092,17.229290241319518,0.0030878074737614725,17.229290241319518,0.0030878074737614725
201_png.rf.53f96182d413a6232eeb003ff97e9a2b_roi_44.png,201_png.rf.53f96182d413a6232eeb003ff97e9a2b_roi_42.png,0.9102730751037598,356.32376484681475,21.76260872529669,392.8020107783745,20.85031415832872,36.47824593155974,-0.9122945669679687,36.47824593155974,0.9122945669679687
201_png.rf.53f96182d413a6232eeb003ff97e9a2b_roi_28.png,201_png.rf.53f96182d413a6232eeb003ff97e9a2b_roi_33.png,0.9095801711082458,433.5600486219902,22.41735768965114,420.8176243594075,23.565553779961224,-12.742424262582688,1.1481960903100834,12.742424262582688,1.1481960903100834
201_png.rf.53f96182d413a6232eeb003ff97e9a2b_roi_43.png,201_png.rf.53f96182d413a6232eeb003ff97e9a2b_roi_1.png,0.9066666960716248,346.1703158411245,22.640616683534365,359.55537845732863,22.12752138886216,13.385062616204152,-0.5130952946722047,13.385062616204152,0.5130952946722047
199_png.rf.91f963b3f081107d35cb64c236444492_roi_19.png,199_png.rf.91f963b3f081107d35cb64c236444492_roi_26.png,0.9064587950706482,265.42476447357905,17.343344634068732,264.8997744269353,18.012266396932983,-0.5249900466437225,0.668921762864251,0.5249900466437225,0.668921762864251
201_png.rf.53f96182d413a6232eeb003ff97e9a2b_roi_42.png,201_png.rf.53f96182d413a6232eeb003ff97e9a2b_roi_2.png,0.9063360691070557,327.08960855499856,22.92088553756079,358.8087580950774,21.682536781988844,31.71914954007883,-1.2383487555719448,31.71914954007883,1.2383487555719448
201_png.rf.53f96182d413a6232eeb003ff97e9a2b_roi_4.png,201_png.rf.53f96182d413a6232eeb003ff97e9a2b_roi_16.png,0.9058064222335815,351.0272652606482,22.874337049966144,373.6785499559792,22.49114191463276,22.651284695330958,-0.38319513533338423,22.651284695330958,0.38319513533338423
203_png.rf.266e32473f7481847a72330557f1e873_roi_39.png,203_png.rf.266e32473f7481847a72330557f1e873_roi_31.png,0.905637264251709,409.1787508019809,20.48397825499696,421.4855439183163,21.09754804649088,12.30679311633537,0.6135697914939193,12.30679311633537,0.6135697914939193
198_png.rf.a6082f69ebed660a347004da9c6eb345_roi_30.png,198_png.rf.a6082f69ebed660a347004da9c6eb345_roi_47.png,0.9050925970077515,258.1713829790874,17.44368183069795,272.0531535006583,16.853892546231354,13.8817705215709,-0.5897892844665975,13.8817705215709,0.5897892844665975
57_png.rf.8f487a26af5047f2a1caf0288f3e993b_roi_20.png,57_png.rf.8f487a26af5047f2a1caf0288f3e993b_roi_14.png,0.9049180150032043,427.6347522644332,22.993664438748677,438.5340680044751,21.93837383289231,10.899315740041914,-1.0552906058563671,10.899315740041914,1.0552906058563671
184_png.rf.6bd8662453fe84e9059d3c422101ce05_roi_0.png,184_png.rf.6bd8662453fe84e9059d3c422101ce05_roi_0.png,0.9044444561004639,273.2736913935735,17.773398219660162,280.2519905551123,16.676870728197308,6.978299161538814,-1.0965274914628544,6.978299161538814,1.0965274914628544
73_png.rf.102c3065fbe3531b895ddda5312fae46_roi_11.png,73_png.rf.102c3065fbe3531b895ddda5312fae46_roi_2.png,0.9041768908500671,227.9121169171209,18.037252660305896,253.6989411219508,17.18457210761459,25.786824204829912,-0.8526805526913073,25.786824204829912,0.8526805526913073
198_png.rf.a6082f69ebed660a347004da9c6eb345_roi_27.png,198_png.rf.a6082f69ebed660a347004da9c6eb345_roi_2.png,0.9040816426277161,301.0338526784644,16.796874819583564,295.8429804847238,17.444701940257787,-5.190872193740631,0.6478271206742221,5.190872193740631,0.6478271206742221
201_png.rf.53f96182d413a6232eeb003ff97e9a2b_roi_38.png,201_png.rf.53f96182d413a6232eeb003ff97e9a2b_roi_18.png,0.9020501375198364,404.0098668362181,22.02009286969518,421.16111171990514,22.87743964735856,17.151244883687013,0.8573467776633805,17.151244883687013,0.8573467776633805
201_png.rf.53f96182d413a6232eeb003ff97e9a2b_roi_31.png,201_png.rf.53f96182d413a6232eeb003ff97e9a2b_roi_47.png,0.9010152220726013,357.0533245520454,22.68361165754761,388.010159637796,21.94855660349746,30.956835085750583,-0.7350550540501466,30.956835085750583,0.7350550540501466
201_png.rf.53f96182d413a6232eeb003ff97e9a2b_roi_45.png,201_png.rf.53f96182d413a6232eeb003ff97e9a2b_roi_3.png,0.9008746147155762,430.0863107193615,24.36690083565368,457.8075760129726,23.95365449320891,27.72126529361111,-0.4132463424447721,27.72126529361111,0.4132463424447721
201_png.rf.53f96182d413a6232eeb003ff97e9a2b_roi_34.png,201_png.rf.53f96182d413a6232eeb003ff97e9a2b_roi_20.png,0.9007833003997803,366.4633966665817,20.882963532058515,385.2328734469775,21.83939361334522,18.76947678039585,0.9564300812867046,18.76947678039585,0.9564300812867046
201_png.rf.53f96182d413a6232eeb003ff97e9a2b_roi_2.png,201_png.rf.53f96182d413a6232eeb003ff97e9a2b_roi_13.png,0.8994975090026855,405.7677203254226,24.569990858995634,422.067280257916,25.45568104688926,16.299559932493423,0.8856901878936263,16.299559932493423,0.8856901878936263
201_png.rf.53f96182d413a6232eeb003ff97e9a2b_roi_14.png,201_png.rf.53f96182d413a6232eeb003ff97e9a2b_roi_40.png,0.8993630409240723,365.1399594360004,22.32717941834676,376.2328998190556,21.855682365852875,11.09294038305518,-0.4714970524938842,11.09294038305518,0.4714970524938842
182_png.rf.0967c37c759a9b53ffd884e7e4c9177f_roi_33.png,182_png.rf.0967c37c759a9b53ffd884e7e4c9177f_roi_39.png,0.8992248177528381,292.8555240027393,19.05880283184624,287.37513033992406,18.245592376160783,-5.480393662815231,-0.8132104556854571,5.480393662815231,0.8132104556854571
182_png.rf.0967c37c759a9b53ffd884e7e4c9177f_roi_24.png,182_png.rf.0967c37c759a9b53ffd884e7e4c9177f_roi_6.png,0.8988505601882935,270.41570648562964,17.059088284766904,270.14081736135574,16.782645989082447,-0.2748891242738978,-0.27644229568445766,0.2748891242738978,0.27644229568445766
1_png.rf.c0e062ec642b92c3ed761ccf598a7ddd_roi_8.png,1_png.rf.c0e062ec642b92c3ed761ccf598a7ddd_roi_8.png,0.8982725739479065,288.82961949464084,18.69188482469833,297.12140344141017,18.790436985038728,8.291783946769328,0.09855216034039671,8.291783946769328,0.09855216034039671
191_png.rf.ccd508b1558233d55518d246170124b6_roi_30.png,191_png.rf.ccd508b1558233d55518d246170124b6_roi_0.png,0.8961625099182129,271.4370164238694,17.31688966829784,274.79879867529723,16.786195621417672,3.361782251427826,-0.5306940468801677,3.361782251427826,0.5306940468801677
178_png.rf.7a28cebaafb63c780225bdc40509ff93_roi_19.png,178_png.rf.7a28cebaafb63c780225bdc40509ff93_roi_14.png,0.8957346081733704,265.20809351343087,16.84593826068082,267.29528531838525,15.97562362980687,2.0871918049543865,-0.8703146308739509,2.0871918049543865,0.8703146308739509
63_png.rf.1b23e63a8895068458c0232cd4607ada_roi_9.png,63_png.rf.1b23e63a8895068458c0232cd4607ada_roi_17.png,0.8953108191490173,417.3034104599839,22.172346699019982,423.536895964062,23.764397339153504,6.233485504078089,1.5920506401335217,6.233485504078089,1.5920506401335217
201_png.rf.53f96182d413a6232eeb003ff97e9a2b_roi_29.png,201_png.rf.53f96182d413a6232eeb003ff97e9a2b_roi_48.png,0.895261824131012,382.16477262671145,21.599631889213725,386.268303740991,22.09122134797751,4.103531114279519,0.4915894587637837,4.103531114279519,0.4915894587637837
55_png.rf.5513469446ec6f819ff77d98dcf354ec_roi_11.png,55_png.rf.5513469446ec6f819ff77d98dcf354ec_roi_6.png,0.8951708078384399,345.82868818520126,25.54604164769043,375.4447533521768,23.825397925502863,29.616065166975545,-1.7206437221875674,29.616065166975545,1.7206437221875674
90_png.rf.69bdac2f8992d8d3ebf3226c61ad2bd5_roi_19.png,90_png.rf.69bdac2f8992d8d3ebf3226c61ad2bd5_roi_30.png,0.8944281339645386,348.00214153520807,20.293152091075747,352.8702807411238,20.2935601835583,4.868139205915725,0.0004080924825515808,4.868139205915725,0.0004080924825515808
201_png.rf.53f96182d413a6232eeb003ff97e9a2b_roi_26.png,201_png.rf.53f96182d413a6232eeb003ff97e9a2b_roi_24.png,0.8943355083465576,432.3761521870782,21.43241288100544,440.9529182701603,22.664697919851005,8.576766083082077,1.2322850388455642,8.576766083082077,1.2322850388455642
103_png.rf.b9743a889c7194da0b8dce5c5b632bbc_roi_52.png,103_png.rf.b9743a889c7194da0b8dce5c5b632bbc_roi_49.png,0.8940171003341675,321.9837659950443,18.216203328672904,324.30333123923447,19.31032921570179,2.319565244190187,1.0941258870288841,2.319565244190187,1.0941258870288841
179_png.rf.c0591f9cd7f1fcb237fa1b02dda68f3d_roi_48.png,179_png.rf.c0591f9cd7f1fcb237fa1b02dda68f3d_roi_27.png,0.8937644362449646,261.81168552950714,16.94618740946551,268.4433903974973,17.36706820553292,6.631704867990152,0.42088079606741147,6.631704867990152,0.42088079606741147
199_png.rf.91f963b3f081107d35cb64c236444492_roi_23.png,199_png.rf.91f963b3f081107d35cb64c236444492_roi_22.png,0.8923444747924805,271.2192357901305,15.7777467999547,267.9240571540922,16.612235920702304,-3.2951786360382584,0.8344891207476035,3.2951786360382584,0.8344891207476035
85_png.rf.75439e009b13787c8bd637122941d6c9_roi_36.png,85_png.rf.75439e009b13787c8bd637122941d6c9_roi_37.png,0.8909574747085571,203.2024417067372,19.35906856487553,209.6307543770621,18.131153973922597,6.428312670324885,-1.2279145909529312,6.428312670324885,1.2279145909529312
73_png.rf.102c3065fbe3531b895ddda5312fae46_roi_2.png,73_png.rf.102c3065fbe3531b895ddda5312fae46_roi_6.png,0.8908450603485107,178.20077290177582,16.176220806562696,182.4492896570028,16.6449979111249,4.248516755226973,0.46877710456220356,4.248516755226973,0.46877710456220356
201_png.rf.53f96182d413a6232eeb003ff97e9a2b_roi_17.png,201_png.rf.53f96182d413a6232eeb003ff97e9a2b_roi_26.png,0.8897637724876404,359.48765815530965,22.59105730777849,358.1710423725873,21.63811437042145,-1.3166157827223515,-0.9529429373570402,1.3166157827223515,0.9529429373570402
15_png.rf.b5104b9c207ec5a13eb374db463ccad9_roi_15.png,15_png.rf.b5104b9c207ec5a13eb374db463ccad9_roi_17.png,0.8894575238227844,403.0497377095538,24.05655795437703,424.3195911876648,25.28403570834243,21.269853478110974,1.227477753965399,21.269853478110974,1.227477753965399
198_png.rf.a6082f69ebed660a347004da9c6eb345_roi_17.png,198_png.rf.a6082f69ebed660a347004da9c6eb345_roi_4.png,0.8883495330810547,258.24077881143575,16.57365873811947,272.269081515099,15.892920568632556,14.028302703663257,-0.6807381694869132,14.028302703663257,0.6807381694869132
201_png.rf.53f96182d413a6232eeb003ff97e9a2b_roi_15.png,201_png.rf.53f96182d413a6232eeb003ff97e9a2b_roi_25.png,0.8874514698982239,358.8661825938389,22.801241652124112,360.5376797390522,21.57548277550484,1.6714971452132659,-1.2257588766192704,1.6714971452132659,1.2257588766192704
201_png.rf.53f96182d413a6232eeb003ff97e9a2b_roi_23.png,201_png.rf.53f96182d413a6232eeb003ff97e9a2b_roi_29.png,0.8873038291931152,363.85093918779336,19.11627497951925,366.40377280132833,20.66105158168026,2.552833613534972,1.5447766021610079,2.552833613534972,1.5447766021610079
0_png.rf.168a7f1464a843d2217034df0330d03b_roi_8.png,0_png.rf.168a7f1464a843d2217034df0330d03b_roi_3.png,0.8866666555404663,324.6013333318031,19.458390055028836,310.9310144408146,19.745100575030065,-13.67031889098854,0.286710520001229,13.67031889098854,0.286710520001229
189_png.rf.7d05be6532b431c511de90597bccd10d_roi_14.png,189_png.rf.7d05be6532b431c511de90597bccd10d_roi_5.png,0.8860759735107422,289.6736186104244,17.578902515862737,291.8291307685658,16.482960864775034,2.1555121581413914,-1.0959416510877027,2.1555121581413914,1.0959416510877027
1_png.rf.c0e062ec642b92c3ed761ccf598a7ddd_roi_9.png,1_png.rf.c0e062ec642b92c3ed761ccf598a7ddd_roi_5.png,0.8855780959129333,394.0356660173569,21.245719453077783,404.5284738471092,22.464635073259554,10.49280782975228,1.2189156201817717,10.49280782975228,1.2189156201817717
11_png.rf.06e04b9b157f1751a682bb1ea3aaf986_roi_24.png,11_png.rf.06e04b9b157f1751a682bb1ea3aaf986_roi_23.png,0.8852071166038513,403.46601648911,21.8625122387365,404.8953644368032,21.97491108362829,1.429347947693202,0.1123988448917892,1.429347947693202,0.1123988448917892
10_png.rf.2a5422c48a272b06a5ed1e4811e31377_roi_18.png,10_png.rf.2a5422c48a272b06a5ed1e4811e31377_roi_7.png,0.8848728537559509,375.16239255134815,21.14112861313968,362.6639506847953,21.02749719779744,-12.498441866552866,-0.11363141534224042,12.498441866552866,0.11363141534224042
10_png.rf.2a5422c48a272b06a5ed1e4811e31377_roi_17.png,10_png.rf.2a5422c48a272b06a5ed1e4811e31377_roi_10.png,0.8838709592819214,281.09254033820395,17.057255859592086,298.0421909191452,16.584873478309472,16.94965058094124,-0.472382381282614,16.94965058094124,0.472382381282614
198_png.rf.a6082f69ebed660a347004da9c6eb345_roi_12.png,198_png.rf.a6082f69ebed660a347004da9c6eb345_roi_11.png,0.8831967115402222,275.7285450315705,18.25701470134302,279.09412565601133,18.15969485387125,3.365580624440838,-0.0973198474717698,3.365580624440838,0.0973198474717698
201_png.rf.53f96182d413a6232eeb003ff97e9a2b_roi_0.png,201_png.rf.53f96182d413a6232eeb003ff97e9a2b_roi_0.png,0.8822785019874573,364.13724657383847,21.584322670394748,385.4843704307109,22.311395049553127,21.34712385687243,0.7270723791583791,21.34712385687243,0.7270723791583791
201_png.rf.53f96182d413a6232eeb003ff97e9a2b_roi_32.png,201_png.rf.53f96182d413a6232eeb003ff97e9a2b_roi_14.png,0.882030189037323,359.2325587938466,20.333739351443487,360.6029117631722,21.445888625158037,1.3703529693256087,1.1121492737145502,1.3703529693256087,1.1121492737145502
63_png.rf.1b23e63a8895068458c0232cd4607ada_roi_12.png,63_png.rf.1b23e63a8895068458c0232cd4607ada_roi_31.png,0.8802030682563782,442.8230816312201,21.98254591783239,459.78228166445376,23.394851027008684,16.959200033233685,1.4123051091762946,16.959200033233685,1.4123051091762946
201_png.rf.53f96182d413a6232eeb003ff97e9a2b_roi_18.png,201_png.rf.53f96182d413a6232eeb003ff97e9a2b_roi_41.png,0.8799149990081787,420.7845402833083,23.41786672359794,404.0809776076714,23.27057666613676,-16.703562675636874,-0.14729005746118062,16.703562675636874,0.14729005746118062
0_png.rf.168a7f1464a843d2217034df0330d03b_roi_6.png,0_png.rf.168a7f1464a843d2217034df0330d03b_roi_1.png,0.8796747922897339,304.41480407773656,20.665427190483552,308.3353494668039,20.80618332015828,3.9205453890673425,0.1407561296747275,3.9205453890673425,0.1407561296747275
0_png.rf.168a7f1464a843d2217034df0330d03b_roi_4.png,0_png.rf.168a7f1464a843d2217034df0330d03b_roi_8.png,0.8796296119689941,283.6606236484039,18.93424845570569,296.06404863732706,19.529702173309246,12.403424988923177,0.5954537176035579,12.403424988923177,0.5954537176035579
201_png.rf.53f96182d413a6232eeb003ff97e9a2b_roi_30.png,201_png.rf.53f96182d413a6232eeb003ff97e9a2b_roi_31.png,0.8784313797950745,363.5973467858579,21.001483387493742,385.3183575861517,21.19276466919912,21.72101080029381,0.19128128170537906,21.72101080029381,0.19128128170537906
104_png.rf.eb19faafbed5983b0cba70b7a044d4b2_roi_8.png,104_png.rf.eb19faafbed5983b0cba70b7a044d4b2_roi_23.png,0.8777070045471191,391.6097993024757,21.43453490803592,399.3467418453554,20.24862981139456,7.73694254287966,-1.1859050966413598,7.73694254287966,1.1859050966413598
68_png.rf.3e865d871ea5e3d6a81f31989516572c_roi_4.png,68_png.rf.3e865d871ea5e3d6a81f31989516572c_roi_0.png,0.8769018054008484,344.8392092236823,21.918181325293364,360.10213661746906,20.6749980392558,15.262927393786754,-1.2431832860375636,15.262927393786754,1.2431832860375636
73_png.rf.102c3065fbe3531b895ddda5312fae46_roi_4.png,73_png.rf.102c3065fbe3531b895ddda5312fae46_roi_1.png,0.8765690326690674,238.14802702656792,20.291137265618065,260.41455762830407,19.515197001316974,22.26653060173615,-0.7759402643010915,22.26653060173615,0.7759402643010915
21_png.rf.28755f53e16211c9387b07df8534937c_roi_7.png,21_png.rf.28755f53e16211c9387b07df8534937c_roi_9.png,0.8765432238578796,364.0492726925833,22.243517365407147,375.291501527781,23.511644387793893,11.242228835197693,1.2681270223867465,11.242228835197693,1.2681270223867465
182_png.rf.0967c37c759a9b53ffd884e7e4c9177f_roi_6.png,182_png.rf.0967c37c759a9b53ffd884e7e4c9177f_roi_20.png,0.8764302134513855,271.99366242618265,16.557440759756354,275.2419623192376,16.413740305328865,3.2482998930549343,-0.14370045442748847,3.2482998930549343,0.14370045442748847
179_png.rf.c0591f9cd7f1fcb237fa1b02dda68f3d_roi_2.png,179_png.rf.c0591f9cd7f1fcb237fa1b02dda68f3d_roi_20.png,0.875666081905365,280.38931608173874,20.992650875456764,270.4684048906281,21.558048540477515,-9.920911191110633,0.5653976650207504,9.920911191110633,0.5653976650207504
199_png.rf.91f963b3f081107d35cb64c236444492_roi_2.png,199_png.rf.91f963b3f081107d35cb64c236444492_roi_6.png,0.8752784132957458,292.319521478672,15.644478789606076,288.4501647392274,16.590345718997156,-3.8693567394446404,0.9458669293910802,3.8693567394446404,0.9458669293910802
63_png.rf.1b23e63a8895068458c0232cd4607ada_roi_2.png,63_png.rf.1b23e63a8895068458c0232cd4607ada_roi_19.png,0.875,289.99263527436443,20.40260469840232,309.1491969796134,20.36487907745384,19.156561705248976,-0.037725620948481975,19.156561705248976,0.037725620948481975
189_png.rf.7d05be6532b431c511de90597bccd10d_roi_25.png,189_png.rf.7d05be6532b431c511de90597bccd10d_roi_6.png,0.8744493126869202,289.8132643589275,15.735770281350538,299.222500017022,16.243819262650494,9.40923565809453,0.5080489812999556,9.40923565809453,0.5080489812999556
183_png.rf.3b20a92fe511dac0343f295bffbeeee8_roi_23.png,183_png.rf.3b20a92fe511dac0343f295bffbeeee8_roi_13.png,0.8743545413017273,284.8763198708514,20.86256685102807,319.2299099232088,18.924537967121324,34.35359005235745,-1.938028883906746,34.35359005235745,1.938028883906746
203_png.rf.266e32473f7481847a72330557f1e873_roi_42.png,203_png.rf.266e32473f7481847a72330557f1e873_roi_43.png,0.8736196160316467,412.2645379663828,19.467051616499347,435.2642108566336,20.77852794009421,22.999672890250793,1.3114763235948637,22.999672890250793,1.3114763235948637
201_png.rf.53f96182d413a6232eeb003ff97e9a2b_roi_13.png,201_png.rf.53f96182d413a6232eeb003ff97e9a2b_roi_7.png,0.8730512261390686,424.31150368811694,20.684633621302986,466.3519213669069,21.13671397024072,42.040417678789936,0.4520803489377343,42.040417678789936,0.4520803489377343
60_png.rf.a000903d437e210d51f99e68ebbad4fb_roi_5.png,60_png.rf.a000903d437e210d51f99e68ebbad4fb_roi_4.png,0.8728606104850769,359.95359119465434,22.89389305326915,387.7957207832157,22.59113809851508,27.842129588561363,-0.302754954754068,27.842129588561363,0.302754954754068
63_png.rf.1b23e63a8895068458c0232cd4607ada_roi_26.png,63_png.rf.1b23e63a8895068458c0232cd4607ada_roi_15.png,0.8727984428405762,419.5918903176501,23.81584501780274,442.60570038176513,25.05562886480255,23.013810064115034,1.23978384699981,23.013810064115034,1.23978384699981
178_png.rf.7a28cebaafb63c780225bdc40509ff93_roi_10.png,178_png.rf.7a28cebaafb63c780225bdc40509ff93_roi_11.png,0.8721311688423157,267.02464222569444,23.32888405477992,303.4547389851107,20.88301461811219,36.430096759416244,-2.4458694366677314,36.430096759416244,2.4458694366677314
182_png.rf.0967c37c759a9b53ffd884e7e4c9177f_roi_32.png,182_png.rf.0967c37c759a9b53ffd884e7e4c9177f_roi_1.png,0.8720173239707947,265.83072046623005,17.363684624809828,287.79690824251946,16.900184623153926,21.966187776289416,-0.4635000016559019,21.966187776289416,0.4635000016559019
2_png.rf.1af673f7693cdba09ad2485f5a501bfc_roi_2.png,2_png.rf.1af673f7693cdba09ad2485f5a501bfc_roi_14.png,0.8718487620353699,270.1006107167114,18.10945231176745,276.30707536676323,18.10280757100321,6.206464650051828,-0.006644740764237156,6.206464650051828,0.006644740764237156
178_png.rf.7a28cebaafb63c780225bdc40509ff93_roi_12.png,178_png.rf.7a28cebaafb63c780225bdc40509ff93_roi_5.png,0.871099054813385,322.05812176171963,24.58966322472647,320.0756768737229,22.78268898791305,-1.982444887996735,-1.8069742368134172,1.982444887996735,1.8069742368134172
1_png.rf.c0e062ec642b92c3ed761ccf598a7ddd_roi_6.png,1_png.rf.c0e062ec642b92c3ed761ccf598a7ddd_roi_13.png,0.8698630332946777,238.39605274417303,18.97726101360013,236.68301840388972,19.03457370558084,-1.7130343402833148,0.05731269198070876,1.7130343402833148,0.05731269198070876
203_png.rf.266e32473f7481847a72330557f1e873_roi_26.png,203_png.rf.266e32473f7481847a72330557f1e873_roi_8.png,0.8698296546936035,389.3483750674945,20.323656203949223,389.536550938221,22.95167465554341,0.18817587072652486,2.628018451594187,0.18817587072652486,2.628018451594187
182_png.rf.0967c37c759a9b53ffd884e7e4c9177f_roi_30.png,182_png.rf.0967c37c759a9b53ffd884e7e4c9177f_roi_26.png,0.8696629405021667,261.35914611067307,16.978976365926247,255.7713983099769,18.37479968474286,-5.587747800696178,1.395823318816614,5.587747800696178,1.395823318816614
198_png.rf.a6082f69ebed660a347004da9c6eb345_roi_34.png,198_png.rf.a6082f69ebed660a347004da9c6eb345_roi_0.png,0.8696537613868713,272.85950106861054,19.13194896100071,288.6860251181315,16.818259547457366,15.82652404952097,-2.3136894135433437,15.82652404952097,2.3136894135433437
182_png.rf.0967c37c759a9b53ffd884e7e4c9177f_roi_11.png,182_png.rf.0967c37c759a9b53ffd884e7e4c9177f_roi_27.png,0.8695651888847351,283.98023403222226,17.48513135758018,312.0346746308838,17.616152534654574,28.05444059866153,0.13102117707439476,28.05444059866153,0.13102117707439476
178_png.rf.7a28cebaafb63c780225bdc40509ff93_roi_16.png,178_png.rf.7a28cebaafb63c780225bdc40509ff93_roi_6.png,0.8691206574440002,251.11881952735823,19.43130788222315,276.64374551318093,19.329526406293706,25.524925985822705,-0.10178147592944597,25.524925985822705,0.10178147592944597
178_png.rf.7a28cebaafb63c780225bdc40509ff93_roi_7.png,178_png.rf.7a28cebaafb63c780225bdc40509ff93_roi_10.png,0.8690851926803589,307.2916439181624,20.86987300818194,282.3623307658473,23.11226853209229,-24.929313152315103,2.24239552391035,24.929313152315103,2.24239552391035
201_png.rf.53f96182d413a6232eeb003ff97e9a2b_roi_46.png,201_png.rf.53f96182d413a6232eeb003ff97e9a2b_roi_5.png,0.8687116503715515,363.9282567961156,23.668016608776853,387.7252635562015,21.23001223342451,23.797006760085935,-2.4380043753523424,23.797006760085935,2.4380043753523424
180_png.rf.854971617105a533fc0de40bfa9851e6_roi_23.png,180_png.rf.854971617105a533fc0de40bfa9851e6_roi_14.png,0.868534505367279,284.2093882358525,17.05432189055081,290.19269159910675,16.47858486978682,5.983303363254265,-0.5757370207639916,5.983303363254265,0.5757370207639916
201_png.rf.53f96182d413a6232eeb003ff97e9a2b_roi_6.png,201_png.rf.53f96182d413a6232eeb003ff97e9a2b_roi_19.png,0.868208110332489,400.052013409842,20.65507694503539,434.8211798178573,21.95273306134599,34.76916640801528,1.297656116310602,34.76916640801528,1.297656116310602
182_png.rf.0967c37c759a9b53ffd884e7e4c9177f_roi_28.png,182_png.rf.0967c37c759a9b53ffd884e7e4c9177f_roi_3.png,0.8681818246841431,256.8475526937769,17.913828079551482,267.6747823899822,16.597946130557087,10.827229696205336,-1.3158819489943951,10.827229696205336,1.3158819489943951
185_png.rf.bc8ae0c1c80f40b50b4e1c19f760529c_roi_49.png,185_png.rf.bc8ae0c1c80f40b50b4e1c19f760529c_roi_37.png,0.8680850863456726,260.54171022485605,17.51939362532041,271.72062793426414,18.81326562988599,11.178917709408097,1.2938720045655785,11.178917709408097,1.2938720045655785
201_png.rf.53f96182d413a6232eeb003ff97e9a2b_roi_41.png,201_png.rf.53f96182d413a6232eeb003ff97e9a2b_roi_6.png,0.8679678440093994,382.6545575786172,22.79685314160664,437.4521654861933,21.113201123823984,54.797607907576094,-1.6836520177826557,54.797607907576094,1.6836520177826557
61_png.rf.e55ce5a3101fec23419760cfe9572677_roi_1.png,61_png.rf.e55ce5a3101fec23419760cfe9572677_roi_3.png,0.8679245114326477,329.6236744567577,18.741548088303013,349.1941289948562,19.746981022487656,19.57045453809849,1.0054329341846433,19.57045453809849,1.0054329341846433
198_png.rf.a6082f69ebed660a347004da9c6eb345_roi_1.png,198_png.rf.a6082f69ebed660a347004da9c6eb345_roi_37.png,0.8678629398345947,284.93718602269405,23.23192058834875,288.78554761460174,20.79122395188333,3.8483615919076897,-2.440696636465418,3.8483615919076897,2.440696636465418
199_png.rf.91f963b3f081107d35cb64c236444492_roi_25.png,199_png.rf.91f963b3f081107d35cb64c236444492_roi_9.png,0.8678414225578308,287.71514978561913,15.879516220719216,295.642643046745,16.328859650431774,7.927493261125846,0.4493434297125578,7.927493261125846,0.4493434297125578
108_png.rf.160624ea8bde3c8593ffcc9ddb55a11d_roi_27.png,108_png.rf.160624ea8bde3c8593ffcc9ddb55a11d_roi_32.png,0.8676470518112183,285.5509628635293,22.39722211601208,305.1459098688987,20.142124732086454,19.594947005369363,-2.2550973839256265,19.594947005369363,2.2550973839256265
189_png.rf.7d05be6532b431c511de90597bccd10d_roi_22.png,189_png.rf.7d05be6532b431c511de90597bccd10d_roi_12.png,0.8674699068069458,275.56089447483095,21.61273746581996,293.535499820969,20.576099887743418,17.97460534613805,-1.0366375780765438,17.97460534613805,1.0366375780765438
201_png.rf.53f96182d413a6232eeb003ff97e9a2b_roi_40.png,201_png.rf.53f96182d413a6232eeb003ff97e9a2b_roi_30.png,0.867415726184845,380.9175615087781,22.82445330485798,420.89168498126895,22.572426685791672,39.974123472490874,-0.2520266190663065,39.974123472490874,0.2520266190663065
199_png.rf.91f963b3f081107d35cb64c236444492_roi_0.png,199_png.rf.91f963b3f081107d35cb64c236444492_roi_36.png,0.8673684000968933,272.5133539033171,16.496288916941843,299.61221812909764,17.344585394758717,27.098864225780517,0.8482964778168736,27.098864225780517,0.8482964778168736
198_png.rf.a6082f69ebed660a347004da9c6eb345_roi_33.png,198_png.rf.a6082f69ebed660a347004da9c6eb345_roi_24.png,0.8666666746139526,278.5269984299593,18.11433683555671,266.75980785708697,16.982803745380142,-11.767190572872323,-1.1315330901765677,11.767190572872323,1.1315330901765677
245_png.rf.5f526a4318f77317316ed94f352c740b_roi_13.png,245_png.rf.5f526a4318f77317316ed94f352c740b_roi_34.png,0.8662952780723572,450.8723178049621,23.764772156812917,457.4117539331122,25.08486226508525,6.539436128150101,1.320090108272332,6.539436128150101,1.320090108272332
201_png.rf.53f96182d413a6232eeb003ff97e9a2b_roi_22.png,201_png.rf.53f96182d413a6232eeb003ff97e9a2b_roi_11.png,0.8658682703971863,388.9084196218815,21.268301482289683,403.0008322213308,22.049132410648284,14.092412599449347,0.7808309283586006,14.092412599449347,0.7808309283586006
57_png.rf.8f487a26af5047f2a1caf0288f3e993b_roi_8.png,57_png.rf.8f487a26af5047f2a1caf0288f3e993b_roi_17.png,0.8656987547874451,423.0425156826908,25.15911885711765,467.89099162152087,25.460875488858186,44.84847593883006,0.3017566317405347,44.84847593883006,0.3017566317405347
63_png.rf.1b23e63a8895068458c0232cd4607ada_roi_13.png,63_png.rf.1b23e63a8895068458c0232cd4607ada_roi_13.png,0.8655778765678406,367.5468726774554,22.1319947453194,397.5563478773015,20.901165651788723,30.009475199846122,-1.2308290935306765,30.009475199846122,1.2308290935306765
190_png.rf.ea6033d055823de830c765b14ce68d00_roi_15.png,190_png.rf.ea6033d055823de830c765b14ce68d00_roi_0.png,0.8645319938659668,240.3349478100282,16.839831255316323,249.59450941076787,16.690575469074616,9.259561600739659,-0.14925578624170655,9.259561600739659,0.14925578624170655
185_png.rf.bc8ae0c1c80f40b50b4e1c19f760529c_roi_15.png,185_png.rf.bc8ae0c1c80f40b50b4e1c19f760529c_roi_7.png,0.8644400835037231,279.47826458797243,17.905239957785337,300.48150590957164,17.86549525316948,21.003241321599205,-0.03974470461585611,21.003241321599205,0.03974470461585611
204_png.rf.9c1306312d5a7647dbaad4a582a67a82_roi_5.png,204_png.rf.9c1306312d5a7647dbaad4a582a67a82_roi_35.png,0.8641079068183899,409.917677288782,24.23435326264356,430.4671671297316,23.266875954584243,20.549489840949605,-0.9674773080593155,20.549489840949605,0.9674773080593155
201_png.rf.53f96182d413a6232eeb003ff97e9a2b_roi_27.png,201_png.rf.53f96182d413a6232eeb003ff97e9a2b_roi_43.png,0.863939106464386,452.55126407366015,24.18129478754236,450.4027366572437,24.264657508506986,-2.1485274164164707,0.08336272096462594,2.1485274164164707,0.08336272096462594
73_png.rf.102c3065fbe3531b895ddda5312fae46_roi_9.png,73_png.rf.102c3065fbe3531b895ddda5312fae46_roi_5.png,0.8633093237876892,154.56545892443518,17.838904525337224,157.49917278073144,18.29600457543929,2.933713856296265,0.457100050102067,2.933713856296265,0.457100050102067
198_png.rf.a6082f69ebed660a347004da9c6eb345_roi_35.png,198_png.rf.a6082f69ebed660a347004da9c6eb345_roi_48.png,0.8628571629524231,223.4096037902427,16.589789716538817,225.81353316907757,15.618036395484852,2.4039293788348743,-0.9717533210539653,2.4039293788348743,0.9717533210539653
201_png.rf.53f96182d413a6232eeb003ff97e9a2b_roi_7.png,201_png.rf.53f96182d413a6232eeb003ff97e9a2b_roi_27.png,0.8626799583435059,390.27718549457455,22.14530972913518,425.3003593237359,23.6617247251234,35.02317382916135,1.5164149959882174,35.02317382916135,1.5164149959882174
182_png.rf.0967c37c759a9b53ffd884e7e4c9177f_roi_29.png,182_png.rf.0967c37c759a9b53ffd884e7e4c9177f_roi_15.png,0.8625235557556152,292.8765794136187,18.19067231567532,303.4417715446187,18.62923982552268,10.565192131000003,0.4385675098473598,10.565192131000003,0.4385675098473598
178_png.rf.7a28cebaafb63c780225bdc40509ff93_roi_1.png,178_png.rf.7a28cebaafb63c780225bdc40509ff93_roi_3.png,0.8622328042984009,248.0883526646737,16.69140392934021,251.6393519026931,17.11361765770159,3.550999238019415,0.4222137283613776,3.550999238019415,0.4222137283613776
116_png.rf.31f3bd809826aa89c4df5b576dde5220_roi_20.png,116_png.rf.31f3bd809826aa89c4df5b576dde5220_roi_48.png,0.8619528412818909,292.76937409976114,20.02513331815275,324.388784414799,19.512218983297515,31.61941031503784,-0.5129143348552354,31.61941031503784,0.5129143348552354
198_png.rf.a6082f69ebed660a347004da9c6eb345_roi_54.png,198_png.rf.a6082f69ebed660a347004da9c6eb345_roi_15.png,0.8617021441459656,266.4930880229918,17.5521545785848,286.3156968156746,17.545409166583177,19.822608792682786,-0.0067454120016243735,19.822608792682786,0.0067454120016243735
75_png.rf.2aa347a6ff8e31fa4798b098640f9673_roi_7.png,75_png.rf.2aa347a6ff8e31fa4798b098640f9673_roi_1.png,0.861687421798706,349.0666549817861,20.820819240539507,368.0183694819946,20.518814712736752,18.95171450020854,-0.30200452780275455,18.95171450020854,0.30200452780275455
6_png.rf.38441dd4caadf2d61bc590aee390f1f6_roi_11.png,6_png.rf.38441dd4caadf2d61bc590aee390f1f6_roi_14.png,0.8600000143051147,252.94181974588875,19.42501155281545,274.9941567543631,19.320266462955317,22.052337008474325,-0.10474508986013475,22.052337008474325,0.10474508986013475
184_png.rf.6bd8662453fe84e9059d3c422101ce05_roi_45.png,184_png.rf.6bd8662453fe84e9059d3c422101ce05_roi_29.png,0.8600000143051147,308.9179296275465,19.375614903032467,336.42430112086566,18.727738769077405,27.506371493319136,-0.6478761339550623,27.506371493319136,0.6478761339550623
183_png.rf.3b20a92fe511dac0343f295bffbeeee8_roi_44.png,183_png.rf.3b20a92fe511dac0343f295bffbeeee8_roi_6.png,0.8595387935638428,289.9668304260448,16.37128042744109,299.83084611717345,17.099099275781803,9.864015691128657,0.7278188483407142,9.864015691128657,0.7278188483407142
190_png.rf.ea6033d055823de830c765b14ce68d00_roi_21.png,190_png.rf.ea6033d055823de830c765b14ce68d00_roi_7.png,0.8594377636909485,279.9088684952062,17.38097001198773,305.58328434123695,17.35752995240732,25.67441584603074,-0.02344005958041251,25.67441584603074,0.02344005958041251
189_png.rf.7d05be6532b431c511de90597bccd10d_roi_16.png,189_png.rf.7d05be6532b431c511de90597bccd10d_roi_4.png,0.8594306111335754,283.5293799430722,19.62971304763563,297.977529791916,19.824614755020598,14.448149848843855,0.19490170738496815,14.448149848843855,0.19490170738496815
198_png.rf.a6082f69ebed660a347004da9c6eb345_roi_21.png,198_png.rf.a6082f69ebed660a347004da9c6eb345_roi_33.png,0.8593073487281799,274.5233011835565,16.96514051489551,275.3294104581838,17.117893564405044,0.8061092746273175,0.15275304950953483,0.8061092746273175,0.15275304950953483
185_png.rf.bc8ae0c1c80f40b50b4e1c19f760529c_roi_19.png,185_png.rf.bc8ae0c1c80f40b50b4e1c19f760529c_roi_5.png,0.8587962985038757,262.8156267888102,15.938717564030084,268.603772687582,17.244037133699518,5.788145898771802,1.3053195696694342,5.788145898771802,1.3053195696694342
186_png.rf.e28aa84e9aab65412588f8dab6908c6a_roi_6.png,186_png.rf.e28aa84e9aab65412588f8dab6908c6a_roi_22.png,0.8587786555290222,288.0767716876455,17.194377866511974,295.2962417837883,19.748653503812434,7.2194700961428,2.55427563730046,7.2194700961428,2.55427563730046
183_png.rf.3b20a92fe511dac0343f295bffbeeee8_roi_12.png,183_png.rf.3b20a92fe511dac0343f295bffbeeee8_roi_15.png,0.8587786555290222,306.0810258804721,17.35692090601079,309.4012995619967,17.751406982158088,3.320273681524611,0.3944860761472988,3.320273681524611,0.3944860761472988
179_png.rf.c0591f9cd7f1fcb237fa1b02dda68f3d_roi_42.png,179_png.rf.c0591f9cd7f1fcb237fa1b02dda68f3d_roi_1.png,0.8577319383621216,280.3283836527089,16.87623144357914,294.5643576333617,17.57891108384717,14.235973980652773,0.7026796402680304,14.235973980652773,0.7026796402680304
179_png.rf.c0591f9cd7f1fcb237fa1b02dda68f3d_roi_39.png,179_png.rf.c0591f9cd7f1fcb237fa1b02dda68f3d_roi_13.png,0.8574561476707458,292.1218838610219,15.11537656705167,311.28902723334426,15.752159889365537,19.167143372322357,0.6367833223138657,19.167143372322357,0.6367833223138657
198_png.rf.a6082f69ebed660a347004da9c6eb345_roi_26.png,198_png.rf.a6082f69ebed660a347004da9c6eb345_roi_26.png,0.8568588495254517,257.28334750177714,19.447736382780118,288.2050351690312,18.66451047764897,30.921687667254048,-0.7832259051311468,30.921687667254048,0.7832259051311468
185_png.rf.bc8ae0c1c80f40b50b4e1c19f760529c_roi_33.png,185_png.rf.bc8ae0c1c80f40b50b4e1c19f760529c_roi_3.png,0.8568282127380371,255.49525536232733,17.53010211030093,279.0393638899875,16.878463059821055,23.54410852766017,-0.6516390504798757,23.54410852766017,0.6516390504798757
63_png.rf.1b23e63a8895068458c0232cd4607ada_roi_28.png,63_png.rf.1b23e63a8895068458c0232cd4607ada_roi_30.png,0.8567389249801636,437.3877091536323,23.630126329055614,456.9127615569085,25.35302254098417,19.52505240327622,1.722896211928557,19.52505240327622,1.722896211928557
182_png.rf.0967c37c759a9b53ffd884e7e4c9177f_roi_34.png,182_png.rf.0967c37c759a9b53ffd884e7e4c9177f_roi_37.png,0.8562368154525757,279.46393844498937,17.109905932793875,271.7660426891189,17.5478687282186,-7.697895755870491,0.43796279542472405,7.697895755870491,0.43796279542472405
201_png.rf.53f96182d413a6232eeb003ff97e9a2b_roi_39.png,201_png.rf.53f96182d413a6232eeb003ff97e9a2b_roi_46.png,0.8558456301689148,378.9536931039106,22.13773748463274,420.9215045089978,22.711459014897805,41.96781140508722,0.5737215302650647,41.96781140508722,0.5737215302650647
4_png.rf.caea6723f5e00cd6fb8295e2e19e87fb_roi_17.png,4_png.rf.caea6723f5e00cd6fb8295e2e19e87fb_roi_1.png,0.8557536602020264,287.54629923930645,20.713815875277938,325.62004303363966,20.477277212982123,38.07374379433321,-0.2365386622958141,38.07374379433321,0.2365386622958141
9_png.rf.52861e0c26b21c54be291a904aabcab0_roi_0.png,9_png.rf.52861e0c26b21c54be291a904aabcab0_roi_0.png,0.855654776096344,509.7450470291881,25.281157675608632,542.429509433125,27.05283688356752,32.68446240393689,1.7716792079588863,32.68446240393689,1.7716792079588863
184_png.rf.6bd8662453fe84e9059d3c422101ce05_roi_3.png,184_png.rf.6bd8662453fe84e9059d3c422101ce05_roi_5.png,0.855555534362793,266.13284475521124,17.489727822182342,278.32235219826,16.17655564519326,12.18950744304874,-1.313172176989081,12.18950744304874,1.313172176989081
8_png.rf.948823bca27201cd701a09c4a0aeff25_roi_1.png,8_png.rf.948823bca27201cd701a09c4a0aeff25_roi_8.png,0.8549222946166992,294.7944718238283,19.19321762635487,314.0970528985394,19.243812163203497,19.3025810747111,0.050594536848628024,19.3025810747111,0.050594536848628024
43_png.rf.f92ac1c3d728224bd78398bb8164339c_roi_0.png,43_png.rf.f92ac1c3d728224bd78398bb8164339c_roi_1.png,0.8548752665519714,244.4409624223526,18.619791367215573,266.7949109078116,17.079346387936074,22.35394848545897,-1.5404449792794992,22.35394848545897,1.5404449792794992
178_png.rf.7a28cebaafb63c780225bdc40509ff93_roi_2.png,178_png.rf.7a28cebaafb63c780225bdc40509ff93_roi_7.png,0.8547008633613586,280.2265821679652,16.548048125055534,281.82164972718726,16.902113786944092,1.5950675592220591,0.3540656618885585,1.5950675592220591,0.3540656618885585
44_png.rf.11c2e16d7ff13a01caf2674f45c834df_roi_11.png,44_png.rf.11c2e16d7ff13a01caf2674f45c834df_roi_10.png,0.8546762466430664,324.6341674327917,22.910793548245564,330.7722538184759,20.86687472096215,6.1380863856842325,-2.043918827283413,6.1380863856842325,2.043918827283413
189_png.rf.7d05be6532b431c511de90597bccd10d_roi_3.png,189_png.rf.7d05be6532b431c511de90597bccd10d_roi_7.png,0.854651153087616,253.8547891402386,20.945407034407705,265.6359814544379,19.77234947262256,11.781192314199302,-1.1730575617851429,11.781192314199302,1.1730575617851429
201_png.rf.53f96182d413a6232eeb003ff97e9a2b_roi_19.png,201_png.rf.53f96182d413a6232eeb003ff97e9a2b_roi_15.png,0.8545005917549133,364.6830131835605,21.45997297183733,395.972315742411,21.853409490517805,31.289302558850522,0.393436518680474,31.289302558850522,0.393436518680474
148_png.rf.2792a5b60dde0320afebc5e526e3967a_roi_27.png,148_png.rf.2792a5b60dde0320afebc5e526e3967a_roi_25.png,0.8543956279754639,603.6403041274019,30.952213687031094,620.1335947499801,30.379106331194176,16.49329062257823,-0.5731073558369175,16.49329062257823,0.5731073558369175
199_png.rf.91f963b3f081107d35cb64c236444492_roi_29.png,199_png.rf.91f963b3f081107d35cb64c236444492_roi_18.png,0.8542372584342957,299.89413469751617,19.462359240786142,318.6659045079716,19.197129923390424,18.771769810455453,-0.2652293173957183,18.771769810455453,0.2652293173957183
182_png.rf.0967c37c759a9b53ffd884e7e4c9177f_roi_21.png,182_png.rf.0967c37c759a9b53ffd884e7e4c9177f_roi_8.png,0.853881299495697,283.01550566553294,15.638145342503703,271.0063547253774,16.87188735577594,-12.009150940155564,1.233742013272236,12.009150940155564,1.233742013272236
207_png.rf.6406870a5223a2b33da9c5d54d767796_roi_6.png,207_png.rf.6406870a5223a2b33da9c5d54d767796_roi_52.png,0.8538083434104919,356.9512695148188,21.89659541429777,394.5629191976885,22.44671917717897,37.611649682869654,0.5501237628811992,37.611649682869654,0.5501237628811992
182_png.rf.0967c37c759a9b53ffd884e7e4c9177f_roi_17.png,182_png.rf.0967c37c759a9b53ffd884e7e4c9177f_roi_2.png,0.8529411554336548,262.9793388177788,15.909742817609615,283.0401384302908,17.3167019992922,20.060799612512028,1.4069591816825842,20.060799612512028,1.4069591816825842
182_png.rf.0967c37c759a9b53ffd884e7e4c9177f_roi_5.png,182_png.rf.0967c37c759a9b53ffd884e7e4c9177f_roi_16.png,0.8526970744132996,279.0254009818761,16.618098657046136,289.9417450539425,17.91954240258385,10.916344072066408,1.3014437455377141,10.916344072066408,1.3014437455377141
119_png.rf.497c650b0290be25e8f041e87b86f7f7_roi_1.png,119_png.rf.497c650b0290be25e8f041e87b86f7f7_roi_40.png,0.8525640964508057,193.645683902925,16.68947531523302,198.03663113609755,15.789690054165858,4.390947233172568,-0.8997852610671639,4.390947233172568,0.8997852610671639
198_png.rf.a6082f69ebed660a347004da9c6eb345_roi_45.png,198_png.rf.a6082f69ebed660a347004da9c6eb345_roi_31.png,0.8520709872245789,297.82048462166745,17.824929604718676,297.0698480039498,17.276535432412764,-0.750636617717646,-0.5483941723059118,0.750636617717646,0.5483941723059118
178_png.rf.7a28cebaafb63c780225bdc40509ff93_roi_0.png,178_png.rf.7a28cebaafb63c780225bdc40509ff93_roi_8.png,0.8520179390907288,265.1358268745522,15.963811927667752,275.9949432551351,17.71648025010142,10.859116380582918,1.7526683224336672,10.859116380582918,1.7526683224336672
198_png.rf.a6082f69ebed660a347004da9c6eb345_roi_23.png,198_png.rf.a6082f69ebed660a347004da9c6eb345_roi_18.png,0.8520084619522095,285.55599275679003,16.34523190619275,305.51240583568296,16.4426791456224,19.956413078892922,0.09744723942964839,19.956413078892922,0.09744723942964839
199_png.rf.91f963b3f081107d35cb64c236444492_roi_42.png,199_png.rf.91f963b3f081107d35cb64c236444492_roi_2.png,0.8519313335418701,279.0806532175918,16.07513466299497,281.6663713147394,17.786515016016306,2.5857180971476055,1.7113803530213367,2.5857180971476055,1.7113803530213367
180_png.rf.854971617105a533fc0de40bfa9851e6_roi_38.png,180_png.rf.854971617105a533fc0de40bfa9851e6_roi_20.png,0.8518518805503845,273.25311140131,18.44550100985439,281.61437432493886,19.40361138706869,8.361262923628885,0.9581103772143003,8.361262923628885,0.9581103772143003
198_png.rf.a6082f69ebed660a347004da9c6eb345_roi_59.png,198_png.rf.a6082f69ebed660a347004da9c6eb345_roi_28.png,0.8515625,269.6626377915177,13.642933867842,276.9600135247316,14.97079010211952,7.297375733213926,1.3278562342775206,7.297375733213926,1.3278562342775206
180_png.rf.854971617105a533fc0de40bfa9851e6_roi_29.png,180_png.rf.854971617105a533fc0de40bfa9851e6_roi_8.png,0.8514851331710815,261.3794532734895,14.947846077727412,268.0956516437872,16.258976360620153,6.716198370297718,1.3111302828927407,6.716198370297718,1.3111302828927407
201_png.rf.53f96182d413a6232eeb003ff97e9a2b_roi_1.png,201_png.rf.53f96182d413a6232eeb003ff97e9a2b_roi_44.png,0.8514174222946167,413.41914050734704,23.68228951949458,443.305829192824,24.983742350891408,29.88668868547694,1.3014528313968263,29.88668868547694,1.3014528313968263
178_png.rf.7a28cebaafb63c780225bdc40509ff93_roi_5.png,178_png.rf.7a28cebaafb63c780225bdc40509ff93_roi_15.png,0.8513513803482056,288.83200536013743,17.220492766045087,279.6818544924528,19.62779654575693,-9.150150867684602,2.4073037797118424,9.150150867684602,2.4073037797118424
192_png.rf.12808d74593343dd08cf480a1596e1bb_roi_21.png,192_png.rf.12808d74593343dd08cf480a1596e1bb_roi_17.png,0.8513189554214478,244.4218046581194,15.981050622465975,278.66708124483523,16.184296043773003,34.24527658671582,0.20324542130702739,34.24527658671582,0.20324542130702739
199_png.rf.91f963b3f081107d35cb64c236444492_roi_9.png,199_png.rf.91f963b3f081107d35cb64c236444492_roi_29.png,0.8511383533477783,265.2196736646591,20.408483688213437,294.59601383034845,20.899258596610583,29.376340165689328,0.490774908397146,29.376340165689328,0.490774908397146
199_png.rf.91f963b3f081107d35cb64c236444492_roi_18.png,199_png.rf.91f963b3f081107d35cb64c236444492_roi_4.png,0.8510203957557678,273.2948721638866,17.966066864745848,303.38034649486536,16.80850566809896,30.08547433097874,-1.1575611966468884,30.08547433097874,1.1575611966468884
201_png.rf.53f96182d413a6232eeb003ff97e9a2b_roi_36.png,201_png.rf.53f96182d413a6232eeb003ff97e9a2b_roi_22.png,0.8508771657943726,322.3336638348404,20.893369546711096,344.3925619642139,21.06252361463562,22.05889812937346,0.1691540679245236,22.05889812937346,0.1691540679245236
199_png.rf.91f963b3f081107d35cb64c236444492_roi_31.png,199_png.rf.91f963b3f081107d35cb64c236444492_roi_5.png,0.8506374955177307,283.6113944369666,18.762314521593986,312.2412079771894,18.68455318682957,28.629813540222813,-0.07776133476441416,28.629813540222813,0.07776133476441416
184_png.rf.6bd8662453fe84e9059d3c422101ce05_roi_42.png,184_png.rf.6bd8662453fe84e9059d3c422101ce05_roi_32.png,0.8504902124404907,256.7764208511762,15.474297510410386,272.33763823093807,15.959453687852212,15.561217379761842,0.4851561774418265,15.561217379761842,0.4851561774418265
108_png.rf.160624ea8bde3c8593ffcc9ddb55a11d_roi_36.png,108_png.rf.160624ea8bde3c8593ffcc9ddb55a11d_roi_31.png,0.8500000238418579,208.4424526268517,16.768225226275256,192.59668624920585,20.149145137425545,-15.845766377645845,3.38091991115029,15.845766377645845,3.38091991115029
199_png.rf.91f963b3f081107d35cb64c236444492_roi_40.png,199_png.rf.91f963b3f081107d35cb64c236444492_roi_1.png,0.8500000238418579,283.8728978477964,15.370261408935605,293.22422286937086,15.590754336186071,9.35132502157444,0.22049292725046676,9.35132502157444,0.22049292725046676
182_png.rf.0967c37c759a9b53ffd884e7e4c9177f_roi_35.png,182_png.rf.0967c37c759a9b53ffd884e7e4c9177f_roi_4.png,0.8493150472640991,265.1737178503545,15.39549239390487,281.7353608024259,17.319208319942213,16.561642952071395,1.9237159260373424,16.561642952071395,1.9237159260373424
182_png.rf.0967c37c759a9b53ffd884e7e4c9177f_roi_7.png,182_png.rf.0967c37c759a9b53ffd884e7e4c9177f_roi_23.png,0.8492568731307983,266.6898131469451,16.8732329249906,289.8830391100589,17.98476312078286,23.193225963113832,1.111530195792259,23.193225963113832,1.111530195792259
183_png.rf.3b20a92fe511dac0343f295bffbeeee8_roi_11.png,183_png.rf.3b20a92fe511dac0343f295bffbeeee8_roi_20.png,0.8491296172142029,280.1634747211952,18.963478255215044,308.8771590042459,17.298421999021507,28.713684283050725,-1.6650562561935374,28.713684283050725,1.6650562561935374
182_png.rf.0967c37c759a9b53ffd884e7e4c9177f_roi_1.png,182_png.rf.0967c37c759a9b53ffd884e7e4c9177f_roi_35.png,0.8490195870399475,272.38979856627657,18.8552252023622,288.5772511475267,17.857169714598147,16.187452581250113,-0.9980554877640522,16.187452581250113,0.9980554877640522
198_png.rf.a6082f69ebed660a347004da9c6eb345_roi_50.png,198_png.rf.a6082f69ebed660a347004da9c6eb345_roi_55.png,0.8489702343940735,257.6421815403094,16.445042248557684,278.6879534362894,16.690795899071734,21.045771895979954,0.2457536505140503,21.045771895979954,0.2457536505140503
182_png.rf.0967c37c759a9b53ffd884e7e4c9177f_roi_42.png,182_png.rf.0967c37c759a9b53ffd884e7e4c9177f_roi_12.png,0.848416268825531,297.3621320920413,15.057679522319113,292.85518856314667,15.672156688499433,-4.506943528894624,0.6144771661803201,4.506943528894624,0.6144771661803201
199_png.rf.91f963b3f081107d35cb64c236444492_roi_20.png,199_png.rf.91f963b3f081107d35cb64c236444492_roi_39.png,0.8482142686843872,262.5747326361073,16.535686209087324,277.7179631859287,16.805428248552644,15.143230549821396,0.2697420394653207,15.143230549821396,0.2697420394653207
8_png.rf.948823bca27201cd701a09c4a0aeff25_roi_2.png,8_png.rf.948823bca27201cd701a09c4a0aeff25_roi_7.png,0.8479042053222656,367.3623241589223,24.803504208502307,362.24769564004623,22.083052898049853,-5.1146285188760885,-2.7204513104524537,5.1146285188760885,2.7204513104524537
179_png.rf.c0591f9cd7f1fcb237fa1b02dda68f3d_roi_4.png,179_png.rf.c0591f9cd7f1fcb237fa1b02dda68f3d_roi_8.png,0.8479021191596985,321.1815145506749,18.222190774317664,319.68261252505204,17.78582997176365,-1.49890202562284,-0.4363608025540131,1.49890202562284,0.4363608025540131
174_png.rf.0e87f59ae4c245e42548098544b4cc07_roi_1.png,174_png.rf.0e87f59ae4c245e42548098544b4cc07_roi_5.png,0.8479000926017761,393.08958023083966,21.65400615009306,429.1464767146063,22.55278797774295,36.05689648376665,0.8987818276498878,36.05689648376665,0.8987818276498878
183_png.rf.3b20a92fe511dac0343f295bffbeeee8_roi_30.png,183_png.rf.3b20a92fe511dac0343f295bffbeeee8_roi_1.png,0.8476954102516174,276.80321842510466,17.331485366388684,288.7102081006698,18.79537842471724,11.906989675565114,1.463893058328555,11.906989675565114,1.463893058328555
204_png.rf.9c1306312d5a7647dbaad4a582a67a82_roi_17.png,204_png.rf.9c1306312d5a7647dbaad4a582a67a82_roi_13.png,0.8475836515426636,363.49104257222655,22.323896803364203,364.6250126179917,22.624925298451824,1.1339700457651247,0.3010284950876212,1.1339700457651247,0.3010284950876212
10_png.rf.2a5422c48a272b06a5ed1e4811e31377_roi_5.png,10_png.rf.2a5422c48a272b06a5ed1e4811e31377_roi_12.png,0.8473520278930664,196.66791167282972,16.19090562014634,196.78810772230088,16.588970543554364,0.12019604947116136,0.39806492340802535,0.12019604947116136,0.39806492340802535
185_png.rf.bc8ae0c1c80f40b50b4e1c19f760529c_roi_43.png,185_png.rf.bc8ae0c1c80f40b50b4e1c19f760529c_roi_15.png,0.8470363020896912,286.3313547602011,18.22751447365249,301.8004753829832,18.4194918734814,15.4691206227821,0.19197739982891093,15.4691206227821,0.19197739982891093
189_png.rf.7d05be6532b431c511de90597bccd10d_roi_1.png,189_png.rf.7d05be6532b431c511de90597bccd10d_roi_14.png,0.8469241857528687,311.2029530591172,23.348346695665548,319.1370255771169,21.934110340861864,7.934072517999709,-1.414236354803684,7.934072517999709,1.414236354803684
183_png.rf.3b20a92fe511dac0343f295bffbeeee8_roi_1.png,183_png.rf.3b20a92fe511dac0343f295bffbeeee8_roi_18.png,0.846666693687439,265.5425799231583,17.111081123674367,300.28007095229674,16.728321826365573,34.737491029138425,-0.38275929730879454,34.737491029138425,0.38275929730879454
198_png.rf.a6082f69ebed660a347004da9c6eb345_roi_29.png,198_png.rf.a6082f69ebed660a347004da9c6eb345_roi_44.png,0.8460000157356262,290.0990164174141,16.99045497225031,271.8275168421852,18.908761503681067,-18.27149957522886,1.9183065314307584,18.27149957522886,1.9183065314307584
191_png.rf.ccd508b1558233d55518d246170124b6_roi_35.png,191_png.rf.ccd508b1558233d55518d246170124b6_roi_24.png,0.8459069132804871,269.16936693806576,23.98260003916966,304.5940995611919,20.3467378019478,35.42473262312615,-3.635862237221861,35.42473262312615,3.635862237221861
184_png.rf.6bd8662453fe84e9059d3c422101ce05_roi_4.png,184_png.rf.6bd8662453fe84e9059d3c422101ce05_roi_9.png,0.8456913828849792,279.5720743306079,17.104857064147726,311.5421230057759,17.17308964062658,31.970048675168016,0.06823257647885228,31.970048675168016,0.06823257647885228
189_png.rf.7d05be6532b431c511de90597bccd10d_roi_21.png,189_png.rf.7d05be6532b431c511de90597bccd10d_roi_16.png,0.8453426957130432,292.7629943677883,19.443266367538868,302.0366244306617,19.206709665870644,9.273630062873394,-0.23655670166822418,9.273630062873394,0.23655670166822418
198_png.rf.a6082f69ebed660a347004da9c6eb345_roi_15.png,198_png.rf.a6082f69ebed660a347004da9c6eb345_roi_30.png,0.8447937369346619,316.38528905550487,16.776779179470232,292.7264702471136,17.151742873541945,-23.65881880839129,0.37496369407171315,23.65881880839129,0.37496369407171315
199_png.rf.91f963b3f081107d35cb64c236444492_roi_1.png,199_png.rf.91f963b3f081107d35cb64c236444492_roi_19.png,0.844748854637146,261.50705481296046,15.84750021647677,270.4516436374421,17.071024642779403,8.944588824481627,1.2235244263026317,8.944588824481627,1.2235244263026317
1_png.rf.c0e062ec642b92c3ed761ccf598a7ddd_roi_5.png,1_png.rf.c0e062ec642b92c3ed761ccf598a7ddd_roi_9.png,0.8443449139595032,388.2573877001022,22.202156432617954,416.17607222373977,23.081264925800824,27.91868452363758,0.8791084931828692,27.91868452363758,0.8791084931828692
28_png.rf.40c0dd2c3a202e20adc268d7e72892df_roi_4.png,28_png.rf.40c0dd2c3a202e20adc268d7e72892df_roi_2.png,0.8442105054855347,384.9041319085912,23.138031274347483,415.265120792679,25.164311473900717,30.360988884087817,2.0262801995532342,30.360988884087817,2.0262801995532342
179_png.rf.c0591f9cd7f1fcb237fa1b02dda68f3d_roi_37.png,179_png.rf.c0591f9cd7f1fcb237fa1b02dda68f3d_roi_5.png,0.8439425230026245,276.7146324731712,17.450750627901122,297.6936035991178,16.676678732303426,20.9789711259466,-0.7740718955976966,20.9789711259466,0.7740718955976966
0_png.rf.168a7f1464a843d2217034df0330d03b_roi_2.png,0_png.rf.168a7f1464a843d2217034df0330d03b_roi_10.png,0.8438003063201904,322.8342665828824,18.440979876303786,325.2908872993182,20.09484685243627,2.4566207164357934,1.653866976132484,2.4566207164357934,1.653866976132484
179_png.rf.c0591f9cd7f1fcb237fa1b02dda68f3d_roi_19.png,179_png.rf.c0591f9cd7f1fcb237fa1b02dda68f3d_roi_3.png,0.8435114622116089,283.05503814838386,18.03949305290768,298.7496724751538,18.3860259432616,15.694634326769915,0.3465328903539202,15.694634326769915,0.3465328903539202
7_png.rf.8ce77fd1bebdb67de94465bd206e1900_roi_7.png,7_png.rf.8ce77fd1bebdb67de94465bd206e1900_roi_8.png,0.8434032201766968,345.7187325735868,22.57397654149562,357.7947236455432,24.359683478200704,12.075991071956366,1.7857069367050826,12.075991071956366,1.7857069367050826
189_png.rf.7d05be6532b431c511de90597bccd10d_roi_2.png,189_png.rf.7d05be6532b431c511de90597bccd10d_roi_1.png,0.8432343006134033,294.2921685827028,21.167531317261428,303.148646880452,19.75868493671325,8.85647829774922,-1.4088463805481766,8.85647829774922,1.4088463805481766
182_png.rf.0967c37c759a9b53ffd884e7e4c9177f_roi_13.png,182_png.rf.0967c37c759a9b53ffd884e7e4c9177f_roi_33.png,0.84272301197052,284.6962499822534,14.936477257091845,286.3201663809749,16.237884624980012,1.6239163987215193,1.3014073678881672,1.6239163987215193,1.3014073678881672
175_png.rf.809573d6b32e2ea5b757d39421fb3e6a_roi_18.png,175_png.rf.809573d6b32e2ea5b757d39421fb3e6a_roi_23.png,0.8425925970077515,314.06064483055707,19.240723919000686,353.2182795480504,20.12580996768799,39.15763471749335,0.8850860486873025,39.15763471749335,0.8850860486873025
183_png.rf.3b20a92fe511dac0343f295bffbeeee8_roi_43.png,183_png.rf.3b20a92fe511dac0343f295bffbeeee8_roi_25.png,0.8424124717712402,288.5777869713356,17.282917276477434,301.1880193961792,18.255433829819264,12.61023242484356,0.9725165533418298,12.61023242484356,0.9725165533418298
166_png.rf.aab41b925e03ee5bae283600f05ed7c1_roi_8.png,166_png.rf.aab41b925e03ee5bae283600f05ed7c1_roi_28.png,0.842391312122345,232.55655832323944,15.87621059670056,225.84761059849032,16.35648752571527,-6.708947724749123,0.4802769290147104,6.708947724749123,0.4802769290147104
73_png.rf.102c3065fbe3531b895ddda5312fae46_roi_1.png,73_png.rf.102c3065fbe3531b895ddda5312fae46_roi_8.png,0.8410852551460266,156.95569257768312,16.195015001272484,164.92149972132495,16.04004695015663,7.965807143641825,-0.15496805111585488,7.965807143641825,0.15496805111585488
197_png.rf.65df503798e4ca97659a37a71556dd70_roi_20.png,197_png.rf.65df503798e4ca97659a37a71556dd70_roi_15.png,0.8405796885490417,260.40929969945904,14.853595843833634,277.16028086429446,16.39995695436017,16.750981164835423,1.5463611105265365,16.750981164835423,1.5463611105265365
189_png.rf.7d05be6532b431c511de90597bccd10d_roi_26.png,189_png.rf.7d05be6532b431c511de90597bccd10d_roi_25.png,0.8401826620101929,260.6212265119618,16.781387003147078,276.31925698240497,16.62633286432148,15.698030470443143,-0.15505413882559793,15.698030470443143,0.15505413882559793
198_png.rf.a6082f69ebed660a347004da9c6eb345_roi_20.png,198_png.rf.a6082f69ebed660a347004da9c6eb345_roi_14.png,0.8396226167678833,284.8862016425439,18.497574842078738,303.8830580784482,18.127356072140664,18.996856435904306,-0.3702187699380737,18.996856435904306,0.3702187699380737
68_png.rf.3e865d871ea5e3d6a81f31989516572c_roi_0.png,68_png.rf.3e865d871ea5e3d6a81f31989516572c_roi_6.png,0.8389512896537781,168.2846091569547,15.709080890720143,160.5684296206089,17.138606198617552,-7.7161795363458054,1.4295253078974088,7.7161795363458054,1.4295253078974088
199_png.rf.91f963b3f081107d35cb64c236444492_roi_37.png,199_png.rf.91f963b3f081107d35cb64c236444492_roi_15.png,0.8387681245803833,303.49077101124993,18.492474555054077,315.0292984465176,18.40905982437869,11.538527435267667,-0.0834147306753863,11.538527435267667,0.0834147306753863
189_png.rf.7d05be6532b431c511de90597bccd10d_roi_12.png,189_png.rf.7d05be6532b431c511de90597bccd10d_roi_11.png,0.8385093212127686,287.44354677199254,17.945726516201876,291.9930145760005,16.298162865840645,4.549467804007975,-1.6475636503612314,4.549467804007975,1.6475636503612314
148_png.rf.2792a5b60dde0320afebc5e526e3967a_roi_1.png,148_png.rf.2792a5b60dde0320afebc5e526e3967a_roi_1.png,0.8384955525398254,520.1951117379881,24.43515814436034,545.9099583340395,27.052001625684948,25.714846596051416,2.616843481324608,25.714846596051416,2.616843481324608
164_png.rf.67de034d315f10061f576d8a59ec9e00_roi_18.png,164_png.rf.67de034d315f10061f576d8a59ec9e00_roi_28.png,0.8381295204162598,189.2697535563428,14.304108888936304,204.958042088298,14.687766471803132,15.68828853195518,0.38365758286682805,15.68828853195518,0.38365758286682805
178_png.rf.7a28cebaafb63c780225bdc40509ff93_roi_23.png,178_png.rf.7a28cebaafb63c780225bdc40509ff93_roi_4.png,0.8380129337310791,256.38605299147395,18.45569745934587,287.4560034029231,16.108863874728304,31.069950411449156,-2.346833584617567,31.069950411449156,2.346833584617567
199_png.rf.91f963b3f081107d35cb64c236444492_roi_36.png,199_png.rf.91f963b3f081107d35cb64c236444492_roi_16.png,0.8377282023429871,262.1036133463805,17.72290207993181,275.5933675102779,19.552627173453597,13.48975416389743,1.8297250935217875,13.48975416389743,1.8297250935217875
191_png.rf.ccd508b1558233d55518d246170124b6_roi_13.png,191_png.rf.ccd508b1558233d55518d246170124b6_roi_25.png,0.8376470804214478,222.0098762655251,18.287977620681307,229.31094741829605,19.92009368186075,7.301071152770959,1.6321160611794419,7.301071152770959,1.6321160611794419
191_png.rf.ccd508b1558233d55518d246170124b6_roi_23.png,191_png.rf.ccd508b1558233d55518d246170124b6_roi_5.png,0.8368932008743286,274.35930406465405,17.652612711562092,300.5285636825602,18.533242047789347,26.169259617906164,0.8806293362272548,26.169259617906164,0.8806293362272548
183_png.rf.3b20a92fe511dac0343f295bffbeeee8_roi_25.png,183_png.rf.3b20a92fe511dac0343f295bffbeeee8_roi_2.png,0.8366972208023071,298.89575418906,17.749024426501155,331.0060329158165,17.480152518174954,32.11027872675646,-0.2688719083262008,32.11027872675646,0.2688719083262008
73_png.rf.102c3065fbe3531b895ddda5312fae46_roi_0.png,73_png.rf.102c3065fbe3531b895ddda5312fae46_roi_7.png,0.8365384340286255,295.95094095529663,20.24292886334915,319.6962660856363,20.314623792878457,23.745325130339666,0.07169492952930767,23.745325130339666,0.07169492952930767
192_png.rf.12808d74593343dd08cf480a1596e1bb_roi_8.png,192_png.rf.12808d74593343dd08cf480a1596e1bb_roi_4.png,0.8361045122146606,259.68669125625087,15.2845505762932,272.04614550251193,16.59476889691247,12.359454246261066,1.3102183206192706,12.359454246261066,1.3102183206192706
182_png.rf.0967c37c759a9b53ffd884e7e4c9177f_roi_16.png,182_png.rf.0967c37c759a9b53ffd884e7e4c9177f_roi_38.png,0.8358209133148193,277.27456987008634,20.189522175492023,291.9929490130281,22.46540837017141,14.718379142941785,2.275886194679387,14.718379142941785,2.275886194679387
183_png.rf.3b20a92fe511dac0343f295bffbeeee8_roi_0.png,183_png.rf.3b20a92fe511dac0343f295bffbeeee8_roi_0.png,0.8354166746139526,266.99648731610296,17.49369719948705,294.5909019997037,17.37124799158888,27.594414683600746,-0.1224492078981676,27.594414683600746,0.1224492078981676
178_png.rf.7a28cebaafb63c780225bdc40509ff93_roi_20.png,178_png.rf.7a28cebaafb63c780225bdc40509ff93_roi_2.png,0.8353909254074097,260.93594822405373,19.35617704212388,286.5694299434445,16.71676192762135,25.633481719390772,-2.6394151145025297,25.633481719390772,2.6394151145025297
192_png.rf.12808d74593343dd08cf480a1596e1bb_roi_41.png,192_png.rf.12808d74593343dd08cf480a1596e1bb_roi_5.png,0.8352668285369873,257.35757520968394,16.18985567126777,275.6846868074,16.42310479815726,18.327111597716055,0.23324912688948984,18.327111597716055,0.23324912688948984
72_png.rf.e077661159386a8d9dfdaf279fb21f95_roi_5.png,72_png.rf.e077661159386a8d9dfdaf279fb21f95_roi_14.png,0.8350515365600586,233.8504789153836,15.480803881858634,268.102835468808,16.205228302467994,34.25235655342439,0.7244244206093597,34.25235655342439,0.7244244206093597
179_png.rf.c0591f9cd7f1fcb237fa1b02dda68f3d_roi_8.png,179_png.rf.c0591f9cd7f1fcb237fa1b02dda68f3d_roi_36.png,0.8348416090011597,253.2104802822164,17.90629386417586,276.928831075292,16.102371386170013,23.718350793075615,-1.8039224780058483,23.718350793075615,1.8039224780058483
73_png.rf.102c3065fbe3531b895ddda5312fae46_roi_8.png,73_png.rf.102c3065fbe3531b895ddda5312fae46_roi_13.png,0.833707869052887,226.7796216385924,19.710093707629493,243.0121638320541,19.11516727113876,16.23254219346171,-0.5949264364907343,16.23254219346171,0.5949264364907343
201_png.rf.53f96182d413a6232eeb003ff97e9a2b_roi_35.png,201_png.rf.53f96182d413a6232eeb003ff97e9a2b_roi_36.png,0.8335517644882202,347.29549841217784,20.655902959330334,379.9301265432604,21.77824374393912,32.63462813108259,1.122340784608788,32.63462813108259,1.122340784608788
119_png.rf.497c650b0290be25e8f041e87b86f7f7_roi_6.png,119_png.rf.497c650b0290be25e8f041e87b86f7f7_roi_42.png,0.8333333134651184,219.27305200115012,17.193868662714372,222.5492772203756,16.353807210175543,3.2762252192254664,-0.8400614525388299,3.2762252192254664,0.8400614525388299
191_png.rf.ccd508b1558233d55518d246170124b6_roi_1.png,191_png.rf.ccd508b1558233d55518d246170124b6_roi_3.png,0.8333333134651184,235.67175521758503,14.567161441228098,259.9537346043201,15.456822721180588,24.281979386735088,0.8896612799524899,24.281979386735088,0.8896612799524899
201_png.rf.53f96182d413a6232eeb003ff97e9a2b_roi_25.png,201_png.rf.53f96182d413a6232eeb003ff97e9a2b_roi_39.png,0.8331573605537415,424.8897133243505,20.666199586963145,460.5988680136514,22.02048628073645,35.709154689300874,1.3542866937733038,35.709154689300874,1.3542866937733038
199_png.rf.91f963b3f081107d35cb64c236444492_roi_21.png,199_png.rf.91f963b3f081107d35cb64c236444492_roi_20.png,0.8329979777336121,281.5253061161598,16.72292425496041,291.69616143959365,17.613393213495673,10.170855323433841,0.8904689585352621,10.170855323433841,0.8904689585352621
178_png.rf.7a28cebaafb63c780225bdc40509ff93_roi_3.png,178_png.rf.7a28cebaafb63c780225bdc40509ff93_roi_0.png,0.8327525854110718,299.1781777561085,18.39672043417814,341.7973235717568,18.096349050353773,42.619145815648324,-0.30037138382436623,42.619145815648324,0.30037138382436623
197_png.rf.65df503798e4ca97659a37a71556dd70_roi_27.png,197_png.rf.65df503798e4ca97659a37a71556dd70_roi_0.png,0.8325688242912292,286.7386703573515,14.258617657026248,284.8626501118187,16.89983569759288,-1.8760202455328,2.641218040566633,1.8760202455328,2.641218040566633
43_png.rf.f92ac1c3d728224bd78398bb8164339c_roi_1.png,43_png.rf.f92ac1c3d728224bd78398bb8164339c_roi_3.png,0.8324324488639832,364.9856831915965,21.970376100432038,349.4134225166969,19.760147821396583,-15.572260674899553,-2.210228279035455,15.572260674899553,2.210228279035455
197_png.rf.65df503798e4ca97659a37a71556dd70_roi_10.png,197_png.rf.65df503798e4ca97659a37a71556dd70_roi_6.png,0.8323699235916138,270.1650554955358,17.729080820961777,308.46724980449216,18.784866028656264,38.30219430895636,1.0557852076944876,38.30219430895636,1.0557852076944876
201_png.rf.53f96182d413a6232eeb003ff97e9a2b_roi_5.png,201_png.rf.53f96182d413a6232eeb003ff97e9a2b_roi_38.png,0.8323643207550049,408.8423445429312,23.591156816873696,425.8093196409948,26.259435437638096,16.966975098063585,2.6682786207644007,16.966975098063585,2.6682786207644007
189_png.rf.7d05be6532b431c511de90597bccd10d_roi_8.png,189_png.rf.7d05be6532b431c511de90597bccd10d_roi_23.png,0.8322784900665283,269.87158268179047,23.50900369082649,308.65311521724533,21.228923457999905,38.78153253545486,-2.2800802328265846,38.78153253545486,2.2800802328265846
189_png.rf.7d05be6532b431c511de90597bccd10d_roi_13.png,189_png.rf.7d05be6532b431c511de90597bccd10d_roi_19.png,0.8321838974952698,261.0713653229101,16.089374717170994,275.4618886434903,16.450856172441107,14.3905233205802,0.36148145527011266,14.3905233205802,0.36148145527011266
183_png.rf.3b20a92fe511dac0343f295bffbeeee8_roi_40.png,183_png.rf.3b20a92fe511dac0343f295bffbeeee8_roi_17.png,0.8319501876831055,260.33751409092736,17.482605358706778,285.5297669298376,17.89599086730813,25.192252838910235,0.41338550860135115,25.192252838910235,0.41338550860135115
186_png.rf.e28aa84e9aab65412588f8dab6908c6a_roi_36.png,186_png.rf.e28aa84e9aab65412588f8dab6908c6a_roi_34.png,0.8318777084350586,287.8632310217217,15.259979173988857,308.8385994492438,15.779940314754429,20.97536842752214,0.519961140765572,20.97536842752214,0.519961140765572
184_png.rf.6bd8662453fe84e9059d3c422101ce05_roi_10.png,184_png.rf.6bd8662453fe84e9059d3c422101ce05_roi_4.png,0.8315789699554443,241.3318223192296,15.832497650527491,260.56445312358386,15.055812894438432,19.232630804354272,-0.7766847560890593,19.232630804354272,0.7766847560890593
185_png.rf.bc8ae0c1c80f40b50b4e1c19f760529c_roi_34.png,185_png.rf.bc8ae0c1c80f40b50b4e1c19f760529c_roi_4.png,0.8311195373535156,276.22856482831094,18.29862903204971,311.48943025964707,17.809553491830204,35.26086543133613,-0.48907554021950617,35.26086543133613,0.48907554021950617
199_png.rf.91f963b3f081107d35cb64c236444492_roi_30.png,199_png.rf.91f963b3f081107d35cb64c236444492_roi_14.png,0.8309859037399292,313.30107013240735,18.76522871468032,320.7957641636451,17.539908882553117,7.494694031237771,-1.2253198321272016,7.494694031237771,1.2253198321272016
197_png.rf.65df503798e4ca97659a37a71556dd70_roi_28.png,197_png.rf.65df503798e4ca97659a37a71556dd70_roi_5.png,0.8306264281272888,279.74490332814884,14.167304033081932,283.25610966396744,16.798208333469617,3.511206335818599,2.6309043003876855,3.511206335818599,2.6309043003876855
182_png.rf.0967c37c759a9b53ffd884e7e4c9177f_roi_36.png,182_png.rf.0967c37c759a9b53ffd884e7e4c9177f_roi_21.png,0.8303964734077454,257.18087684044485,16.02413343558533,285.0298751931526,17.39122828113233,27.848998352707724,1.3670948455470011,27.848998352707724,1.3670948455470011
192_png.rf.12808d74593343dd08cf480a1596e1bb_roi_43.png,192_png.rf.12808d74593343dd08cf480a1596e1bb_roi_22.png,0.8303167223930359,262.64317888117813,17.276771221124466,269.7023879031792,16.261881962131852,7.059209022001085,-1.0148892589926142,7.059209022001085,1.0148892589926142
201_png.rf.53f96182d413a6232eeb003ff97e9a2b_roi_20.png,201_png.rf.53f96182d413a6232eeb003ff97e9a2b_roi_17.png,0.8300653696060181,364.58329436635614,20.787893672551537,389.7352658129762,20.649619584575994,25.151971446620053,-0.13827408797554241,25.151971446620053,0.13827408797554241
105_png.rf.2038c199fbe085aed32df6eb357079f4_roi_4.png,105_png.rf.2038c199fbe085aed32df6eb357079f4_roi_45.png,0.829971194267273,204.6436278580322,17.784233843984083,207.20068898708283,15.818737725827026,2.5570611290506235,-1.9654961181570574,2.5570611290506235,1.9654961181570574
198_png.rf.a6082f69ebed660a347004da9c6eb345_roi_3.png,198_png.rf.a6082f69ebed660a347004da9c6eb345_roi_20.png,0.8295254707336426,285.5041783534137,19.32381313921753,314.5083247112968,18.939785507776968,29.004146357883087,-0.3840276314405635,29.004146357883087,0.3840276314405635
203_png.rf.266e32473f7481847a72330557f1e873_roi_45.png,203_png.rf.266e32473f7481847a72330557f1e873_roi_35.png,0.8290870785713196,412.1543429421792,22.921392772043863,444.9067097445469,21.84841854456749,32.7523668023677,-1.0729742274763723,32.7523668023677,1.0729742274763723
189_png.rf.7d05be6532b431c511de90597bccd10d_roi_27.png,189_png.rf.7d05be6532b431c511de90597bccd10d_roi_10.png,0.8289241790771484,267.6028929486659,20.53243430641735,287.5567657415751,20.068478709823182,19.95387279290918,-0.4639555965941682,19.95387279290918,0.4639555965941682
201_png.rf.53f96182d413a6232eeb003ff97e9a2b_roi_37.png,201_png.rf.53f96182d413a6232eeb003ff97e9a2b_roi_21.png,0.8286358714103699,380.6675855197826,21.42540370284659,426.6619968494023,22.45817169597709,45.99441132961971,1.0327679931304985,45.99441132961971,1.0327679931304985
179_png.rf.c0591f9cd7f1fcb237fa1b02dda68f3d_roi_1.png,179_png.rf.c0591f9cd7f1fcb237fa1b02dda68f3d_roi_40.png,0.82833331823349,297.78181075698825,20.450420177158136,297.79499538099265,19.995857585493656,0.013184624004395573,-0.4545625916644802,0.013184624004395573,0.4545625916644802
192_png.rf.12808d74593343dd08cf480a1596e1bb_roi_34.png,192_png.rf.12808d74593343dd08cf480a1596e1bb_roi_0.png,0.8283261656761169,262.3583407856628,17.0433942228542,281.1746858611178,17.613305849785014,18.81634507545499,0.5699116269308142,18.81634507545499,0.5699116269308142
63_png.rf.1b23e63a8895068458c0232cd4607ada_roi_17.png,63_png.rf.1b23e63a8895068458c0232cd4607ada_roi_22.png,0.8282732367515564,463.9567840298628,21.61243571634308,489.86085905018825,23.14333096929007,25.90407502032548,1.5308952529469906,25.90407502032548,1.5308952529469906
192_png.rf.12808d74593343dd08cf480a1596e1bb_roi_35.png,192_png.rf.12808d74593343dd08cf480a1596e1bb_roi_1.png,0.8281938433647156,268.1730164776835,16.14453348240165,292.7397863499455,16.627269160797933,24.566769872262,0.48273567839628484,24.566769872262,0.48273567839628484
204_png.rf.9c1306312d5a7647dbaad4a582a67a82_roi_15.png,204_png.rf.9c1306312d5a7647dbaad4a582a67a82_roi_22.png,0.8279445767402649,401.3017172000481,20.24976443202884,420.69811759978535,22.850838918527856,19.396400399737274,2.601074486499016,19.396400399737274,2.601074486499016
189_png.rf.7d05be6532b431c511de90597bccd10d_roi_24.png,189_png.rf.7d05be6532b431c511de90597bccd10d_roi_18.png,0.827659547328949,279.73893816939017,16.146174178410714,299.10175895850904,16.497451081636477,19.36282078911887,0.351276903225763,19.36282078911887,0.351276903225763
184_png.rf.6bd8662453fe84e9059d3c422101ce05_roi_28.png,184_png.rf.6bd8662453fe84e9059d3c422101ce05_roi_39.png,0.827368438243866,274.3526044741829,16.928802406020928,293.82437342537645,16.794581749452256,19.471768951193553,-0.13422065656867233,19.471768951193553,0.13422065656867233
182_png.rf.0967c37c759a9b53ffd884e7e4c9177f_roi_31.png,182_png.rf.0967c37c759a9b53ffd884e7e4c9177f_roi_5.png,0.8272552490234375,278.2972301210903,17.229605466598247,317.8454410129553,18.270660041566604,39.54821089186498,1.0410545749683564,39.54821089186498,1.0410545749683564
182_png.rf.0967c37c759a9b53ffd884e7e4c9177f_roi_8.png,182_png.rf.0967c37c759a9b53ffd884e7e4c9177f_roi_42.png,0.8266128897666931,282.95994467503976,16.409778705571917,315.7341411186751,17.476992162450244,32.77419644363533,1.0672134568783278,32.77419644363533,1.0672134568783278
203_png.rf.266e32473f7481847a72330557f1e873_roi_4.png,203_png.rf.266e32473f7481847a72330557f1e873_roi_28.png,0.8265720009803772,375.9271193468255,24.43266690007557,449.2606351086856,23.489862270615284,73.3335157618601,-0.9428046294602872,73.3335157618601,0.9428046294602872
210_png.rf.37664261b5173a849baac9224dbf2912_roi_11.png,210_png.rf.37664261b5173a849baac9224dbf2912_roi_29.png,0.8259459733963013,419.4060758255753,20.843713853249707,445.35337970412985,22.180926162447964,25.947303878554578,1.3372123091982573,25.947303878554578,1.3372123091982573
185_png.rf.bc8ae0c1c80f40b50b4e1c19f760529c_roi_38.png,185_png.rf.bc8ae0c1c80f40b50b4e1c19f760529c_roi_28.png,0.8258928656578064,237.9536483304884,19.39651718280729,255.70534404098223,17.33319295075289,17.751695710493834,-2.063324232054402,17.751695710493834,2.063324232054402
201_png.rf.53f96182d413a6232eeb003ff97e9a2b_roi_24.png,201_png.rf.53f96182d413a6232eeb003ff97e9a2b_roi_34.png,0.8250401020050049,317.3973438583401,18.30822039632816,345.2731193603468,19.095369808368133,27.875775502006718,0.7871494120399731,27.875775502006718,0.7871494120399731
183_png.rf.3b20a92fe511dac0343f295bffbeeee8_roi_24.png,183_png.rf.3b20a92fe511dac0343f295bffbeeee8_roi_5.png,0.8248847723007202,274.6401111307479,23.367481290151904,322.8402042615021,20.736532248236863,48.20009313075417,-2.6309490419150414,48.20009313075417,2.6309490419150414
137_png.rf.fb5c25dce1b41853ef65d16e882cdb0b_roi_22.png,137_png.rf.fb5c25dce1b41853ef65d16e882cdb0b_roi_17.png,0.8246753215789795,208.2651354830965,13.820390742908474,224.70886603440707,14.755522638427864,16.44373055131058,0.9351318955193904,16.44373055131058,0.9351318955193904
63_png.rf.1b23e63a8895068458c0232cd4607ada_roi_31.png,63_png.rf.1b23e63a8895068458c0232cd4607ada_roi_23.png,0.8246268630027771,395.00582358042914,21.3813539405241,393.9245207117289,19.88445016670856,-1.0813028687002202,-1.4969037738155393,1.0813028687002202,1.4969037738155393
186_png.rf.e28aa84e9aab65412588f8dab6908c6a_roi_31.png,186_png.rf.e28aa84e9aab65412588f8dab6908c6a_roi_8.png,0.8243243098258972,275.2684693415211,17.269192809965723,312.0816809927166,18.215761117169507,36.8132116511955,0.9465683072037834,36.8132116511955,0.9465683072037834
199_png.rf.91f963b3f081107d35cb64c236444492_roi_38.png,199_png.rf.91f963b3f081107d35cb64c236444492_roi_17.png,0.8243243098258972,268.4587297786578,18.642543298857245,305.8414109485029,18.142228893514545,37.382681169845114,-0.5003144053426993,37.382681169845114,0.5003144053426993
201_png.rf.53f96182d413a6232eeb003ff97e9a2b_roi_21.png,201_png.rf.53f96182d413a6232eeb003ff97e9a2b_roi_9.png,0.8241469860076904,366.9594400570054,20.106110358344846,388.9900986460454,20.489706365542755,22.03065858904,0.38359600719790876,22.03065858904,0.38359600719790876
198_png.rf.a6082f69ebed660a347004da9c6eb345_roi_56.png,198_png.rf.a6082f69ebed660a347004da9c6eb345_roi_45.png,0.8237791657447815,273.1870135213201,15.882832654264332,285.9250856965512,17.986440481778946,12.738072175231082,2.1036078275146135,12.738072175231082,2.1036078275146135
199_png.rf.91f963b3f081107d35cb64c236444492_roi_39.png,199_png.rf.91f963b3f081107d35cb64c236444492_roi_0.png,0.8236473202705383,277.60148643865097,17.120123146683238,303.1473380245222,17.626675116195745,25.54585158587122,0.5065519695125076,25.54585158587122,0.5065519695125076
198_png.rf.a6082f69ebed660a347004da9c6eb345_roi_42.png,198_png.rf.a6082f69ebed660a347004da9c6eb345_roi_38.png,0.8226414918899536,273.73246466051813,19.041826597326832,297.847713700401,18.268346202626585,24.115249039882883,-0.7734803947002469,24.115249039882883,0.7734803947002469
199_png.rf.91f963b3f081107d35cb64c236444492_roi_34.png,199_png.rf.91f963b3f081107d35cb64c236444492_roi_21.png,0.8223684430122375,283.0108503104468,15.843275401024105,284.0331642108739,16.228911701395674,1.0223139004270934,0.38563630037156926,1.0223139004270934,0.38563630037156926
82_png.rf.78a828637d0fdf11d14f1d4b7920f8d0_roi_6.png,82_png.rf.78a828637d0fdf11d14f1d4b7920f8d0_roi_31.png,0.8223552703857422,244.80316859933248,18.52821385681536,268.7950067594448,20.62522545936365,23.99183816011231,2.0970116025482923,23.99183816011231,2.0970116025482923
182_png.rf.0967c37c759a9b53ffd884e7e4c9177f_roi_27.png,182_png.rf.0967c37c759a9b53ffd884e7e4c9177f_roi_11.png,0.8223234415054321,277.4045939718937,14.486400728971262,288.5974547266035,16.698446886524735,11.192860754709784,2.2120461575534733,11.192860754709784,2.2120461575534733
179_png.rf.c0591f9cd7f1fcb237fa1b02dda68f3d_roi_22.png,179_png.rf.c0591f9cd7f1fcb237fa1b02dda68f3d_roi_18.png,0.8221757411956787,278.12614265799203,17.05825559003368,277.2223867876737,17.36870446566524,-0.9037558703183208,0.31044887563155754,0.9037558703183208,0.31044887563155754
191_png.rf.ccd508b1558233d55518d246170124b6_roi_3.png,191_png.rf.ccd508b1558233d55518d246170124b6_roi_9.png,0.8221153616905212,243.80527063374237,16.090586497365035,282.0361016557377,15.936717496202697,38.23083102199533,-0.15386900116233804,38.23083102199533,0.15386900116233804
183_png.rf.3b20a92fe511dac0343f295bffbeeee8_roi_18.png,183_png.rf.3b20a92fe511dac0343f295bffbeeee8_roi_30.png,0.8218181729316711,283.1040779588329,18.4977325945667,306.3240052701454,19.022474682595558,23.219927311312517,0.5247420880288587,23.219927311312517,0.5247420880288587
189_png.rf.7d05be6532b431c511de90597bccd10d_roi_30.png,189_png.rf.7d05be6532b431c511de90597bccd10d_roi_27.png,0.8218181729316711,279.13005496592086,18.73721138551801,307.6412143601493,18.748700669577392,28.511159394228457,0.011489284059383209,28.511159394228457,0.011489284059383209
75_png.rf.2aa347a6ff8e31fa4798b098640f9673_roi_3.png,75_png.rf.2aa347a6ff8e31fa4798b098640f9673_roi_0.png,0.8217716217041016,377.9037417482919,23.17813142462561,424.2666909717557,23.94014358476564,46.36294922346377,0.7620121601400278,46.36294922346377,0.7620121601400278
181_png.rf.ed2dab6cb9f32b92e05149769e05b4e6_roi_0.png,181_png.rf.ed2dab6cb9f32b92e05149769e05b4e6_roi_21.png,0.8215053677558899,263.9988892236468,17.203472217784707,273.8600207155721,17.55256642827716,9.861131491925278,0.3490942104924528,9.861131491925278,0.3490942104924528
182_png.rf.0967c37c759a9b53ffd884e7e4c9177f_roi_20.png,182_png.rf.0967c37c759a9b53ffd884e7e4c9177f_roi_28.png,0.8214285969734192,271.0819801701771,19.250340513828267,312.5336050317792,19.522897705263446,41.45162486160211,0.27255719143517965,41.45162486160211,0.27255719143517965
43_png.rf.f92ac1c3d728224bd78398bb8164339c_roi_3.png,43_png.rf.f92ac1c3d728224bd78398bb8164339c_roi_2.png,0.8207343220710754,248.85616016924732,19.052226566382476,268.3540441043941,16.362069578495845,19.497883935146803,-2.690156987886631,19.497883935146803,2.690156987886631
198_png.rf.a6082f69ebed660a347004da9c6eb345_roi_7.png,198_png.rf.a6082f69ebed660a347004da9c6eb345_roi_36.png,0.8204488754272461,244.26794124806543,16.33420367532802,286.437625584582,14.395159312658036,42.16968433651658,-1.9390443626699838,42.16968433651658,1.9390443626699838
183_png.rf.3b20a92fe511dac0343f295bffbeeee8_roi_7.png,183_png.rf.3b20a92fe511dac0343f295bffbeeee8_roi_12.png,0.8202247023582458,263.8626567460895,19.190862255448717,300.58103606547115,18.71776808888449,36.718379319381654,-0.473094166564227,36.718379319381654,0.473094166564227
148_png.rf.2792a5b60dde0320afebc5e526e3967a_roi_0.png,148_png.rf.2792a5b60dde0320afebc5e526e3967a_roi_13.png,0.8202165961265564,524.0386392598358,25.81593823747246,572.4118259199554,24.95382623211664,48.373186660119586,-0.8621120053558187,48.373186660119586,0.8621120053558187
57_png.rf.8f487a26af5047f2a1caf0288f3e993b_roi_7.png,57_png.rf.8f487a26af5047f2a1caf0288f3e993b_roi_19.png,0.8201133012771606,337.9130417500834,19.532177569360247,377.53435532318247,20.4651597908358,39.62131357309909,0.9329822214755517,39.62131357309909,0.9329822214755517
198_png.rf.a6082f69ebed660a347004da9c6eb345_roi_5.png,198_png.rf.a6082f69ebed660a347004da9c6eb345_roi_46.png,0.8199999928474426,285.09090236243094,17.247979592433783,299.84291091412564,17.024787393860162,14.7520085516947,-0.22319219857362071,14.7520085516947,0.22319219857362071
203_png.rf.266e32473f7481847a72330557f1e873_roi_25.png,203_png.rf.266e32473f7481847a72330557f1e873_roi_34.png,0.8197473883628845,409.387115977248,19.912881090902783,434.02569801683546,21.56849518913374,24.638582039587448,1.6556140982309557,24.638582039587448,1.6556140982309557
197_png.rf.65df503798e4ca97659a37a71556dd70_roi_32.png,197_png.rf.65df503798e4ca97659a37a71556dd70_roi_13.png,0.8195488452911377,233.62491235122687,15.450360810257465,251.27101073956783,17.09429829189379,17.64609838834096,1.6439374816363248,17.64609838834096,1.6439374816363248
201_png.rf.53f96182d413a6232eeb003ff97e9a2b_roi_10.png,201_png.rf.53f96182d413a6232eeb003ff97e9a2b_roi_23.png,0.8192513585090637,411.8141361548864,20.66963108866997,438.0418834786833,23.81840012757832,26.227747323796905,3.148769038908352,26.227747323796905,3.148769038908352
179_png.rf.c0591f9cd7f1fcb237fa1b02dda68f3d_roi_15.png,179_png.rf.c0591f9cd7f1fcb237fa1b02dda68f3d_roi_14.png,0.8187808990478516,277.5921419844471,22.0624602170273,292.85035032099614,20.75177293228798,15.258208336549046,-1.3106872847393198,15.258208336549046,1.3106872847393198
201_png.rf.53f96182d413a6232eeb003ff97e9a2b_roi_33.png,201_png.rf.53f96182d413a6232eeb003ff97e9a2b_roi_28.png,0.8187500238418579,440.67306609891216,20.371830380704107,488.3447644694402,20.70782096521576,47.67169837052802,0.3359905845116522,47.67169837052802,0.3359905845116522
189_png.rf.7d05be6532b431c511de90597bccd10d_roi_15.png,189_png.rf.7d05be6532b431c511de90597bccd10d_roi_9.png,0.818737268447876,263.3188089863387,19.119285575466105,270.6180487781584,17.64759455223073,7.29923979181973,-1.4716910232353762,7.29923979181973,1.4716910232353762
179_png.rf.c0591f9cd7f1fcb237fa1b02dda68f3d_roi_20.png,179_png.rf.c0591f9cd7f1fcb237fa1b02dda68f3d_roi_16.png,0.8185654282569885,260.18155235278846,17.87017336435396,283.1581739326607,16.765830379519578,22.976621579872244,-1.104342984834382,22.976621579872244,1.104342984834382
189_png.rf.7d05be6532b431c511de90597bccd10d_roi_31.png,189_png.rf.7d05be6532b431c511de90597bccd10d_roi_0.png,0.818385660648346,262.8055937578752,17.120143870604817,269.5275808697931,16.646799875394144,6.721987111917883,-0.47334399521067283,6.721987111917883,0.47334399521067283
185_png.rf.bc8ae0c1c80f40b50b4e1c19f760529c_roi_9.png,185_png.rf.bc8ae0c1c80f40b50b4e1c19f760529c_roi_40.png,0.8183632493019104,278.3432372614031,16.292659000313265,323.7896089818267,17.0550836751981,45.4463717204236,0.7624246748848371,45.4463717204236,0.7624246748848371
182_png.rf.0967c37c759a9b53ffd884e7e4c9177f_roi_26.png,182_png.rf.0967c37c759a9b53ffd884e7e4c9177f_roi_40.png,0.8181818127632141,250.33818293611895,16.287310159881034,283.2409152894478,17.05310031848879,32.902732353328844,0.7657901586077571,32.902732353328844,0.7657901586077571
203_png.rf.266e32473f7481847a72330557f1e873_roi_46.png,203_png.rf.266e32473f7481847a72330557f1e873_roi_22.png,0.8180816173553467,457.19117088830245,18.69549265591746,469.7685412193738,20.90858883382998,12.577370331071336,2.2130961779125222,12.577370331071336,2.2130961779125222
198_png.rf.a6082f69ebed660a347004da9c6eb345_roi_18.png,198_png.rf.a6082f69ebed660a347004da9c6eb345_roi_42.png,0.8179824352264404,257.07541205510654,17.19040513384861,274.0615551969304,17.041411371178164,16.986143141823845,-0.14899376267044673,16.986143141823845,0.14899376267044673
199_png.rf.91f963b3f081107d35cb64c236444492_roi_14.png,199_png.rf.91f963b3f081107d35cb64c236444492_roi_11.png,0.817966878414154,263.14704598763336,15.658678669559531,266.08497675974513,16.82111626588309,2.93793077211177,1.16243759632356,2.93793077211177,1.16243759632356
198_png.rf.a6082f69ebed660a347004da9c6eb345_roi_61.png,198_png.rf.a6082f69ebed660a347004da9c6eb345_roi_40.png,0.8178571462631226,278.4078719783212,18.50347538141035,306.70185104463565,19.49941283364368,28.29397906631442,0.9959374522333313,28.29397906631442,0.9959374522333313
57_png.rf.8f487a26af5047f2a1caf0288f3e993b_roi_3.png,57_png.rf.8f487a26af5047f2a1caf0288f3e993b_roi_22.png,0.8178392052650452,337.6950168791298,21.95425578367558,397.3636721514648,21.718899648489312,59.668655272335,-0.23535613518626874,59.668655272335,0.23535613518626874
189_png.rf.7d05be6532b431c511de90597bccd10d_roi_0.png,189_png.rf.7d05be6532b431c511de90597bccd10d_roi_2.png,0.817460298538208,262.7306918677179,17.87973787821833,291.5121768948193,18.331824597786987,28.781485027101382,0.4520867195686584,28.781485027101382,0.4520867195686584
183_png.rf.3b20a92fe511dac0343f295bffbeeee8_roi_16.png,183_png.rf.3b20a92fe511dac0343f295bffbeeee8_roi_33.png,0.8172042965888977,263.7931411499086,16.152656208758717,301.4491986113654,16.59097173524226,37.65605746145678,0.43831552648354233,37.65605746145678,0.43831552648354233
199_png.rf.91f963b3f081107d35cb64c236444492_roi_10.png,199_png.rf.91f963b3f081107d35cb64c236444492_roi_27.png,0.8167939186096191,305.4476566831592,19.46784443876128,338.5731996253031,21.197022106505003,33.12554294214391,1.7291776677437234,33.12554294214391,1.7291776677437234
198_png.rf.a6082f69ebed660a347004da9c6eb345_roi_58.png,198_png.rf.a6082f69ebed660a347004da9c6eb345_roi_60.png,0.8163265585899353,282.30282342229066,16.308965198954006,299.5292734747768,16.95201534474932,17.226450052486143,0.6430501457953142,17.226450052486143,0.6430501457953142
198_png.rf.a6082f69ebed660a347004da9c6eb345_roi_4.png,198_png.rf.a6082f69ebed660a347004da9c6eb345_roi_29.png,0.8159090876579285,274.380869542068,15.529574197601963,281.89111993681763,16.03883408885697,7.510250394749619,0.5092598912550059,7.510250394749619,0.5092598912550059
198_png.rf.a6082f69ebed660a347004da9c6eb345_roi_9.png,198_png.rf.a6082f69ebed660a347004da9c6eb345_roi_1.png,0.8157894611358643,286.6410216104909,17.040867110963884,282.9493125134494,17.56082865564855,-3.691709097041496,0.5199615446846657,3.691709097041496,0.5199615446846657
182_png.rf.0967c37c759a9b53ffd884e7e4c9177f_roi_4.png,182_png.rf.0967c37c759a9b53ffd884e7e4c9177f_roi_41.png,0.8151260614395142,265.8013123122654,15.988994752158572,285.6468663364007,18.23746855559207,19.84555402413531,2.248473803433498,19.84555402413531,2.248473803433498
178_png.rf.7a28cebaafb63c780225bdc40509ff93_roi_21.png,178_png.rf.7a28cebaafb63c780225bdc40509ff93_roi_20.png,0.8149688243865967,284.8666121459028,15.671845748241896,301.11546751255327,17.438336576916036,16.248855366650446,1.76649082867414,16.248855366650446,1.76649082867414
184_png.rf.6bd8662453fe84e9059d3c422101ce05_roi_13.png,184_png.rf.6bd8662453fe84e9059d3c422101ce05_roi_20.png,0.8148788809776306,309.43420632264684,17.38990432473406,330.8661581848466,18.449288280918825,21.431951862199753,1.0593839561847638,21.431951862199753,1.0593839561847638
189_png.rf.7d05be6532b431c511de90597bccd10d_roi_7.png,189_png.rf.7d05be6532b431c511de90597bccd10d_roi_15.png,0.8146341443061829,264.62011422261327,22.48104489591478,292.13315278980684,21.564125951557493,27.513038567193576,-0.9169189443572883,27.513038567193576,0.9169189443572883
199_png.rf.91f963b3f081107d35cb64c236444492_roi_5.png,199_png.rf.91f963b3f081107d35cb64c236444492_roi_8.png,0.814479649066925,256.4811969372648,15.597685096947474,276.0048585003727,17.529519723835257,19.52366156310785,1.9318346268877828,19.52366156310785,1.9318346268877828
190_png.rf.ea6033d055823de830c765b14ce68d00_roi_23.png,190_png.rf.ea6033d055823de830c765b14ce68d00_roi_27.png,0.814385175704956,261.2296366638114,14.610614305036073,276.2028876213292,16.81303428407219,14.973250957517791,2.2024199790361187,14.973250957517791,2.2024199790361187
192_png.rf.12808d74593343dd08cf480a1596e1bb_roi_12.png,192_png.rf.12808d74593343dd08cf480a1596e1bb_roi_25.png,0.8142201900482178,260.81972422422655,16.95024448091897,277.5905430136288,15.773036649451498,16.770818789402256,-1.17720783146747,16.770818789402256,1.17720783146747
184_png.rf.6bd8662453fe84e9059d3c422101ce05_roi_12.png,184_png.rf.6bd8662453fe84e9059d3c422101ce05_roi_19.png,0.8141025900840759,281.61871684306186,15.300933672890118,313.7055007411947,16.224453855509324,32.086783898132865,0.9235201826192068,32.086783898132865,0.9235201826192068
197_png.rf.65df503798e4ca97659a37a71556dd70_roi_51.png,197_png.rf.65df503798e4ca97659a37a71556dd70_roi_26.png,0.8140900135040283,294.8031343647932,16.078027878527895,295.5685640510884,18.54882467889393,0.7654296862951924,2.4707968003660348,0.7654296862951924,2.4707968003660348
186_png.rf.e28aa84e9aab65412588f8dab6908c6a_roi_32.png,186_png.rf.e28aa84e9aab65412588f8dab6908c6a_roi_13.png,0.8138195872306824,288.52583041035166,17.51361956923358,306.91215050733405,17.56203435294042,18.386320096982388,0.04841478370683916,18.386320096982388,0.04841478370683916
182_png.rf.0967c37c759a9b53ffd884e7e4c9177f_roi_2.png,182_png.rf.0967c37c759a9b53ffd884e7e4c9177f_roi_19.png,0.8134990930557251,304.4370273834911,17.342536094023085,317.2650198833632,18.739856494565267,12.827992499872096,1.3973204005421813,12.827992499872096,1.3973204005421813
178_png.rf.7a28cebaafb63c780225bdc40509ff93_roi_18.png,178_png.rf.7a28cebaafb63c780225bdc40509ff93_roi_1.png,0.8133874535560608,277.3621267994745,17.895933090218318,285.7601679976125,16.963304184213815,8.398041198138003,-0.9326289060045028,8.398041198138003,0.9326289060045028
183_png.rf.3b20a92fe511dac0343f295bffbeeee8_roi_22.png,183_png.rf.3b20a92fe511dac0343f295bffbeeee8_roi_34.png,0.8130671381950378,280.91213593659154,18.365183370606225,296.3641115920572,19.250137557448237,15.451975655465674,0.8849541868420125,15.451975655465674,0.8849541868420125
183_png.rf.3b20a92fe511dac0343f295bffbeeee8_roi_37.png,183_png.rf.3b20a92fe511dac0343f295bffbeeee8_roi_7.png,0.8126232624053955,290.5292759828175,17.068919860432352,293.9930013019179,17.51901152851115,3.4637253191003765,0.4500916680787981,3.4637253191003765,0.4500916680787981
197_png.rf.65df503798e4ca97659a37a71556dd70_roi_22.png,197_png.rf.65df503798e4ca97659a37a71556dd70_roi_54.png,0.8125,263.48685864713485,15.814532166566623,277.44976488209306,18.091660399944992,13.962906234958211,2.2771282333783684,13.962906234958211,2.2771282333783684
173_png.rf.0867fc12b7d4d1126ffa2cb1d29a36d3_roi_7.png,173_png.rf.0867fc12b7d4d1126ffa2cb1d29a36d3_roi_19.png,0.8123667240142822,423.1742739411754,20.032798522625335,444.0885030076146,23.366376102331625,20.91422906643919,3.33357757970629,20.91422906643919,3.33357757970629
183_png.rf.3b20a92fe511dac0343f295bffbeeee8_roi_4.png,183_png.rf.3b20a92fe511dac0343f295bffbeeee8_roi_47.png,0.8121212124824524,286.1445837786624,15.698356810084228,305.1491948497401,17.420351636633768,19.004611071077704,1.7219948265495404,19.004611071077704,1.7219948265495404
191_png.rf.ccd508b1558233d55518d246170124b6_roi_33.png,191_png.rf.ccd508b1558233d55518d246170124b6_roi_18.png,0.811855673789978,255.4015232134085,14.086194622518043,260.8461196784805,15.868976148442526,5.444596465071982,1.7827815259244826,5.444596465071982,1.7827815259244826
191_png.rf.ccd508b1558233d55518d246170124b6_roi_11.png,191_png.rf.ccd508b1558233d55518d246170124b6_roi_11.png,0.8116505146026611,261.30146819141095,18.19055744322484,305.8647536703897,17.935101027930653,44.56328547897874,-0.25545641529418717,44.56328547897874,0.25545641529418717
179_png.rf.c0591f9cd7f1fcb237fa1b02dda68f3d_roi_41.png,179_png.rf.c0591f9cd7f1fcb237fa1b02dda68f3d_roi_7.png,0.8116232752799988,289.8167268528392,16.434556108359526,300.7694067824799,17.37292468539342,10.95267992964068,0.938368577033895,10.95267992964068,0.938368577033895
190_png.rf.ea6033d055823de830c765b14ce68d00_roi_26.png,190_png.rf.ea6033d055823de830c765b14ce68d00_roi_14.png,0.8115079402923584,242.826277656517,20.173952946425327,282.6953122681842,18.5090734897614,39.86903461166719,-1.664879456663929,39.86903461166719,1.664879456663929
182_png.rf.0967c37c759a9b53ffd884e7e4c9177f_roi_12.png,182_png.rf.0967c37c759a9b53ffd884e7e4c9177f_roi_34.png,0.811475396156311,259.3833492897272,17.920604497417948,306.3020620475924,18.06175347143427,46.918712757865194,0.1411489740163212,46.918712757865194,0.1411489740163212
10_png.rf.2a5422c48a272b06a5ed1e4811e31377_roi_19.png,10_png.rf.2a5422c48a272b06a5ed1e4811e31377_roi_8.png,0.8111110925674438,324.3724839654332,19.88769220223849,352.00077061180207,17.46569038312753,27.62828664636885,-2.4220018191109602,27.62828664636885,2.4220018191109602
185_png.rf.bc8ae0c1c80f40b50b4e1c19f760529c_roi_20.png,185_png.rf.bc8ae0c1c80f40b50b4e1c19f760529c_roi_29.png,0.8108108043670654,259.0677152291272,15.716286405742506,276.91584649557734,17.13652642770414,17.84813126645014,1.420240021961634,17.84813126645014,1.420240021961634
197_png.rf.65df503798e4ca97659a37a71556dd70_roi_8.png,197_png.rf.65df503798e4ca97659a37a71556dd70_roi_21.png,0.8104026913642883,293.4962106138094,18.882085875269816,319.2998071353105,19.803498558365757,25.803596521501106,0.9214126830959408,25.803596521501106,0.9214126830959408
179_png.rf.c0591f9cd7f1fcb237fa1b02dda68f3d_roi_46.png,179_png.rf.c0591f9cd7f1fcb237fa1b02dda68f3d_roi_10.png,0.8103756904602051,316.4763829224537,17.23924206476605,326.0119396280573,17.4979670478958,9.535556705603597,0.2587249831297491,9.535556705603597,0.2587249831297491
4_png.rf.caea6723f5e00cd6fb8295e2e19e87fb_roi_11.png,4_png.rf.caea6723f5e00cd6fb8295e2e19e87fb_roi_14.png,0.8093306422233582,241.0539749097562,20.05727436676137,267.597585670619,18.90671328220179,26.543610760862833,-1.1505610845595804,26.543610760862833,1.1505610845595804
198_png.rf.a6082f69ebed660a347004da9c6eb345_roi_60.png,198_png.rf.a6082f69ebed660a347004da9c6eb345_roi_7.png,0.8087912201881409,266.48345337861804,16.964736183985263,277.01195150640467,16.663598669299926,10.528498127786634,-0.3011375146853368,10.528498127786634,0.3011375146853368
191_png.rf.ccd508b1558233d55518d246170124b6_roi_9.png,191_png.rf.ccd508b1558233d55518d246170124b6_roi_8.png,0.8086642622947693,298.51363070118407,17.79789279448265,313.8329906886234,18.266933184341088,15.319359987439327,0.46904038985843854,15.319359987439327,0.46904038985843854
185_png.rf.bc8ae0c1c80f40b50b4e1c19f760529c_roi_37.png,185_png.rf.bc8ae0c1c80f40b50b4e1c19f760529c_roi_26.png,0.8085501790046692,250.8811559042993,19.287713305184536,283.0678638361531,20.2496720672778,32.18670793185379,0.9619587620932641,32.18670793185379,0.9619587620932641
199_png.rf.91f963b3f081107d35cb64c236444492_roi_22.png,199_png.rf.91f963b3f081107d35cb64c236444492_roi_12.png,0.8081896305084229,292.7223414664545,16.837922384229095,279.6031350844101,15.91826710276036,-13.11920638204441,-0.9196552814687351,13.11920638204441,0.9196552814687351
198_png.rf.a6082f69ebed660a347004da9c6eb345_roi_16.png,198_png.rf.a6082f69ebed660a347004da9c6eb345_roi_3.png,0.8080168962478638,265.4639884181743,17.96963901020174,284.2544958047221,16.68253466420562,18.7905073865478,-1.28710434599612,18.7905073865478,1.28710434599612
186_png.rf.e28aa84e9aab65412588f8dab6908c6a_roi_43.png,186_png.rf.e28aa84e9aab65412588f8dab6908c6a_roi_21.png,0.8071979284286499,249.75886458056243,14.038473344119318,261.3889051788698,16.262483319361955,11.630040598307346,2.2240099752426374,11.630040598307346,2.2240099752426374
197_png.rf.65df503798e4ca97659a37a71556dd70_roi_9.png,197_png.rf.65df503798e4ca97659a37a71556dd70_roi_7.png,0.8071748614311218,258.5902636495456,15.396882795322425,282.5969621742456,17.407883872121122,24.006698524700028,2.0110010767986974,24.006698524700028,2.0110010767986974
186_png.rf.e28aa84e9aab65412588f8dab6908c6a_roi_17.png,186_png.rf.e28aa84e9aab65412588f8dab6908c6a_roi_41.png,0.8064516186714172,246.7344316265858,15.545794251776142,270.7683442967058,15.72487505675388,24.033912670119975,0.1790808049777386,24.033912670119975,0.1790808049777386
183_png.rf.3b20a92fe511dac0343f295bffbeeee8_roi_39.png,183_png.rf.3b20a92fe511dac0343f295bffbeeee8_roi_24.png,0.8058454990386963,289.28899257237424,14.898648878729894,306.45634150020027,16.978544983627096,17.167348927826026,2.079896104897202,17.167348927826026,2.079896104897202
11_png.rf.06e04b9b157f1751a682bb1ea3aaf986_roi_8.png,11_png.rf.06e04b9b157f1751a682bb1ea3aaf986_roi_20.png,0.8056871891021729,416.2793393640823,24.12704250470276,478.5370875918309,23.17497462882254,62.25774822774861,-0.9520678758802212,62.25774822774861,0.9520678758802212
203_png.rf.266e32473f7481847a72330557f1e873_roi_43.png,203_png.rf.266e32473f7481847a72330557f1e873_roi_33.png,0.805269181728363,434.4961244159981,18.388204321706112,452.0604643910148,21.19608211479987,17.564339975016708,2.807877793093759,17.564339975016708,2.807877793093759
198_png.rf.a6082f69ebed660a347004da9c6eb345_roi_13.png,198_png.rf.a6082f69ebed660a347004da9c6eb345_roi_35.png,0.805084764957428,271.6551414932738,16.061757602206022,289.405605033988,17.88341987919735,17.750463540714236,1.8216622769913293,17.750463540714236,1.8216622769913293
178_png.rf.7a28cebaafb63c780225bdc40509ff93_roi_8.png,178_png.rf.7a28cebaafb63c780225bdc40509ff93_roi_18.png,0.804753839969635,269.4585030060113,20.433611041117693,280.44650304297693,22.07750134025417,10.988000036965616,1.6438902991364763,10.988000036965616,1.6438902991364763
186_png.rf.e28aa84e9aab65412588f8dab6908c6a_roi_12.png,186_png.rf.e28aa84e9aab65412588f8dab6908c6a_roi_24.png,0.8044806718826294,301.21397910928624,14.94638837569215,312.44058905084904,17.320652677693726,11.2266099415628,2.374264302001576,11.2266099415628,2.374264302001576
199_png.rf.91f963b3f081107d35cb64c236444492_roi_41.png,199_png.rf.91f963b3f081107d35cb64c236444492_roi_7.png,0.8043956160545349,275.2080765648265,15.629386937284698,298.46677909782534,16.515279675433764,23.258702532998825,0.8858927381490656,23.258702532998825,0.8858927381490656
179_png.rf.c0591f9cd7f1fcb237fa1b02dda68f3d_roi_18.png,179_png.rf.c0591f9cd7f1fcb237fa1b02dda68f3d_roi_35.png,0.804347813129425,246.65647762103828,17.23381745874362,271.18371505744153,18.121238234355797,24.527237436403254,0.8874207756121777,24.527237436403254,0.8874207756121777
182_png.rf.0967c37c759a9b53ffd884e7e4c9177f_roi_22.png,182_png.rf.0967c37c759a9b53ffd884e7e4c9177f_roi_0.png,0.804147481918335,248.0699527495824,16.93681034425981,271.6132675178133,16.40349574160682,23.543314768230914,-0.5333146026529896,23.543314768230914,0.5333146026529896
186_png.rf.e28aa84e9aab65412588f8dab6908c6a_roi_48.png,186_png.rf.e28aa84e9aab65412588f8dab6908c6a_roi_7.png,0.8041236996650696,262.79457252734056,16.928446291280398,304.52433993952906,17.09522458487852,41.729767412188494,0.1667782935981208,41.729767412188494,0.1667782935981208
204_png.rf.9c1306312d5a7647dbaad4a582a67a82_roi_23.png,204_png.rf.9c1306312d5a7647dbaad4a582a67a82_roi_37.png,0.8036622405052185,425.253525357604,22.461457415479394,431.958594387846,23.161068068020143,6.705069030241987,0.6996106525407484,6.705069030241987,0.6996106525407484
10_png.rf.2a5422c48a272b06a5ed1e4811e31377_roi_3.png,10_png.rf.2a5422c48a272b06a5ed1e4811e31377_roi_2.png,0.8035714030265808,288.9099654700902,17.08170659557936,302.0917599079136,16.94284908460976,13.181794437823442,-0.1388575109695971,13.181794437823442,0.1388575109695971
9_png.rf.52861e0c26b21c54be291a904aabcab0_roi_5.png,9_png.rf.52861e0c26b21c54be291a904aabcab0_roi_4.png,0.8033550977706909,463.161494139577,20.662836992519495,479.6593377198998,24.978081469741102,16.497843580322808,4.315244477221608,16.497843580322808,4.315244477221608
189_png.rf.7d05be6532b431c511de90597bccd10d_roi_11.png,189_png.rf.7d05be6532b431c511de90597bccd10d_roi_17.png,0.8029465675354004,264.5643522720338,18.52643375639244,314.6774228024749,18.891232456401347,50.11307053044112,0.36479870000890813,50.11307053044112,0.36479870000890813
192_png.rf.12808d74593343dd08cf480a1596e1bb_roi_26.png,192_png.rf.12808d74593343dd08cf480a1596e1bb_roi_29.png,0.8027777671813965,203.10764770073487,16.501779334805942,230.26281607891707,16.32761321151541,27.155168378182196,-0.17416612329053294,27.155168378182196,0.17416612329053294
204_png.rf.9c1306312d5a7647dbaad4a582a67a82_roi_3.png,204_png.rf.9c1306312d5a7647dbaad4a582a67a82_roi_36.png,0.8026607632637024,388.4528367084992,21.87619360988616,425.50948094720144,21.88282750718029,37.05664423870223,0.0066338972941331065,37.05664423870223,0.0066338972941331065
46_png.rf.98f5a764ea859729f23c09b7c58da620_roi_1.png,46_png.rf.98f5a764ea859729f23c09b7c58da620_roi_2.png,0.8025209903717041,244.1163256791231,17.467917836463574,282.8486109061156,18.53971706038167,38.7322852269925,1.0717992239180951,38.7322852269925,1.0717992239180951
190_png.rf.ea6033d055823de830c765b14ce68d00_roi_0.png,190_png.rf.ea6033d055823de830c765b14ce68d00_roi_3.png,0.8025209903717041,255.9376689004172,16.418706357676932,300.8484900484199,17.250577965690923,44.91082114800267,0.8318716080139907,44.91082114800267,0.8318716080139907
197_png.rf.65df503798e4ca97659a37a71556dd70_roi_37.png,197_png.rf.65df503798e4ca97659a37a71556dd70_roi_49.png,0.8024390339851379,264.56258742633906,14.256145052035237,270.5340248940444,16.384907709150422,5.971437467705357,2.1287626571151854,5.971437467705357,2.1287626571151854
191_png.rf.ccd508b1558233d55518d246170124b6_roi_31.png,191_png.rf.ccd508b1558233d55518d246170124b6_roi_4.png,0.8022598624229431,222.2163277406896,14.955415565387728,243.7526180506858,15.214424122068232,21.536290309996218,0.25900855668050404,21.536290309996218,0.25900855668050404
181_png.rf.ed2dab6cb9f32b92e05149769e05b4e6_roi_24.png,181_png.rf.ed2dab6cb9f32b92e05149769e05b4e6_roi_26.png,0.8020408153533936,260.17563666294967,17.038585107200426,284.4866878014888,18.169313475502012,24.311051138539142,1.130728368301586,24.311051138539142,1.130728368301586
199_png.rf.91f963b3f081107d35cb64c236444492_roi_15.png,199_png.rf.91f963b3f081107d35cb64c236444492_roi_13.png,0.801980197429657,254.82467135767445,14.77522329589689,269.4935066939433,15.821309022382705,14.668835336268842,1.0460857264858152,14.668835336268842,1.0460857264858152
1_png.rf.c0e062ec642b92c3ed761ccf598a7ddd_roi_7.png,1_png.rf.c0e062ec642b92c3ed761ccf598a7ddd_roi_7.png,0.8018018007278442,179.63262118166728,16.594608480094923,203.11081531305405,17.640644663535298,23.478194131386772,1.0460361834403749,23.478194131386772,1.0460361834403749
182_png.rf.0967c37c759a9b53ffd884e7e4c9177f_roi_19.png,182_png.rf.0967c37c759a9b53ffd884e7e4c9177f_roi_22.png,0.8017857074737549,277.53753197720954,20.36154985872505,305.53076211223225,17.705136905058108,27.993230135022714,-2.6564129536669405,27.993230135022714,2.6564129536669405
186_png.rf.e28aa84e9aab65412588f8dab6908c6a_roi_44.png,186_png.rf.e28aa84e9aab65412588f8dab6908c6a_roi_12.png,0.8017241358757019,269.4492898393311,15.715568210696514,293.21873142404905,16.953914224420163,23.76944158471798,1.2383460137236497,23.76944158471798,1.2383460137236497
179_png.rf.c0591f9cd7f1fcb237fa1b02dda68f3d_roi_33.png,179_png.rf.c0591f9cd7f1fcb237fa1b02dda68f3d_roi_22.png,0.8014184236526489,252.93529165466427,20.232355835280583,321.17531035683066,19.08971868878476,68.2400187021664,-1.1426371464958223,68.2400187021664,1.1426371464958223
186_png.rf.e28aa84e9aab65412588f8dab6908c6a_roi_22.png,186_png.rf.e28aa84e9aab65412588f8dab6908c6a_roi_26.png,0.8013582229614258,297.65659973594984,18.991561702856,321.45145626851536,19.00744466155855,23.794856532565518,0.01588295870255152,23.794856532565518,0.01588295870255152
180_png.rf.854971617105a533fc0de40bfa9851e6_roi_34.png,180_png.rf.854971617105a533fc0de40bfa9851e6_roi_34.png,0.8012048006057739,240.89071028290687,19.532956895586626,279.82277670526287,18.41011469509932,38.932066422356,-1.1228422004873053,38.932066422356,1.1228422004873053
76_png.rf.7f70179db28531c420ff564284110692_roi_57.png,76_png.rf.7f70179db28531c420ff564284110692_roi_58.png,0.800804853439331,201.1922423480131,21.74642660606996,227.7402689930519,23.90667087418764,26.54802664503879,2.1602442681176797,26.54802664503879,2.1602442681176797
179_png.rf.c0591f9cd7f1fcb237fa1b02dda68f3d_roi_28.png,179_png.rf.c0591f9cd7f1fcb237fa1b02dda68f3d_roi_12.png,0.8007054924964905,282.34255790445684,19.93264684049234,293.2389693002293,19.142907102477665,10.896411395772475,-0.7897397380146742,10.896411395772475,0.7897397380146742
130_png.rf.901f918f4884e1fdac6e82ec416390b1_roi_8.png,130_png.rf.901f918f4884e1fdac6e82ec416390b1_roi_41.png,0.800595223903656,190.80165249841303,16.566676606014386,206.3757061096136,16.896912969172305,15.574053611200554,0.33023636315791904,15.574053611200554,0.33023636315791904
174_png.rf.0e87f59ae4c245e42548098544b4cc07_roi_3.png,174_png.rf.0e87f59ae4c245e42548098544b4cc07_roi_23.png,0.800489604473114,367.5956787087128,19.618888780684124,398.1357810912655,22.400631123979974,30.540102382552732,2.78174234329585,30.540102382552732,2.78174234329585
189_png.rf.7d05be6532b431c511de90597bccd10d_roi_23.png,189_png.rf.7d05be6532b431c511de90597bccd10d_roi_8.png,0.8004201650619507,262.364339556724,18.27468628101131,276.3866696916044,16.770057388584263,14.022330134880406,-1.5046288924270463,14.022330134880406,1.5046288924270463
198_png.rf.a6082f69ebed660a347004da9c6eb345_roi_14.png,198_png.rf.a6082f69ebed660a347004da9c6eb345_roi_21.png,0.800000011920929,245.2611363598835,17.16825110383041,262.0504528213653,18.07368992143541,16.789316461481803,0.905438817604999,16.789316461481803,0.905438817604999
190_png.rf.ea6033d055823de830c765b14ce68d00_roi_14.png,190_png.rf.ea6033d055823de830c765b14ce68d00_roi_19.png,0.800000011920929,236.06124133467893,15.2316473648509,271.6911050520838,15.156110311383458,35.629863717404874,-0.07553705346744266,35.629863717404874,0.07553705346744266
204_png.rf.9c1306312d5a7647dbaad4a582a67a82_roi_19.png,204_png.rf.9c1306312d5a7647dbaad4a582a67a82_roi_31.png,0.7997449040412903,365.3410660249581,21.08731659685242,389.9487429728867,21.109347769629,24.60767694792861,0.022031172776578956,24.60767694792861,0.022031172776578956
68_png.rf.3e865d871ea5e3d6a81f31989516572c_roi_5.png,68_png.rf.3e865d871ea5e3d6a81f31989516572c_roi_3.png,0.7996323704719543,299.95812429116125,17.45570147044116,304.8551787100582,18.153093779619663,4.897054418896971,0.6973923091785039,4.897054418896971,0.6973923091785039
186_png.rf.e28aa84e9aab65412588f8dab6908c6a_roi_13.png,186_png.rf.e28aa84e9aab65412588f8dab6908c6a_roi_2.png,0.799614667892456,289.83536762396926,16.25591602489811,314.2014210334281,17.54453634124064,24.366053409458857,1.2886203163425307,24.366053409458857,1.2886203163425307
184_png.rf.6bd8662453fe84e9059d3c422101ce05_roi_34.png,184_png.rf.6bd8662453fe84e9059d3c422101ce05_roi_17.png,0.7995951175689697,278.420609064766,18.33871629292138,285.05198672847746,16.657560321622395,6.631377663711476,-1.6811559712989848,6.631377663711476,1.6811559712989848
183_png.rf.3b20a92fe511dac0343f295bffbeeee8_roi_15.png,183_png.rf.3b20a92fe511dac0343f295bffbeeee8_roi_40.png,0.799573540687561,262.3533167319956,16.49791236830841,279.7664180338268,17.76399985232767,17.413101301831205,1.2660874840192626,17.413101301831205,1.2660874840192626
192_png.rf.12808d74593343dd08cf480a1596e1bb_roi_5.png,192_png.rf.12808d74593343dd08cf480a1596e1bb_roi_18.png,0.7995391488075256,256.17025155584736,15.144448731184418,282.65113452572893,16.916169431007507,26.480882969881577,1.7717206998230886,26.480882969881577,1.7717206998230886
197_png.rf.65df503798e4ca97659a37a71556dd70_roi_36.png,197_png.rf.65df503798e4ca97659a37a71556dd70_roi_34.png,0.7994652390480042,214.8173423148028,15.895758895241547,214.2517496299546,18.292309174575458,-0.5655926848482125,2.39655027933391,0.5655926848482125,2.39655027933391
47_png.rf.9bdac363ed7e30444db3fac20a30c35a_roi_1.png,47_png.rf.9bdac363ed7e30444db3fac20a30c35a_roi_7.png,0.7989601492881775,289.924767377792,20.15933562065721,291.6683494176034,19.633430940837265,1.743582039811372,-0.5259046798199449,1.743582039811372,0.5259046798199449
189_png.rf.7d05be6532b431c511de90597bccd10d_roi_6.png,189_png.rf.7d05be6532b431c511de90597bccd10d_roi_28.png,0.7986230850219727,262.832566709665,21.478437473896683,276.59258233310163,21.76285866859621,13.76001562343663,0.28442119469952587,13.76001562343663,0.28442119469952587
10_png.rf.2a5422c48a272b06a5ed1e4811e31377_roi_6.png,10_png.rf.2a5422c48a272b06a5ed1e4811e31377_roi_9.png,0.7986111044883728,222.66060106799756,19.215668273525864,267.9130645684407,16.258396268519466,45.25246350044313,-2.9572720050063985,45.25246350044313,2.9572720050063985
178_png.rf.7a28cebaafb63c780225bdc40509ff93_roi_14.png,178_png.rf.7a28cebaafb63c780225bdc40509ff93_roi_19.png,0.7981308698654175,279.3657213233639,18.917766846319143,287.68351243522704,18.26958188298961,8.31779111186313,-0.648184963329534,8.31779111186313,0.648184963329534
11_png.rf.06e04b9b157f1751a682bb1ea3aaf986_roi_9.png,11_png.rf.06e04b9b157f1751a682bb1ea3aaf986_roi_22.png,0.797703206539154,435.7207324846021,23.38208911123893,497.3828544541553,25.12657231190437,61.6621219695532,1.7444832006654387,61.6621219695532,1.7444832006654387
182_png.rf.0967c37c759a9b53ffd884e7e4c9177f_roi_40.png,182_png.rf.0967c37c759a9b53ffd884e7e4c9177f_roi_17.png,0.7974217534065247,280.5363987005948,17.481982673191798,316.0853125357917,18.44400377573167,35.548913835196856,0.9620211025398717,35.548913835196856,0.9620211025398717
189_png.rf.7d05be6532b431c511de90597bccd10d_roi_32.png,189_png.rf.7d05be6532b431c511de90597bccd10d_roi_3.png,0.796875,276.22749203643446,16.257604752149962,273.4421575820219,20.403375627452824,-2.7853344544125775,4.145770875302862,2.7853344544125775,4.145770875302862
198_png.rf.a6082f69ebed660a347004da9c6eb345_roi_38.png,198_png.rf.a6082f69ebed660a347004da9c6eb345_roi_50.png,0.796819806098938,289.5217905196698,17.92037334866116,304.64209830092534,19.66748451004065,15.12030778125552,1.7471111613794932,15.12030778125552,1.7471111613794932
185_png.rf.bc8ae0c1c80f40b50b4e1c19f760529c_roi_42.png,185_png.rf.bc8ae0c1c80f40b50b4e1c19f760529c_roi_0.png,0.7967667579650879,285.4226163260577,14.007196683585413,302.3574039775347,15.115498237974233,16.934787651476995,1.1083015543888202,16.934787651476995,1.1083015543888202
192_png.rf.12808d74593343dd08cf480a1596e1bb_roi_33.png,192_png.rf.12808d74593343dd08cf480a1596e1bb_roi_11.png,0.7956204414367676,247.1600732252641,15.5402702857586,264.3324551972315,16.37809165453537,17.17238197196741,0.8378213687767708,17.17238197196741,0.8378213687767708
180_png.rf.854971617105a533fc0de40bfa9851e6_roi_33.png,180_png.rf.854971617105a533fc0de40bfa9851e6_roi_23.png,0.7956204414367676,288.3675180276415,18.121216371955317,307.7809766816327,18.01738488660862,19.4134586539912,-0.10383148534669573,19.4134586539912,0.10383148534669573
198_png.rf.a6082f69ebed660a347004da9c6eb345_roi_57.png,198_png.rf.a6082f69ebed660a347004da9c6eb345_roi_52.png,0.7952286005020142,297.1882808249223,15.504928272897471,331.69657715305453,16.574762367052802,34.508296328132246,1.0698340941553308,34.508296328132246,1.0698340941553308
0_png.rf.168a7f1464a843d2217034df0330d03b_roi_3.png,0_png.rf.168a7f1464a843d2217034df0330d03b_roi_4.png,0.7948244214057922,301.86936113263727,17.01759438870226,292.4083950064883,19.413514323825893,-9.460966126148946,2.395919935123633,9.460966126148946,2.395919935123633
181_png.rf.ed2dab6cb9f32b92e05149769e05b4e6_roi_2.png,181_png.rf.ed2dab6cb9f32b92e05149769e05b4e6_roi_0.png,0.79474937915802,259.1735823745339,14.743678631237154,281.9592069385717,15.812774429795455,22.78562456403779,1.0690957985583012,22.78562456403779,1.0690957985583012
199_png.rf.91f963b3f081107d35cb64c236444492_roi_16.png,199_png.rf.91f963b3f081107d35cb64c236444492_roi_10.png,0.7946611642837524,259.88922341870705,17.207731918907587,291.86842703279285,17.841628203029803,31.979203614085804,0.6338962841222155,31.979203614085804,0.6338962841222155
184_png.rf.6bd8662453fe84e9059d3c422101ce05_roi_5.png,184_png.rf.6bd8662453fe84e9059d3c422101ce05_roi_2.png,0.7944444417953491,295.63659387658794,16.106867492352965,326.80076770703727,17.700972419435136,31.16417383044933,1.5941049270821708,31.16417383044933,1.5941049270821708
32_png.rf.2171f2b510df757623b29460955ba733_roi_8.png,32_png.rf.2171f2b510df757623b29460955ba733_roi_2.png,0.7939068078994751,296.0996853253877,16.88786512404553,315.81896650604966,19.088146637231,19.719281180661937,2.2002815131854696,19.719281180661937,2.2002815131854696
183_png.rf.3b20a92fe511dac0343f295bffbeeee8_roi_13.png,183_png.rf.3b20a92fe511dac0343f295bffbeeee8_roi_9.png,0.7938144207000732,265.57613553277395,17.896098977166467,288.47814681780164,17.369488167745065,22.902011285027697,-0.5266108094214026,22.902011285027697,0.5266108094214026
9_png.rf.52861e0c26b21c54be291a904aabcab0_roi_8.png,9_png.rf.52861e0c26b21c54be291a904aabcab0_roi_2.png,0.7937008142471313,310.5935067740063,19.168422647373085,323.2611177588323,19.95170064716629,12.667610984826013,0.7832779997932064,12.667610984826013,0.7832779997932064
183_png.rf.3b20a92fe511dac0343f295bffbeeee8_roi_28.png,183_png.rf.3b20a92fe511dac0343f295bffbeeee8_roi_8.png,0.7935367822647095,271.6058505985271,19.10846498071629,325.7691080420456,17.713025169344892,54.16325744351849,-1.3954398113713964,54.16325744351849,1.3954398113713964
148_png.rf.2792a5b60dde0320afebc5e526e3967a_roi_19.png,148_png.rf.2792a5b60dde0320afebc5e526e3967a_roi_28.png,0.7933884263038635,391.8053547578484,22.164217793198805,479.9560967349539,21.943644777134452,88.1507419771055,-0.2205730160643533,88.1507419771055,0.2205730160643533
184_png.rf.6bd8662453fe84e9059d3c422101ce05_roi_33.png,184_png.rf.6bd8662453fe84e9059d3c422101ce05_roi_28.png,0.7932960987091064,286.50859740779833,19.34827185283469,326.8454424794446,15.635387427759545,40.33684507164628,-3.712884425075144,40.33684507164628,3.712884425075144
28_png.rf.40c0dd2c3a202e20adc268d7e72892df_roi_1.png,28_png.rf.40c0dd2c3a202e20adc268d7e72892df_roi_4.png,0.7931216955184937,556.2821490323622,29.72550446243879,661.4691784392072,31.48917644657802,105.187029406845,1.7636719841392328,105.187029406845,1.7636719841392328
53_png.rf.89d692385e52f6aa08b8888e31bfcfd2_roi_3.png,53_png.rf.89d692385e52f6aa08b8888e31bfcfd2_roi_2.png,0.7931034564971924,243.3750326869367,17.721405459695266,276.9679385005264,17.372322455805897,33.59290581358968,-0.3490830038893691,33.59290581358968,0.3490830038893691
180_png.rf.854971617105a533fc0de40bfa9851e6_roi_6.png,180_png.rf.854971617105a533fc0de40bfa9851e6_roi_5.png,0.7928730249404907,284.3895068473963,14.688051958855898,287.26524388013377,16.29448101843895,2.8757370327374474,1.6064290595830535,2.8757370327374474,1.6064290595830535
73_png.rf.102c3065fbe3531b895ddda5312fae46_roi_7.png,73_png.rf.102c3065fbe3531b895ddda5312fae46_roi_3.png,0.7928118109703064,238.31997933920488,17.718366800671905,295.4438442365107,17.261791092296033,57.12386489730582,-0.4565757083758726,57.12386489730582,0.4565757083758726
204_png.rf.9c1306312d5a7647dbaad4a582a67a82_roi_18.png,204_png.rf.9c1306312d5a7647dbaad4a582a67a82_roi_42.png,0.7927083373069763,430.53314711195,20.949836798081783,467.99918675431536,21.700870760276285,37.46603964236539,0.7510339621945015,37.46603964236539,0.7510339621945015
199_png.rf.91f963b3f081107d35cb64c236444492_roi_26.png,199_png.rf.91f963b3f081107d35cb64c236444492_roi_24.png,0.7924866080284119,292.29950036096835,17.800946490623055,315.5606655564822,18.96127784612756,23.261165195513854,1.160331355504507,23.261165195513854,1.160331355504507
48_png.rf.89bbdaddc26cd39248bf958772efd679_roi_16.png,48_png.rf.89bbdaddc26cd39248bf958772efd679_roi_19.png,0.7922534942626953,188.30230064638735,14.557965823418382,199.39958524183444,14.445576073474212,11.097284595447093,-0.11238974994416928,11.097284595447093,0.11238974994416928
184_png.rf.6bd8662453fe84e9059d3c422101ce05_roi_27.png,184_png.rf.6bd8662453fe84e9059d3c422101ce05_roi_16.png,0.7921348214149475,281.30760675424466,17.515789464664785,310.2423952297973,17.95470054975937,28.934788475552637,0.43891108509458476,28.934788475552637,0.43891108509458476
179_png.rf.c0591f9cd7f1fcb237fa1b02dda68f3d_roi_5.png,179_png.rf.c0591f9cd7f1fcb237fa1b02dda68f3d_roi_2.png,0.791946291923523,284.4521076396414,20.81346185221452,315.05329078568525,18.583602597683544,30.601183146043866,-2.229859254530975,30.601183146043866,2.229859254530975
199_png.rf.91f963b3f081107d35cb64c236444492_roi_17.png,199_png.rf.91f963b3f081107d35cb64c236444492_roi_25.png,0.7916666865348816,259.53460784168993,17.5064892602973,289.0733897760763,19.12533086678761,29.53878193438635,1.6188416064903102,29.53878193438635,1.6188416064903102
182_png.rf.0967c37c759a9b53ffd884e7e4c9177f_roi_38.png,182_png.rf.0967c37c759a9b53ffd884e7e4c9177f_roi_14.png,0.7916666865348816,326.6618621564649,17.294510768420064,311.94807871219444,16.870710164109717,-14.713783444270462,-0.4238006043103475,14.713783444270462,0.4238006043103475
179_png.rf.c0591f9cd7f1fcb237fa1b02dda68f3d_roi_38.png,179_png.rf.c0591f9cd7f1fcb237fa1b02dda68f3d_roi_9.png,0.7914438247680664,210.7676503820975,15.656112617934276,266.3860294229247,15.349058965931,55.61837904082722,-0.30705365200327606,55.61837904082722,0.30705365200327606
198_png.rf.a6082f69ebed660a347004da9c6eb345_roi_10.png,198_png.rf.a6082f69ebed660a347004da9c6eb345_roi_23.png,0.7913832068443298,261.89736641986,15.32246805199607,283.2558751770782,16.656065526976054,21.358508757218203,1.3335974749799835,21.358508757218203,1.3335974749799835
46_png.rf.98f5a764ea859729f23c09b7c58da620_roi_0.png,46_png.rf.98f5a764ea859729f23c09b7c58da620_roi_1.png,0.7913669347763062,357.9362648690299,20.664068667602223,408.7553665450084,22.239524624929032,50.819101675978516,1.5754559573268097,50.819101675978516,1.5754559573268097
72_png.rf.e077661159386a8d9dfdaf279fb21f95_roi_3.png,72_png.rf.e077661159386a8d9dfdaf279fb21f95_roi_16.png,0.7913222908973694,241.58144425922487,17.96555080476599,298.0544672646457,17.64806989369999,56.473023005420856,-0.3174809110659993,56.473023005420856,0.3174809110659993
124_png.rf.144d1a960a56ef39d10c4e62e12a454f_roi_27.png,124_png.rf.144d1a960a56ef39d10c4e62e12a454f_roi_40.png,0.7912458181381226,200.2168987762205,13.233241556323527,207.88873438042785,15.564395063243182,7.671835604207359,2.331153506919655,7.671835604207359,2.331153506919655
33_png.rf.7b2ed94dd972fe6fe24277fbb2eb0d04_roi_14.png,33_png.rf.7b2ed94dd972fe6fe24277fbb2eb0d04_roi_5.png,0.791208803653717,164.03995261758286,15.137581241892848,171.60678255589556,16.842188237293875,7.566829938312708,1.7046069954010274,7.566829938312708,1.7046069954010274
185_png.rf.bc8ae0c1c80f40b50b4e1c19f760529c_roi_14.png,185_png.rf.bc8ae0c1c80f40b50b4e1c19f760529c_roi_16.png,0.7908366322517395,267.79566134095,17.926490028214463,308.75256992800945,16.64203981291739,40.956908587059445,-1.284450215297074,40.956908587059445,1.284450215297074
184_png.rf.6bd8662453fe84e9059d3c422101ce05_roi_20.png,184_png.rf.6bd8662453fe84e9059d3c422101ce05_roi_35.png,0.7903226017951965,291.1638212865444,17.416489163152416,326.00466678637747,18.261904482932,34.84084549983305,0.8454153197795833,34.84084549983305,0.8454153197795833
3_png.rf.bccff0145a22931b3605d32ba63133ae_roi_5.png,3_png.rf.bccff0145a22931b3605d32ba63133ae_roi_2.png,0.7900000214576721,179.52120866901058,15.03068731870761,202.24356764325023,15.7646817258908,22.722358974239654,0.7339944071831894,22.722358974239654,0.7339944071831894
185_png.rf.bc8ae0c1c80f40b50b4e1c19f760529c_roi_31.png,185_png.rf.bc8ae0c1c80f40b50b4e1c19f760529c_roi_47.png,0.7896749377250671,268.0969417873292,18.162423002226436,298.8170795413238,18.25247446847151,30.720137753994607,0.09005146624507532,30.720137753994607,0.09005146624507532
183_png.rf.3b20a92fe511dac0343f295bffbeeee8_roi_21.png,183_png.rf.3b20a92fe511dac0343f295bffbeeee8_roi_39.png,0.7896440029144287,296.61282650891826,20.087237004119483,299.37503517208364,20.731681639285384,2.7622086631653815,0.6444446351659003,2.7622086631653815,0.6444446351659003
191_png.rf.ccd508b1558233d55518d246170124b6_roi_38.png,191_png.rf.ccd508b1558233d55518d246170124b6_roi_17.png,0.7894737124443054,263.17006901557664,14.685956090992702,283.29524872911423,17.18849787797598,20.12517971353759,2.5025417869832776,20.12517971353759,2.5025417869832776
186_png.rf.e28aa84e9aab65412588f8dab6908c6a_roi_23.png,186_png.rf.e28aa84e9aab65412588f8dab6908c6a_roi_38.png,0.7892307639122009,290.24114112188704,21.00051280693664,328.93254226232904,20.50824134911368,38.691401140442,-0.49227145782296233,38.691401140442,0.49227145782296233
197_png.rf.65df503798e4ca97659a37a71556dd70_roi_47.png,197_png.rf.65df503798e4ca97659a37a71556dd70_roi_10.png,0.78899085521698,270.1083619604406,14.475268428730995,270.2952701601739,17.004895462908877,0.18690819973329553,2.5296270341778815,0.18690819973329553,2.5296270341778815
192_png.rf.12808d74593343dd08cf480a1596e1bb_roi_39.png,192_png.rf.12808d74593343dd08cf480a1596e1bb_roi_46.png,0.7889733910560608,259.53797044440034,17.771012410152434,302.7980012234564,19.093937559575195,43.26003077905608,1.3229251494227618,43.26003077905608,1.3229251494227618
189_png.rf.7d05be6532b431c511de90597bccd10d_roi_17.png,189_png.rf.7d05be6532b431c511de90597bccd10d_roi_34.png,0.7886435389518738,289.7580693004785,19.70808536224272,344.0424010963673,20.02306943039737,54.28433179588882,0.31498406815465074,54.28433179588882,0.31498406815465074
180_png.rf.854971617105a533fc0de40bfa9851e6_roi_20.png,180_png.rf.854971617105a533fc0de40bfa9851e6_roi_18.png,0.7885985970497131,263.1393927676564,14.00360033746655,273.12709917917226,17.16678106115313,9.987706411515887,3.1631807236865814,9.987706411515887,3.1631807236865814
197_png.rf.65df503798e4ca97659a37a71556dd70_roi_45.png,197_png.rf.65df503798e4ca97659a37a71556dd70_roi_1.png,0.7884615659713745,270.02334411537186,14.977375083090598,309.43147030815567,16.800483082023774,39.40812619278381,1.8231079989331764,39.40812619278381,1.8231079989331764
186_png.rf.e28aa84e9aab65412588f8dab6908c6a_roi_25.png,186_png.rf.e28aa84e9aab65412588f8dab6908c6a_roi_4.png,0.7882353067398071,259.7491356921697,14.28116088711666,283.77291324411226,16.29903914432677,24.023777551942544,2.017878257210109,24.023777551942544,2.017878257210109
179_png.rf.c0591f9cd7f1fcb237fa1b02dda68f3d_roi_14.png,179_png.rf.c0591f9cd7f1fcb237fa1b02dda68f3d_roi_6.png,0.7875939607620239,272.1921322392096,19.241554429045507,298.1686211346098,18.065257114353905,25.976488895400166,-1.1762973146916025,25.976488895400166,1.1762973146916025
184_png.rf.6bd8662453fe84e9059d3c422101ce05_roi_6.png,184_png.rf.6bd8662453fe84e9059d3c422101ce05_roi_11.png,0.7875536680221558,275.48731939156846,15.583652206598035,280.31210678553526,17.330241383132673,4.824787393966801,1.7465891765346377,4.824787393966801,1.7465891765346377
191_png.rf.ccd508b1558233d55518d246170124b6_roi_36.png,191_png.rf.ccd508b1558233d55518d246170124b6_roi_26.png,0.7871999740600586,260.1033187391017,22.12454110115728,316.0497069343398,20.62031494627693,55.94638819523806,-1.5042261548803495,55.94638819523806,1.5042261548803495
185_png.rf.bc8ae0c1c80f40b50b4e1c19f760529c_roi_2.png,185_png.rf.bc8ae0c1c80f40b50b4e1c19f760529c_roi_6.png,0.7871397137641907,259.8356705527472,15.187885089148176,295.5407194172993,16.53741038454231,35.705048864552055,1.3495252953941321,35.705048864552055,1.3495252953941321
72_png.rf.e077661159386a8d9dfdaf279fb21f95_roi_20.png,72_png.rf.e077661159386a8d9dfdaf279fb21f95_roi_19.png,0.7870722413063049,187.1105269698331,12.364248099578557,200.2248082189374,13.817368599854268,13.114281249104295,1.4531205002757108,13.114281249104295,1.4531205002757108
66_png.rf.f64deaa80a25c5651491e460a833c126_roi_0.png,66_png.rf.f64deaa80a25c5651491e460a833c126_roi_0.png,0.7869415879249573,194.79729034946664,14.423235940305688,196.7335487730481,14.6712700165893,1.936258423581478,0.24803407628361285,1.936258423581478,0.24803407628361285
183_png.rf.3b20a92fe511dac0343f295bffbeeee8_roi_3.png,183_png.rf.3b20a92fe511dac0343f295bffbeeee8_roi_3.png,0.7866004705429077,237.7530551862393,14.79357629868778,269.5535527009749,16.493677049465187,31.800497514735582,1.7001007507774073,31.800497514735582,1.7001007507774073
192_png.rf.12808d74593343dd08cf480a1596e1bb_roi_22.png,192_png.rf.12808d74593343dd08cf480a1596e1bb_roi_24.png,0.7865707278251648,251.8758158016041,14.790553945523303,277.1611658548962,16.228462473254755,25.285350053292092,1.4379085277314516,25.285350053292092,1.4379085277314516
198_png.rf.a6082f69ebed660a347004da9c6eb345_roi_39.png,198_png.rf.a6082f69ebed660a347004da9c6eb345_roi_25.png,0.7864923477172852,264.07014045876286,15.257551292018642,273.3355163729771,18.38740431238292,9.265375914214246,3.129853020364278,9.265375914214246,3.129853020364278
199_png.rf.91f963b3f081107d35cb64c236444492_roi_6.png,199_png.rf.91f963b3f081107d35cb64c236444492_roi_37.png,0.7863894104957581,273.5989615127796,17.011072659497543,283.1183360411616,19.9705428306263,9.519374528382002,2.959470171128757,9.519374528382002,2.959470171128757
197_png.rf.65df503798e4ca97659a37a71556dd70_roi_6.png,197_png.rf.65df503798e4ca97659a37a71556dd70_roi_31.png,0.7858719825744629,281.8051116427891,14.042436433932934,279.6905414012822,17.951366263738958,-2.1145702415068968,3.9089298298060235,2.1145702415068968,3.9089298298060235
44_png.rf.11c2e16d7ff13a01caf2674f45c834df_roi_3.png,44_png.rf.11c2e16d7ff13a01caf2674f45c834df_roi_8.png,0.7857142686843872,219.82939124532416,20.212662966952195,250.82306507989867,17.747261919743977,30.99367383457451,-2.4654010472082177,30.99367383457451,2.4654010472082177
190_png.rf.ea6033d055823de830c765b14ce68d00_roi_10.png,190_png.rf.ea6033d055823de830c765b14ce68d00_roi_13.png,0.7855887413024902,269.60420945862427,19.09056974326491,309.43188395867355,19.39666708025453,39.827674500049284,0.3060973369896196,39.827674500049284,0.3060973369896196
179_png.rf.c0591f9cd7f1fcb237fa1b02dda68f3d_roi_7.png,179_png.rf.c0591f9cd7f1fcb237fa1b02dda68f3d_roi_25.png,0.7855887413024902,267.98491496193344,20.850031329578968,277.35383944708286,20.13495976254809,9.368924485149421,-0.7150715670308792,9.368924485149421,0.7150715670308792
198_png.rf.a6082f69ebed660a347004da9c6eb345_roi_8.png,198_png.rf.a6082f69ebed660a347004da9c6eb345_roi_43.png,0.7852882742881775,287.9192390566874,15.8267061095991,295.88416650766766,18.28857424112892,7.964927450980269,2.4618681315298208,7.964927450980269,2.4618681315298208
184_png.rf.6bd8662453fe84e9059d3c422101ce05_roi_11.png,184_png.rf.6bd8662453fe84e9059d3c422101ce05_roi_21.png,0.78515625,283.69720230757224,18.31329695095183,279.7375478256281,17.20038698502337,-3.959654481944142,-1.1129099659284591,3.959654481944142,1.1129099659284591
68_png.rf.3e865d871ea5e3d6a81f31989516572c_roi_7.png,68_png.rf.3e865d871ea5e3d6a81f31989516572c_roi_1.png,0.7851239442825317,219.7243989346177,15.09312818662259,225.2279734000784,16.499578498474214,5.5035744654607015,1.406450311851625,5.5035744654607015,1.406450311851625
183_png.rf.3b20a92fe511dac0343f295bffbeeee8_roi_36.png,183_png.rf.3b20a92fe511dac0343f295bffbeeee8_roi_32.png,0.7850098609924316,295.616305359865,15.385257580801378,335.0291839290136,16.34194637644008,39.412878569148575,0.9566887956387031,39.412878569148575,0.9566887956387031
197_png.rf.65df503798e4ca97659a37a71556dd70_roi_25.png,197_png.rf.65df503798e4ca97659a37a71556dd70_roi_17.png,0.7849686741828918,255.7724959526802,16.84240205650478,273.68178398795936,18.87927367947785,17.90928803527916,2.03687162297307,17.90928803527916,2.03687162297307
199_png.rf.91f963b3f081107d35cb64c236444492_roi_43.png,199_png.rf.91f963b3f081107d35cb64c236444492_roi_34.png,0.7847866415977478,330.85695390109544,17.619241167824644,295.95270160443715,16.37089672167353,-34.904252296658285,-1.248344446151112,34.904252296658285,1.248344446151112
180_png.rf.854971617105a533fc0de40bfa9851e6_roi_11.png,180_png.rf.854971617105a533fc0de40bfa9851e6_roi_11.png,0.7847825884819031,267.51537944760304,15.20503596148568,297.2149874837537,17.015790870536275,29.699608036150664,1.8107549090505959,29.699608036150664,1.8107549090505959
175_png.rf.809573d6b32e2ea5b757d39421fb3e6a_roi_13.png,175_png.rf.809573d6b32e2ea5b757d39421fb3e6a_roi_32.png,0.7845934629440308,364.9694786792685,16.31189510529497,373.1005606751216,20.36555375608188,8.131081995853094,4.053658650786911,8.131081995853094,4.053658650786911
183_png.rf.3b20a92fe511dac0343f295bffbeeee8_roi_41.png,183_png.rf.3b20a92fe511dac0343f295bffbeeee8_roi_29.png,0.7838383913040161,276.83933737795314,16.249562330990372,283.714942456397,18.036499286281675,6.8756050784438685,1.7869369552913028,6.8756050784438685,1.7869369552913028
179_png.rf.c0591f9cd7f1fcb237fa1b02dda68f3d_roi_23.png,179_png.rf.c0591f9cd7f1fcb237fa1b02dda68f3d_roi_4.png,0.7837837934494019,256.07127166573014,16.70860755501037,273.54747765949014,18.24296436257588,17.476205993760004,1.5343568075655085,17.476205993760004,1.5343568075655085
183_png.rf.3b20a92fe511dac0343f295bffbeeee8_roi_35.png,183_png.rf.3b20a92fe511dac0343f295bffbeeee8_roi_21.png,0.7836734652519226,265.30909040069,16.91801555079939,292.42137056385326,17.113738840268734,27.112280163163234,0.19572328946934547,27.112280163163234,0.19572328946934547
0_png.rf.168a7f1464a843d2217034df0330d03b_roi_5.png,0_png.rf.168a7f1464a843d2217034df0330d03b_roi_6.png,0.7834395170211792,220.78150979771448,18.71482988347061,249.00790749554423,20.69139560405912,28.226397697829753,1.9765657205885105,28.226397697829753,1.9765657205885105
181_png.rf.ed2dab6cb9f32b92e05149769e05b4e6_roi_13.png,181_png.rf.ed2dab6cb9f32b92e05149769e05b4e6_roi_9.png,0.7829099297523499,257.2076051553366,14.778054564925718,286.7327667870263,16.25953705052225,29.52516163168974,1.4814824855965334,29.52516163168974,1.4814824855965334
182_png.rf.0967c37c759a9b53ffd884e7e4c9177f_roi_39.png,182_png.rf.0967c37c759a9b53ffd884e7e4c9177f_roi_10.png,0.7821576595306396,246.2945197730268,17.968392190602383,303.7161376430725,17.531187732004202,57.42161787004571,-0.43720445859818113,57.42161787004571,0.43720445859818113
185_png.rf.bc8ae0c1c80f40b50b4e1c19f760529c_roi_13.png,185_png.rf.bc8ae0c1c80f40b50b4e1c19f760529c_roi_23.png,0.7817164063453674,233.09634102696631,22.07748963208905,283.2978185469259,19.212924522800964,50.20147751995958,-2.864565109288087,50.20147751995958,2.864565109288087
179_png.rf.c0591f9cd7f1fcb237fa1b02dda68f3d_roi_34.png,179_png.rf.c0591f9cd7f1fcb237fa1b02dda68f3d_roi_41.png,0.7815126180648804,264.59003260342666,21.409279002067784,300.0264812853155,19.66713649853792,35.43644868188886,-1.7421425035298626,35.43644868188886,1.7421425035298626
175_png.rf.809573d6b32e2ea5b757d39421fb3e6a_roi_22.png,175_png.rf.809573d6b32e2ea5b757d39421fb3e6a_roi_29.png,0.7811839580535889,392.44125689375335,21.033393120539937,421.0885025732211,24.937389187111677,28.647245679467744,3.9039960665717395,28.647245679467744,3.9039960665717395
185_png.rf.bc8ae0c1c80f40b50b4e1c19f760529c_roi_39.png,185_png.rf.bc8ae0c1c80f40b50b4e1c19f760529c_roi_46.png,0.7810945510864258,273.36011221271593,13.133338089021352,276.3923366863483,15.517338063516505,3.0322244736323682,2.3839999744951523,3.0322244736323682,2.3839999744951523
180_png.rf.854971617105a533fc0de40bfa9851e6_roi_16.png,180_png.rf.854971617105a533fc0de40bfa9851e6_roi_10.png,0.7806451320648193,273.6747274681803,15.78613152544848,278.5630029243776,17.695028249860858,4.888275456197277,1.9088967244123776,4.888275456197277,1.9088967244123776
10_png.rf.2a5422c48a272b06a5ed1e4811e31377_roi_15.png,10_png.rf.2a5422c48a272b06a5ed1e4811e31377_roi_1.png,0.7801653146743774,284.3918623370436,21.40678655115364,278.7580802706229,20.253635838728183,-5.633782066420736,-1.1531507124254574,5.633782066420736,1.1531507124254574
48_png.rf.89bbdaddc26cd39248bf958772efd679_roi_18.png,48_png.rf.89bbdaddc26cd39248bf958772efd679_roi_16.png,0.7799999713897705,191.26927189966344,16.1968983397127,207.15055088993367,18.06962989228265,15.881278990270232,1.8727315525699488,15.881278990270232,1.8727315525699488
10_png.rf.2a5422c48a272b06a5ed1e4811e31377_roi_16.png,10_png.rf.2a5422c48a272b06a5ed1e4811e31377_roi_4.png,0.7799642086029053,283.8041950662623,20.18199252195851,291.8342488633676,18.163043082616756,8.030053797105268,-2.0189494393417533,8.030053797105268,2.0189494393417533
185_png.rf.bc8ae0c1c80f40b50b4e1c19f760529c_roi_32.png,185_png.rf.bc8ae0c1c80f40b50b4e1c19f760529c_roi_10.png,0.7799564003944397,256.2218910902077,17.538555428041285,272.35462070926656,16.802704386444734,16.132729619058864,-0.7358510415965505,16.132729619058864,0.7358510415965505
60_png.rf.a000903d437e210d51f99e68ebbad4fb_roi_7.png,60_png.rf.a000903d437e210d51f99e68ebbad4fb_roi_5.png,0.7791798114776611,405.4391607437857,21.79069424782122,451.3889752451149,21.56715564992328,45.94981450132923,-0.22353859789794228,45.94981450132923,0.22353859789794228
197_png.rf.65df503798e4ca97659a37a71556dd70_roi_49.png,197_png.rf.65df503798e4ca97659a37a71556dd70_roi_11.png,0.7791563272476196,255.08274491800265,13.841601248782911,270.7967216893436,16.44401595809425,15.713976771340953,2.60241470931134,15.713976771340953,2.60241470931134
197_png.rf.65df503798e4ca97659a37a71556dd70_roi_5.png,197_png.rf.65df503798e4ca97659a37a71556dd70_roi_42.png,0.7789473533630371,302.95838470238016,16.354389580630055,313.6047939621054,20.31747567220885,10.64640925972526,3.963086091578795,10.64640925972526,3.963086091578795
74_png.rf.ed451f8c78a994810aae2c2995f5116e_roi_5.png,74_png.rf.ed451f8c78a994810aae2c2995f5116e_roi_1.png,0.7788461446762085,190.42901660256933,15.793476853143735,214.07680019004405,14.27449049274556,23.64778358747472,-1.5189863603981753,23.64778358747472,1.5189863603981753
75_png.rf.2aa347a6ff8e31fa4798b098640f9673_roi_5.png,75_png.rf.2aa347a6ff8e31fa4798b098640f9673_roi_4.png,0.778761088848114,242.8410353605408,19.25201108329849,241.0151739909489,17.362656834996237,-1.8258613695918768,-1.8893542483022543,1.8258613695918768,1.8893542483022543
183_png.rf.3b20a92fe511dac0343f295bffbeeee8_roi_38.png,183_png.rf.3b20a92fe511dac0343f295bffbeeee8_roi_22.png,0.7780040502548218,273.59774830287733,16.4338462735796,287.6340793613482,17.445690309289247,14.036331058470864,1.0118440357096468,14.036331058470864,1.0118440357096468
191_png.rf.ccd508b1558233d55518d246170124b6_roi_18.png,191_png.rf.ccd508b1558233d55518d246170124b6_roi_7.png,0.7777777910232544,269.9317102292571,16.342083952018818,306.1234097383406,17.736956729529247,36.19169950908355,1.3948727775104288,36.19169950908355,1.3948727775104288
186_png.rf.e28aa84e9aab65412588f8dab6908c6a_roi_30.png,186_png.rf.e28aa84e9aab65412588f8dab6908c6a_roi_15.png,0.7775551080703735,299.64282402383145,14.977159954932189,303.4350467228916,17.497963310956916,3.7922226990601757,2.520803356024727,3.7922226990601757,2.520803356024727
178_png.rf.7a28cebaafb63c780225bdc40509ff93_roi_22.png,178_png.rf.7a28cebaafb63c780225bdc40509ff93_roi_13.png,0.7773109078407288,252.59239485294052,18.58598185348345,269.85820441068574,17.033541246936398,17.26580955774523,-1.5524406065470515,17.26580955774523,1.5524406065470515
192_png.rf.12808d74593343dd08cf480a1596e1bb_roi_29.png,192_png.rf.12808d74593343dd08cf480a1596e1bb_roi_30.png,0.7771739363670349,282.7166786426592,18.911023629500225,296.7978317880468,17.68116199384522,14.081153145387589,-1.2298616356550056,14.081153145387589,1.2298616356550056
74_png.rf.ed451f8c78a994810aae2c2995f5116e_roi_2.png,74_png.rf.ed451f8c78a994810aae2c2995f5116e_roi_6.png,0.7771260738372803,147.5178486293836,23.917852362198637,176.08686862859432,17.114342634440746,28.569019999210724,-6.803509727757891,28.569019999210724,6.803509727757891
186_png.rf.e28aa84e9aab65412588f8dab6908c6a_roi_40.png,186_png.rf.e28aa84e9aab65412588f8dab6908c6a_roi_47.png,0.7770270109176636,269.4683278106839,27.45083439648514,312.8381143727344,21.903213129359315,43.369786562050535,-5.547621267125823,43.369786562050535,5.547621267125823
191_png.rf.ccd508b1558233d55518d246170124b6_roi_5.png,191_png.rf.ccd508b1558233d55518d246170124b6_roi_10.png,0.7770270109176636,260.5534493211033,14.757724997103464,288.39109084658736,16.921120836546002,27.83764152548406,2.163395839442538,27.83764152548406,2.163395839442538
51_png.rf.4ad94f49c0039db89bdcfce2f504f251_roi_8.png,51_png.rf.4ad94f49c0039db89bdcfce2f504f251_roi_25.png,0.7769953012466431,239.6377810960369,17.201866407732243,240.0094627293913,17.73121981620585,0.37168163335439885,0.5293534084736073,0.37168163335439885,0.5293534084736073
51_png.rf.4ad94f49c0039db89bdcfce2f504f251_roi_17.png,51_png.rf.4ad94f49c0039db89bdcfce2f504f251_roi_10.png,0.7769029140472412,195.41598762627265,19.539370703428045,214.63861299002008,16.976263921706536,19.222625363747426,-2.5631067817215083,19.222625363747426,2.5631067817215083
4_png.rf.caea6723f5e00cd6fb8295e2e19e87fb_roi_3.png,4_png.rf.caea6723f5e00cd6fb8295e2e19e87fb_roi_11.png,0.7763819098472595,211.75897901888985,18.10471619400025,230.096688430404,17.146873555502623,18.33770941151414,-0.9578426384976275,18.33770941151414,0.9578426384976275
157_png.rf.355ba2b71e0720acf76aee03119c688a_roi_3.png,157_png.rf.355ba2b71e0720acf76aee03119c688a_roi_28.png,0.7760617733001709,174.40228170473887,13.884322207716885,174.17294469159913,15.35527678198162,-0.22933701313974098,1.470954574264736,0.22933701313974098,1.470954574264736
32_png.rf.2171f2b510df757623b29460955ba733_roi_3.png,32_png.rf.2171f2b510df757623b29460955ba733_roi_0.png,0.7759856581687927,275.8128329460302,17.945524247614692,328.8604139070121,18.07010491123252,53.04758096098192,0.12458066361782727,53.04758096098192,0.12458066361782727
180_png.rf.854971617105a533fc0de40bfa9851e6_roi_39.png,180_png.rf.854971617105a533fc0de40bfa9851e6_roi_17.png,0.7759815454483032,262.56590001091985,14.642466663927683,276.146585566172,16.91278324526281,13.58068555525216,2.270316581335125,13.58068555525216,2.270316581335125
1_png.rf.c0e062ec642b92c3ed761ccf598a7ddd_roi_0.png,1_png.rf.c0e062ec642b92c3ed761ccf598a7ddd_roi_10.png,0.7759197354316711,192.2663934862489,15.020132731366491,182.52284019052823,16.474296014759883,-9.743553295720659,1.4541632833933917,9.743553295720659,1.4541632833933917
7_png.rf.8ce77fd1bebdb67de94465bd206e1900_roi_10.png,7_png.rf.8ce77fd1bebdb67de94465bd206e1900_roi_17.png,0.7751196026802063,400.57969191521335,19.61618918452842,433.50331867014216,19.48221391678299,32.92362675492882,-0.13397526774543067,32.92362675492882,0.13397526774543067
180_png.rf.854971617105a533fc0de40bfa9851e6_roi_14.png,180_png.rf.854971617105a533fc0de40bfa9851e6_roi_9.png,0.7749999761581421,275.1402233940461,15.45348088970844,298.35562776374763,16.905274893014525,23.21540436970156,1.4517940033060857,23.21540436970156,1.4517940033060857
148_png.rf.2792a5b60dde0320afebc5e526e3967a_roi_16.png,148_png.rf.2792a5b60dde0320afebc5e526e3967a_roi_32.png,0.7747336626052856,316.7513040273046,20.299544048013896,322.43876268395644,20.005664393960625,5.687458656651813,-0.29387965405327066,5.687458656651813,0.29387965405327066
179_png.rf.c0591f9cd7f1fcb237fa1b02dda68f3d_roi_43.png,179_png.rf.c0591f9cd7f1fcb237fa1b02dda68f3d_roi_33.png,0.7745535969734192,281.55510292061746,15.564095850854844,282.17353399788107,15.2632444884585,0.6184310772636081,-0.3008513623963438,0.6184310772636081,0.3008513623963438
197_png.rf.65df503798e4ca97659a37a71556dd70_roi_31.png,197_png.rf.65df503798e4ca97659a37a71556dd70_roi_25.png,0.7744185924530029,268.3257755405526,13.681396301710793,272.2919872568921,17.111879934150508,3.966211716339501,3.4304836324397154,3.966211716339501,3.4304836324397154
73_png.rf.102c3065fbe3531b895ddda5312fae46_roi_12.png,73_png.rf.102c3065fbe3531b895ddda5312fae46_roi_9.png,0.7744107842445374,175.92993789231164,17.168094653568055,180.28145325038204,15.504027101767688,4.351515358070401,-1.6640675518003665,4.351515358070401,1.6640675518003665
181_png.rf.ed2dab6cb9f32b92e05149769e05b4e6_roi_36.png,181_png.rf.ed2dab6cb9f32b92e05149769e05b4e6_roi_23.png,0.7743270993232727,247.80295754889065,17.328439083420218,263.63177861352466,19.586768744734027,15.828821064634013,2.258329661313809,15.828821064634013,2.258329661313809
180_png.rf.854971617105a533fc0de40bfa9851e6_roi_17.png,180_png.rf.854971617105a533fc0de40bfa9851e6_roi_7.png,0.7736318111419678,264.211160102194,13.23645211182388,282.1184712008288,15.73622544796008,17.907311098634807,2.499773336136201,17.907311098634807,2.499773336136201
184_png.rf.6bd8662453fe84e9059d3c422101ce05_roi_2.png,184_png.rf.6bd8662453fe84e9059d3c422101ce05_roi_41.png,0.7731092572212219,261.780898456405,15.7320895489116,309.76625864812314,17.275285327218533,47.985360191718144,1.5431957783069326,47.985360191718144,1.5431957783069326
181_png.rf.ed2dab6cb9f32b92e05149769e05b4e6_roi_8.png,181_png.rf.ed2dab6cb9f32b92e05149769e05b4e6_roi_5.png,0.7730336785316467,286.283771361338,13.647425156806298,298.15959266554177,16.226321471737503,11.875821304203782,2.578896314931205,11.875821304203782,2.578896314931205
197_png.rf.65df503798e4ca97659a37a71556dd70_roi_12.png,197_png.rf.65df503798e4ca97659a37a71556dd70_roi_52.png,0.7729358077049255,272.7620697359018,14.781716399149898,310.4482264824697,14.382311064414315,37.68615674656792,-0.39940533473558304,37.68615674656792,0.39940533473558304
185_png.rf.bc8ae0c1c80f40b50b4e1c19f760529c_roi_44.png,185_png.rf.bc8ae0c1c80f40b50b4e1c19f760529c_roi_45.png,0.7728937864303589,269.7654684554009,18.180778709831987,317.13466371729874,18.17442662392661,47.36919526189786,-0.006352085905376725,47.36919526189786,0.006352085905376725
198_png.rf.a6082f69ebed660a347004da9c6eb345_roi_28.png,198_png.rf.a6082f69ebed660a347004da9c6eb345_roi_9.png,0.7728237509727478,272.3923416685209,16.379545679280994,302.824906922693,16.268135547999364,30.43256525417212,-0.11141013128163024,30.43256525417212,0.11141013128163024
184_png.rf.6bd8662453fe84e9059d3c422101ce05_roi_29.png,184_png.rf.6bd8662453fe84e9059d3c422101ce05_roi_15.png,0.7727272510528564,270.5283127520341,16.728147651389673,295.3435182023788,17.87966671757022,24.815205450344706,1.1515190661805477,24.815205450344706,1.1515190661805477
192_png.rf.12808d74593343dd08cf480a1596e1bb_roi_9.png,192_png.rf.12808d74593343dd08cf480a1596e1bb_roi_34.png,0.7725409865379333,265.9107675042332,15.825736345515748,292.95172869156147,17.794587535478406,27.040961187328264,1.968851189962658,27.040961187328264,1.968851189962658
180_png.rf.854971617105a533fc0de40bfa9851e6_roi_8.png,180_png.rf.854971617105a533fc0de40bfa9851e6_roi_32.png,0.7724288702011108,261.7407145317273,15.286482524621132,290.47733751501966,16.881886774497875,28.736622983292364,1.5954042498767436,28.736622983292364,1.5954042498767436
198_png.rf.a6082f69ebed660a347004da9c6eb345_roi_24.png,198_png.rf.a6082f69ebed660a347004da9c6eb345_roi_12.png,0.7724252343177795,303.8995253139739,17.527430088146172,324.4053408263726,19.821190437077988,20.50581551239867,2.2937603489318157,20.50581551239867,2.2937603489318157
180_png.rf.854971617105a533fc0de40bfa9851e6_roi_27.png,180_png.rf.854971617105a533fc0de40bfa9851e6_roi_13.png,0.7722772359848022,245.36574698510407,14.441943293681437,278.64720874843584,15.426254874261565,33.28146176333178,0.9843115805801279,33.28146176333178,0.9843115805801279
182_png.rf.0967c37c759a9b53ffd884e7e4c9177f_roi_18.png,182_png.rf.0967c37c759a9b53ffd884e7e4c9177f_roi_7.png,0.7720588445663452,325.264376769227,16.967816578558203,298.9354649587804,17.214243129314905,-26.328911810446584,0.24642655075670206,26.328911810446584,0.24642655075670206
183_png.rf.3b20a92fe511dac0343f295bffbeeee8_roi_26.png,183_png.rf.3b20a92fe511dac0343f295bffbeeee8_roi_11.png,0.7720306515693665,270.8937226079882,16.99160851196855,303.6447635047255,17.88694097703483,32.75104089673732,0.8953324650662786,32.75104089673732,0.8953324650662786
183_png.rf.3b20a92fe511dac0343f295bffbeeee8_roi_2.png,183_png.rf.3b20a92fe511dac0343f295bffbeeee8_roi_4.png,0.771784245967865,253.4564220272748,16.524426601413268,288.3213180976429,18.53458397859235,34.864896070368104,2.010157377179084,34.864896070368104,2.010157377179084
184_png.rf.6bd8662453fe84e9059d3c422101ce05_roi_41.png,184_png.rf.6bd8662453fe84e9059d3c422101ce05_roi_34.png,0.7715736031532288,249.5893890348438,16.044328451026107,232.43304608978156,15.51722657671134,-17.15634294506225,-0.5271018743147664,17.15634294506225,0.5271018743147664
186_png.rf.e28aa84e9aab65412588f8dab6908c6a_roi_9.png,186_png.rf.e28aa84e9aab65412588f8dab6908c6a_roi_19.png,0.7715290188789368,269.98285736323606,18.80143858668019,300.3605923446706,19.864456782225343,30.377734981434514,1.0630181955451512,30.377734981434514,1.0630181955451512
184_png.rf.6bd8662453fe84e9059d3c422101ce05_roi_25.png,184_png.rf.6bd8662453fe84e9059d3c422101ce05_roi_26.png,0.7714884877204895,268.6004527695325,16.227463594312482,300.6746198461367,16.88349464656712,32.07416707660417,0.6560310522546366,32.07416707660417,0.6560310522546366
190_png.rf.ea6033d055823de830c765b14ce68d00_roi_11.png,190_png.rf.ea6033d055823de830c765b14ce68d00_roi_6.png,0.7714884877204895,266.44718867611,15.512635677968245,302.6546993013778,17.244648103127528,36.20751062526779,1.732012425159283,36.20751062526779,1.732012425159283
122_png.rf.617059b075a6f81cae0fd7788acdfed2_roi_34.png,122_png.rf.617059b075a6f81cae0fd7788acdfed2_roi_35.png,0.7713675498962402,260.5160494569961,15.327294468216053,287.6596484706231,18.009427030306878,27.14359901362701,2.6821325620908247,27.14359901362701,2.6821325620908247
73_png.rf.102c3065fbe3531b895ddda5312fae46_roi_10.png,73_png.rf.102c3065fbe3531b895ddda5312fae46_roi_10.png,0.770588219165802,180.91872002916344,16.679694555985517,218.82705426677984,16.68273078482082,37.9083342376164,0.0030362288353025235,37.9083342376164,0.0030362288353025235
184_png.rf.6bd8662453fe84e9059d3c422101ce05_roi_16.png,184_png.rf.6bd8662453fe84e9059d3c422101ce05_roi_27.png,0.7705262899398804,274.1301658061591,16.549074492207186,285.64580427933987,16.645512697269965,11.515638473180786,0.09643820506277834,11.515638473180786,0.09643820506277834
190_png.rf.ea6033d055823de830c765b14ce68d00_roi_12.png,190_png.rf.ea6033d055823de830c765b14ce68d00_roi_11.png,0.770386278629303,259.5391267788699,17.187268838649317,295.8625238493121,15.928840827846027,36.323397070442184,-1.2584280108032893,36.323397070442184,1.2584280108032893
185_png.rf.bc8ae0c1c80f40b50b4e1c19f760529c_roi_36.png,185_png.rf.bc8ae0c1c80f40b50b4e1c19f760529c_roi_33.png,0.7698574066162109,283.2302615289361,15.821049558825589,305.1605790294635,17.326924255288773,21.930317500527394,1.5058746964631844,21.930317500527394,1.5058746964631844
179_png.rf.c0591f9cd7f1fcb237fa1b02dda68f3d_roi_40.png,179_png.rf.c0591f9cd7f1fcb237fa1b02dda68f3d_roi_23.png,0.769565224647522,284.60837079859016,15.584607110496489,291.63827896166777,15.569354810870742,7.029908163077607,-0.015252299625746701,7.029908163077607,0.015252299625746701
10_png.rf.2a5422c48a272b06a5ed1e4811e31377_roi_14.png,10_png.rf.2a5422c48a272b06a5ed1e4811e31377_roi_5.png,0.7690140604972839,211.88755848278376,17.765203933426605,207.92750360244796,15.344178140954568,-3.9600548803358038,-2.4210257924720366,3.9600548803358038,2.4210257924720366
179_png.rf.c0591f9cd7f1fcb237fa1b02dda68f3d_roi_21.png,179_png.rf.c0591f9cd7f1fcb237fa1b02dda68f3d_roi_26.png,0.7690014839172363,294.8827793254106,22.5727963426754,329.6152987218959,19.060959216258105,34.732519396485316,-3.5118371264172943,34.732519396485316,3.5118371264172943
199_png.rf.91f963b3f081107d35cb64c236444492_roi_12.png,199_png.rf.91f963b3f081107d35cb64c236444492_roi_35.png,0.7687224745750427,234.88948487503723,18.686175687845697,265.22466220146435,17.036224308448926,30.33517732642713,-1.6499513793967715,30.33517732642713,1.6499513793967715
178_png.rf.7a28cebaafb63c780225bdc40509ff93_roi_6.png,178_png.rf.7a28cebaafb63c780225bdc40509ff93_roi_12.png,0.7686116695404053,279.9302285279457,16.940270329318786,283.55357874743163,17.456049105861986,3.6233502194859284,0.5157787765432005,3.6233502194859284,0.5157787765432005
4_png.rf.caea6723f5e00cd6fb8295e2e19e87fb_roi_2.png,4_png.rf.caea6723f5e00cd6fb8295e2e19e87fb_roi_16.png,0.7683284282684326,183.36957899402637,18.506043228787004,190.75692160151945,17.186994876339796,7.387342607493082,-1.3190483524472079,7.387342607493082,1.3190483524472079
1_png.rf.c0e062ec642b92c3ed761ccf598a7ddd_roi_3.png,1_png.rf.c0e062ec642b92c3ed761ccf598a7ddd_roi_1.png,0.7679855823516846,283.0092000434599,19.600692505377594,292.30188975182944,17.926570422161944,9.29268970836955,-1.67412208321565,9.29268970836955,1.67412208321565
148_png.rf.2792a5b60dde0320afebc5e526e3967a_roi_35.png,148_png.rf.2792a5b60dde0320afebc5e526e3967a_roi_20.png,0.7678452134132385,566.0664107573542,25.620164346941525,592.5547538742054,25.19167055609117,26.488343116851183,-0.42849379085035366,26.488343116851183,0.42849379085035366
190_png.rf.ea6033d055823de830c765b14ce68d00_roi_20.png,190_png.rf.ea6033d055823de830c765b14ce68d00_roi_20.png,0.767699122428894,265.7535580418325,14.469156190943314,294.9384814188911,16.672468494091504,29.184923377058624,2.2033123031481896,29.184923377058624,2.2033123031481896
189_png.rf.7d05be6532b431c511de90597bccd10d_roi_10.png,189_png.rf.7d05be6532b431c511de90597bccd10d_roi_30.png,0.76765376329422,219.3381446931965,17.491745813792438,235.54712326304912,19.57602147332392,16.208978569852604,2.0842756595314818,16.208978569852604,2.0842756595314818
190_png.rf.ea6033d055823de830c765b14ce68d00_roi_22.png,190_png.rf.ea6033d055823de830c765b14ce68d00_roi_2.png,0.7676348686218262,257.55635748075804,18.01534645944048,299.1656656779245,16.19356278292044,41.609308197166456,-1.8217836765200381,41.609308197166456,1.8217836765200381
198_png.rf.a6082f69ebed660a347004da9c6eb345_roi_51.png,198_png.rf.a6082f69ebed660a347004da9c6eb345_roi_56.png,0.766968309879303,261.54629283442745,16.29828684842076,276.9002562585116,16.094315017938644,15.353963424084156,-0.2039718304821143,15.353963424084156,0.2039718304821143
197_png.rf.65df503798e4ca97659a37a71556dd70_roi_7.png,197_png.rf.65df503798e4ca97659a37a71556dd70_roi_9.png,0.7667436599731445,258.32278401645044,14.259969735257355,271.5920077291012,17.56428203651355,13.269223712650785,3.3043123012561946,13.269223712650785,3.3043123012561946
189_png.rf.7d05be6532b431c511de90597bccd10d_roi_33.png,189_png.rf.7d05be6532b431c511de90597bccd10d_roi_22.png,0.7667269706726074,282.1884792460622,17.56669298971999,310.5483303300572,19.834685090336944,28.35985108399501,2.2679921006169543,28.35985108399501,2.2679921006169543
73_png.rf.102c3065fbe3531b895ddda5312fae46_roi_13.png,73_png.rf.102c3065fbe3531b895ddda5312fae46_roi_4.png,0.7661870718002319,134.94502749057887,18.09671364034192,182.09591079905576,16.54381059119813,47.15088330847689,-1.55290304914379,47.15088330847689,1.55290304914379
199_png.rf.91f963b3f081107d35cb64c236444492_roi_13.png,199_png.rf.91f963b3f081107d35cb64c236444492_roi_33.png,0.7661097645759583,245.525270411334,16.747280268270273,261.657756176652,15.723850372837752,16.132485765318023,-1.0234298954325212,16.132485765318023,1.0234298954325212
185_png.rf.bc8ae0c1c80f40b50b4e1c19f760529c_roi_35.png,185_png.rf.bc8ae0c1c80f40b50b4e1c19f760529c_roi_12.png,0.7657342553138733,307.6880867438649,20.054554861457373,282.2418874422108,17.84645020183198,-25.446199301654133,-2.2081046596253913,25.446199301654133,2.2081046596253913
185_png.rf.bc8ae0c1c80f40b50b4e1c19f760529c_roi_6.png,185_png.rf.bc8ae0c1c80f40b50b4e1c19f760529c_roi_25.png,0.7655954360961914,280.50099920257014,16.14107062081774,301.1820758791808,19.07107311552245,20.681076676610644,2.930002494704709,20.681076676610644,2.930002494704709
185_png.rf.bc8ae0c1c80f40b50b4e1c19f760529c_roi_21.png,185_png.rf.bc8ae0c1c80f40b50b4e1c19f760529c_roi_11.png,0.7654638886451721,254.1186383171567,13.3779396265814,265.17939110486066,15.796262454835112,11.060752787703962,2.4183228282537126,11.060752787703962,2.4183228282537126
192_png.rf.12808d74593343dd08cf480a1596e1bb_roi_32.png,192_png.rf.12808d74593343dd08cf480a1596e1bb_roi_2.png,0.7647058963775635,277.9234588996828,16.325659933751993,302.6852912051546,17.97368125285886,24.761832305471785,1.648021319106867,24.761832305471785,1.648021319106867
197_png.rf.65df503798e4ca97659a37a71556dd70_roi_41.png,197_png.rf.65df503798e4ca97659a37a71556dd70_roi_40.png,0.7641509175300598,248.6746636953249,18.883273418594012,297.5854554646544,18.770561825609928,48.91079176932948,-0.11271159298408406,48.91079176932948,0.11271159298408406
185_png.rf.bc8ae0c1c80f40b50b4e1c19f760529c_roi_0.png,185_png.rf.bc8ae0c1c80f40b50b4e1c19f760529c_roi_8.png,0.764018714427948,251.37056967400653,14.49227777380028,271.47760798892847,17.108813195259195,20.107038314921937,2.6165354214589147,20.107038314921937,2.6165354214589147
197_png.rf.65df503798e4ca97659a37a71556dd70_roi_35.png,197_png.rf.65df503798e4ca97659a37a71556dd70_roi_22.png,0.764018714427948,263.12823876288326,13.780756184833972,268.11252180446365,17.409052061766648,4.984283041580397,3.6282958769326754,4.984283041580397,3.6282958769326754
179_png.rf.c0591f9cd7f1fcb237fa1b02dda68f3d_roi_10.png,179_png.rf.c0591f9cd7f1fcb237fa1b02dda68f3d_roi_37.png,0.7637050747871399,252.74044619559385,19.816274054562385,272.970386281708,19.25387599976474,20.22994008611414,-0.5623980547976437,20.22994008611414,0.5623980547976437
197_png.rf.65df503798e4ca97659a37a71556dd70_roi_15.png,197_png.rf.65df503798e4ca97659a37a71556dd70_roi_12.png,0.7625570893287659,257.8667592841267,14.45064095206158,270.5362896239787,17.714672856855376,12.669530339851974,3.2640319047937965,12.669530339851974,3.2640319047937965
183_png.rf.3b20a92fe511dac0343f295bffbeeee8_roi_33.png,183_png.rf.3b20a92fe511dac0343f295bffbeeee8_roi_23.png,0.7625201940536499,307.5378769235565,20.70983504252269,314.0144626346372,18.46205258415092,6.476585711080702,-2.24778245837177,6.476585711080702,2.24778245837177
179_png.rf.c0591f9cd7f1fcb237fa1b02dda68f3d_roi_24.png,179_png.rf.c0591f9cd7f1fcb237fa1b02dda68f3d_roi_32.png,0.7624309659004211,272.5410090384678,20.58351691789064,289.0221271909169,17.544701420253016,16.481118152449085,-3.038815497637625,16.481118152449085,3.038815497637625
185_png.rf.bc8ae0c1c80f40b50b4e1c19f760529c_roi_41.png,185_png.rf.bc8ae0c1c80f40b50b4e1c19f760529c_roi_42.png,0.7612524628639221,256.1817501244378,17.290075025455312,271.58464146959005,20.57203466069624,15.402891345152227,3.281959635240927,15.402891345152227,3.281959635240927
180_png.rf.854971617105a533fc0de40bfa9851e6_roi_22.png,180_png.rf.854971617105a533fc0de40bfa9851e6_roi_15.png,0.7606263756752014,248.43812678678484,17.102079893747927,288.2024561925776,15.357161166216846,39.76432940579275,-1.744918727531081,39.76432940579275,1.744918727531081
204_png.rf.9c1306312d5a7647dbaad4a582a67a82_roi_2.png,204_png.rf.9c1306312d5a7647dbaad4a582a67a82_roi_26.png,0.7606006860733032,468.1300843621379,21.68820150755184,551.111483865387,21.822463527085677,82.98139950324907,0.13426201953383554,82.98139950324907,0.13426201953383554
180_png.rf.854971617105a533fc0de40bfa9851e6_roi_42.png,180_png.rf.854971617105a533fc0de40bfa9851e6_roi_33.png,0.7600700259208679,290.52207302510834,18.36687352119949,317.1298145748932,18.377165144064264,26.607741549784862,0.010291622864773586,26.607741549784862,0.010291622864773586
197_png.rf.65df503798e4ca97659a37a71556dd70_roi_16.png,197_png.rf.65df503798e4ca97659a37a71556dd70_roi_44.png,0.7598253488540649,247.95547624209104,15.661413738514051,290.9406597484516,17.590154057772256,42.985183506360556,1.928740319258205,42.985183506360556,1.928740319258205
178_png.rf.7a28cebaafb63c780225bdc40509ff93_roi_13.png,178_png.rf.7a28cebaafb63c780225bdc40509ff93_roi_21.png,0.7597042322158813,296.99441044182606,17.228231429420582,322.16562472122155,17.08311388344907,25.171214279395485,-0.14511754597151238,25.171214279395485,0.14511754597151238
181_png.rf.ed2dab6cb9f32b92e05149769e05b4e6_roi_40.png,181_png.rf.ed2dab6cb9f32b92e05149769e05b4e6_roi_16.png,0.7596153616905212,291.6158589967605,18.764793010885118,324.6628483923234,20.156013125101037,33.04698939556289,1.391220114215919,33.04698939556289,1.391220114215919
179_png.rf.c0591f9cd7f1fcb237fa1b02dda68f3d_roi_17.png,179_png.rf.c0591f9cd7f1fcb237fa1b02dda68f3d_roi_0.png,0.7591397762298584,275.32103122845257,15.092129244272526,290.6378228116642,16.762105863996325,15.316791583211625,1.6699766197237995,15.316791583211625,1.6699766197237995
186_png.rf.e28aa84e9aab65412588f8dab6908c6a_roi_8.png,186_png.rf.e28aa84e9aab65412588f8dab6908c6a_roi_32.png,0.7585644125938416,288.58343216912954,19.1364219339058,324.195341606731,19.793840058910465,35.61190943760147,0.6574181250046642,35.61190943760147,0.6574181250046642
199_png.rf.91f963b3f081107d35cb64c236444492_roi_8.png,199_png.rf.91f963b3f081107d35cb64c236444492_roi_41.png,0.7585033774375916,275.9933820304933,18.55324691020923,290.835881601283,21.49356542287944,14.842499570789698,2.94031851267021,14.842499570789698,2.94031851267021
67_png.rf.068ea9422b29b456ff4a7a233ac38315_roi_15.png,67_png.rf.068ea9422b29b456ff4a7a233ac38315_roi_14.png,0.7584415674209595,226.4896366507784,14.308894300088664,263.88291468220143,16.12476458254601,37.39327803142302,1.8158702824573467,37.39327803142302,1.8158702824573467
181_png.rf.ed2dab6cb9f32b92e05149769e05b4e6_roi_35.png,181_png.rf.ed2dab6cb9f32b92e05149769e05b4e6_roi_11.png,0.758400022983551,287.6373563301152,18.498519313661525,356.48203213789,18.82884382457396,68.84467580777476,0.3303245109124333,68.84467580777476,0.3303245109124333
198_png.rf.a6082f69ebed660a347004da9c6eb345_roi_49.png,198_png.rf.a6082f69ebed660a347004da9c6eb345_roi_19.png,0.7579618096351624,238.5070502347593,16.80061544215793,293.765466273088,17.417095576672377,55.258416038328704,0.6164801345144468,55.258416038328704,0.6164801345144468
181_png.rf.ed2dab6cb9f32b92e05149769e05b4e6_roi_34.png,181_png.rf.ed2dab6cb9f32b92e05149769e05b4e6_roi_35.png,0.75789475440979,249.4323453041985,16.198323984519885,279.390275181058,18.117175090415014,29.95792987685948,1.9188511058951292,29.95792987685948,1.9188511058951292
182_png.rf.0967c37c759a9b53ffd884e7e4c9177f_roi_15.png,182_png.rf.0967c37c759a9b53ffd884e7e4c9177f_roi_24.png,0.7578740119934082,270.30089870635385,16.281734071582953,306.60978111939136,18.50199314765659,36.30888241303751,2.2202590760736385,36.30888241303751,2.2202590760736385
18_png.rf.8dc36dd51f5ef8f7f16f7f069f027de6_roi_8.png,18_png.rf.8dc36dd51f5ef8f7f16f7f069f027de6_roi_17.png,0.7574750781059265,194.19169837344876,13.064436299585823,211.2395435371198,15.849334778329744,17.04784516367104,2.784898478743921,17.04784516367104,2.784898478743921
199_png.rf.91f963b3f081107d35cb64c236444492_roi_28.png,199_png.rf.91f963b3f081107d35cb64c236444492_roi_43.png,0.7573099136352539,188.8569344950304,15.811011850685452,215.65456554666844,16.963155440762435,26.797631051638035,1.1521435900769834,26.797631051638035,1.1521435900769834
73_png.rf.102c3065fbe3531b895ddda5312fae46_roi_5.png,73_png.rf.102c3065fbe3531b895ddda5312fae46_roi_0.png,0.7572254538536072,212.50303845895985,14.168577177573171,237.00902538829348,15.617619924180838,24.50598692933363,1.4490427466076667,24.50598692933363,1.4490427466076667
10_png.rf.2a5422c48a272b06a5ed1e4811e31377_roi_20.png,10_png.rf.2a5422c48a272b06a5ed1e4811e31377_roi_16.png,0.7566719055175781,297.36214645297014,19.655274792711545,343.337080192021,19.102363781565703,45.97493373905087,-0.5529110111458415,45.97493373905087,0.5529110111458415
183_png.rf.3b20a92fe511dac0343f295bffbeeee8_roi_42.png,183_png.rf.3b20a92fe511dac0343f295bffbeeee8_roi_14.png,0.7566037774085999,290.9701139708495,17.30848662044871,304.9426726550212,17.607614914045723,13.972558684171702,0.2991282935970112,13.972558684171702,0.2991282935970112
190_png.rf.ea6033d055823de830c765b14ce68d00_roi_27.png,190_png.rf.ea6033d055823de830c765b14ce68d00_roi_15.png,0.75650554895401,275.6806505340262,16.271155361741044,289.76447204884806,20.38585428294488,14.083821514821864,4.114698921203836,14.083821514821864,4.114698921203836
197_png.rf.65df503798e4ca97659a37a71556dd70_roi_48.png,197_png.rf.65df503798e4ca97659a37a71556dd70_roi_2.png,0.7565011978149414,252.33125689679903,13.955028962004702,274.5246279953479,16.852992269847984,22.19337109854885,2.8979633078432823,22.19337109854885,2.8979633078432823
191_png.rf.ccd508b1558233d55518d246170124b6_roi_2.png,191_png.rf.ccd508b1558233d55518d246170124b6_roi_20.png,0.7563804984092712,260.33631562074737,13.81888588657568,270.87903720509604,17.41955698849803,10.54272158434867,3.60067110192235,10.54272158434867,3.60067110192235
183_png.rf.3b20a92fe511dac0343f295bffbeeee8_roi_17.png,183_png.rf.3b20a92fe511dac0343f295bffbeeee8_roi_27.png,0.7552986741065979,287.6871544436914,15.835881740914678,318.65127066230747,17.605048455179286,30.964116218616084,1.7691667142646086,30.964116218616084,1.7691667142646086
181_png.rf.ed2dab6cb9f32b92e05149769e05b4e6_roi_19.png,181_png.rf.ed2dab6cb9f32b92e05149769e05b4e6_roi_17.png,0.7538126111030579,276.1680477050066,14.144643790639972,299.63743065250566,16.96789642538008,23.46938294749907,2.8232526347401077,23.46938294749907,2.8232526347401077
197_png.rf.65df503798e4ca97659a37a71556dd70_roi_39.png,197_png.rf.65df503798e4ca97659a37a71556dd70_roi_30.png,0.7536534667015076,267.1108459899405,15.351595489024856,271.0280335212741,19.003373127265192,3.9171875313335818,3.651777638240336,3.9171875313335818,3.651777638240336
183_png.rf.3b20a92fe511dac0343f295bffbeeee8_roi_31.png,183_png.rf.3b20a92fe511dac0343f295bffbeeee8_roi_28.png,0.7536496520042419,261.12100816697966,17.658128976205866,308.98921858207586,19.429679255086896,47.8682104150962,1.7715502788810298,47.8682104150962,1.7715502788810298
200_png.rf.2df05d4a25378ddfd70dfe408d7768cd_roi_20.png,200_png.rf.2df05d4a25378ddfd70dfe408d7768cd_roi_16.png,0.75356125831604,316.4064573066199,18.52563607617344,369.14909035304447,20.571827432910748,52.742633046424544,2.0461913567373067,52.742633046424544,2.0461913567373067
186_png.rf.e28aa84e9aab65412588f8dab6908c6a_roi_33.png,186_png.rf.e28aa84e9aab65412588f8dab6908c6a_roi_29.png,0.7530612349510193,278.6350077125064,14.801056244744794,317.78607497462184,17.264404156975537,39.15106726211542,2.463347912230743,39.15106726211542,2.463347912230743
190_png.rf.ea6033d055823de830c765b14ce68d00_roi_17.png,190_png.rf.ea6033d055823de830c765b14ce68d00_roi_8.png,0.7524510025978088,242.5673644896668,14.880874415666757,268.87461284001967,16.03330269270125,26.307248350352864,1.1524282770344918,26.307248350352864,1.1524282770344918
190_png.rf.ea6033d055823de830c765b14ce68d00_roi_19.png,190_png.rf.ea6033d055823de830c765b14ce68d00_roi_22.png,0.751968502998352,280.4775592043533,16.7074073079936,288.0812067853188,17.589662094803,7.603647580965458,0.8822547868094013,7.603647580965458,0.8822547868094013
184_png.rf.6bd8662453fe84e9059d3c422101ce05_roi_18.png,184_png.rf.6bd8662453fe84e9059d3c422101ce05_roi_3.png,0.7518247961997986,265.8914195913093,15.203120277896238,270.8075505532572,14.522981114734874,4.9161309619479425,-0.680139163161364,4.9161309619479425,0.680139163161364
199_png.rf.91f963b3f081107d35cb64c236444492_roi_35.png,199_png.rf.91f963b3f081107d35cb64c236444492_roi_32.png,0.7514677047729492,265.45769196105016,16.147541451800976,279.93104517580394,19.72118844797317,14.473353214753786,3.5736469961721937,14.473353214753786,3.5736469961721937
198_png.rf.a6082f69ebed660a347004da9c6eb345_roi_43.png,198_png.rf.a6082f69ebed660a347004da9c6eb345_roi_17.png,0.7510548233985901,258.916414009271,16.53281437810643,277.20948881900574,17.53106807775624,18.29307480973472,0.9982536996498119,18.29307480973472,0.9982536996498119
199_png.rf.91f963b3f081107d35cb64c236444492_roi_44.png,199_png.rf.91f963b3f081107d35cb64c236444492_roi_28.png,0.7504835724830627,274.9442652958989,16.66857168047744,308.0192765136019,17.625319895134535,33.07501121770298,0.9567482146570931,33.07501121770298,0.9567482146570931
20_png.rf.850033e7c361b1f2fd8e68b838ece0d8_roi_1.png,20_png.rf.850033e7c361b1f2fd8e68b838ece0d8_roi_17.png,0.75,183.7936279684266,21.535285875833253,228.1159047300838,21.56446050670179,44.32227676165721,0.029174630868535445,44.32227676165721,0.029174630868535445
185_png.rf.bc8ae0c1c80f40b50b4e1c19f760529c_roi_3.png,185_png.rf.bc8ae0c1c80f40b50b4e1c19f760529c_roi_39.png,0.7495462894439697,267.4233923568085,17.545092045683703,337.0515835026948,17.851369962173372,69.62819114588632,0.3062779164896696,69.62819114588632,0.3062779164896696
183_png.rf.3b20a92fe511dac0343f295bffbeeee8_roi_8.png,183_png.rf.3b20a92fe511dac0343f295bffbeeee8_roi_38.png,0.7495182752609253,232.1792595484845,19.96692762593449,277.98254364463105,19.06003375722896,45.80328409614654,-0.9068938687055272,45.80328409614654,0.9068938687055272
198_png.rf.a6082f69ebed660a347004da9c6eb345_roi_53.png,198_png.rf.a6082f69ebed660a347004da9c6eb345_roi_22.png,0.7494252920150757,262.16187453610127,13.711755977830864,285.33343471280955,16.781380182126547,23.171560176708283,3.0696242042956836,23.171560176708283,3.0696242042956836
185_png.rf.bc8ae0c1c80f40b50b4e1c19f760529c_roi_11.png,185_png.rf.bc8ae0c1c80f40b50b4e1c19f760529c_roi_44.png,0.7488986849784851,284.7834305815981,13.516015925895976,288.2038444840283,16.85301890757674,3.420413902430198,3.3370029816807634,3.420413902430198,3.3370029816807634
191_png.rf.ccd508b1558233d55518d246170124b6_roi_37.png,191_png.rf.ccd508b1558233d55518d246170124b6_roi_22.png,0.7488443851470947,276.35560722938305,20.236104757403307,350.81347452988416,19.83717237996885,74.4578673005011,-0.39893237743445553,74.4578673005011,0.39893237743445553
0_png.rf.168a7f1464a843d2217034df0330d03b_roi_9.png,0_png.rf.168a7f1464a843d2217034df0330d03b_roi_2.png,0.7485148310661316,237.1364587014777,21.27450784646205,258.76454705246266,18.324960321928216,21.628088350984967,-2.949547524533834,21.628088350984967,2.949547524533834
68_png.rf.3e865d871ea5e3d6a81f31989516572c_roi_6.png,68_png.rf.3e865d871ea5e3d6a81f31989516572c_roi_2.png,0.7483730912208557,241.67315995946723,16.356995570131954,275.61636877857444,17.923315093427764,33.94320881910721,1.5663195232958103,33.94320881910721,1.5663195232958103
184_png.rf.6bd8662453fe84e9059d3c422101ce05_roi_30.png,184_png.rf.6bd8662453fe84e9059d3c422101ce05_roi_33.png,0.7480158805847168,263.95086665106925,17.525586053074708,301.4279768799358,17.3514973796838,37.477110228866536,-0.1740886733909086,37.477110228866536,0.1740886733909086
199_png.rf.91f963b3f081107d35cb64c236444492_roi_33.png,199_png.rf.91f963b3f081107d35cb64c236444492_roi_3.png,0.7477477192878723,278.46859787946755,14.108126490267786,289.4909297796908,15.872766910652558,11.022331900223264,1.7646404203847723,11.022331900223264,1.7646404203847723
192_png.rf.12808d74593343dd08cf480a1596e1bb_roi_25.png,192_png.rf.12808d74593343dd08cf480a1596e1bb_roi_41.png,0.747035562992096,280.9670210430757,14.953884262267508,309.40098172424365,18.087011422619028,28.433960681167946,3.1331271603515205,28.433960681167946,3.1331271603515205
198_png.rf.a6082f69ebed660a347004da9c6eb345_roi_2.png,198_png.rf.a6082f69ebed660a347004da9c6eb345_roi_10.png,0.7470119595527649,276.7993072671382,15.631880860134078,289.5272142411837,18.612129233922253,12.727906974045482,2.980248373788175,12.727906974045482,2.980248373788175
183_png.rf.3b20a92fe511dac0343f295bffbeeee8_roi_5.png,183_png.rf.3b20a92fe511dac0343f295bffbeeee8_roi_37.png,0.746835470199585,332.13618461694847,17.206031396902837,349.578008806161,17.99600722353063,17.441824189212525,0.7899758266277921,17.441824189212525,0.7899758266277921
181_png.rf.ed2dab6cb9f32b92e05149769e05b4e6_roi_7.png,181_png.rf.ed2dab6cb9f32b92e05149769e05b4e6_roi_18.png,0.746300220489502,268.4779468732548,14.83035326557576,279.3900059125388,18.93282475021024,10.912059039284031,4.102471484634481,10.912059039284031,4.102471484634481
84_png.rf.58f1729113639cc3714467029dcb4780_roi_12.png,84_png.rf.58f1729113639cc3714467029dcb4780_roi_44.png,0.7462887763977051,289.2587362361902,22.20742808571157,289.29558792224003,27.394738156556805,0.03685168604982891,5.1873100708452355,0.03685168604982891,5.1873100708452355
197_png.rf.65df503798e4ca97659a37a71556dd70_roi_46.png,197_png.rf.65df503798e4ca97659a37a71556dd70_roi_8.png,0.746268630027771,271.5630404148194,14.543848948159871,300.27399440545656,17.006745703799265,28.710953990637165,2.4628967556393935,28.710953990637165,2.4628967556393935
179_png.rf.c0591f9cd7f1fcb237fa1b02dda68f3d_roi_3.png,179_png.rf.c0591f9cd7f1fcb237fa1b02dda68f3d_roi_19.png,0.7461928725242615,270.6478411063809,21.956228856343817,286.7457777148568,19.09812561584828,16.09793660847589,-2.858103240495538,16.09793660847589,2.858103240495538
10_png.rf.2a5422c48a272b06a5ed1e4811e31377_roi_21.png,10_png.rf.2a5422c48a272b06a5ed1e4811e31377_roi_24.png,0.7461538314819336,156.88008248943777,15.15162013097733,154.7057831498556,17.088071527535053,-2.174299339582177,1.9364513965577235,2.174299339582177,1.9364513965577235
186_png.rf.e28aa84e9aab65412588f8dab6908c6a_roi_11.png,186_png.rf.e28aa84e9aab65412588f8dab6908c6a_roi_16.png,0.7461368441581726,259.9271948479966,16.2646463317282,276.45820516009223,16.132031531108208,16.531010312095646,-0.13261480061999364,16.531010312095646,0.13261480061999364
199_png.rf.91f963b3f081107d35cb64c236444492_roi_11.png,199_png.rf.91f963b3f081107d35cb64c236444492_roi_40.png,0.7459999918937683,221.9218919211395,20.959068790352102,261.59354837245684,18.92840294702625,39.67165645131735,-2.0306658433258526,39.67165645131735,2.0306658433258526
184_png.rf.6bd8662453fe84e9059d3c422101ce05_roi_37.png,184_png.rf.6bd8662453fe84e9059d3c422101ce05_roi_12.png,0.7459016442298889,246.8955288311037,18.98765665350492,269.60925109242925,17.08638650449865,22.713722261325557,-1.9012701490062724,22.713722261325557,1.9012701490062724
191_png.rf.ccd508b1558233d55518d246170124b6_roi_40.png,191_png.rf.ccd508b1558233d55518d246170124b6_roi_2.png,0.745843231678009,240.4894206093532,16.855599688543105,259.03291136568413,15.730276028219109,18.543490756330925,-1.1253236603239962,18.543490756330925,1.1253236603239962
185_png.rf.bc8ae0c1c80f40b50b4e1c19f760529c_roi_26.png,185_png.rf.bc8ae0c1c80f40b50b4e1c19f760529c_roi_24.png,0.7450980544090271,253.8356034332717,20.56490127472096,294.16040966663246,18.34664602317689,40.32480623336076,-2.2182552515440683,40.32480623336076,2.2182552515440683
181_png.rf.ed2dab6cb9f32b92e05149769e05b4e6_roi_5.png,181_png.rf.ed2dab6cb9f32b92e05149769e05b4e6_roi_37.png,0.744966447353363,237.2132002960948,15.85358481343613,292.959652765774,16.773156148961345,55.74645246967921,0.9195713355252142,55.74645246967921,0.9195713355252142
67_png.rf.068ea9422b29b456ff4a7a233ac38315_roi_11.png,67_png.rf.068ea9422b29b456ff4a7a233ac38315_roi_1.png,0.7449495196342468,210.3412738424337,15.401705358151938,245.40424257562532,17.670889364761486,35.06296873319161,2.2691840066095477,35.06296873319161,2.2691840066095477
192_png.rf.12808d74593343dd08cf480a1596e1bb_roi_24.png,192_png.rf.12808d74593343dd08cf480a1596e1bb_roi_15.png,0.7448132634162903,251.5328416859384,16.37393940679185,289.236323358665,17.779589482993156,37.70348167272661,1.405650076201308,37.70348167272661,1.405650076201308
180_png.rf.854971617105a533fc0de40bfa9851e6_roi_36.png,180_png.rf.854971617105a533fc0de40bfa9851e6_roi_19.png,0.7440347075462341,264.3058728213516,15.044863932949308,282.4990397461169,17.111660526988473,18.193166924765308,2.0667965940391646,18.193166924765308,2.0667965940391646
182_png.rf.0967c37c759a9b53ffd884e7e4c9177f_roi_9.png,182_png.rf.0967c37c759a9b53ffd884e7e4c9177f_roi_9.png,0.7430555820465088,257.7308685678019,14.197226882634828,290.1615770158288,16.577155860125593,32.430708448026905,2.3799289774907653,32.430708448026905,2.3799289774907653
180_png.rf.854971617105a533fc0de40bfa9851e6_roi_15.png,180_png.rf.854971617105a533fc0de40bfa9851e6_roi_2.png,0.7421524524688721,265.69536700999413,14.444580132112335,301.5282858809627,16.18609164884308,35.83291887096857,1.7415115167307462,35.83291887096857,1.7415115167307462
183_png.rf.3b20a92fe511dac0343f295bffbeeee8_roi_27.png,183_png.rf.3b20a92fe511dac0343f295bffbeeee8_roi_41.png,0.7413194179534912,281.4676337171896,16.637423190234482,326.3167990453492,19.276755578308567,44.84916532815964,2.6393323880740844,44.84916532815964,2.6393323880740844
179_png.rf.c0591f9cd7f1fcb237fa1b02dda68f3d_roi_9.png,179_png.rf.c0591f9cd7f1fcb237fa1b02dda68f3d_roi_24.png,0.7411545515060425,279.00080528819865,17.543259881057768,293.3246134615099,18.753646964080524,14.32380817331125,1.2103870830227557,14.32380817331125,1.2103870830227557
186_png.rf.e28aa84e9aab65412588f8dab6908c6a_roi_49.png,186_png.rf.e28aa84e9aab65412588f8dab6908c6a_roi_43.png,0.741150438785553,249.76135598978027,15.092416122567547,288.56177860422247,17.053674502992493,38.8004226144422,1.9612583804249457,38.8004226144422,1.9612583804249457
184_png.rf.6bd8662453fe84e9059d3c422101ce05_roi_1.png,184_png.rf.6bd8662453fe84e9059d3c422101ce05_roi_36.png,0.7407407164573669,251.71413277466323,14.62084932719417,281.67252512411767,16.75661512073297,29.958392349454442,2.1357657935388,29.958392349454442,2.1357657935388
192_png.rf.12808d74593343dd08cf480a1596e1bb_roi_38.png,192_png.rf.12808d74593343dd08cf480a1596e1bb_roi_14.png,0.7398720979690552,266.92982434040954,14.586238715730374,303.8694435102322,17.35621844431877,36.93961916982266,2.769979728588396,36.93961916982266,2.769979728588396
180_png.rf.854971617105a533fc0de40bfa9851e6_roi_30.png,180_png.rf.854971617105a533fc0de40bfa9851e6_roi_40.png,0.739130437374115,247.09085631297987,15.162089192027633,299.10359674795444,16.97908976368144,52.012740434974575,1.8170005716538071,52.012740434974575,1.8170005716538071
197_png.rf.65df503798e4ca97659a37a71556dd70_roi_23.png,197_png.rf.65df503798e4ca97659a37a71556dd70_roi_29.png,0.73893803358078,255.4363350696367,14.667763130178937,294.3105447114458,16.74552240701228,38.8742096418091,2.077759276833344,38.8742096418091,2.077759276833344
198_png.rf.a6082f69ebed660a347004da9c6eb345_roi_22.png,198_png.rf.a6082f69ebed660a347004da9c6eb345_roi_51.png,0.7385229468345642,260.6415782968942,16.806180120432792,288.1469325355634,18.053426601056373,27.505354238669213,1.2472464806235806,27.505354238669213,1.2472464806235806
186_png.rf.e28aa84e9aab65412588f8dab6908c6a_roi_16.png,186_png.rf.e28aa84e9aab65412588f8dab6908c6a_roi_35.png,0.7382199168205261,238.8814576802997,13.094377734629353,281.15457122398385,15.5320715880562,42.27311354368416,2.437693853426847,42.27311354368416,2.437693853426847
198_png.rf.a6082f69ebed660a347004da9c6eb345_roi_11.png,198_png.rf.a6082f69ebed660a347004da9c6eb345_roi_16.png,0.7376344203948975,250.97275799864855,16.166597665081365,282.7569004106851,17.503294804658093,31.784142412036545,1.336697139576728,31.784142412036545,1.336697139576728
57_png.rf.8f487a26af5047f2a1caf0288f3e993b_roi_6.png,57_png.rf.8f487a26af5047f2a1caf0288f3e993b_roi_18.png,0.7375565767288208,307.81097031775874,18.08683079638321,356.42298442655215,19.988389027913197,48.6120141087934,1.901558231529986,48.6120141087934,1.901558231529986
179_png.rf.c0591f9cd7f1fcb237fa1b02dda68f3d_roi_26.png,179_png.rf.c0591f9cd7f1fcb237fa1b02dda68f3d_roi_42.png,0.7373912930488586,248.6945072334957,19.596480846487736,299.6626146343702,20.47046942068405,50.96810740087449,0.8739885741963143,50.96810740087449,0.8739885741963143
179_png.rf.c0591f9cd7f1fcb237fa1b02dda68f3d_roi_11.png,179_png.rf.c0591f9cd7f1fcb237fa1b02dda68f3d_roi_11.png,0.7372881174087524,272.2570101269018,21.119616312611,287.1413909158338,19.21229531721893,14.884380788932049,-1.9073209953920696,14.884380788932049,1.9073209953920696
67_png.rf.068ea9422b29b456ff4a7a233ac38315_roi_10.png,67_png.rf.068ea9422b29b456ff4a7a233ac38315_roi_9.png,0.7365967631340027,248.66044228840173,14.635460740448256,291.6421923126728,15.785480888744958,42.98175002427109,1.1500201482967025,42.98175002427109,1.1500201482967025
33_png.rf.7b2ed94dd972fe6fe24277fbb2eb0d04_roi_12.png,33_png.rf.7b2ed94dd972fe6fe24277fbb2eb0d04_roi_10.png,0.7364864945411682,148.49411664267157,17.936804613650022,194.84696899743324,15.505428310702497,46.352852354761666,-2.431376302947525,46.352852354761666,2.431376302947525
197_png.rf.65df503798e4ca97659a37a71556dd70_roi_30.png,197_png.rf.65df503798e4ca97659a37a71556dd70_roi_48.png,0.7360774874687195,248.3176016988868,14.144486479084456,273.03066901003206,16.552077335214403,24.713067311145267,2.4075908561299464,24.713067311145267,2.4075908561299464
190_png.rf.ea6033d055823de830c765b14ce68d00_roi_24.png,190_png.rf.ea6033d055823de830c765b14ce68d00_roi_4.png,0.7352380752563477,276.9224281061524,16.187284566780438,326.1546474617102,16.997991900620843,49.232219355557845,0.8107073338404049,49.232219355557845,0.8107073338404049
186_png.rf.e28aa84e9aab65412588f8dab6908c6a_roi_19.png,186_png.rf.e28aa84e9aab65412588f8dab6908c6a_roi_25.png,0.7352342009544373,252.3196284849108,15.920446593425911,295.76439552305465,17.553001765361163,43.44476703814385,1.6325551719352518,43.44476703814385,1.6325551719352518
183_png.rf.3b20a92fe511dac0343f295bffbeeee8_roi_10.png,183_png.rf.3b20a92fe511dac0343f295bffbeeee8_roi_36.png,0.7350876927375793,280.3006302961686,17.703984696688636,331.30900057749454,17.768477302834224,51.00837028132594,0.06449260614558838,51.00837028132594,0.06449260614558838
181_png.rf.ed2dab6cb9f32b92e05149769e05b4e6_roi_10.png,181_png.rf.ed2dab6cb9f32b92e05149769e05b4e6_roi_40.png,0.7345132827758789,272.55128607210514,14.427406262401844,272.13571234023885,17.29084677229036,-0.41557373186628865,2.863440509888518,0.41557373186628865,2.863440509888518
190_png.rf.ea6033d055823de830c765b14ce68d00_roi_16.png,190_png.rf.ea6033d055823de830c765b14ce68d00_roi_9.png,0.7345132827758789,254.6258764696701,14.52980227398617,273.9958413086643,17.985215096726524,19.369964838994207,3.455412822740353,19.369964838994207,3.455412822740353
179_png.rf.c0591f9cd7f1fcb237fa1b02dda68f3d_roi_44.png,179_png.rf.c0591f9cd7f1fcb237fa1b02dda68f3d_roi_15.png,0.7344064116477966,293.9687445459221,16.244497511895336,295.67037101872216,15.94902878428602,1.7016264728000579,-0.2954687276093164,1.7016264728000579,0.2954687276093164
191_png.rf.ccd508b1558233d55518d246170124b6_roi_10.png,191_png.rf.ccd508b1558233d55518d246170124b6_roi_19.png,0.7340619564056396,265.25051063092195,16.84471313045685,311.9569990395486,19.17914403434031,46.706488408626626,2.3344309038834616,46.706488408626626,2.3344309038834616
197_png.rf.65df503798e4ca97659a37a71556dd70_roi_44.png,197_png.rf.65df503798e4ca97659a37a71556dd70_roi_35.png,0.7335025668144226,221.9309725798817,14.174087991650316,256.2458314854927,16.78328954316411,34.314858905611004,2.6092015515137934,34.314858905611004,2.6092015515137934
197_png.rf.65df503798e4ca97659a37a71556dd70_roi_40.png,197_png.rf.65df503798e4ca97659a37a71556dd70_roi_23.png,0.7330508232116699,240.3179589863059,16.064925486467722,290.4208993668658,17.820790571872823,50.102940380559886,1.7558650854051017,50.102940380559886,1.7558650854051017
186_png.rf.e28aa84e9aab65412588f8dab6908c6a_roi_38.png,186_png.rf.e28aa84e9aab65412588f8dab6908c6a_roi_33.png,0.7310230731964111,252.4245286015145,19.78502047253554,313.25784929865193,21.134542604784013,60.833320697137424,1.3495221322484738,60.833320697137424,1.3495221322484738
191_png.rf.ccd508b1558233d55518d246170124b6_roi_19.png,191_png.rf.ccd508b1558233d55518d246170124b6_roi_13.png,0.7303370833396912,260.5618963315659,14.334840401047998,279.66247682949813,17.696724023329274,19.100580497932242,3.361883622281276,19.100580497932242,3.361883622281276
186_png.rf.e28aa84e9aab65412588f8dab6908c6a_roi_39.png,186_png.rf.e28aa84e9aab65412588f8dab6908c6a_roi_31.png,0.7302631735801697,276.371990151838,18.12152529648361,314.07142936010723,21.048239310772708,37.69943920826921,2.9267140142890966,37.69943920826921,2.9267140142890966
185_png.rf.bc8ae0c1c80f40b50b4e1c19f760529c_roi_17.png,185_png.rf.bc8ae0c1c80f40b50b4e1c19f760529c_roi_35.png,0.7299270033836365,238.7867261794128,14.1182585298091,269.9967618116935,16.423353614293664,31.210035632280693,2.305095084484563,31.210035632280693,2.305095084484563
182_png.rf.0967c37c759a9b53ffd884e7e4c9177f_roi_3.png,182_png.rf.0967c37c759a9b53ffd884e7e4c9177f_roi_44.png,0.7284768223762512,283.1298177891226,14.440876990447851,275.5560457189658,16.731698787103202,-7.573772070156849,2.290821796655351,7.573772070156849,2.290821796655351
182_png.rf.0967c37c759a9b53ffd884e7e4c9177f_roi_43.png,182_png.rf.0967c37c759a9b53ffd884e7e4c9177f_roi_32.png,0.7281713485717773,267.2240896702609,22.015325367616526,287.93649000253487,19.731552683683905,20.712400332273944,-2.2837726839326216,20.712400332273944,2.2837726839326216
192_png.rf.12808d74593343dd08cf480a1596e1bb_roi_10.png,192_png.rf.12808d74593343dd08cf480a1596e1bb_roi_9.png,0.7268518805503845,256.5903030305993,13.839848150571695,284.1934227301542,16.708538351906263,27.603119699554952,2.8686902013345676,27.603119699554952,2.8686902013345676
75_png.rf.2aa347a6ff8e31fa4798b098640f9673_roi_2.png,75_png.rf.2aa347a6ff8e31fa4798b098640f9673_roi_3.png,0.7268370389938354,296.9938150145736,17.51943808041142,353.3644007611429,19.354326573376337,56.370585746569304,1.834888492964918,56.370585746569304,1.834888492964918
184_png.rf.6bd8662453fe84e9059d3c422101ce05_roi_44.png,184_png.rf.6bd8662453fe84e9059d3c422101ce05_roi_14.png,0.7266982793807983,287.78246015705014,20.92453779487435,305.16364196680274,20.048105615845923,17.381181809752604,-0.8764321790284271,17.381181809752604,0.8764321790284271
199_png.rf.91f963b3f081107d35cb64c236444492_roi_7.png,199_png.rf.91f963b3f081107d35cb64c236444492_roi_30.png,0.7260034680366516,262.5453961205963,18.759097979153168,322.2224938233903,18.80611441914276,59.677097702794015,0.04701643998959071,59.677097702794015,0.04701643998959071
197_png.rf.65df503798e4ca97659a37a71556dd70_roi_21.png,197_png.rf.65df503798e4ca97659a37a71556dd70_roi_3.png,0.7254902124404907,261.6316710224855,14.447837106826372,305.145317923354,16.466513965418265,43.51364690086854,2.0186768585918937,43.51364690086854,2.0186768585918937
191_png.rf.ccd508b1558233d55518d246170124b6_roi_12.png,191_png.rf.ccd508b1558233d55518d246170124b6_roi_33.png,0.7251908183097839,233.13430926072735,18.6203404772842,293.4149133986115,19.22163873987796,60.280604137884126,0.6012982625937617,60.280604137884126,0.6012982625937617
181_png.rf.ed2dab6cb9f32b92e05149769e05b4e6_roi_12.png,181_png.rf.ed2dab6cb9f32b92e05149769e05b4e6_roi_2.png,0.7248908281326294,284.67218131700696,13.24448928264534,297.29890708297245,16.807319572931252,12.626725765965489,3.5628302902859126,12.626725765965489,3.5628302902859126
186_png.rf.e28aa84e9aab65412588f8dab6908c6a_roi_37.png,186_png.rf.e28aa84e9aab65412588f8dab6908c6a_roi_28.png,0.7245613932609558,282.5458994896372,19.466449773179185,289.1850675302031,18.46899507691578,6.639168040565949,-0.9974546962634072,6.639168040565949,0.9974546962634072
190_png.rf.ea6033d055823de830c765b14ce68d00_roi_3.png,190_png.rf.ea6033d055823de830c765b14ce68d00_roi_12.png,0.7245119214057922,230.6123420831347,16.377459145992912,289.5387933707321,17.139102033001485,58.92645128759739,0.7616428870085734,58.92645128759739,0.7616428870085734
181_png.rf.ed2dab6cb9f32b92e05149769e05b4e6_roi_6.png,181_png.rf.ed2dab6cb9f32b92e05149769e05b4e6_roi_20.png,0.7243735790252686,242.64641431819007,14.480127764546223,286.0283552398253,16.89410621874044,43.38194092163525,2.4139784541942166,43.38194092163525,2.4139784541942166
198_png.rf.a6082f69ebed660a347004da9c6eb345_roi_52.png,198_png.rf.a6082f69ebed660a347004da9c6eb345_roi_6.png,0.7243461012840271,282.08102883150246,16.193780332366803,300.0577762084557,16.30239438774783,17.976747376953256,0.10861405538102886,17.976747376953256,0.10861405538102886
181_png.rf.ed2dab6cb9f32b92e05149769e05b4e6_roi_16.png,181_png.rf.ed2dab6cb9f32b92e05149769e05b4e6_roi_19.png,0.7239999771118164,242.16272258161956,17.20534442319732,292.2001490060099,18.26110637044116,50.03742642439033,1.0557619472438375,50.03742642439033,1.0557619472438375
10_png.rf.2a5422c48a272b06a5ed1e4811e31377_roi_1.png,10_png.rf.2a5422c48a272b06a5ed1e4811e31377_roi_3.png,0.7229129672050476,284.51015196628833,17.62631618404495,319.02542551030814,18.128957954445617,34.515273544019806,0.5026417704006683,34.515273544019806,0.5026417704006683
198_png.rf.a6082f69ebed660a347004da9c6eb345_roi_41.png,198_png.rf.a6082f69ebed660a347004da9c6eb345_roi_27.png,0.722522497177124,278.23624254750746,16.384043736839562,294.75232413572945,19.787349360391403,16.516081588221994,3.403305623551841,16.516081588221994,3.403305623551841
186_png.rf.e28aa84e9aab65412588f8dab6908c6a_roi_7.png,186_png.rf.e28aa84e9aab65412588f8dab6908c6a_roi_18.png,0.7221134901046753,282.6483392625286,14.649360578557529,315.7616574510041,18.029589869300658,33.11331818847549,3.380229290743129,33.11331818847549,3.380229290743129
185_png.rf.bc8ae0c1c80f40b50b4e1c19f760529c_roi_40.png,185_png.rf.bc8ae0c1c80f40b50b4e1c19f760529c_roi_18.png,0.721784770488739,239.78428238187053,13.436379221999962,265.87053520251914,15.629920965567294,26.08625282064861,2.193541743567332,26.08625282064861,2.193541743567332
183_png.rf.3b20a92fe511dac0343f295bffbeeee8_roi_29.png,183_png.rf.3b20a92fe511dac0343f295bffbeeee8_roi_19.png,0.721276581287384,279.215146654608,15.661527812229789,292.613170053512,15.355356768868178,13.398023398904002,-0.3061710433616103,13.398023398904002,0.3061710433616103
185_png.rf.bc8ae0c1c80f40b50b4e1c19f760529c_roi_30.png,185_png.rf.bc8ae0c1c80f40b50b4e1c19f760529c_roi_21.png,0.7212543487548828,330.5646661815662,17.57845712525987,289.4052291108326,17.854780557889338,-41.159437070733645,0.2763234326294679,41.159437070733645,0.2763234326294679
62_png.rf.beb309695495d75acd96567a6b6510bc_roi_19.png,62_png.rf.beb309695495d75acd96567a6b6510bc_roi_35.png,0.7202420830726624,528.9229667725789,22.460759703904163,613.4941705297459,25.8541094890424,84.57120375716704,3.3933497851382377,84.57120375716704,3.3933497851382377
186_png.rf.e28aa84e9aab65412588f8dab6908c6a_roi_5.png,186_png.rf.e28aa84e9aab65412588f8dab6908c6a_roi_37.png,0.7197696566581726,245.4634901469557,17.474936066203586,293.763611431354,18.557016330788283,48.30012128439827,1.0820802645846967,48.30012128439827,1.0820802645846967
186_png.rf.e28aa84e9aab65412588f8dab6908c6a_roi_15.png,186_png.rf.e28aa84e9aab65412588f8dab6908c6a_roi_5.png,0.7196819186210632,295.75826643559674,14.78508519419096,308.5324134084408,16.871915956556315,12.77414697284405,2.086830762365354,12.77414697284405,2.086830762365354
74_png.rf.ed451f8c78a994810aae2c2995f5116e_roi_3.png,74_png.rf.ed451f8c78a994810aae2c2995f5116e_roi_10.png,0.7196765542030334,159.493744557801,23.194649477127864,197.2322278447504,16.570148349795755,37.73848328694942,-6.62450112733211,37.73848328694942,6.62450112733211
185_png.rf.bc8ae0c1c80f40b50b4e1c19f760529c_roi_16.png,185_png.rf.bc8ae0c1c80f40b50b4e1c19f760529c_roi_22.png,0.7195876240730286,266.0083095859248,15.166403636382531,286.2552121943649,17.866712748653878,20.24690260844011,2.7003091122713467,20.24690260844011,2.7003091122713467
181_png.rf.ed2dab6cb9f32b92e05149769e05b4e6_roi_33.png,181_png.rf.ed2dab6cb9f32b92e05149769e05b4e6_roi_10.png,0.7190082669258118,279.8492938646713,14.880952501440849,287.8446051973311,17.597409773641342,7.995311332659753,2.7164572722004934,7.995311332659753,2.7164572722004934
184_png.rf.6bd8662453fe84e9059d3c422101ce05_roi_15.png,184_png.rf.6bd8662453fe84e9059d3c422101ce05_roi_8.png,0.7189922332763672,300.001714735185,16.595376340614603,314.4781564336293,15.155314196157503,14.476441698444319,-1.4400621444570998,14.476441698444319,1.4400621444570998
179_png.rf.c0591f9cd7f1fcb237fa1b02dda68f3d_roi_25.png,179_png.rf.c0591f9cd7f1fcb237fa1b02dda68f3d_roi_44.png,0.7189655303955078,276.8819885437884,16.713550444346655,308.26274788703245,20.668111886702256,31.38075934324405,3.954561442355601,31.38075934324405,3.954561442355601
198_png.rf.a6082f69ebed660a347004da9c6eb345_roi_31.png,198_png.rf.a6082f69ebed660a347004da9c6eb345_roi_8.png,0.7183771133422852,216.23858860751943,16.12601668904494,258.8147770832787,17.209074250346774,42.576188475759295,1.0830575613018354,42.576188475759295,1.0830575613018354
184_png.rf.6bd8662453fe84e9059d3c422101ce05_roi_35.png,184_png.rf.6bd8662453fe84e9059d3c422101ce05_roi_22.png,0.7181628346443176,270.2542722388834,16.224650295808157,285.19968459268466,16.32969070529406,14.94541235380126,0.10504040948590188,14.94541235380126,0.10504040948590188
180_png.rf.854971617105a533fc0de40bfa9851e6_roi_7.png,180_png.rf.854971617105a533fc0de40bfa9851e6_roi_28.png,0.7177242636680603,243.21876197735207,14.941479181713456,293.19253564806496,17.512049963226588,49.97377367071289,2.5705707815131316,49.97377367071289,2.5705707815131316
192_png.rf.12808d74593343dd08cf480a1596e1bb_roi_27.png,192_png.rf.12808d74593343dd08cf480a1596e1bb_roi_8.png,0.7176470756530762,247.942248288058,13.696493290467606,269.7853269511064,17.26151300922753,21.843078663048402,3.5650197187599257,21.843078663048402,3.5650197187599257
82_png.rf.78a828637d0fdf11d14f1d4b7920f8d0_roi_7.png,82_png.rf.78a828637d0fdf11d14f1d4b7920f8d0_roi_34.png,0.7161803841590881,208.99972534412785,14.399220964643334,249.91703508000688,16.50633910546497,40.91730973587903,2.107118140821637,40.91730973587903,2.107118140821637
186_png.rf.e28aa84e9aab65412588f8dab6908c6a_roi_2.png,186_png.rf.e28aa84e9aab65412588f8dab6908c6a_roi_0.png,0.7160751819610596,288.5969338978191,13.008837264312024,319.99441182557166,16.4493300709953,31.39747792775256,3.440492806683274,31.39747792775256,3.440492806683274
191_png.rf.ccd508b1558233d55518d246170124b6_roi_7.png,191_png.rf.ccd508b1558233d55518d246170124b6_roi_21.png,0.715575635433197,266.7950287874772,13.389670018982978,298.02801329473374,16.503956281769877,31.23298450725656,3.1142862627868997,31.23298450725656,3.1142862627868997
180_png.rf.854971617105a533fc0de40bfa9851e6_roi_19.png,180_png.rf.854971617105a533fc0de40bfa9851e6_roi_6.png,0.7154639363288879,295.2580851484649,13.400382988877636,311.24764077857367,17.199789025555006,15.989555630108782,3.79940603667737,15.989555630108782,3.79940603667737
198_png.rf.a6082f69ebed660a347004da9c6eb345_roi_6.png,198_png.rf.a6082f69ebed660a347004da9c6eb345_roi_41.png,0.7147949934005737,294.2662507951488,16.705752397259943,326.10180221186044,17.47815663352187,31.835551416711667,0.7724042362619272,31.835551416711667,0.7724042362619272
184_png.rf.6bd8662453fe84e9059d3c422101ce05_roi_19.png,184_png.rf.6bd8662453fe84e9059d3c422101ce05_roi_18.png,0.7145708799362183,249.81764971389785,16.80803122136005,307.7090667368552,17.108199819100808,57.89141702295737,0.30016859774075755,57.89141702295737,0.30016859774075755
180_png.rf.854971617105a533fc0de40bfa9851e6_roi_18.png,180_png.rf.854971617105a533fc0de40bfa9851e6_roi_25.png,0.7142857313156128,229.9369681207001,14.731713908840009,294.6213056973229,16.252179134725576,64.6843375766228,1.5204652258855678,64.6843375766228,1.5204652258855678
68_png.rf.3e865d871ea5e3d6a81f31989516572c_roi_1.png,68_png.rf.3e865d871ea5e3d6a81f31989516572c_roi_4.png,0.7142857313156128,177.03251549179757,14.087980265583695,196.0070966463693,16.68903873341756,18.974581154571723,2.601058467833866,18.974581154571723,2.601058467833866
148_png.rf.2792a5b60dde0320afebc5e526e3967a_roi_28.png,148_png.rf.2792a5b60dde0320afebc5e526e3967a_roi_22.png,0.7139784693717957,438.6730031258428,25.92527307025544,582.5322757246269,26.191552827307437,143.85927259878406,0.266279757051997,143.85927259878406,0.266279757051997
207_png.rf.6406870a5223a2b33da9c5d54d767796_roi_34.png,207_png.rf.6406870a5223a2b33da9c5d54d767796_roi_35.png,0.7129724025726318,370.4585999745384,22.479182459530428,455.5536731141492,22.583219310435705,85.0950731396108,0.10403685090527759,85.0950731396108,0.10403685090527759
186_png.rf.e28aa84e9aab65412588f8dab6908c6a_roi_45.png,186_png.rf.e28aa84e9aab65412588f8dab6908c6a_roi_23.png,0.7114337682723999,289.6129396752175,16.59407426353329,311.6538344591585,17.818632454554354,22.040894783940985,1.224558191021064,22.040894783940985,1.224558191021064
180_png.rf.854971617105a533fc0de40bfa9851e6_roi_41.png,180_png.rf.854971617105a533fc0de40bfa9851e6_roi_22.png,0.7112171649932861,240.64049206110957,13.973203709562222,257.3107028694984,17.89236759802101,16.670210808388845,3.9191638884587885,16.670210808388845,3.9191638884587885
182_png.rf.0967c37c759a9b53ffd884e7e4c9177f_roi_23.png,182_png.rf.0967c37c759a9b53ffd884e7e4c9177f_roi_18.png,0.7110266089439392,265.56421887876144,15.477925064647565,324.1014629206272,18.11356520005263,58.53724404186579,2.6356401354050654,58.53724404186579,2.6356401354050654
182_png.rf.0967c37c759a9b53ffd884e7e4c9177f_roi_37.png,182_png.rf.0967c37c759a9b53ffd884e7e4c9177f_roi_13.png,0.7106382846832275,266.5797641500666,17.074134707061834,275.73679116612004,15.832546372573104,9.157027016053462,-1.2415883344887302,9.157027016053462,1.2415883344887302
191_png.rf.ccd508b1558233d55518d246170124b6_roi_24.png,191_png.rf.ccd508b1558233d55518d246170124b6_roi_27.png,0.7103004455566406,222.24555679918728,16.200664439257196,277.2212249240444,18.41522050878921,54.97566812485712,2.2145560695320157,54.97566812485712,2.2145560695320157
146_png.rf.6ba5197b14cc019df1f46cda73230bd2_roi_1.png,146_png.rf.6ba5197b14cc019df1f46cda73230bd2_roi_39.png,0.7096773982048035,268.9530019452607,19.67336777167943,316.30539355176984,21.88638152431828,47.352391606509116,2.213013752638851,47.352391606509116,2.213013752638851
179_png.rf.c0591f9cd7f1fcb237fa1b02dda68f3d_roi_32.png,179_png.rf.c0591f9cd7f1fcb237fa1b02dda68f3d_roi_17.png,0.7096773982048035,297.4036998108414,17.96235438204383,323.36424666292635,19.943502978734717,25.960546852084974,1.9811485966908862,25.960546852084974,1.9811485966908862
180_png.rf.854971617105a533fc0de40bfa9851e6_roi_1.png,180_png.rf.854971617105a533fc0de40bfa9851e6_roi_30.png,0.7095070481300354,279.31821718962595,16.4964818948196,327.81607758943954,19.08996432592045,48.49786039981359,2.5934824311008526,48.49786039981359,2.5934824311008526
185_png.rf.bc8ae0c1c80f40b50b4e1c19f760529c_roi_18.png,185_png.rf.bc8ae0c1c80f40b50b4e1c19f760529c_roi_2.png,0.7094736695289612,275.0092667919321,14.627966670031254,299.36838360478373,16.449308856650884,24.359116812851653,1.8213421866196295,24.359116812851653,1.8213421866196295
181_png.rf.ed2dab6cb9f32b92e05149769e05b4e6_roi_23.png,181_png.rf.ed2dab6cb9f32b92e05149769e05b4e6_roi_4.png,0.7093275785446167,267.67061985421304,13.695546858810916,282.76599980176843,17.895305220093046,15.095379947555386,4.1997583612821305,15.095379947555386,4.1997583612821305
186_png.rf.e28aa84e9aab65412588f8dab6908c6a_roi_34.png,186_png.rf.e28aa84e9aab65412588f8dab6908c6a_roi_40.png,0.7085828185081482,283.6674788432319,14.188472378012127,315.8274139324861,16.86616244274995,32.15993508925419,2.6776900647378223,32.15993508925419,2.6776900647378223
190_png.rf.ea6033d055823de830c765b14ce68d00_roi_8.png,190_png.rf.ea6033d055823de830c765b14ce68d00_roi_5.png,0.7082405090332031,241.87838000627352,16.833696718714332,264.83194488316866,16.52105555368827,22.953564876895143,-0.31264116502606143,22.953564876895143,0.31264116502606143
180_png.rf.854971617105a533fc0de40bfa9851e6_roi_12.png,180_png.rf.854971617105a533fc0de40bfa9851e6_roi_16.png,0.7072758078575134,267.04934054977474,17.76770040246188,326.67438093737724,19.39670334046725,59.625040387602496,1.629002938005371,59.625040387602496,1.629002938005371
180_png.rf.854971617105a533fc0de40bfa9851e6_roi_3.png,180_png.rf.854971617105a533fc0de40bfa9851e6_roi_43.png,0.7069271802902222,284.3232721897612,16.366521335873088,305.29830568482646,19.727273944604743,20.975033495065247,3.360752608731655,20.975033495065247,3.360752608731655
180_png.rf.854971617105a533fc0de40bfa9851e6_roi_24.png,180_png.rf.854971617105a533fc0de40bfa9851e6_roi_39.png,0.7052631378173828,250.4577530932543,14.713768017905275,281.7688256365976,18.282670452360087,31.31107254334333,3.5689024344548113,31.31107254334333,3.5689024344548113
181_png.rf.ed2dab6cb9f32b92e05149769e05b4e6_roi_37.png,181_png.rf.ed2dab6cb9f32b92e05149769e05b4e6_roi_1.png,0.7049891352653503,274.161973587941,14.231438062927802,283.6211095532845,16.665775767368913,9.459135965343478,2.434337704441111,9.459135965343478,2.434337704441111
72_png.rf.e077661159386a8d9dfdaf279fb21f95_roi_10.png,72_png.rf.e077661159386a8d9dfdaf279fb21f95_roi_17.png,0.7049808502197266,151.93199003817094,14.78373269266752,179.82571741056324,13.93931039027879,27.893727372392306,-0.8444223023887307,27.893727372392306,0.8444223023887307
181_png.rf.ed2dab6cb9f32b92e05149769e05b4e6_roi_21.png,181_png.rf.ed2dab6cb9f32b92e05149769e05b4e6_roi_8.png,0.7037861943244934,240.8976203430445,14.502736549794369,292.2775686424212,16.652895649191397,51.37994829937671,2.150159099397028,51.37994829937671,2.150159099397028
198_png.rf.a6082f69ebed660a347004da9c6eb345_roi_48.png,198_png.rf.a6082f69ebed660a347004da9c6eb345_roi_61.png,0.7034631967544556,260.85363983320894,14.889736091186364,289.02892660438107,16.68434534552594,28.175286771172125,1.7946092543395764,28.175286771172125,1.7946092543395764
179_png.rf.c0591f9cd7f1fcb237fa1b02dda68f3d_roi_16.png,179_png.rf.c0591f9cd7f1fcb237fa1b02dda68f3d_roi_31.png,0.7033194899559021,250.76879831772163,16.812305539310334,255.12238493079283,18.607625974938117,4.353586613071201,1.795320435627783,4.353586613071201,1.795320435627783
48_png.rf.89bbdaddc26cd39248bf958772efd679_roi_8.png,48_png.rf.89bbdaddc26cd39248bf958772efd679_roi_13.png,0.7032641172409058,191.09860466207743,14.717426936038366,222.3171342629969,15.767497793925706,31.218529600919453,1.0500708578873397,31.218529600919453,1.0500708578873397
179_png.rf.c0591f9cd7f1fcb237fa1b02dda68f3d_roi_30.png,179_png.rf.c0591f9cd7f1fcb237fa1b02dda68f3d_roi_34.png,0.7032085657119751,336.16271814852666,22.352806798423806,315.71644492743235,20.395399139662647,-20.446273221094316,-1.9574076587611593,20.446273221094316,1.9574076587611593
198_png.rf.a6082f69ebed660a347004da9c6eb345_roi_40.png,198_png.rf.a6082f69ebed660a347004da9c6eb345_roi_39.png,0.7031539678573608,282.2225543579759,15.955696459236728,299.71772503936944,18.67453187449332,17.495170681393517,2.7188354152565903,17.495170681393517,2.7188354152565903
184_png.rf.6bd8662453fe84e9059d3c422101ce05_roi_38.png,184_png.rf.6bd8662453fe84e9059d3c422101ce05_roi_37.png,0.7021695971488953,273.72469432377767,16.052274450962855,290.2858395811419,17.004764058489858,16.561145257364217,0.9524896075270028,16.561145257364217,0.9524896075270028
197_png.rf.65df503798e4ca97659a37a71556dd70_roi_42.png,197_png.rf.65df503798e4ca97659a37a71556dd70_roi_24.png,0.7015590071678162,276.1178107371483,12.868950037914807,323.1058169855562,15.443215949425776,46.988006248407885,2.5742659115109685,46.988006248407885,2.5742659115109685
186_png.rf.e28aa84e9aab65412588f8dab6908c6a_roi_26.png,186_png.rf.e28aa84e9aab65412588f8dab6908c6a_roi_36.png,0.7010309100151062,282.30867165067747,13.831183066366291,305.2893736554393,16.842656038524186,22.980702004761838,3.011472972157895,22.980702004761838,3.011472972157895
179_png.rf.c0591f9cd7f1fcb237fa1b02dda68f3d_roi_0.png,179_png.rf.c0591f9cd7f1fcb237fa1b02dda68f3d_roi_21.png,0.7009345889091492,269.2902231945711,22.37889697414355,273.05773501665925,21.0773744435008,3.7675118220881245,-1.3015225306427496,3.7675118220881245,1.3015225306427496
