"Filename","Date","Metadata_Experiment","Metadata_Plate","Magnification","Metadata_Well","Worm_ID","Length_um","Width_um","Topology_Warnings","assay_type","food_conc_OD","food_type","diluent","diluent_concentration_perc","drug","concentration_um","drug_stock_prep_date","drug_prep_method","strain","bleach","well_censor","well_censor_reason","notes","mean_wormlength_um","min_wormlength_um","q10_wormlength_um","q25_wormlength_um","median_wormlength_um","sd_wormlength_um","q75_wormlength_um","q90_wormlength_um","max_wormlength_um","cv_wormlength_um","mean_wormwidth_um","min_wormwidth_um","q10_wormwidth_um","q25_wormwidth_um","median_wormwidth_um","sd_wormwidth_um","q75_wormwidth_um","q90_wormwidth_um","max_wormwidth_um","cv_wormwidth_um","n","flag_id","titer_WellFlag","n_WellFlag","outlier_length_WellFlag","outlier_width_WellFlag","outlier_WellFlag","assay_bleach","median_wormlength_um_reg","bleach_coeff","bleach_se","bleach_tvalue","bleach_pvalue","control_median_wormlength_um_reg","median_wormlength_um_reg_delta"
"20250424-CbDRC2-p031-m2x_A01_roi_0.png",20250424,"CbDRC2","p031","m2x","A01",0,772.31404438773,39.3281244610184,"","48h",10,"15hHB101","DMSO",1,"IVERMECTIN",0,NA,NA,"VX34","1_N",NA,NA,NA,720.87696302517,608.435532935521,652.214648758321,681.052117423833,718.911181859461,54.3973050647318,753.904426745106,778.602214046018,836.353643831239,0.0754599021120786,39.8633440936281,36.2997995946861,37.8588255701726,38.5971383671042,39.3779561575417,1.98933251472305,41.2409257269614,42.6184482080874,44.8809225613757,0.0499038041076195,30,"1_N_VX34_0",NA,NA,NA,NA,NA,"1_N",218.221166175476,500.690015683985,30.5037506382767,16.4140476238915,4.75390497503238e-36,239.366746355374,-21.1455801798983
"20250424-CbDRC2-p031-m2x_A02_roi_0.png",20250424,"CbDRC2","p031","m2x","A02",0,754.141825363147,40.0644295749854,"","48h",10,"15hHB101","DMSO",1,"IVERMECTIN",2.9e-05,NA,NA,"VX34","1_N",NA,NA,NA,708.982830867361,211.197723496432,659.999594652067,700.582959772719,729.353733523342,81.4244084187181,740.902902869572,748.381272917096,796.77659410919,0.114846798644058,38.2753351563783,14.046646610173,36.059981787554,38.1665066584515,39.1715814260445,4.37298121642964,40.1369803341384,40.6986750109656,43.1342606096506,0.114250631602919,48,"1_N_VX34_2.9e-05",NA,NA,NA,NA,NA,"1_N",228.663717839357,500.690015683985,30.5037506382767,16.4140476238915,4.75390497503238e-36,239.366746355374,-10.7030285160169
"20250424-CbDRC2-p031-m2x_A03_roi_0.png",20250424,"CbDRC2","p031","m2x","A03",0,771.222660109572,39.3782894403968,"","48h",10,"15hHB101","DMSO",1,"IVERMECTIN",5.8e-05,NA,NA,"VX34","1_N",NA,NA,NA,708.059855665459,451.302879989082,660.819510825683,693.745300995984,714.592618068371,70.7396726567217,737.500586464065,771.072273181057,835.783184445891,0.099906345615708,38.7344860943532,27.1821064858285,37.595135701056,38.3098740360444,39.0873404022675,2.89455382563958,40.0796326939374,40.7032279524202,42.7326486978369,0.0747280812914039,41,"1_N_VX34_5.8e-05",NA,NA,NA,NA,NA,"1_N",213.902602384386,500.690015683985,30.5037506382767,16.4140476238915,4.75390497503238e-36,239.366746355374,-25.4641439709876
"20250424-CbDRC2-p031-m2x_A04_roi_0.png",20250424,"CbDRC2","p031","m2x","A04",0,745.034125426959,40.2100915165899,"","48h",10,"15hHB101","DMSO",1,"IVERMECTIN",0.00011,NA,NA,"VX34","1_N",NA,NA,NA,708.256121222534,629.495879925892,655.30437277601,685.253234868216,706.615844698578,38.6519072213438,738.390574057853,747.652094639735,773.902986031668,0.0545733472160128,39.3234223920446,33.880305770154,37.7480546660956,38.9144639180959,39.3964281606049,1.50096888630544,40.2145441045237,41.0035710151661,41.5278761648166,0.0381698436962367,35,"1_N_VX34_0.00011",NA,NA,NA,NA,NA,"1_N",205.925829014592,500.690015683985,30.5037506382767,16.4140476238915,4.75390497503238e-36,239.366746355374,-33.4409173407813
"20250424-CbDRC2-p031-m2x_A05_roi_0.png",20250424,"CbDRC2","p031","m2x","A05",0,775.024797655542,38.6313139676402,"","48h",10,"15hHB101","DMSO",1,"IVERMECTIN",0.00023,NA,NA,"VX34","1_N",NA,NA,NA,700.276885214489,209.05230168734,650.743919817133,682.326237036023,715.378405845593,104.323450108581,751.327013193104,774.718726271291,833.405462605313,0.148974573217031,37.7011929755867,21.7260371196827,35.2978392853065,37.3848970230631,38.6313139676402,3.83015118805249,39.9564238591971,40.2517278245208,40.873468878134,0.101592307451191,33,"1_N_VX34_0.00023",NA,NA,NA,NA,NA,"1_N",214.688390161608,500.690015683985,30.5037506382767,16.4140476238915,4.75390497503238e-36,239.366746355374,-24.6783561937662
"20250424-CbDRC2-p031-m2x_A06_roi_0.png",20250424,"CbDRC2","p031","m2x","A06",0,650.261477667217,37.0265878769633,"","48h",10,"15hHB101","DMSO",1,"IVERMECTIN",0.00046,NA,NA,"VX34","1_N",NA,NA,NA,641.596171584148,242.110025471818,550.943716870437,649.906368380674,672.265833842989,97.2547652289773,686.943852060129,706.195329038248,741.631038950457,0.151582521118928,34.1280195087427,14.8370484548814,27.8573360643628,31.9837995971019,34.8972845511369,5.58117839681145,36.5177614853357,39.300995411976,52.1464343887157,0.163536544960709,39,"1_N_VX34_0.00046",NA,NA,NA,"outlier","outlier","1_N",171.575818159004,500.690015683985,30.5037506382767,16.4140476238915,4.75390497503238e-36,239.366746355374,-67.7909281963698
"20250424-CbDRC2-p031-m2x_A07_roi_0.png",20250424,"CbDRC2","p031","m2x","A07",0,350.412056603745,19.2704022255461,"","48h",10,"15hHB101","DMSO",1,"IVERMECTIN",0.00093,NA,NA,"VX34","1_N",NA,NA,NA,356.324915978501,217.455562339881,290.905419151813,323.142401591469,354.337875110429,64.5880019237259,386.474962948808,427.912137307094,553.726877772282,0.181261536949672,19.00059577832,13.8970329960585,17.1655808998847,17.5907093719037,19.0038039171008,2.41668215356588,19.7548165829059,21.0718585089351,29.0570999592388,0.127189809296578,34,"1_N_VX34_0.00093",NA,NA,NA,NA,NA,"1_N",-146.352140573556,500.690015683985,30.5037506382767,16.4140476238915,4.75390497503238e-36,239.366746355374,-385.71888692893
"20250424-CbDRC2-p031-m2x_A08_roi_0.png",20250424,"CbDRC2","p031","m2x","A08",0,289.928556046088,17.0490230831755,"","48h",10,"15hHB101","DMSO",1,"IVERMECTIN",0.0018,NA,NA,"VX34","1_N",NA,NA,NA,279.442928702303,153.133122125031,254.416790942886,267.079390181127,281.752621439896,34.7364247396904,300.051251580916,313.615150345017,337.418930684353,0.12430597153058,16.5972756322267,14.6374679477204,15.380928708292,15.9671431827664,16.3311613388835,1.52540077060132,16.9675535706479,17.5226657406769,24.3388014615493,0.0919066962796879,36,"1_N_VX34_0.0018",NA,NA,NA,NA,NA,"1_N",-218.937394244089,500.690015683985,30.5037506382767,16.4140476238915,4.75390497503238e-36,239.366746355374,-458.304140599463
"20250424-CbDRC2-p031-m2x_A09_roi_0.png",20250424,"CbDRC2","p031","m2x","A09",0,233.83469531001,18.2002752591637,"","48h",10,"15hHB101","DMSO",1,"IVERMECTIN",0.0037,NA,NA,"VX34","1_N",NA,NA,NA,256.453276214384,220.848984334478,232.632438793141,241.865206195832,257.376559221918,17.6324741574808,271.740980929441,276.609021637203,286.744527422574,0.0687551136712358,15.3428856042064,13.9964778916257,14.3695834908316,14.768153583676,15.2513775362044,0.871761382741912,15.8912943158531,16.2954813433105,18.2002752591637,0.0568186066969638,38,"1_N_VX34_0.0037",NA,NA,NA,NA,NA,"1_N",-243.313456462067,500.690015683985,30.5037506382767,16.4140476238915,4.75390497503238e-36,239.366746355374,-482.680202817441
"20250424-CbDRC2-p031-m2x_A10_roi_0.png",20250424,"CbDRC2","p031","m2x","A10",0,240.838355172543,15.3762976351512,"","48h",10,"15hHB101","DMSO",1,"IVERMECTIN",0.0075,NA,NA,"VX34","1_N",NA,NA,NA,236.449208722188,205.855054722804,215.126299816289,219.815166207157,237.404616500254,19.433946540218,249.282014851278,259.599238791363,271.83886905602,0.0821907869569216,14.6332499219287,11.6939651392059,13.7833897458134,14.2354671319474,14.5613476633745,1.01396964994131,15.3614179185225,15.6429788801044,16.2767978859138,0.0692921705944363,18,"1_N_VX34_0.0075",NA,NA,NA,NA,NA,"1_N",-263.285399183732,500.690015683985,30.5037506382767,16.4140476238915,4.75390497503238e-36,239.366746355374,-502.652145539105
"20250424-CbDRC2-p031-m2x_A11_roi_0.png",20250424,"CbDRC2","p031","m2x","A11",0,198.625797348898,15.087013168309,"","48h",10,"15hHB101","DMSO",1,"IVERMECTIN",0.015,NA,NA,"VX34","1_N",NA,NA,NA,231.682279298234,101.757731181565,197.294807443125,215.375971074706,224.924287764778,49.7288252667973,250.895703839493,270.164540129957,351.21567730206,0.214642334396165,14.0653390805474,8.43407325613466,12.3996196846433,14.0132469427916,14.6657976330815,1.7275655262833,15.0707773451489,15.2222551972225,15.3617707088238,0.122824307070745,17,"1_N_VX34_0.015",NA,NA,NA,NA,NA,"1_N",-275.765727919207,500.690015683985,30.5037506382767,16.4140476238915,4.75390497503238e-36,239.366746355374,-515.132474274581
"20250424-CbDRC2-p031-m2x_A12_roi_0.png",20250424,"CbDRC2","p031","m2x","A12",0,232.78042501284,13.787863264812,"","48h",10,"15hHB101","DMSO",1,"IVERMECTIN",0.03,NA,NA,"VX34","1_N",NA,NA,NA,232.886422447417,197.610343788931,211.717798835709,213.319894763564,231.616573488678,24.6290276950322,252.273919921759,267.815554047261,276.592567840568,0.105755532831001,14.5812018932065,13.787863264812,13.876954357615,14.0818113715386,14.6443880176478,0.578014305633479,14.9372822267029,15.2733727915514,15.6026317359018,0.039641060446655,14,"1_N_VX34_0.03",NA,NA,NA,NA,NA,"1_N",-269.073442195307,500.690015683985,30.5037506382767,16.4140476238915,4.75390497503238e-36,239.366746355374,-508.440188550681
"20250424-CbDRC2-p031-m2x_B01_roi_0.png",20250424,"CbDRC2","p031","m2x","B01",0,640.889188088059,36.6382472858713,"","48h",10,"15hHB101","DMSO",1,"IVERMECTIN",0,NA,NA,"JU3237","1_N",NA,NA,NA,622.626379926153,280.948595327369,585.959309474313,619.301989176202,643.294624848876,83.9395089182784,666.121121032616,676.603793853347,698.217605281884,0.134815214428008,36.1096610508991,15.7995950405606,31.8360630779772,34.8284088426391,37.5000481813832,5.26952363087969,39.4419607517108,40.2643927612999,40.9833206932908,0.145931129717666,25,"1_N_JU3237_0",NA,NA,NA,NA,NA,"1_N",205.172582819564,438.122042029312,25.2646278053809,17.3413218434985,1.71414202456419e-38,185.742269212847,19.4303136067174
"20250424-CbDRC2-p031-m2x_B02_roi_0.png",20250424,"CbDRC2","p031","m2x","B02",0,628.906388782249,38.9059283884827,"","48h",10,"15hHB101","DMSO",1,"IVERMECTIN",2.9e-05,NA,NA,"JU3237","1_N",NA,NA,NA,632.478011306071,593.721334874122,603.038397751451,609.867231743148,625.802143027975,30.0371261543561,650.00960606682,674.764099594235,693.127447745695,0.0474911785349331,37.6376557290119,33.0691339803537,36.032891449614,36.6959410694171,37.7538663977646,1.89448857167457,38.8430934856247,39.7031035065628,40.4866661365819,0.050334924824084,14,"1_N_JU3237_2.9e-05",NA,NA,NA,NA,NA,"1_N",187.680100998664,438.122042029312,25.2646278053809,17.3413218434985,1.71414202456419e-38,185.742269212847,1.93783178581705
"20250424-CbDRC2-p031-m2x_B03_roi_0.png",20250424,"CbDRC2","p031","m2x","B03",0,610.21895209166,37.2662879181541,"","48h",10,"15hHB101","DMSO",1,"IVERMECTIN",5.8e-05,NA,NA,"JU3237","1_N",NA,NA,NA,634.767576627422,594.23145053451,601.166657579841,612.45943933382,632.467835056939,27.8386143902774,647.6043491163,680.450961113665,691.766018480181,0.0438563899847981,37.5876656347562,32.2319314120401,33.9748446596109,35.3775976685871,38.3713470193337,2.53118387590278,39.5310640312721,40.5210086751005,40.8787353316896,0.0673408106930234,27,"1_N_JU3237_5.8e-05",NA,NA,NA,NA,NA,"1_N",194.345793027628,438.122042029312,25.2646278053809,17.3413218434985,1.71414202456419e-38,185.742269212847,8.60352381478108
"20250424-CbDRC2-p031-m2x_B04_roi_0.png",20250424,"CbDRC2","p031","m2x","B04",0,676.61392878486,39.7103532843019,"","48h",10,"15hHB101","DMSO",1,"IVERMECTIN",0.00011,NA,NA,"JU3237","1_N",NA,NA,NA,636.804919206611,571.320166255909,602.293782220871,622.919256864948,631.100787129123,30.1375131009459,657.947486261651,673.797102428811,707.450001337828,0.0473261311148381,38.1285214147882,28.6400329650241,35.8446937751957,37.2533210640485,38.5909584786084,2.71483451986818,39.7759588761888,40.6800371584348,42.2074036453774,0.0712021977021965,32,"1_N_JU3237_0.00011",NA,NA,NA,NA,NA,"1_N",192.978745099812,438.122042029312,25.2646278053809,17.3413218434985,1.71414202456419e-38,185.742269212847,7.23647588696471
"20250424-CbDRC2-p031-m2x_B05_roi_0.png",20250424,"CbDRC2","p031","m2x","B05",0,623.165743551619,35.6094739214404,"","48h",10,"15hHB101","DMSO",1,"IVERMECTIN",0.00023,NA,NA,"JU3237","1_N",NA,NA,NA,584.127508848389,148.675913221719,455.65566637309,592.761130293168,613.257581223248,136.105355139333,642.873710692888,672.184516507098,784.14996733081,0.233006241064842,36.1808647697611,26.5413098580449,29.2001117040649,34.9344138912656,37.3205638110574,4.25553531753986,39.3975992162562,40.7227190462324,41.0475111820656,0.11761839703446,21,"1_N_JU3237_0.00023",NA,NA,NA,"outlier","outlier","1_N",175.135539193936,438.122042029312,25.2646278053809,17.3413218434985,1.71414202456419e-38,185.742269212847,-10.6067300189106
"20250424-CbDRC2-p031-m2x_B06_roi_0.png",20250424,"CbDRC2","p031","m2x","B06",0,594.443961947948,25.8725559044035,"","48h",10,"15hHB101","DMSO",1,"IVERMECTIN",0.00046,NA,NA,"JU3237","1_N",NA,NA,NA,564.085732544302,121.124005960327,403.938057446238,543.031454594378,580.840496088177,140.034247366958,598.233555408154,646.288644013256,1017.64954346302,0.248249936645862,30.335941417049,17.5154372578359,24.3036091351006,27.3928409740964,30.5184996474256,5.87021933605497,33.3239828305509,35.4406345348635,48.7704477549677,0.193507076485712,36,"1_N_JU3237_0.00046",NA,NA,NA,NA,NA,"1_N",142.718454058866,438.122042029312,25.2646278053809,17.3413218434985,1.71414202456419e-38,185.742269212847,-43.0238151539814
"20250424-CbDRC2-p031-m2x_B07_roi_0.png",20250424,"CbDRC2","p031","m2x","B07",0,365.050263888955,16.7517785281487,"","48h",10,"15hHB101","DMSO",1,"IVERMECTIN",0.00093,NA,NA,"JU3237","1_N",NA,NA,NA,360.987971240574,319.512163268853,332.935622717358,354.5799860263,362.439132668233,18.8550295678747,372.459071617047,379.508231522194,397.742459002315,0.0522317391991686,17.5187015236306,14.3153520756347,16.0094902453742,17.1374029869379,17.6708693528969,1.27566156932041,18.1707258423552,18.8439458696278,20.1576362248181,0.0728171301737004,27,"1_N_JU3237_0.00093",NA,NA,NA,NA,NA,"1_N",-75.6829093610786,438.122042029312,25.2646278053809,17.3413218434985,1.71414202456419e-38,185.742269212847,-261.425178573926
"20250424-CbDRC2-p031-m2x_B08_roi_0.png",20250424,"CbDRC2","p031","m2x","B08",0,296.030145400711,16.9996221761291,"","48h",10,"15hHB101","DMSO",1,"IVERMECTIN",0.0018,NA,NA,"JU3237","1_N",NA,NA,NA,281.58662224432,248.497921787624,266.593689621449,273.073240764624,280.218308141675,15.5673793940245,288.552463157413,300.085124357642,311.306619478005,0.0552845134117108,15.9018289141702,13.5883743220515,14.8051424476226,15.1542024171514,15.9129103446753,1.25274725047618,16.2482517143207,16.8663080486567,19.3563604059209,0.0787800734895248,16,"1_N_JU3237_0.0018",NA,NA,NA,NA,NA,"1_N",-157.903733887637,438.122042029312,25.2646278053809,17.3413218434985,1.71414202456419e-38,185.742269212847,-343.646003100484
"20250424-CbDRC2-p031-m2x_B09_roi_0.png",20250424,"CbDRC2","p031","m2x","B09",0,254.470777034761,14.5390531849242,"","48h",10,"15hHB101","DMSO",1,"IVERMECTIN",0.0037,NA,NA,"JU3237","1_N",NA,NA,NA,245.225756889019,140.321829749451,222.758551075035,251.327622402397,253.941600339743,38.7300952372396,261.845804488252,268.770810199524,277.281383335715,0.157936489741441,15.8947607697429,14.5390531849242,14.8826573808084,15.211094832483,15.7829892841847,0.962106258037185,16.6005146880306,17.2660572940158,17.2726439231075,0.060529772795866,10,"1_N_JU3237_0.0037",NA,NA,NA,NA,NA,"1_N",-184.180441689568,438.122042029312,25.2646278053809,17.3413218434985,1.71414202456419e-38,185.742269212847,-369.922710902415
"20250424-CbDRC2-p031-m2x_B10_roi_0.png",20250424,"CbDRC2","p031","m2x","B10",0,229.74437943825,14.0921279408472,"","48h",10,"15hHB101","DMSO",1,"IVERMECTIN",0.0075,NA,NA,"JU3237","1_N",NA,NA,NA,228.571990191889,158.719303140381,205.403946684055,213.559946187407,234.408819453324,29.9477681899287,248.582639264218,259.731614212028,260.438999276997,0.13102116390021,14.7739314970342,13.3655454552356,13.491860625433,14.008061027724,14.5985078670004,1.19811605720583,15.2973303882717,15.6106048294517,17.6127361705329,0.0810966300639983,11,"1_N_JU3237_0.0075",NA,NA,NA,NA,NA,"1_N",-203.713222575987,438.122042029312,25.2646278053809,17.3413218434985,1.71414202456419e-38,185.742269212847,-389.455491788834
"20250424-CbDRC2-p031-m2x_B11_roi_0.png",20250424,"CbDRC2","p031","m2x","B11",0,190.870950307118,13.868701327837,"","48h",10,"15hHB101","DMSO",1,"IVERMECTIN",0.015,NA,NA,"JU3237","1_N",NA,NA,NA,225.004955640905,190.870950307118,202.374064216469,219.95604036301,228.213676786719,16.6314201372663,235.069976291152,239.850326913135,255.120361453644,0.0739157948316887,14.8469662753081,13.5519408300775,13.7987145945351,13.9436006036394,15.1019543961967,0.941232628620893,15.5811787209739,15.9353647383956,16.3862717658073,0.0633956197628233,16,"1_N_JU3237_0.015",NA,NA,NA,NA,NA,"1_N",-209.908365242592,438.122042029312,25.2646278053809,17.3413218434985,1.71414202456419e-38,185.742269212847,-395.650634455439
"20250424-CbDRC2-p031-m2x_B12_roi_0.png",20250424,"CbDRC2","p031","m2x","B12",0,240.121732403469,13.8709684049567,"","48h",10,"15hHB101","DMSO",1,"IVERMECTIN",0.03,NA,NA,"JU3237","1_N",NA,NA,NA,216.673040929212,172.404908991065,190.781706456746,204.664012410505,215.468356240151,21.4859883947529,234.53287939247,238.541371820752,245.967200917913,0.0991631829350308,14.651856530873,13.3853972321619,13.9173691801947,14.1271604742429,14.3127676864298,1.22898252231711,14.7813038921873,15.2426345809282,18.8601456928526,0.0838789623504374,16,"1_N_JU3237_0.03",NA,NA,NA,NA,NA,"1_N",-222.65368578916,438.122042029312,25.2646278053809,17.3413218434985,1.71414202456419e-38,185.742269212847,-408.395955002007
"20250424-CbDRC2-p031-m2x_C01_roi_0.png",20250424,"CbDRC2","p031","m2x","C01",0,669.838728291084,36.5488737927698,"","48h",10,"15hHB101","DMSO",1,"IVERMECTIN",0,NA,NA,"ED3102","1_N",NA,NA,NA,655.437291850562,481.305786249887,610.050974143674,648.724206777365,660.767445749693,45.3576600235507,683.446708363149,693.980560517659,721.22468033982,0.0692021351050805,36.8304663242874,22.8993542119782,34.9098124311566,35.7264426716085,37.5803820846111,3.44264511192809,38.7786565007722,39.3583288205426,40.2817384017481,0.0934727538233173,44,"1_N_ED3102_0",NA,NA,NA,NA,NA,"1_N",215.725150765372,445.042294984321,26.7335457936937,16.6473350904804,4.52577064691679e-37,224.962051368695,-9.23690060332319
"20250424-CbDRC2-p031-m2x_C02_roi_0.png",20250424,"CbDRC2","p031","m2x","C02",0,690.225566257418,36.956414676887,"","48h",10,"15hHB101","DMSO",1,"IVERMECTIN",2.9e-05,NA,NA,"ED3102","1_N",NA,NA,NA,675.778719519227,630.308747063424,638.214103812116,650.909820832914,663.622583436619,37.5897490011538,688.770639327284,730.479358491979,797.267417138046,0.0556243455370961,36.3986967858953,33.2192349336018,34.7006602740872,35.3211905121198,36.0703877302045,1.6801339831862,37.3137698204657,38.8659266351238,39.7427157686081,0.0461591796285756,33,"1_N_ED3102_2.9e-05",NA,NA,NA,NA,NA,"1_N",218.580288452299,445.042294984321,26.7335457936937,16.6473350904804,4.52577064691679e-37,224.962051368695,-6.38176291639553
"20250424-CbDRC2-p031-m2x_C03_roi_0.png",20250424,"CbDRC2","p031","m2x","C03",0,681.14992929841,38.0513410118966,"","48h",10,"15hHB101","DMSO",1,"IVERMECTIN",5.8e-05,NA,NA,"ED3102","1_N",NA,NA,NA,632.056713666992,198.462266084212,591.613640899174,637.970567980823,661.215584873514,110.664383195055,682.990563725557,690.515605087796,741.152347078962,0.175086160469707,35.7101167268506,15.1040626425305,31.9154869161993,35.9358771991452,37.0861171324439,5.06119274863344,38.1446141104756,39.108572494464,39.5460348784357,0.141729941331385,38,"1_N_ED3102_5.8e-05",NA,NA,NA,NA,NA,"1_N",216.173289889194,445.042294984321,26.7335457936937,16.6473350904804,4.52577064691679e-37,224.962051368695,-8.78876147950118
"20250424-CbDRC2-p031-m2x_C04_roi_0.png",20250424,"CbDRC2","p031","m2x","C04",0,650.967396790681,39.1453898092175,"","48h",10,"15hHB101","DMSO",1,"IVERMECTIN",0.00011,NA,NA,"ED3102","1_N",NA,NA,NA,659.218869894599,523.07366099933,622.905462375038,640.45948916437,661.111617725229,35.4307949488047,680.292413561144,692.765964772151,734.395374531692,0.0537466334276349,37.0569278431344,30.2852122422308,33.8088903854873,35.6788998549266,37.305410917327,2.27855451561054,38.7936758603847,39.3090224907874,40.6039089231612,0.0614879497095895,36,"1_N_ED3102_0.00011",NA,NA,NA,NA,NA,"1_N",216.069322740908,445.042294984321,26.7335457936937,16.6473350904804,4.52577064691679e-37,224.962051368695,-8.89272862778711
"20250424-CbDRC2-p031-m2x_C06_roi_0.png",20250424,"CbDRC2","p031","m2x","C06",0,525.036583062905,22.4651527418736,"","48h",10,"15hHB101","DMSO",1,"IVERMECTIN",0.00046,NA,NA,"ED3102","1_N",NA,NA,NA,498.370257450009,377.004815461653,423.152537295147,436.247596268602,501.187841442775,66.6100597632109,546.9767278337,582.893163492232,646.337840830356,0.133655768512415,22.9903339766134,19.5893503032659,20.3839166849718,21.2492811907859,22.5677175004597,2.18839911873437,24.2034280309746,26.2834453087659,28.0127031934512,0.0951877915719052,29,"1_N_ED3102_0.00046",NA,NA,NA,NA,NA,"1_N",56.1455464584536,445.042294984321,26.7335457936937,16.6473350904804,4.52577064691679e-37,224.962051368695,-168.816504910241
"20250424-CbDRC2-p031-m2x_C07_roi_0.png",20250424,"CbDRC2","p031","m2x","C07",0,371.856529262998,17.4642486398614,"","48h",10,"15hHB101","DMSO",1,"IVERMECTIN",0.00093,NA,NA,"ED3102","1_N",NA,NA,NA,327.269935608301,263.193996533459,286.422839120833,306.924139798545,331.115631658751,28.9992916941464,350.044277613431,357.862244887257,371.856529262998,0.0886097026915871,17.4431793281549,15.5435238372529,16.2419315768089,16.8076873669416,17.3393517053459,1.02202461915779,17.9429754513407,18.8673410645345,19.7826530249856,0.0585916477684863,29,"1_N_ED3102_0.00093",NA,NA,NA,NA,NA,"1_N",-113.92666332557,445.042294984321,26.7335457936937,16.6473350904804,4.52577064691679e-37,224.962051368695,-338.888714694265
"20250424-CbDRC2-p031-m2x_C08_roi_0.png",20250424,"CbDRC2","p031","m2x","C08",0,244.997273547075,16.439391014082,"","48h",10,"15hHB101","DMSO",1,"IVERMECTIN",0.0018,NA,NA,"ED3102","1_N",NA,NA,NA,268.436093062284,196.034880999357,235.81245038309,255.795590006884,277.403376826873,28.2765791208041,285.198697908043,291.244046200819,309.031088139632,0.10533821587935,16.0086042644345,14.5005605991858,14.6631855847283,15.5372108755816,15.9811883311207,0.909810161409388,16.4755924175473,17.4443994386094,17.5560405359735,0.05683257243298,20,"1_N_ED3102_0.0018",NA,NA,NA,NA,NA,"1_N",-167.638918157448,445.042294984321,26.7335457936937,16.6473350904804,4.52577064691679e-37,224.962051368695,-392.600969526143
"20250424-CbDRC2-p031-m2x_C09_roi_0.png",20250424,"CbDRC2","p031","m2x","C09",0,251.294523517799,16.0841168063935,"","48h",10,"15hHB101","DMSO",1,"IVERMECTIN",0.0037,NA,NA,"ED3102","1_N",NA,NA,NA,242.847523864999,192.68722322581,218.142499188586,229.014241612362,241.905680563249,22.4141660817304,259.104281303621,269.404025598213,293.671707942275,0.0922972807175529,14.9394725776887,12.9061872393258,14.0176118137238,14.315086055781,14.985849261371,0.813972122744008,15.4830864921686,15.8050172562681,16.4796844427648,0.0544846625950928,26,"1_N_ED3102_0.0037",NA,NA,NA,NA,NA,"1_N",-203.136614421072,445.042294984321,26.7335457936937,16.6473350904804,4.52577064691679e-37,224.962051368695,-428.098665789767
"20250424-CbDRC2-p031-m2x_C10_roi_1.png",20250424,"CbDRC2","p031","m2x","C10",1,235.733192658925,15.0972573497492,"","48h",10,"15hHB101","DMSO",1,"IVERMECTIN",0.0075,NA,NA,"ED3102","1_N",NA,NA,NA,225.703117671731,157.635750234363,193.497471490043,212.523787092127,229.733365454214,26.9243316989674,245.389777870492,254.230000338708,279.215639085392,0.119290916212008,15.2758508608203,13.8950582052081,14.5432176170964,14.9361704025194,15.2940070418641,0.65609194490722,15.7728255933802,16.1778034913162,16.3060074909883,0.0429496170710841,31,"1_N_ED3102_0.0075",NA,NA,NA,NA,NA,"1_N",-215.308929530108,445.042294984321,26.7335457936937,16.6473350904804,4.52577064691679e-37,224.962051368695,-440.270980898803
"20250424-CbDRC2-p031-m2x_C11_roi_0.png",20250424,"CbDRC2","p031","m2x","C11",0,198.100326438889,13.9152247121492,"","48h",10,"15hHB101","DMSO",1,"IVERMECTIN",0.015,NA,NA,"ED3102","1_N",NA,NA,NA,207.632245357207,129.38923905109,136.309866000373,191.375094016366,218.211984816573,40.3543035335629,238.023817195542,247.469420349123,250.813111210172,0.194354703741406,14.9800739254808,12.6952956151831,13.869035372524,13.9573558921949,14.8059626137588,1.17181795949818,15.8832928180575,16.0913872958262,17.3029010430645,0.0782251119271811,23,"1_N_ED3102_0.015",NA,NA,NA,NA,NA,"1_N",-226.830310167749,445.042294984321,26.7335457936937,16.6473350904804,4.52577064691679e-37,224.962051368695,-451.792361536444
"20250424-CbDRC2-p031-m2x_C12_roi_1.png",20250424,"CbDRC2","p031","m2x","C12",1,220.833217991933,14.5608282046249,"","48h",10,"15hHB101","DMSO",1,"IVERMECTIN",0.03,NA,NA,"ED3102","1_N",NA,NA,NA,213.078044283256,180.514087977447,186.94177992224,197.984736080225,218.065480897673,18.0869732225399,227.857567629814,234.441664488363,237.292368806088,0.0848842652154998,15.3989676937372,14.0319560178121,14.2173229174138,14.4927009574495,14.9903590849259,1.16608596544948,16.0086283032673,17.0158871443704,18.3592223925966,0.0757249439469721,27,"1_N_ED3102_0.03",NA,NA,NA,NA,NA,"1_N",-226.976814086649,445.042294984321,26.7335457936937,16.6473350904804,4.52577064691679e-37,224.962051368695,-451.938865455344
"20250424-CbDRC2-p031-m2x_D02_roi_0.png",20250424,"CbDRC2","p031","m2x","D02",0,650.149127793705,31.5708995469384,"","48h",10,"15hHB101","DMSO",1,"IVERMECTIN",2.9e-05,NA,NA,"ECA2666","1_N",NA,NA,NA,617.031792648465,212.436027208528,391.499063598663,510.699413525439,650.149127793705,221.412804719586,660.485743710875,896.142593043067,947.362252683744,0.358835326408747,24.8916532612181,14.6628023992791,17.8903091777536,24.6422129817727,26.7440943659782,5.15046487063902,27.5239113179972,28.7130261717851,31.5708995469384,0.206915338912566,9,"1_N_ECA2666_2.9e-05",NA,NA,NA,NA,NA,"1_N",219.03791916688,431.111208626825,22.5753902811972,19.0965118767356,1.54498937647466e-43,208.851864384434,10.1860547824461
"20250424-CbDRC2-p031-m2x_D03_roi_0.png",20250424,"CbDRC2","p031","m2x","D03",0,738.54166390189,37.0659138743452,"","48h",10,"15hHB101","DMSO",1,"IVERMECTIN",5.8e-05,NA,NA,"ECA2666","1_N",NA,NA,NA,674.452978511406,604.309583858854,612.265395933227,645.83386374778,653.191795376706,53.7528080002286,717.224232710156,742.10670323754,756.366860580141,0.0796983773707503,28.6126764866113,23.363586583276,24.6315576606025,25.6285625570174,26.5125885967447,4.88833725740349,31.7404272858576,35.6927349368492,37.0659138743452,0.17084515877747,9,"1_N_ECA2666_5.8e-05",NA,NA,NA,NA,NA,"1_N",222.080586749881,431.111208626825,22.5753902811972,19.0965118767356,1.54498937647466e-43,208.851864384434,13.2287223654472
"20250424-CbDRC2-p031-m2x_D04_roi_0.png",20250424,"CbDRC2","p031","m2x","D04",0,666.962531130132,27.3414268592287,"","48h",10,"15hHB101","DMSO",1,"IVERMECTIN",0.00011,NA,NA,"ECA2666","1_N",NA,NA,NA,623.889571405441,287.77069123146,486.139265487204,542.327813692684,636.892437815421,160.911031186545,669.383025039159,698.844070950563,1120.23276740077,0.257915885377053,25.2611610415772,14.6516940025726,19.3786599381097,24.3625307312475,25.9825517188656,4.18303486732494,27.6197651769583,29.1136143989115,31.1530926418066,0.165591552203009,27,"1_N_ECA2666_0.00011",NA,NA,NA,NA,NA,"1_N",205.781229188596,431.111208626825,22.5753902811972,19.0965118767356,1.54498937647466e-43,208.851864384434,-3.07063519583775
"20250424-CbDRC2-p031-m2x_D05_roi_0.png",20250424,"CbDRC2","p031","m2x","D05",0,587.396270726505,23.4635895230446,"","48h",10,"15hHB101","DMSO",1,"IVERMECTIN",0.00023,NA,NA,"ECA2666","1_N",NA,NA,NA,553.068647527806,133.144443318125,481.269360783946,547.387722877478,581.81634976753,96.1769269817969,593.976935337136,615.430391596557,686.326294285118,0.173896906670996,23.2880391468551,16.3670015105058,20.8905885169723,21.8756500045295,23.0653286036199,2.74095088028891,24.6534767025219,27.248473082773,29.3695989467117,0.117697795980348,29,"1_N_ECA2666_0.00023",NA,NA,NA,NA,NA,"1_N",150.705141140705,431.111208626825,22.5753902811972,19.0965118767356,1.54498937647466e-43,208.851864384434,-58.1467232437286
"20250424-CbDRC2-p031-m2x_D06_roi_0.png",20250424,"CbDRC2","p031","m2x","D06",0,463.631007852347,19.0640934579355,"","48h",10,"15hHB101","DMSO",1,"IVERMECTIN",0.00046,NA,NA,"ECA2666","1_N",NA,NA,NA,448.209459337588,355.711241130887,389.420141898142,403.51874465463,449.593966573452,55.2161550411388,498.037136334071,514.865820393754,534.092402919537,0.123192748146688,21.0323394892251,18.0075463576557,18.6063258102026,19.4419933623127,20.426483798542,2.61493200031918,21.5586902563633,24.5422465556177,29.0630297005708,0.124329107642011,24,"1_N_ECA2666_0.00046",NA,NA,NA,NA,NA,"1_N",18.4827579466265,431.111208626825,22.5753902811972,19.0965118767356,1.54498937647466e-43,208.851864384434,-190.369106437807
"20250424-CbDRC2-p031-m2x_D07_roi_0.png",20250424,"CbDRC2","p031","m2x","D07",0,345.03278639523,15.4207453682406,"","48h",10,"15hHB101","DMSO",1,"IVERMECTIN",0.00093,NA,NA,"ECA2666","1_N",NA,NA,NA,352.574228220068,235.17376869161,285.913915523012,346.518199785814,362.907793022119,45.4476638298638,380.911434995457,394.159545458229,408.679446832381,0.128902398962344,17.7729255649304,13.7036012862445,15.5253168549769,16.9851237438072,17.9677228862354,1.86463505151564,18.5784012728269,19.9959176855199,20.9454623560592,0.104914356654649,22,"1_N_ECA2666_0.00093",NA,NA,NA,NA,NA,"1_N",-68.2034156047064,431.111208626825,22.5753902811972,19.0965118767356,1.54498937647466e-43,208.851864384434,-277.05527998914
"20250424-CbDRC2-p031-m2x_D08_roi_10.png",20250424,"CbDRC2","p031","m2x","D08",10,303.265195379063,16.1134344859949,"","48h",10,"15hHB101","DMSO",1,"IVERMECTIN",0.0018,NA,NA,"ECA2666","1_N",NA,NA,NA,292.955386428698,230.761272911114,238.96944406244,272.837559775761,297.219016207342,34.4764873783242,313.463831646325,337.550639152494,359.120866483162,0.117685111711422,16.1656117914018,14.636594462984,15.1269013237817,15.6170891788976,16.1019291862043,0.946939001667077,16.5950543956708,17.1951467782119,19.082304837554,0.0585773686691362,26,"1_N_ECA2666_0.0018",NA,NA,NA,NA,NA,"1_N",-133.892192419483,431.111208626825,22.5753902811972,19.0965118767356,1.54498937647466e-43,208.851864384434,-342.744056803917
"20250424-CbDRC2-p031-m2x_D09_roi_0.png",20250424,"CbDRC2","p031","m2x","D09",0,251.258265370022,13.6675367628381,"","48h",10,"15hHB101","DMSO",1,"IVERMECTIN",0.0037,NA,NA,"ECA2666","1_N",NA,NA,NA,249.933708759381,230.42266022713,233.674053977773,241.108132382845,250.819922070933,13.4029113864292,253.137948435312,266.901084014613,283.059728448524,0.0536258652462623,14.6846935288433,13.181862938858,14.0039666035275,14.3429711103893,14.6445526509442,0.63329874447499,15.118560926084,15.3190692581061,15.9673902951998,0.0431264529444269,23,"1_N_ECA2666_0.0037",NA,NA,NA,NA,NA,"1_N",-180.291286555892,431.111208626825,22.5753902811972,19.0965118767356,1.54498937647466e-43,208.851864384434,-389.143150940326
"20250424-CbDRC2-p031-m2x_D10_roi_0.png",20250424,"CbDRC2","p031","m2x","D10",0,254.744911720735,13.3654184138932,"","48h",10,"15hHB101","DMSO",1,"IVERMECTIN",0.0075,NA,NA,"ECA2666","1_N",NA,NA,NA,240.937565879954,211.549042256006,223.163842042726,229.10281038057,242.346339169804,16.1519678610368,254.744911720735,260.937115022187,273.501962669561,0.067037980574123,14.208839987127,12.8083046947547,13.3654184138932,13.7570733220414,14.2741301801331,0.694174343064844,14.5487355421891,14.8223551442468,15.4972456539203,0.0488551031395776,21,"1_N_ECA2666_0.0075",NA,NA,NA,NA,NA,"1_N",-188.764869457021,431.111208626825,22.5753902811972,19.0965118767356,1.54498937647466e-43,208.851864384434,-397.616733841455
"20250424-CbDRC2-p031-m2x_D11_roi_0.png",20250424,"CbDRC2","p031","m2x","D11",0,242.572900007158,13.8801691394754,"","48h",10,"15hHB101","DMSO",1,"IVERMECTIN",0.015,NA,NA,"ECA2666","1_N",NA,NA,NA,226.442180816741,138.695446181157,210.974400493892,218.352715989854,231.541129969243,25.317101544532,241.391601840723,243.821916540087,253.572087128595,0.111803823180015,13.7874189222369,10.8080180841898,12.7643852171531,13.7337360668938,13.9442586965444,1.06668494870598,14.4914849520843,14.6525782059694,14.7682928185512,0.0773665437107731,18,"1_N_ECA2666_0.015",NA,NA,NA,NA,NA,"1_N",-199.570078657582,431.111208626825,22.5753902811972,19.0965118767356,1.54498937647466e-43,208.851864384434,-408.421943042016
"20250424-CbDRC2-p031-m2x_D12_roi_0.png",20250424,"CbDRC2","p031","m2x","D12",0,221.594059277924,13.7771913384013,"","48h",10,"15hHB101","DMSO",1,"IVERMECTIN",0.03,NA,NA,"ECA2666","1_N",NA,NA,NA,223.914900947684,176.48421900601,198.098452842581,209.305898689406,225.653511864217,22.8396925641291,237.759818749951,244.788556439858,263.230332824347,0.10200166432633,13.363380077733,10.8928244392982,11.797450490222,12.4993191246186,13.5858455719519,1.28649294119606,13.8948757759858,14.9029619023867,15.4606875526719,0.0962700255259295,13,"1_N_ECA2666_0.03",NA,NA,NA,NA,NA,"1_N",-205.457696762608,431.111208626825,22.5753902811972,19.0965118767356,1.54498937647466e-43,208.851864384434,-414.309561147042
"20250424-CbDRC2-p031-m2x_E01_roi_0.png",20250424,"CbDRC2","p031","m2x","E01",0,607.75856737258,36.324638529878,"","48h",10,"15hHB101","DMSO",1,"IVERMECTIN",0,NA,NA,"PB420","1_N",NA,NA,NA,589.225751969614,159.117125062449,531.784451920513,590.185029301801,617.922045357546,99.571337153375,639.26612106568,646.644564385693,659.999158260876,0.168986736951901,37.3924700698834,26.4112132057617,30.9477809366272,36.3985394176132,39.0296488338289,4.16253273385511,40.0064889395007,40.8758323286999,41.6077766246962,0.11132007931211,26,"1_N_PB420_0",NA,NA,NA,NA,NA,"1_N",182.003890561399,435.918154796147,25.8910601536029,16.8366282496735,9.64883936917006e-38,188.841855702527,-6.83796514112763
"20250424-CbDRC2-p031-m2x_E02_roi_0.png",20250424,"CbDRC2","p031","m2x","E02",0,687.536988361285,37.896475494079,"","48h",10,"15hHB101","DMSO",1,"IVERMECTIN",2.9e-05,NA,NA,"PB420","1_N",NA,NA,NA,629.140027776086,408.000744696602,596.638699299627,605.247838077847,635.126489571361,60.6565244201354,658.230121570352,667.386573561157,740.296932992577,0.0964118030044074,38.321848047764,20.6773691568529,36.1328969753771,37.9877639612553,39.1829376547505,4.3358657702555,39.5522913588865,40.9049032331287,43.9651930656243,0.113143441434539,22,"1_N_PB420_2.9e-05",NA,NA,NA,NA,NA,"1_N",199.208334775215,435.918154796147,25.8910601536029,16.8366282496735,9.64883936917006e-38,188.841855702527,10.3664790726881
"20250424-CbDRC2-p031-m2x_E03_roi_0.png",20250424,"CbDRC2","p031","m2x","E03",0,654.768608528795,39.4902157960659,"","48h",10,"15hHB101","DMSO",1,"IVERMECTIN",5.8e-05,NA,NA,"PB420","1_N",NA,NA,NA,590.290145221805,192.679317944001,549.539732549877,591.228624126,628.362362596025,122.189540469763,649.162190637836,666.446543343901,696.59676495467,0.206999119769904,35.8898546108306,14.0292825889331,29.0694404896767,36.490131046074,38.743503440995,7.46905480662271,39.7174146926795,40.3678393583949,41.4775409756906,0.208110478228818,30,"1_N_PB420_5.8e-05",NA,NA,NA,NA,NA,"1_N",192.444207799878,435.918154796147,25.8910601536029,16.8366282496735,9.64883936917006e-38,188.841855702527,3.60235209735163
"20250424-CbDRC2-p031-m2x_E04_roi_0.png",20250424,"CbDRC2","p031","m2x","E04",0,645.388469871752,37.8718803489503,"","48h",10,"15hHB101","DMSO",1,"IVERMECTIN",0.00011,NA,NA,"PB420","1_N",NA,NA,NA,634.688122716081,549.382917828904,592.234368775461,612.751792840258,636.984183448809,35.0676506510849,661.507232297815,673.770955234846,699.65209029016,0.0552517833499335,37.539131969147,30.2528939425513,35.6595676830745,37.2309148018703,37.9658985224896,2.52857500389067,39.1171032980865,39.7264849469352,40.3603184139698,0.0673583770122571,22,"1_N_PB420_0.00011",NA,NA,NA,NA,NA,"1_N",201.066028652662,435.918154796147,25.8910601536029,16.8366282496735,9.64883936917006e-38,188.841855702527,12.2241729501352
"20250424-CbDRC2-p031-m2x_E06_roi_0.png",20250424,"CbDRC2","p031","m2x","E06",0,600.317557644741,37.79037710458,"","48h",10,"15hHB101","DMSO",1,"IVERMECTIN",0.00046,NA,NA,"PB420","1_N",NA,NA,NA,597.469333343602,487.810128131324,557.81629064429,591.596875399814,601.385523890651,40.9918505230196,616.682140625913,622.412686628302,697.221333294953,0.0686091289298783,32.7483685991247,20.7906088621185,26.6322837063613,31.4250857969879,34.4100425134357,4.45566558869432,35.6294001682996,36.7033150482241,37.79037710458,0.13605763521342,22,"1_N_PB420_0.00046",NA,NA,NA,NA,NA,"1_N",165.467369094504,435.918154796147,25.8910601536029,16.8366282496735,9.64883936917006e-38,188.841855702527,-23.374486608023
"20250424-CbDRC2-p031-m2x_E07_roi_0.png",20250424,"CbDRC2","p031","m2x","E07",0,351.830721983529,16.9223018648803,"","48h",10,"15hHB101","DMSO",1,"IVERMECTIN",0.00093,NA,NA,"PB420","1_N",NA,NA,NA,312.394659500361,261.101482459918,264.310942442805,304.001285013736,315.269499124505,32.2430170263903,334.026323312239,351.792028282492,359.553717989064,0.103212446326577,17.0939860268913,13.5911668136455,15.864750205225,16.500528883287,17.2057467233545,1.25561000764977,18.0482173908381,18.1115663984845,18.4023056200303,0.073453318943546,17,"1_N_PB420_0.00093",NA,NA,NA,NA,NA,"1_N",-120.648655671642,435.918154796147,25.8910601536029,16.8366282496735,9.64883936917006e-38,188.841855702527,-309.490511374169
"20250424-CbDRC2-p031-m2x_E09_roi_0.png",20250424,"CbDRC2","p031","m2x","E09",0,235.218699245529,16.3122279808342,"","48h",10,"15hHB101","DMSO",1,"IVERMECTIN",0.0037,NA,NA,"PB420","1_N",NA,NA,NA,238.103936602555,173.535585845627,214.650407946253,228.746550618195,238.178748013354,24.721804198739,256.755658244801,264.531269451163,273.430433041118,0.103827784418385,15.3425071145902,14.0683129564455,14.3146919230216,14.5006718399246,15.1328796122979,0.979603535018625,15.76976957546,16.7538364874635,17.7190608269354,0.0638489868508555,22,"1_N_PB420_0.0037",NA,NA,NA,NA,NA,"1_N",-197.739406782793,435.918154796147,25.8910601536029,16.8366282496735,9.64883936917006e-38,188.841855702527,-386.58126248532
"20250424-CbDRC2-p031-m2x_E10_roi_0.png",20250424,"CbDRC2","p031","m2x","E10",0,212.837813313541,15.2570137253947,"","48h",10,"15hHB101","DMSO",1,"IVERMECTIN",0.0075,NA,NA,"PB420","1_N",NA,NA,NA,205.722905187609,138.237260166441,165.00956241327,195.683050509647,207.970701654991,31.1254102751035,225.667178208839,234.475126447292,256.764909725715,0.151297738318048,15.0242603856942,13.300406665012,13.9009355137105,14.4236680567477,14.8891868905269,1.2030306607698,15.2370033757891,16.316033467297,18.1133496501343,0.0800725380076149,14,"1_N_PB420_0.0075",NA,NA,NA,NA,NA,"1_N",-227.947453141157,435.918154796147,25.8910601536029,16.8366282496735,9.64883936917006e-38,188.841855702527,-416.789308843683
"20250424-CbDRC2-p031-m2x_E11_roi_1.png",20250424,"CbDRC2","p031","m2x","E11",1,188.433415446805,13.6733135694946,"","48h",10,"15hHB101","DMSO",1,"IVERMECTIN",0.015,NA,NA,"PB420","1_N",NA,NA,NA,219.839369033393,182.944194518929,185.209899044613,188.94635182132,226.178246063407,31.667272871079,243.12736165539,246.842429950842,286.83507089597,0.144047324236401,15.3550765839797,13.3702912911243,13.5348762293117,13.9304529473759,14.8096379132336,2.69922445277636,15.7637167521067,16.1884689656803,23.7965121071299,0.175787104545771,13,"1_N_PB420_0.015",NA,NA,NA,NA,NA,"1_N",-209.73990873274,435.918154796147,25.8910601536029,16.8366282496735,9.64883936917006e-38,188.841855702527,-398.581764435267
"20250424-CbDRC2-p031-m2x_E12_roi_0.png",20250424,"CbDRC2","p031","m2x","E12",0,220.855618397493,15.5447476076996,"","48h",10,"15hHB101","DMSO",1,"IVERMECTIN",0.03,NA,NA,"PB420","1_N",NA,NA,NA,213.442671992712,174.874994798939,196.135986232546,200.924736380937,211.83043412169,18.6559147816727,228.227644844814,235.177236073709,243.859750756162,0.0874048033952166,14.0571618392299,13.0415704206403,13.4006589929682,13.5315707172795,13.9768246002233,0.680532343679101,14.4586437491878,14.7551344823614,15.5447476076996,0.0484117883440676,15,"1_N_PB420_0.03",NA,NA,NA,NA,NA,"1_N",-224.087720674457,435.918154796147,25.8910601536029,16.8366282496735,9.64883936917006e-38,188.841855702527,-412.929576376984
"20250424-CbDRC2-p031-m2x_F01_roi_0.png",20250424,"CbDRC2","p031","m2x","F01",0,609.86531477299,35.0467908446458,"","48h",10,"15hHB101","DMSO",1,"IVERMECTIN",0,NA,NA,"NIC1667","1_N",NA,NA,NA,598.883730596177,204.840983679083,558.06706683353,596.995861321013,613.218778166513,75.2212713124114,629.338887438435,639.295282902716,657.947687474955,0.125602462497236,33.7196533969248,20.0592600943774,30.8719493177346,31.5084790621926,33.4384008588227,4.27076610527514,35.2619300000378,38.4321480661035,44.2493432958351,0.126655100958559,40,"1_N_NIC1667_0",NA,NA,NA,NA,NA,"1_N",173.624283125769,439.594495040745,23.4147711735005,18.7742383550711,6.61594876513563e-43,168.954730350924,4.66955277484533
"20250424-CbDRC2-p031-m2x_F02_roi_0.png",20250424,"CbDRC2","p031","m2x","F02",0,642.166824930645,33.4950652682172,"","48h",10,"15hHB101","DMSO",1,"IVERMECTIN",2.9e-05,NA,NA,"NIC1667","1_N",NA,NA,NA,615.602162763426,540.108926055949,574.794831559148,596.780291483912,617.754496500154,31.8491388712275,641.176404384211,656.652917072841,662.88605526443,0.0517365610417244,34.1151234039912,29.8999901333935,31.28012772083,32.945133410342,34.0106057646608,2.08737720740548,35.4824454177612,36.6654061156866,37.8789890905627,0.0611862716334562,26,"1_N_NIC1667_2.9e-05",NA,NA,NA,NA,NA,"1_N",178.160001459409,439.594495040745,23.4147711735005,18.7742383550711,6.61594876513563e-43,168.954730350924,9.20527110848462
"20250424-CbDRC2-p031-m2x_F03_roi_0.png",20250424,"CbDRC2","p031","m2x","F03",0,631.900146289392,34.3973243377291,"","48h",10,"15hHB101","DMSO",1,"IVERMECTIN",5.8e-05,NA,NA,"NIC1667","1_N",NA,NA,NA,597.600514166659,225.591286240501,555.196761821323,593.702368546999,618.063344158396,114.311330354113,650.214898019933,671.678905448058,728.097186946422,0.191283855425588,32.8007776320776,15.5508796893786,27.1757359576393,31.8169457943045,34.8057572943461,5.61454265210661,36.0110481601715,36.9650336263261,38.5643696618784,0.171171022683799,23,"1_N_NIC1667_5.8e-05",NA,NA,NA,NA,NA,"1_N",178.468849117649,439.594495040745,23.4147711735005,18.7742383550711,6.61594876513563e-43,168.954730350924,9.51411876672529
"20250424-CbDRC2-p031-m2x_F04_roi_0.png",20250424,"CbDRC2","p031","m2x","F04",0,645.209159041999,38.1255714367331,"","48h",10,"15hHB101","DMSO",1,"IVERMECTIN",0.00011,NA,NA,"NIC1667","1_N",NA,NA,NA,629.311197007271,556.299213439916,592.038099440139,617.429509347802,638.658259164397,25.8215515837503,648.866209391576,654.166545160167,658.634677262791,0.0410314510635538,36.5654863615045,30.5251649543793,33.2637921117432,34.4928397929835,35.671352390572,3.16220386898304,38.8397249040658,40.7791486865618,42.9355153403365,0.0864805636036106,30,"1_N_NIC1667_0.00011",NA,NA,NA,NA,NA,"1_N",199.063764123652,439.594495040745,23.4147711735005,18.7742383550711,6.61594876513563e-43,168.954730350924,30.1090337727278
"20250424-CbDRC2-p031-m2x_F05_roi_0.png",20250424,"CbDRC2","p031","m2x","F05",0,582.443010800991,32.3550406673774,"","48h",10,"15hHB101","DMSO",1,"IVERMECTIN",0.00023,NA,NA,"NIC1667","1_N",NA,NA,NA,616.394889609556,513.916182221005,585.315519754678,600.341922414461,621.149349188046,30.0840402465295,637.526437925758,647.011647543756,658.981776311737,0.0488064400819184,32.9086325744155,27.7458812802454,28.5329749797429,31.0403118391846,32.5960771454476,2.94415846969356,34.4956742743494,36.9826641062246,39.3267219924424,0.0894646249137216,30,"1_N_NIC1667_0.00023",NA,NA,NA,NA,NA,"1_N",181.554854147301,439.594495040745,23.4147711735005,18.7742383550711,6.61594876513563e-43,168.954730350924,12.6001237963769
"20250424-CbDRC2-p031-m2x_F06_roi_0.png",20250424,"CbDRC2","p031","m2x","F06",0,590.146610281355,28.9027083785579,"","48h",10,"15hHB101","DMSO",1,"IVERMECTIN",0.00046,NA,NA,"NIC1667","1_N",NA,NA,NA,571.375522629056,454.763032192909,503.468321301076,554.664886885822,577.321551435996,50.3774216923231,593.785815999025,633.299092501453,662.166491710201,0.0881686731355288,28.6399068004382,23.1671597238825,24.8793166087736,27.2773163568754,28.0930673022522,3.26973910337582,29.0900504682342,33.8571003079277,36.773773993735,0.114167239654767,28,"1_N_NIC1667_0.00046",NA,NA,NA,NA,NA,"1_N",137.727056395251,439.594495040745,23.4147711735005,18.7742383550711,6.61594876513563e-43,168.954730350924,-31.2276739556734
"20250424-CbDRC2-p031-m2x_F07_roi_0.png",20250424,"CbDRC2","p031","m2x","F07",0,387.388244432081,19.0617875286553,"","48h",10,"15hHB101","DMSO",1,"IVERMECTIN",0.00093,NA,NA,"NIC1667","1_N",NA,NA,NA,352.641511416319,269.869997603062,314.548813307779,328.350250579202,345.595151124794,42.1330948677236,365.93257472589,392.893131465666,463.179179766895,0.119478545502212,18.0404359644542,14.7556194973713,16.127213400401,17.4163078180251,18.0484932887866,1.63618691851283,18.8506069703878,19.2884961389358,22.0826534655304,0.0906955309581587,26,"1_N_NIC1667_0.00093",NA,NA,NA,"outlier","outlier","1_N",-93.9993439159508,439.594495040745,23.4147711735005,18.7742383550711,6.61594876513563e-43,168.954730350924,-262.954074266875
"20250424-CbDRC2-p031-m2x_F08_roi_1.png",20250424,"CbDRC2","p031","m2x","F08",1,309.244426809336,16.3879190098675,"","48h",10,"15hHB101","DMSO",1,"IVERMECTIN",0.0018,NA,NA,"NIC1667","1_N",NA,NA,NA,282.444847951881,190.708693180201,229.125219491342,269.311559537278,288.529755396282,35.7168797873053,300.070537235573,316.478723535424,345.957984764622,0.126456120712778,16.5442113931623,14.7572386067233,15.1292454862589,15.8427029961415,16.5302087838473,1.04821432354633,17.4526916317186,17.7603683103794,18.7920544133241,0.0633583734296066,25,"1_N_NIC1667_0.0018",NA,NA,NA,NA,NA,"1_N",-151.064739644463,439.594495040745,23.4147711735005,18.7742383550711,6.61594876513563e-43,168.954730350924,-320.019469995387
"20250424-CbDRC2-p031-m2x_F09_roi_0.png",20250424,"CbDRC2","p031","m2x","F09",0,263.258502610354,15.4709244412137,"","48h",10,"15hHB101","DMSO",1,"IVERMECTIN",0.0037,NA,NA,"NIC1667","1_N",NA,NA,NA,260.116673491191,175.399717561242,247.717544989567,250.17099275884,262.675606159246,20.3292215593216,271.812104549828,280.76148237766,290.309105233202,0.0781542424269472,15.1468077481662,13.9068713398961,14.209663074779,14.6690314194522,15.1418841928028,0.69629645357592,15.5520141112211,15.9204798503072,17.0773513542472,0.0459698482447709,34,"1_N_NIC1667_0.0037",NA,NA,NA,NA,NA,"1_N",-176.918888881499,439.594495040745,23.4147711735005,18.7742383550711,6.61594876513563e-43,168.954730350924,-345.873619232423
"20250424-CbDRC2-p031-m2x_F10_roi_0.png",20250424,"CbDRC2","p031","m2x","F10",0,246.118730097341,14.9514585868455,"","48h",10,"15hHB101","DMSO",1,"IVERMECTIN",0.0075,NA,NA,"NIC1667","1_N",NA,NA,NA,240.865812027994,203.050401586492,214.06996424766,220.154155291718,242.788908148536,23.2818877410141,260.209725924956,271.851847726254,274.481120527195,0.0966591628134761,14.7908375643858,12.1846069304818,13.9975705439573,14.3361461284134,14.7894719318292,0.988577635038089,15.2310236079067,15.7191819408323,17.0679394620061,0.0668371639357627,19,"1_N_NIC1667_0.0075",NA,NA,NA,NA,NA,"1_N",-196.805586892209,439.594495040745,23.4147711735005,18.7742383550711,6.61594876513563e-43,168.954730350924,-365.760317243133
"20250424-CbDRC2-p031-m2x_F11_roi_0.png",20250424,"CbDRC2","p031","m2x","F11",0,248.371074707205,14.8493444668312,"","48h",10,"15hHB101","DMSO",1,"IVERMECTIN",0.015,NA,NA,"NIC1667","1_N",NA,NA,NA,240.786331580864,203.896057643241,217.145027423027,228.17834545158,238.607941293121,20.6302772475603,252.76806452462,258.479619054059,323.044216921521,0.08567877217994,14.916751184533,9.55784710509215,13.5750360699237,14.0231156167835,14.6112826781643,2.72618729559281,14.8493444668312,15.6709587596457,29.8470615403219,0.182760123961816,41,"1_N_NIC1667_0.015",NA,NA,NA,NA,NA,"1_N",-200.986553747624,439.594495040745,23.4147711735005,18.7742383550711,6.61594876513563e-43,168.954730350924,-369.941284098548
"20250424-CbDRC2-p031-m2x_F12_roi_0.png",20250424,"CbDRC2","p031","m2x","F12",0,230.034410228433,15.9973129658831,"","48h",10,"15hHB101","DMSO",1,"IVERMECTIN",0.03,NA,NA,"NIC1667","1_N",NA,NA,NA,232.712352194212,205.601313789825,214.718887495444,223.155611687985,230.43615281469,16.6600725126584,246.455219345013,250.798235128316,272.710363638497,0.0715908388857444,14.3247944606957,12.8643488285956,13.4300726021417,13.8330742875873,14.2750988071143,0.74938697214356,14.7546117649263,15.0512158203216,15.9973129658831,0.0523139772929885,20,"1_N_NIC1667_0.03",NA,NA,NA,NA,NA,"1_N",-209.158342226055,439.594495040745,23.4147711735005,18.7742383550711,6.61594876513563e-43,168.954730350924,-378.11307257698
"20250424-CbDRC2-p032-m2x_A01_roi_0.png",20250424,"CbDRC2","p032","m2x","A01",0,698.200959157084,38.7923579854023,"","48h",10,"15hHB101","DMSO",1,"IVERMECTIN",0,NA,NA,"VX34","1_N",NA,NA,NA,702.718221899131,564.944173435216,642.339952573526,681.311167253724,707.349870800685,52.8055122205238,737.398931969728,763.018863667775,786.402576374716,0.0751446462819967,39.1914823787378,28.5312886973325,37.8262531422395,38.8468084943946,39.6540749220116,2.78488493238205,40.4948133965259,41.3002969357998,42.2302921555019,0.0710584229876671,20,"1_N_VX34_0",NA,NA,NA,NA,NA,"1_N",206.6598551167,500.690015683985,30.5037506382767,16.4140476238915,4.75390497503238e-36,239.366746355374,-32.706891238674
"20250424-CbDRC2-p032-m2x_A02_roi_0.png",20250424,"CbDRC2","p032","m2x","A02",0,653.428122969215,37.5562803455154,"","48h",10,"15hHB101","DMSO",1,"IVERMECTIN",2.9e-05,NA,NA,"VX34","1_N",NA,NA,NA,731.302581734399,632.130070171176,664.57491897693,683.417619098563,701.075970468229,110.982067895978,731.339088481631,788.507184766893,1214.42498261047,0.151759436747462,38.0856552453412,19.4122636322984,37.2374441406162,37.5562803455154,38.7410082055712,4.07980422787092,39.8448675927795,40.3590847062641,41.5570590914851,0.107121807451901,25,"1_N_VX34_2.9e-05",NA,NA,NA,NA,NA,"1_N",200.385954784244,500.690015683985,30.5037506382767,16.4140476238915,4.75390497503238e-36,239.366746355374,-38.9807915711297
"20250424-CbDRC2-p032-m2x_A03_roi_0.png",20250424,"CbDRC2","p032","m2x","A03",0,763.034248427142,37.9162034021899,"","48h",10,"15hHB101","DMSO",1,"IVERMECTIN",5.8e-05,NA,NA,"VX34","1_N",NA,NA,NA,717.613150147527,630.850133736408,635.871150166061,682.242526408963,719.628057859459,53.2108763176147,752.013232364788,781.894050669833,808.816546646286,0.0741498066286489,38.7701409477592,35.5798218721741,36.4098163888828,37.5604662993893,39.3270067088154,1.71185291443338,39.8897210464221,40.6924735648449,41.7004590519998,0.0441538996915182,22,"1_N_VX34_5.8e-05",NA,NA,NA,NA,NA,"1_N",218.938042175474,500.690015683985,30.5037506382767,16.4140476238915,4.75390497503238e-36,239.366746355374,-20.4287041798998
"20250424-CbDRC2-p032-m2x_A04_roi_0.png",20250424,"CbDRC2","p032","m2x","A04",0,713.698643828331,41.1501469579691,"","48h",10,"15hHB101","DMSO",1,"IVERMECTIN",0.00011,NA,NA,"VX34","1_N",NA,NA,NA,699.088954759441,282.204802310782,643.386608633741,667.463702744036,730.660393011994,107.00681692552,754.303035723191,774.244258882841,800.687799589705,0.153066095805135,37.9605961359434,22.3813965237286,35.6968106625408,37.0302292471728,38.7753286478117,4.01667795902031,39.7590262225817,41.0880021813794,43.5231018132164,0.105811772413581,22,"1_N_VX34_0.00011",NA,NA,NA,NA,NA,"1_N",229.970377328009,500.690015683985,30.5037506382767,16.4140476238915,4.75390497503238e-36,239.366746355374,-9.39636902736507
"20250424-CbDRC2-p032-m2x_A06_roi_0.png",20250424,"CbDRC2","p032","m2x","A06",0,655.599400039156,34.0732213532741,"","48h",10,"15hHB101","DMSO",1,"IVERMECTIN",0.00046,NA,NA,"VX34","1_N",NA,NA,NA,591.249515948393,254.244259243599,432.519641029523,556.639160873047,634.556548074706,119.017956389411,661.537750397638,694.538622183782,733.581001999762,0.201299033959462,30.9950362430272,14.3503195858532,24.3031557652088,26.9972970151564,32.778339391071,5.79051937962939,35.0366793072142,36.5625691267153,38.2333481938056,0.186820861709173,29,"1_N_VX34_0.00046",NA,NA,NA,NA,NA,"1_N",133.86653239072,500.690015683985,30.5037506382767,16.4140476238915,4.75390497503238e-36,239.366746355374,-105.500213964653
"20250424-CbDRC2-p032-m2x_A07_roi_0.png",20250424,"CbDRC2","p032","m2x","A07",0,322.651988985322,18.2403566746447,"","48h",10,"15hHB101","DMSO",1,"IVERMECTIN",0.00093,NA,NA,"VX34","1_N",NA,NA,NA,333.148207242781,218.659321968301,273.141580111701,300.35286867429,338.10618983818,55.2228483455991,369.821511727597,396.939358566039,441.42250138301,0.165760604875042,18.0981019878084,15.6165029587724,16.5427859064021,17.3955830411576,17.6457772997354,1.47230678173623,19.0591746390094,19.5415498385463,21.7467589662011,0.0813514468383498,17,"1_N_VX34_0.00093",NA,NA,NA,NA,NA,"1_N",-162.583825845805,500.690015683985,30.5037506382767,16.4140476238915,4.75390497503238e-36,239.366746355374,-401.950572201179
"20250424-CbDRC2-p032-m2x_A09_roi_0.png",20250424,"CbDRC2","p032","m2x","A09",0,287.77002285813,15.4530167903899,"","48h",10,"15hHB101","DMSO",1,"IVERMECTIN",0.0037,NA,NA,"VX34","1_N",NA,NA,NA,259.34776651036,191.053135549529,241.233576422117,248.518192103773,255.331248829876,24.3685328733134,275.732301683182,284.160552478737,299.104028610758,0.0939608356809966,15.0639219895196,14.0427222703821,14.2467053928879,14.512605216054,14.8625177820538,0.709375434109034,15.4616742652576,15.9864710036133,16.4582924731298,0.0470910188331143,17,"1_N_VX34_0.0037",NA,NA,NA,NA,NA,"1_N",-245.358766854109,500.690015683985,30.5037506382767,16.4140476238915,4.75390497503238e-36,239.366746355374,-484.725513209483
"20250424-CbDRC2-p032-m2x_A11_roi_0.png",20250424,"CbDRC2","p032","m2x","A11",0,218.225928885175,13.8826806472713,"","48h",10,"15hHB101","DMSO",1,"IVERMECTIN",0.015,NA,NA,"VX34","1_N",NA,NA,NA,227.950075646756,198.392703881026,206.33676864619,218.225928885175,229.193562638835,16.1515170739262,237.39952695326,240.959657723033,255.904016086364,0.0708555021449325,14.7237599660001,13.8826806472713,13.9411175209028,14.1679850620008,14.7415901041213,0.607191146052118,15.1928193015455,15.5212391470148,15.6113772630637,0.041238864763772,13,"1_N_VX34_0.015",NA,NA,NA,NA,NA,"1_N",-271.49645304515,500.690015683985,30.5037506382767,16.4140476238915,4.75390497503238e-36,239.366746355374,-510.863199400524
"20250424-CbDRC2-p032-m2x_A12_roi_0.png",20250424,"CbDRC2","p032","m2x","A12",0,237.758084947895,15.3255803750091,"","48h",10,"15hHB101","DMSO",1,"IVERMECTIN",0.03,NA,NA,"VX34","1_N",NA,NA,NA,198.487650681418,77.7002915338331,140.538059467811,196.100686192479,214.152790895089,52.5952586971407,233.469188733374,238.242267442954,240.178997423188,0.264980005136735,17.1493398793805,13.2109406078845,13.8823048362738,14.250075823393,14.5682959970304,7.97726480008652,15.3255803750091,19.9310904116874,38.3479403913526,0.465164540221048,9,"1_N_VX34_0.03",NA,NA,NA,NA,NA,"1_N",-286.537224788896,500.690015683985,30.5037506382767,16.4140476238915,4.75390497503238e-36,239.366746355374,-525.90397114427
"20250424-CbDRC2-p032-m2x_B01_roi_0.png",20250424,"CbDRC2","p032","m2x","B01",0,640.138497056265,36.768953553818,"","48h",10,"15hHB101","DMSO",1,"IVERMECTIN",0,NA,NA,"JU3237","1_N",NA,NA,NA,616.203943854736,559.922916303385,588.682947711146,603.209741912982,610.289136046798,35.1276577245086,626.225510847339,652.832521064811,682.451910418085,0.0570065447889921,36.1473743934291,31.1328688507144,33.8355839958687,35.1500188733903,36.8694619299535,2.378902096217,37.7247410661506,38.0597204991579,38.5899397379764,0.0658112002914778,8,"1_N_JU3237_0",NA,NA,NA,NA,NA,"1_N",172.167094017487,438.122042029312,25.2646278053809,17.3413218434985,1.71414202456419e-38,185.742269212847,-13.5751751953603
"20250424-CbDRC2-p032-m2x_B02_roi_0.png",20250424,"CbDRC2","p032","m2x","B02",0,630.048890719435,37.9010350614793,"","48h",10,"15hHB101","DMSO",1,"IVERMECTIN",2.9e-05,NA,NA,"JU3237","1_N",NA,NA,NA,622.816812857781,542.252119412306,586.815483253322,600.653856827,630.048890719435,34.821622592335,643.193790995434,657.714299557221,691.3996743782,0.0559098949698497,36.9913580804352,28.1239590558108,33.5726212968341,35.8512261388922,36.7367869701221,3.24164597261824,39.3935464867632,40.228713568947,41.286643149173,0.0876325212383255,17,"1_N_JU3237_2.9e-05",NA,NA,NA,NA,NA,"1_N",191.926848690123,438.122042029312,25.2646278053809,17.3413218434985,1.71414202456419e-38,185.742269212847,6.18457947727617
"20250424-CbDRC2-p032-m2x_B03_roi_0.png",20250424,"CbDRC2","p032","m2x","B03",0,663.518037513405,41.2316646620662,"","48h",10,"15hHB101","DMSO",1,"IVERMECTIN",5.8e-05,NA,NA,"JU3237","1_N",NA,NA,NA,620.545790886264,373.994107760136,586.368243306406,605.996646667209,630.243674888245,50.9029375874202,644.456811525884,660.927700485921,690.742744115214,0.0820293011974516,38.3377188427241,27.6448471486852,33.8280136070602,36.8418486611349,38.27555177195,4.71159689301886,40.154075209443,40.9549321824249,59.2355459389611,0.122897163296221,36,"1_N_JU3237_5.8e-05",NA,NA,NA,NA,NA,"1_N",192.121632858933,438.122042029312,25.2646278053809,17.3413218434985,1.71414202456419e-38,185.742269212847,6.37936364608638
"20250424-CbDRC2-p032-m2x_B04_roi_0.png",20250424,"CbDRC2","p032","m2x","B04",0,664.768665050389,40.2357031628789,"","48h",10,"15hHB101","DMSO",1,"IVERMECTIN",0.00011,NA,NA,"JU3237","1_N",NA,NA,NA,629.985249368917,587.460644223024,592.240335211077,603.087940132223,627.215406748571,33.2181378155792,650.721661171319,667.089104031383,687.973054860324,0.0527284374496946,35.5171532761287,29.2443262043668,31.642958386461,32.7192147338493,35.9993723652914,3.68770626059109,38.5105772166698,39.5062217033902,40.2357031628789,0.103828880426338,10,"1_N_JU3237_0.00011",NA,NA,NA,NA,NA,"1_N",189.093364719259,438.122042029312,25.2646278053809,17.3413218434985,1.71414202456419e-38,185.742269212847,3.35109550641207
"20250424-CbDRC2-p032-m2x_B05_roi_0.png",20250424,"CbDRC2","p032","m2x","B05",0,643.715897910045,39.1910459246377,"","48h",10,"15hHB101","DMSO",1,"IVERMECTIN",0.00023,NA,NA,"JU3237","1_N",NA,NA,NA,626.866387238515,596.253202487104,604.172002028459,612.861708288266,616.51277624069,22.7522910742357,647.650910989583,652.660951795918,654.273493386115,0.0362952800427927,33.9039936209826,31.0994285793405,31.333313009548,31.6197655349324,33.480941837142,3.02658271050668,35.1585039679466,37.7525412290573,39.1910459246377,0.0892692095315161,7,"1_N_JU3237_0.00023",NA,NA,NA,NA,NA,"1_N",178.390734211378,438.122042029312,25.2646278053809,17.3413218434985,1.71414202456419e-38,185.742269212847,-7.35153500146887
"20250424-CbDRC2-p032-m2x_B06_roi_0.png",20250424,"CbDRC2","p032","m2x","B06",0,603.576933878707,29.3748614174746,"","48h",10,"15hHB101","DMSO",1,"IVERMECTIN",0.00046,NA,NA,"JU3237","1_N",NA,NA,NA,558.181020896861,385.294119904851,523.836676713161,534.999527255529,588.308353889417,63.6791497004909,599.358599212233,607.731923694881,622.120716549583,0.114083330168005,27.9471297623829,23.4199278292795,24.7289716090714,25.6122365648494,28.0232732241376,2.87041926709153,29.4817357804504,31.1104765862643,33.5626236752536,0.102708911129584,21,"1_N_JU3237_0.00046",NA,NA,NA,NA,NA,"1_N",150.186311860105,438.122042029312,25.2646278053809,17.3413218434985,1.71414202456419e-38,185.742269212847,-35.5559573527417
"20250424-CbDRC2-p032-m2x_B07_roi_0.png",20250424,"CbDRC2","p032","m2x","B07",0,351.89832438048,18.4709295685748,"","48h",10,"15hHB101","DMSO",1,"IVERMECTIN",0.00093,NA,NA,"JU3237","1_N",NA,NA,NA,359.63858454387,339.942667097051,344.724930010423,351.89832438048,368.280545187445,13.2244281435537,368.584900409873,369.12585155065,369.486485644501,0.0367714386383937,18.4995200192702,17.3612231323531,17.5800685373871,17.9083366449381,18.4176482362317,1.12228855162408,18.4709295685748,19.592049335982,20.3394625142534,0.0606658200026291,5,"1_N_JU3237_0.00093",NA,NA,NA,"outlier","outlier","1_N",-69.8414968418665,438.122042029312,25.2646278053809,17.3413218434985,1.71414202456419e-38,185.742269212847,-255.583766054714
"20250424-CbDRC2-p032-m2x_B08_roi_0.png",20250424,"CbDRC2","p032","m2x","B08",0,308.253648447922,17.0393527728621,"","48h",10,"15hHB101","DMSO",1,"IVERMECTIN",0.0018,NA,NA,"JU3237","1_N",NA,NA,NA,283.644171152471,239.443785617231,270.496150211995,276.886525104129,284.602323222346,16.2951730386208,296.676435416023,298.580703983282,308.253648447922,0.057449349205422,15.8689651356215,14.6108671924479,14.8179785794537,15.2129997347854,15.7519020110955,0.883824451558511,16.247807678313,16.8907950244685,17.8942312603619,0.0556951536540065,16,"1_N_JU3237_0.0018",NA,NA,NA,NA,NA,"1_N",-153.519718806965,438.122042029312,25.2646278053809,17.3413218434985,1.71414202456419e-38,185.742269212847,-339.261988019812
"20250424-CbDRC2-p032-m2x_B09_roi_1.png",20250424,"CbDRC2","p032","m2x","B09",1,270.921604756674,15.2903480632382,"","48h",10,"15hHB101","DMSO",1,"IVERMECTIN",0.0037,NA,NA,"JU3237","1_N",NA,NA,NA,255.905952551114,144.221898433671,232.251416330164,252.655958425337,268.689458357534,40.4626561739282,278.447119422061,282.663001547728,288.855446428152,0.158115337961302,16.4200017839558,14.6143713954968,14.7456648562044,15.1088100335802,15.2903480632382,3.48911683092188,15.8433674818762,16.5060713262407,26.8107734677821,0.212491866738477,11,"1_N_JU3237_0.0037",NA,NA,NA,NA,NA,"1_N",-169.432583671777,438.122042029312,25.2646278053809,17.3413218434985,1.71414202456419e-38,185.742269212847,-355.174852884624
"20250424-CbDRC2-p032-m2x_B11_roi_0.png",20250424,"CbDRC2","p032","m2x","B11",0,227.784444724449,13.8729705638404,"","48h",10,"15hHB101","DMSO",1,"IVERMECTIN",0.015,NA,NA,"JU3237","1_N",NA,NA,NA,227.079716806573,198.381400966271,199.844830015063,220.789564265694,229.409194474603,18.7817915066319,239.901150562407,243.708970566751,251.204614283586,0.0827101238752654,14.9088478575159,13.4311076984822,13.464862626211,13.7745601788326,15.2008886010175,1.23564478802096,15.5225517308381,15.998640410453,17.0128872759097,0.0828799649597363,8,"1_N_JU3237_0.015",NA,NA,NA,NA,NA,"1_N",-208.712847554708,438.122042029312,25.2646278053809,17.3413218434985,1.71414202456419e-38,185.742269212847,-394.455116767555
"20250424-CbDRC2-p032-m2x_B12_roi_0.png",20250424,"CbDRC2","p032","m2x","B12",0,234.11506205384,16.1945231219356,"","48h",10,"15hHB101","DMSO",1,"IVERMECTIN",0.03,NA,NA,"JU3237","1_N",NA,NA,NA,215.148544200016,111.847526875011,182.541571550903,208.137730884863,228.831310354477,35.4493992769102,233.862228006958,239.292472593683,248.936746084537,0.164767088751268,14.4158923304086,11.6677725077978,12.1328617005811,13.3220514938062,14.2101313104731,2.08508038695693,15.1999944671261,16.0572287304646,19.9212698237145,0.144637622088693,14,"1_N_JU3237_0.03",NA,NA,NA,NA,NA,"1_N",-209.290731674834,438.122042029312,25.2646278053809,17.3413218434985,1.71414202456419e-38,185.742269212847,-395.033000887681
"20250424-CbDRC2-p032-m2x_C01_roi_0.png",20250424,"CbDRC2","p032","m2x","C01",0,723.682550867864,38.9852723579465,"","48h",10,"15hHB101","DMSO",1,"IVERMECTIN",0,NA,NA,"ED3102","1_N",NA,NA,NA,664.229976411028,490.51276847981,626.405179783626,643.813476364641,664.992535410215,44.9968561477855,693.08120558013,716.267664242507,744.079403710253,0.0677428868701663,36.5616836451373,27.8136093573772,33.4857710471141,35.1267957168642,37.4064812245012,2.5023541373613,38.2309029835571,39.2586818296648,41.3672187530895,0.0684419831878864,55,"1_N_ED3102_0",NA,NA,NA,NA,NA,"1_N",219.950240425894,445.042294984321,26.7335457936937,16.6473350904804,4.52577064691679e-37,224.962051368695,-5.01181094280133
"20250424-CbDRC2-p032-m2x_C02_roi_0.png",20250424,"CbDRC2","p032","m2x","C02",0,705.160213567162,35.4411502984659,"","48h",10,"15hHB101","DMSO",1,"IVERMECTIN",2.9e-05,NA,NA,"ED3102","1_N",NA,NA,NA,665.222265508839,275.663777999502,640.674740320541,653.628368178963,671.968307248808,67.7452159153548,691.709867552118,704.77021863444,750.419726801529,0.101838467273093,36.7526591751127,15.3004745833585,34.1996151267912,36.0554192082884,37.0433739553149,3.85110258152903,38.6265872398262,40.0358523747697,40.7238609316793,0.104784324943128,43,"1_N_ED3102_2.9e-05",NA,NA,NA,"outlier","outlier","1_N",226.926012264487,445.042294984321,26.7335457936937,16.6473350904804,4.52577064691679e-37,224.962051368695,1.96396089579213
"20250424-CbDRC2-p032-m2x_C03_roi_0.png",20250424,"CbDRC2","p032","m2x","C03",0,726.505063820799,39.3101037977616,"","48h",10,"15hHB101","DMSO",1,"IVERMECTIN",5.8e-05,NA,NA,"ED3102","1_N",NA,NA,NA,662.0205030375,145.373657091023,609.771149156677,646.043979507856,675.85528916884,99.3791406418859,704.8746555319,737.669112411534,767.871081689924,0.150114898535486,36.7592551242539,16.4351554510077,34.0537570332625,35.9772177972053,37.4779086263301,3.90800953886643,39.0336713640274,39.5681798653394,41.8433880974467,0.106313621580648,64,"1_N_ED3102_5.8e-05",NA,NA,NA,NA,NA,"1_N",230.812994184519,445.042294984321,26.7335457936937,16.6473350904804,4.52577064691679e-37,224.962051368695,5.85094281582366
"20250424-CbDRC2-p032-m2x_C04_roi_0.png",20250424,"CbDRC2","p032","m2x","C04",0,647.085561589885,38.0028680584066,"","48h",10,"15hHB101","DMSO",1,"IVERMECTIN",0.00011,NA,NA,"ED3102","1_N",NA,NA,NA,664.739809487535,326.022044795276,628.36046093391,640.176458397549,661.310499552881,98.6001742098417,686.394401038733,710.157727261355,1220.37192840197,0.148328974438668,36.3511009448385,18.3163922605915,34.0491016282368,35.4584879464239,36.4014844492032,3.15151406377043,38.0325532915855,39.1842192894392,40.5731003294983,0.0866965231273942,52,"1_N_ED3102_0.00011",NA,NA,NA,NA,NA,"1_N",216.26820456856,445.042294984321,26.7335457936937,16.6473350904804,4.52577064691679e-37,224.962051368695,-8.6938468001353
"20250424-CbDRC2-p032-m2x_C05_roi_0.png",20250424,"CbDRC2","p032","m2x","C05",0,640.135979697981,32.9162668594306,"","48h",10,"15hHB101","DMSO",1,"IVERMECTIN",0.00023,NA,NA,"ED3102","1_N",NA,NA,NA,621.917912547094,462.313383990158,527.023276019233,572.465071248471,630.074170196256,111.952417088025,651.533260758629,670.914459394466,1276.36068892111,0.18001156556099,29.8557126666346,16.3762619105199,25.0060394462242,27.808649665538,30.8297208257101,3.94939132934334,32.1389764324931,33.8045413827843,36.9959656080268,0.132282601103574,48,"1_N_ED3102_0.00023",NA,NA,NA,NA,NA,"1_N",185.031875211935,445.042294984321,26.7335457936937,16.6473350904804,4.52577064691679e-37,224.962051368695,-39.9301761567598
"20250424-CbDRC2-p032-m2x_C06_roi_0.png",20250424,"CbDRC2","p032","m2x","C06",0,563.364701167059,25.5821295556952,"","48h",10,"15hHB101","DMSO",1,"IVERMECTIN",0.00046,NA,NA,"ED3102","1_N",NA,NA,NA,499.146747907687,158.84846446216,403.056673421648,445.719564200859,503.392061266242,91.6056230236495,549.548502083573,569.117751990619,782.143772193937,0.18352443125722,22.6290666253293,11.6429903711482,18.3571107244006,20.7136950670778,23.65353063652,3.90706959405318,24.9601523792102,25.7194336552514,32.9340654275993,0.172657125401712,50,"1_N_ED3102_0.00046",NA,NA,NA,NA,NA,"1_N",58.3497662819205,445.042294984321,26.7335457936937,16.6473350904804,4.52577064691679e-37,224.962051368695,-166.612285086774
"20250424-CbDRC2-p032-m2x_C07_roi_0.png",20250424,"CbDRC2","p032","m2x","C07",0,370.488512706616,18.0897917209003,"","48h",10,"15hHB101","DMSO",1,"IVERMECTIN",0.00093,NA,NA,"ED3102","1_N",NA,NA,NA,331.777459089504,237.598290272519,284.089859838583,317.25599707033,335.297581552468,33.8478764877563,351.951608590096,371.238648893644,397.101490892461,0.102019819491791,18.0015238310919,15.8344183851335,16.4357316250159,17.2402785793638,17.5849605441572,2.14467557171501,18.2108243220087,19.032999885933,30.1381318000185,0.11913855692654,48,"1_N_ED3102_0.00093",NA,NA,NA,NA,NA,"1_N",-109.744713431853,445.042294984321,26.7335457936937,16.6473350904804,4.52577064691679e-37,224.962051368695,-334.706764800548
"20250424-CbDRC2-p032-m2x_C09_roi_0.png",20250424,"CbDRC2","p032","m2x","C09",0,241.667455560183,15.2443175073965,"","48h",10,"15hHB101","DMSO",1,"IVERMECTIN",0.0037,NA,NA,"ED3102","1_N",NA,NA,NA,239.267088258417,142.229815522482,210.191775884139,226.559020852915,241.100664809735,30.732590324443,256.083743125021,277.421623541641,290.476203972626,0.128444703983904,15.818871437296,14.192281567478,14.4157367559882,14.8590436808237,15.6468365185304,1.8300634939849,16.0243686967402,16.4771545504824,23.4087675807335,0.115688625528,36,"1_N_ED3102_0.0037",NA,NA,NA,NA,NA,"1_N",-203.941630174586,445.042294984321,26.7335457936937,16.6473350904804,4.52577064691679e-37,224.962051368695,-428.903681543281
"20250424-CbDRC2-p032-m2x_C10_roi_1.png",20250424,"CbDRC2","p032","m2x","C10",1,218.184778934078,15.1766543687721,"","48h",10,"15hHB101","DMSO",1,"IVERMECTIN",0.0075,NA,NA,"ED3102","1_N",NA,NA,NA,234.905538903578,140.553772776138,206.940059649633,217.487372644913,236.471705359921,33.6572952398199,245.485387266403,261.506151093623,371.856211711096,0.143280126117568,15.0056825577577,13.6105762930341,14.1613314873584,14.6762153351224,14.9454191319033,0.723018972740927,15.4626164323552,15.7329193607726,17.2348156190973,0.0481830113330726,40,"1_N_ED3102_0.0075",NA,NA,NA,NA,NA,"1_N",-208.5705896244,445.042294984321,26.7335457936937,16.6473350904804,4.52577064691679e-37,224.962051368695,-433.532640993095
"20250424-CbDRC2-p032-m2x_C11_roi_0.png",20250424,"CbDRC2","p032","m2x","C11",0,251.354003995867,14.584433032252,"","48h",10,"15hHB101","DMSO",1,"IVERMECTIN",0.015,NA,NA,"ED3102","1_N",NA,NA,NA,226.833741786124,164.593684822978,191.401944822253,206.175261541124,224.411992473306,35.7814847400541,243.30483730473,254.291840892109,369.977587742226,0.157743219585875,15.0110483621718,13.0841458371677,13.7468067806824,14.4303523556214,15.0882408511429,0.935358926726312,15.786778829088,16.1681219521651,16.5084587879535,0.0623113658792439,36,"1_N_ED3102_0.015",NA,NA,NA,NA,NA,"1_N",-220.630302511015,445.042294984321,26.7335457936937,16.6473350904804,4.52577064691679e-37,224.962051368695,-445.59235387971
"20250424-CbDRC2-p032-m2x_C12_roi_0.png",20250424,"CbDRC2","p032","m2x","C12",0,259.907112910169,15.4223218234148,"","48h",10,"15hHB101","DMSO",1,"IVERMECTIN",0.03,NA,NA,"ED3102","1_N",NA,NA,NA,224.229447185512,146.101348424796,199.761361544815,208.283953616381,222.682663535198,24.7770077005485,239.804297809877,258.758019561537,271.96137748934,0.1104984559858,14.7818664063684,13.2928502103543,13.7592426481032,14.3342607465994,14.6992911947454,0.792875451527712,15.2860717874609,15.6666335775114,17.0206527957232,0.0536383856903293,38,"1_N_ED3102_0.03",NA,NA,NA,NA,NA,"1_N",-222.359631449124,445.042294984321,26.7335457936937,16.6473350904804,4.52577064691679e-37,224.962051368695,-447.321682817818
"20250424-CbDRC2-p032-m2x_D01_roi_0.png",20250424,"CbDRC2","p032","m2x","D01",0,501.052780102306,30.9642378111441,"","48h",10,"15hHB101","DMSO",1,"IVERMECTIN",0,NA,NA,"ECA2666","1_N",NA,NA,NA,583.970727003566,147.981874829516,407.077712689706,505.30545043918,640.767948201531,159.483582349418,690.090165860733,720.706495631875,751.009704154703,0.273102015177628,27.5701996531007,13.9276146584015,23.1608338291059,24.2769783148957,27.648457453191,5.52928385459401,31.2125311945921,32.126938518134,40.712905153959,0.20055291307882,24,"1_N_ECA2666_0",NA,NA,NA,NA,NA,"1_N",209.656739574705,431.111208626825,22.5753902811972,19.0965118767356,1.54498937647466e-43,208.851864384434,0.804875190271446
"20250424-CbDRC2-p032-m2x_D02_roi_0.png",20250424,"CbDRC2","p032","m2x","D02",0,614.06560388632,28.6188639953574,"","48h",10,"15hHB101","DMSO",1,"IVERMECTIN",2.9e-05,NA,NA,"ECA2666","1_N",NA,NA,NA,599.236867934909,249.308642753006,384.481933243883,569.177009836969,654.402903095066,134.639586861981,688.148409737034,704.681868705413,718.850656697918,0.224685085425362,27.1180361607169,14.2056815974246,21.2054467691293,24.1649179678169,28.0733893816991,5.30270558164269,31.7295528770457,32.2289712228157,33.7423152560475,0.195541651696894,18,"1_N_ECA2666_2.9e-05",NA,NA,NA,NA,NA,"1_N",223.291694468241,431.111208626825,22.5753902811972,19.0965118767356,1.54498937647466e-43,208.851864384434,14.439830083807
"20250424-CbDRC2-p032-m2x_D04_roi_0.png",20250424,"CbDRC2","p032","m2x","D04",0,683.152733163874,28.5080623015754,"","48h",10,"15hHB101","DMSO",1,"IVERMECTIN",0.00011,NA,NA,"ECA2666","1_N",NA,NA,NA,591.456343042575,176.961553791149,524.898331562882,549.784696176981,604.596609883992,146.047790610339,666.602574260129,693.004346457685,928.066223466122,0.246929113751724,29.9191067591593,16.7616614632117,21.5439944110673,23.4696746153398,26.0990404338366,14.7749641620989,29.872304079231,33.1185646996423,86.5160652442842,0.493830390092637,25,"1_N_ECA2666_0.00011",NA,NA,NA,NA,NA,"1_N",173.485401257167,431.111208626825,22.5753902811972,19.0965118767356,1.54498937647466e-43,208.851864384434,-35.3664631272673
"20250424-CbDRC2-p032-m2x_D05_roi_1.png",20250424,"CbDRC2","p032","m2x","D05",1,583.771514182918,23.2765757104292,"","48h",10,"15hHB101","DMSO",1,"IVERMECTIN",0.00023,NA,NA,"ECA2666","1_N",NA,NA,NA,544.974292576402,425.337698348016,481.143445768058,501.486809925507,552.78539262706,57.3407082281238,586.38862398919,606.873586800672,638.575802423499,0.105217271730455,23.062040921693,18.7885398486777,19.2445956430486,20.8587530346272,23.4271918838607,2.70491344277435,25.202652726066,26.7207732049988,27.050823673057,0.117288554467442,18,"1_N_ECA2666_0.00023",NA,NA,NA,NA,NA,"1_N",121.674184000234,431.111208626825,22.5753902811972,19.0965118767356,1.54498937647466e-43,208.851864384434,-87.1776803841996
"20250424-CbDRC2-p032-m2x_D06_roi_0.png",20250424,"CbDRC2","p032","m2x","D06",0,458.397957031921,19.0049306947786,"","48h",10,"15hHB101","DMSO",1,"IVERMECTIN",0.00046,NA,NA,"ECA2666","1_N",NA,NA,NA,441.705337019033,255.934525088829,357.430006138671,405.449231538894,454.067402184677,70.3419546564944,479.108514924296,511.685888708633,600.66757640954,0.159250859704834,20.6930500058318,15.831424324659,17.6376447299415,19.0873648040197,20.2248279617871,2.88931248565725,22.3640819482642,24.5572517551804,26.9931063139551,0.139627192938836,28,"1_N_ECA2666_0.00046",NA,NA,NA,NA,NA,"1_N",22.9561935578514,431.111208626825,22.5753902811972,19.0965118767356,1.54498937647466e-43,208.851864384434,-185.895670826583
"20250424-CbDRC2-p032-m2x_D07_roi_0.png",20250424,"CbDRC2","p032","m2x","D07",0,370.136816724165,18.4426491402565,"","48h",10,"15hHB101","DMSO",1,"IVERMECTIN",0.00093,NA,NA,"ECA2666","1_N",NA,NA,NA,362.907598149553,222.711192126917,325.889545455901,348.672944956391,369.32267440135,39.550769947036,389.640380396317,398.148793222072,421.043863683692,0.108983030800962,17.8931427086646,15.1058920235646,17.0991950164714,17.3081623144204,17.8008668027187,1.02841943303677,18.5189220487641,18.8375269627894,20.2117091899771,0.0574756178823059,27,"1_N_ECA2666_0.00093",NA,NA,NA,NA,NA,"1_N",-61.7885342254749,431.111208626825,22.5753902811972,19.0965118767356,1.54498937647466e-43,208.851864384434,-270.640398609909
"20250424-CbDRC2-p032-m2x_D08_roi_0.png",20250424,"CbDRC2","p032","m2x","D08",0,264.70939954531,14.8027533298387,"","48h",10,"15hHB101","DMSO",1,"IVERMECTIN",0.0018,NA,NA,"ECA2666","1_N",NA,NA,NA,274.718477954803,147.528424098455,227.495017777113,257.140810741674,281.950170002474,45.1888559087394,309.219169732858,325.858190800234,329.538155243802,0.164491505067868,15.533893806892,13.283575219438,14.2023650929234,14.9439680742488,15.5128614659472,1.0825747672511,16.3132231298159,16.7155596167982,17.4769111159755,0.0696911399491343,20,"1_N_ECA2666_0.0018",NA,NA,NA,NA,NA,"1_N",-149.161038624351,431.111208626825,22.5753902811972,19.0965118767356,1.54498937647466e-43,208.851864384434,-358.012903008785
"20250424-CbDRC2-p032-m2x_D09_roi_0.png",20250424,"CbDRC2","p032","m2x","D09",0,263.866354929465,15.9028602349437,"","48h",10,"15hHB101","DMSO",1,"IVERMECTIN",0.0037,NA,NA,"ECA2666","1_N",NA,NA,NA,252.772556003599,220.078612108892,227.600309766875,248.170748770556,254.810345506255,17.7818185768999,260.181580852953,269.161383390974,288.081936256158,0.0703471091088175,14.9189201496932,13.0779109277021,13.7595482310339,14.2532715541496,14.8810038467079,1.08839988668544,15.3988667368607,16.3805854121011,17.0124175030464,0.0729543342121728,14,"1_N_ECA2666_0.0037",NA,NA,NA,NA,NA,"1_N",-176.30086312057,431.111208626825,22.5753902811972,19.0965118767356,1.54498937647466e-43,208.851864384434,-385.152727505004
"20250424-CbDRC2-p032-m2x_D10_roi_1.png",20250424,"CbDRC2","p032","m2x","D10",1,262.760181602284,14.3948760801584,"","48h",10,"15hHB101","DMSO",1,"IVERMECTIN",0.0075,NA,NA,"ECA2666","1_N",NA,NA,NA,237.53384400881,184.086494024254,211.104004656148,224.74577886058,238.969387759531,23.0726956292877,254.299201457582,263.547637561908,277.934638557594,0.0971343503725384,14.2366403732855,11.6067509128842,13.5809522174495,13.7742770572976,14.2018844075334,0.799968617096896,14.8761421785288,15.1021944571505,15.4511842070187,0.0561908284624516,27,"1_N_ECA2666_0.0075",NA,NA,NA,NA,NA,"1_N",-192.141820867294,431.111208626825,22.5753902811972,19.0965118767356,1.54498937647466e-43,208.851864384434,-400.993685251728
"20250424-CbDRC2-p032-m2x_D11_roi_0.png",20250424,"CbDRC2","p032","m2x","D11",0,235.848262017316,15.3136623523352,"","48h",10,"15hHB101","DMSO",1,"IVERMECTIN",0.015,NA,NA,"ECA2666","1_N",NA,NA,NA,239.559590270261,107.260965011062,197.921441198586,213.785922276276,229.07029505177,81.1400004252041,242.588734361147,266.274621115788,590.651233121682,0.338704872276937,14.5530586970257,11.4541193647146,12.3655628245029,13.153033806049,13.8943523001474,1.90888858409066,16.3621369641859,17.0085435503116,17.6886897680165,0.131167517690339,25,"1_N_ECA2666_0.015",NA,NA,NA,NA,NA,"1_N",-202.040913575055,431.111208626825,22.5753902811972,19.0965118767356,1.54498937647466e-43,208.851864384434,-410.892777959489
"20250424-CbDRC2-p032-m2x_D12_roi_0.png",20250424,"CbDRC2","p032","m2x","D12",0,237.318074695127,15.9482076006033,"","48h",10,"15hHB101","DMSO",1,"IVERMECTIN",0.03,NA,NA,"ECA2666","1_N",NA,NA,NA,196.109534269641,91.2872219687908,121.894133578468,176.859925587033,212.191678608539,46.2772189774433,227.414165712136,241.972553677632,251.197765110035,0.235976385083932,15.6181172514362,11.1551938329508,12.5621718539376,13.6639025999254,14.8850757907277,3.75201353745627,16.5668211785275,17.87490347764,29.870952143797,0.240234688794595,22,"1_N_ECA2666_0.03",NA,NA,NA,"outlier","outlier","1_N",-218.919530018286,431.111208626825,22.5753902811972,19.0965118767356,1.54498937647466e-43,208.851864384434,-427.77139440272
"20250424-CbDRC2-p032-m2x_E01_roi_0.png",20250424,"CbDRC2","p032","m2x","E01",0,616.959126022515,39.5025737929744,"","48h",10,"15hHB101","DMSO",1,"IVERMECTIN",0,NA,NA,"PB420","1_N",NA,NA,NA,620.449970214938,420.459127835834,577.159732519186,591.926302792837,618.543574413828,78.5252340697143,628.679524802918,652.876391899095,947.405178513742,0.126561750083591,37.327596558731,19.3742719658167,32.3911146931584,36.2578570692226,38.8727722283894,5.15684746221128,40.6017124168186,41.2418694635979,42.2335704328765,0.138151071529546,28,"1_N_PB420_0",NA,NA,NA,NA,NA,"1_N",182.625419617681,435.918154796147,25.8910601536029,16.8366282496735,9.64883936917006e-38,188.841855702527,-6.21643608484553
"20250424-CbDRC2-p032-m2x_E02_roi_0.png",20250424,"CbDRC2","p032","m2x","E02",0,608.129924971733,36.3673410518267,"","48h",10,"15hHB101","DMSO",1,"IVERMECTIN",2.9e-05,NA,NA,"PB420","1_N",NA,NA,NA,580.399597563959,182.510353637838,502.287658574165,583.794461576374,623.445194359712,129.536905169171,647.797753240935,661.164032159862,667.270354334985,0.223185725339681,36.0344123836241,21.1245274422454,24.7451589912121,36.3673410518267,38.7143259638594,6.74168727918348,39.5532452601796,40.9460944311553,43.2101006184607,0.187090251602029,13,"1_N_PB420_2.9e-05",NA,NA,NA,NA,NA,"1_N",187.527039563565,435.918154796147,25.8910601536029,16.8366282496735,9.64883936917006e-38,188.841855702527,-1.31481613896173
"20250424-CbDRC2-p032-m2x_E03_roi_0.png",20250424,"CbDRC2","p032","m2x","E03",0,645.495841362723,37.9459931249663,"","48h",10,"15hHB101","DMSO",1,"IVERMECTIN",5.8e-05,NA,NA,"PB420","1_N",NA,NA,NA,605.840052787967,135.083739474159,591.817361140403,623.331989392377,634.390634236559,133.426134291385,654.221433839448,666.772732730459,707.345597930799,0.220233267307736,37.3955928788535,20.3460345585393,36.451715840196,37.264622003948,38.300483050357,4.9204333637102,39.625076040119,40.1189277602783,41.2005969239588,0.131577894209363,15,"1_N_PB420_5.8e-05",NA,NA,NA,NA,NA,"1_N",198.472479440412,435.918154796147,25.8910601536029,16.8366282496735,9.64883936917006e-38,188.841855702527,9.6306237378856
"20250424-CbDRC2-p032-m2x_E04_roi_0.png",20250424,"CbDRC2","p032","m2x","E04",0,671.80541399777,38.3568851188461,"","48h",10,"15hHB101","DMSO",1,"IVERMECTIN",0.00011,NA,NA,"PB420","1_N",NA,NA,NA,625.597421813994,546.104749932112,568.027373499308,615.385645992366,621.655314493646,42.0136588363318,657.644679932802,669.433820869724,681.626061623356,0.0671576598166089,38.4126828840997,31.8130595123848,35.1829849923221,38.0083856594925,38.912786178093,2.61356404114928,40.0338237666911,40.7371790439459,41.1060711612708,0.0680390913864316,13,"1_N_PB420_0.00011",NA,NA,NA,NA,NA,"1_N",185.737159697499,435.918154796147,25.8910601536029,16.8366282496735,9.64883936917006e-38,188.841855702527,-3.10469600502765
"20250424-CbDRC2-p032-m2x_E05_roi_0.png",20250424,"CbDRC2","p032","m2x","E05",0,687.301603605523,39.4858257247211,"","48h",10,"15hHB101","DMSO",1,"IVERMECTIN",0.00023,NA,NA,"PB420","1_N",NA,NA,NA,586.039380400983,221.896250622849,477.645970513372,579.84146537187,614.105100121835,115.161156213898,654.177133115198,665.002996563275,687.301603605523,0.196507538682985,35.2181287621928,16.0467794434116,30.5732889032726,35.4525732629024,36.1375005043138,6.56385488182209,39.1473502583312,39.8481993607075,40.0409665503713,0.186377161777786,19,"1_N_PB420_0.00023",NA,NA,NA,NA,NA,"1_N",178.186945325688,435.918154796147,25.8910601536029,16.8366282496735,9.64883936917006e-38,188.841855702527,-10.6549103768388
"20250424-CbDRC2-p032-m2x_E06_roi_0.png",20250424,"CbDRC2","p032","m2x","E06",0,605.838953677023,28.9476381057141,"","48h",10,"15hHB101","DMSO",1,"IVERMECTIN",0.00046,NA,NA,"PB420","1_N",NA,NA,NA,587.4374621223,336.401502004492,546.239582186798,584.958961971268,601.60514528967,86.577509827923,629.207473920151,651.294194776393,695.074930123015,0.147381662577553,32.3046218115468,16.7327372429713,27.8503677202019,30.9093268112264,33.8570313044187,5.81708450247936,35.6891520584365,37.4795566517351,38.2871859598843,0.180069729229894,20,"1_N_PB420_0.00046",NA,NA,NA,NA,NA,"1_N",165.686990493523,435.918154796147,25.8910601536029,16.8366282496735,9.64883936917006e-38,188.841855702527,-23.1548652090034
"20250424-CbDRC2-p032-m2x_E07_roi_0.png",20250424,"CbDRC2","p032","m2x","E07",0,322.0762869305,18.3440379547278,"","48h",10,"15hHB101","DMSO",1,"IVERMECTIN",0.00093,NA,NA,"PB420","1_N",NA,NA,NA,302.394657755202,233.646617664146,248.460565027922,271.977042505482,321.267324165449,40.7048413447595,328.997825724014,341.468361026422,357.994348035186,0.134608334839405,17.1669416416067,16.0706586251234,16.1860928910782,16.3528812675906,17.1869084224999,0.900136669242932,17.5814020713287,18.2803058836927,18.9898410151775,0.0524343058906493,12,"1_N_PB420_0.00093",NA,NA,NA,NA,NA,"1_N",-114.650830630698,435.918154796147,25.8910601536029,16.8366282496735,9.64883936917006e-38,188.841855702527,-303.492686333225
"20250424-CbDRC2-p032-m2x_E08_roi_0.png",20250424,"CbDRC2","p032","m2x","E08",0,237.465786879594,16.2989183704772,"","48h",10,"15hHB101","DMSO",1,"IVERMECTIN",0.0018,NA,NA,"PB420","1_N",NA,NA,NA,251.387786526902,201.243957478415,231.120551153831,237.770358764955,253.69064350191,24.2693684748972,264.341211774932,282.365376014959,286.018086469373,0.0965415576078515,15.5595116714302,14.5503517389215,15.0387678197098,15.2378420109552,15.4032627538688,0.64497011102472,15.8449123258511,16.2989183704772,16.9186628153255,0.0414518221808331,11,"1_N_PB420_0.0018",NA,NA,NA,NA,NA,"1_N",-182.227511294237,435.918154796147,25.8910601536029,16.8366282496735,9.64883936917006e-38,188.841855702527,-371.069366996764
"20250424-CbDRC2-p032-m2x_E09_roi_0.png",20250424,"CbDRC2","p032","m2x","E09",0,233.467373606811,15.275955233731,"","48h",10,"15hHB101","DMSO",1,"IVERMECTIN",0.0037,NA,NA,"PB420","1_N",NA,NA,NA,236.82060178701,161.179903648616,200.100031797103,233.860175126139,242.075407750126,30.3224024300863,250.251112874856,263.08623979512,277.638840096091,0.12803954639621,15.6115270474019,14.1680508008751,14.8166238413855,15.0750405016702,15.5590144754481,0.846274701179577,15.9858202906699,16.2881879355585,17.5945864319653,0.0542083230301559,13,"1_N_PB420_0.0037",NA,NA,NA,NA,NA,"1_N",-193.842747046021,435.918154796147,25.8910601536029,16.8366282496735,9.64883936917006e-38,188.841855702527,-382.684602748548
"20250424-CbDRC2-p032-m2x_E10_roi_0.png",20250424,"CbDRC2","p032","m2x","E10",0,200.305442905376,14.3801896543515,"","48h",10,"15hHB101","DMSO",1,"IVERMECTIN",0.0075,NA,NA,"PB420","1_N",NA,NA,NA,211.910997873663,140.791753346942,188.402704993689,205.031729776675,215.824252666868,32.2530577743908,226.138866560185,238.069311893052,260.147978607863,0.152200962187057,14.1632758518282,12.5888992236228,12.6217046002638,13.211875755518,13.6843935973033,1.43460346543902,15.0057955848488,16.1531851137387,16.5166288004241,0.101290370988138,9,"1_N_PB420_0.0075",NA,NA,NA,NA,NA,"1_N",-220.093902129279,435.918154796147,25.8910601536029,16.8366282496735,9.64883936917006e-38,188.841855702527,-408.935757831805
"20250424-CbDRC2-p032-m2x_E11_roi_0.png",20250424,"CbDRC2","p032","m2x","E11",0,230.482926108583,13.6388746034581,"","48h",10,"15hHB101","DMSO",1,"IVERMECTIN",0.015,NA,NA,"PB420","1_N",NA,NA,NA,199.943478816315,156.834252780637,157.003657053149,176.8220144257,211.951102354758,31.7311482370965,222.376040991667,231.25890996278,232.422885744075,0.158700590911732,14.0042815515705,13.18454677094,13.2952403050317,13.5039552989422,13.9622508727862,0.707722623098918,14.3404505899764,14.8474929495544,15.1943614394302,0.0505361607086193,7,"1_N_PB420_0.015",NA,NA,NA,NA,NA,"1_N",-223.967052441389,435.918154796147,25.8910601536029,16.8366282496735,9.64883936917006e-38,188.841855702527,-412.808908143916
"20250424-CbDRC2-p032-m2x_E12_roi_0.png",20250424,"CbDRC2","p032","m2x","E12",0,252.837967361551,14.5914836864279,"","48h",10,"15hHB101","DMSO",1,"IVERMECTIN",0.03,NA,NA,"PB420","1_N",NA,NA,NA,234.247273856711,215.65658035187,219.374719052838,224.95192710429,234.247273856711,26.2912108884673,243.542620609131,249.119828660583,252.837967361551,0.112236998346242,15.312291493617,14.5914836864279,14.7356452478657,14.9518875900225,15.312291493617,1.0193761767912,15.6726953972115,15.8889377393683,16.0330993008061,0.0665724119225482,2,"1_N_PB420_0.03",NA,"n<5",NA,NA,NA,"1_N",-201.670880939437,435.918154796147,25.8910601536029,16.8366282496735,9.64883936917006e-38,188.841855702527,-390.512736641963
"20250424-CbDRC2-p032-m2x_F01_roi_0.png",20250424,"CbDRC2","p032","m2x","F01",0,655.292268175553,38.0824391971758,"","48h",10,"15hHB101","DMSO",1,"IVERMECTIN",0,NA,NA,"NIC1667","1_N",NA,NA,NA,610.920872913973,193.050950090419,577.026049551159,610.640656993951,628.083106604093,82.7358212538271,643.369533935897,653.063506002671,667.728546065675,0.135428047922464,33.6389318900022,16.9266400827768,30.645129573509,32.8047199283048,34.0003605391842,3.88331999716947,35.370738333378,36.9142835914204,39.9186944692011,0.115441239628765,31,"1_N_NIC1667_0",NA,NA,NA,"outlier","outlier","1_N",188.488611563348,439.594495040745,23.4147711735005,18.7742383550711,6.61594876513563e-43,168.954730350924,19.5338812124238
"20250424-CbDRC2-p032-m2x_F02_roi_0.png",20250424,"CbDRC2","p032","m2x","F02",0,616.283652584921,31.9544552869271,"","48h",10,"15hHB101","DMSO",1,"IVERMECTIN",2.9e-05,NA,NA,"NIC1667","1_N",NA,NA,NA,618.195341700854,568.093280011679,597.679634056903,603.973378682894,616.000090123946,19.9731734211928,631.72758360329,642.729433501025,653.425037287563,0.0323088384429429,34.5910467129152,31.9544552869271,32.3945636420653,32.9465501872027,34.1380647595035,1.95700842879263,36.5499071717865,37.5574724142299,37.5975270343076,0.0565755770571102,22,"1_N_NIC1667_2.9e-05",NA,NA,NA,NA,NA,"1_N",176.405595083201,439.594495040745,23.4147711735005,18.7742383550711,6.61594876513563e-43,168.954730350924,7.45086473227641
"20250424-CbDRC2-p032-m2x_F03_roi_0.png",20250424,"CbDRC2","p032","m2x","F03",0,643.746102516289,35.1868049804408,"","48h",10,"15hHB101","DMSO",1,"IVERMECTIN",5.8e-05,NA,NA,"NIC1667","1_N",NA,NA,NA,567.450138939249,133.066576473053,271.854241165488,583.131218182899,625.256656301859,157.172201051261,647.419478969636,657.440009335625,665.566988777538,0.276979756045294,30.4280727822896,13.6371035837889,18.7151496925924,30.1050331394084,31.8423485827351,6.35456004393203,33.660245283472,35.4222001392495,37.3002311779649,0.208838728939503,22,"1_N_NIC1667_5.8e-05",NA,NA,NA,NA,NA,"1_N",185.662161261114,439.594495040745,23.4147711735005,18.7742383550711,6.61594876513563e-43,168.954730350924,16.70743091019
"20250424-CbDRC2-p032-m2x_F04_roi_0.png",20250424,"CbDRC2","p032","m2x","F04",0,624.379081331011,33.8807566590833,"","48h",10,"15hHB101","DMSO",1,"IVERMECTIN",0.00011,NA,NA,"NIC1667","1_N",NA,NA,NA,625.775575537565,570.221669541485,585.160905625262,611.648316760821,624.472435606693,27.9258275314341,653.645878150253,659.210441934076,661.400961388622,0.0446259467820309,33.582146009274,30.6029686673631,31.2413035349691,32.2260994815074,33.7710716981704,1.77117173285771,34.7302216497336,35.7916552447609,36.952638516413,0.052741469600203,23,"1_N_NIC1667_0.00011",NA,NA,NA,NA,NA,"1_N",184.877940565948,439.594495040745,23.4147711735005,18.7742383550711,6.61594876513563e-43,168.954730350924,15.9232102150241
"20250424-CbDRC2-p032-m2x_F05_roi_0.png",20250424,"CbDRC2","p032","m2x","F05",0,690.598586911053,34.1926415172038,"","48h",10,"15hHB101","DMSO",1,"IVERMECTIN",0.00023,NA,NA,"NIC1667","1_N",NA,NA,NA,582.950932593532,201.946162244845,238.873929224774,566.592160921158,607.405711211503,231.598927920813,654.115481276613,684.951900133611,1157.71653398951,0.397287172850785,30.1624505280518,14.635448574275,14.8314328722001,28.9020623529199,33.526295620724,8.6210154855335,35.099308774461,38.2708429202508,40.4881609642632,0.285819465414978,15,"1_N_NIC1667_0.00023",NA,NA,NA,NA,NA,"1_N",167.811216170758,439.594495040745,23.4147711735005,18.7742383550711,6.61594876513563e-43,168.954730350924,-1.14351418016585
"20250424-CbDRC2-p032-m2x_F06_roi_0.png",20250424,"CbDRC2","p032","m2x","F06",0,599.294636269809,31.9263540695079,"","48h",10,"15hHB101","DMSO",1,"IVERMECTIN",0.00046,NA,NA,"NIC1667","1_N",NA,NA,NA,529.575287898484,158.631177094733,432.25985824909,535.642755403219,563.620828650611,115.217854716349,592.946604864627,602.457460271065,629.098029915927,0.217566524249212,27.287061060121,13.603952475768,23.899119467076,26.5992086720606,27.6557172164222,4.62033450509903,30.0226336794329,32.1452140401413,32.5108961958564,0.169323273580806,20,"1_N_NIC1667_0.00046",NA,NA,NA,NA,NA,"1_N",124.026333609866,439.594495040745,23.4147711735005,18.7742383550711,6.61594876513563e-43,168.954730350924,-44.9283967410585
"20250424-CbDRC2-p032-m2x_F07_roi_0.png",20250424,"CbDRC2","p032","m2x","F07",0,335.80589145138,17.7558746722101,"","48h",10,"15hHB101","DMSO",1,"IVERMECTIN",0.00093,NA,NA,"NIC1667","1_N",NA,NA,NA,341.507506665762,310.564640791919,327.114373661274,335.193929688496,338.914391733021,15.381682629921,347.869856134582,356.874657581458,376.675704951763,0.0450405403386205,18.5268065337297,16.3371652402064,17.6316683078161,17.8646687417099,18.8004984044782,0.948883213970959,19.06730935543,19.5934072665377,20.0051606510094,0.0512167713439135,15,"1_N_NIC1667_0.00093",NA,NA,NA,"outlier","outlier","1_N",-100.680103307724,439.594495040745,23.4147711735005,18.7742383550711,6.61594876513563e-43,168.954730350924,-269.634833658649
"20250424-CbDRC2-p032-m2x_F08_roi_0.png",20250424,"CbDRC2","p032","m2x","F08",0,288.98497899736,16.5745608951101,"","48h",10,"15hHB101","DMSO",1,"IVERMECTIN",0.0018,NA,NA,"NIC1667","1_N",NA,NA,NA,287.470379049308,242.570590042711,256.206805566257,265.967266684577,288.136993450025,27.2786854796593,301.872351408187,326.647984363448,340.629833065813,0.0948921609588875,16.3462156684805,13.945346913857,15.0815448921176,15.5573717377208,16.3760019666162,1.09034490084232,17.0400641080181,17.7186609845936,18.2093538528201,0.0667032004811223,22,"1_N_NIC1667_0.0018",NA,NA,NA,NA,NA,"1_N",-151.45750159072,439.594495040745,23.4147711735005,18.7742383550711,6.61594876513563e-43,168.954730350924,-320.412231941644
"20250424-CbDRC2-p032-m2x_F09_roi_0.png",20250424,"CbDRC2","p032","m2x","F09",0,268.285567922482,15.1708256313768,"","48h",10,"15hHB101","DMSO",1,"IVERMECTIN",0.0037,NA,NA,"NIC1667","1_N",NA,NA,NA,264.231954338273,232.347689398313,252.288562211422,258.787385313581,266.119076274862,12.5402455383352,270.27553093371,276.75880029325,285.603281493941,0.0474592316805144,15.1341712165885,13.745762029843,14.1766629770036,14.364062010222,15.105209561642,1.08229336127707,15.3662135396613,16.3051087420841,18.1772062841271,0.0715132230095806,18,"1_N_NIC1667_0.0037",NA,NA,NA,NA,NA,"1_N",-173.475418765883,439.594495040745,23.4147711735005,18.7742383550711,6.61594876513563e-43,168.954730350924,-342.430149116807
"20250424-CbDRC2-p032-m2x_F10_roi_0.png",20250424,"CbDRC2","p032","m2x","F10",0,234.010512219772,14.6860578271145,"","48h",10,"15hHB101","DMSO",1,"IVERMECTIN",0.0075,NA,NA,"NIC1667","1_N",NA,NA,NA,234.481585448331,174.776215150916,197.043445775514,229.688540208853,237.436390796104,24.0037146570097,248.562276424905,260.713233313665,269.204702819193,0.102369295273718,14.6429104379608,13.382366543697,13.8318789146056,14.3068479709298,14.6860578271145,0.582877192738805,15.0758159042685,15.3205773394241,15.5820677144278,0.0398061024280892,27,"1_N_NIC1667_0.0075",NA,NA,NA,NA,NA,"1_N",-202.158104244642,439.594495040745,23.4147711735005,18.7742383550711,6.61594876513563e-43,168.954730350924,-371.112834595566
"20250424-CbDRC2-p032-m2x_F11_roi_0.png",20250424,"CbDRC2","p032","m2x","F11",0,215.544259657184,13.8559363453278,"","48h",10,"15hHB101","DMSO",1,"IVERMECTIN",0.015,NA,NA,"NIC1667","1_N",NA,NA,NA,229.44221582763,168.504910670074,193.574198236988,222.240915966746,237.024915112349,25.2278398768031,243.897656658243,249.360369401008,281.998190931021,0.109952912483009,14.1714037220438,12.44483122546,13.4302460800118,13.708907091685,13.9646978845904,0.822816298419841,14.4222574472308,15.2842687388252,16.3869001941939,0.0580617357714493,26,"1_N_NIC1667_0.015",NA,NA,NA,NA,NA,"1_N",-202.569579928396,439.594495040745,23.4147711735005,18.7742383550711,6.61594876513563e-43,168.954730350924,-371.524310279321
"20250424-CbDRC2-p032-m2x_F12_roi_0.png",20250424,"CbDRC2","p032","m2x","F12",0,244.343873929104,14.2996184070257,"","48h",10,"15hHB101","DMSO",1,"IVERMECTIN",0.03,NA,NA,"NIC1667","1_N",NA,NA,NA,207.57995170306,125.930971456528,154.114018726257,188.366270201678,216.7310961496,36.3862200935129,230.053445023878,245.627985266931,264.592359428009,0.175287737543956,15.2444606166016,11.1732893729637,12.862920850411,13.2477516112657,14.4018140607159,3.8242394893073,14.8326973361959,19.8502262428984,27.0221265837556,0.250860924862282,26,"1_N_NIC1667_0.03",NA,NA,NA,NA,NA,"1_N",-222.863398891145,439.594495040745,23.4147711735005,18.7742383550711,6.61594876513563e-43,168.954730350924,-391.818129242069
"20250424-CbDRC2-p033-m2x_A01_roi_0.png",20250424,"CbDRC2","p033","m2x","A01",0,635.848290769538,36.3937057334462,"","48h",10,"15hHB101","DMSO",1,"IVERMECTIN",0,NA,NA,"JU3237","2_M",NA,NA,NA,619.471862454032,304.887291967107,579.839512083488,608.318042670319,623.932374504235,62.2736885126029,645.406574895595,677.543327111646,725.927786013099,0.100527065532737,35.4722710333626,20.0191040080739,32.0674506101553,34.0666279658398,36.3112571270957,3.78959636881744,37.7941506928064,38.783428356038,40.910421648945,0.106832640212216,72,"2_M_JU3237_0",NA,NA,NA,NA,NA,"2_M",168.08403949208,455.848335012156,24.5659312291378,18.5561186653275,1.24613423832017e-41,185.742269212847,-17.6582297207673
"20250424-CbDRC2-p033-m2x_A02_roi_0.png",20250424,"CbDRC2","p033","m2x","A02",0,676.96131046348,38.6021315954833,"","48h",10,"15hHB101","DMSO",1,"IVERMECTIN",2.9e-05,NA,NA,"JU3237","2_M",NA,NA,NA,622.319249429084,204.521764217219,587.238503538093,614.876744120274,628.174750817303,78.0617925886305,661.251886066407,684.063086070073,712.262177075617,0.125436892174305,35.3667531620634,14.4077650096716,32.3989956862949,34.076770662068,35.8268625802278,4.15422404413198,37.6851360036317,39.1636725288367,40.873759714941,0.117461278537383,71,"2_M_JU3237_2.9e-05",NA,NA,NA,NA,NA,"2_M",172.326415805147,455.848335012156,24.5659312291378,18.5561186653275,1.24613423832017e-41,185.742269212847,-13.4158534076997
"20250424-CbDRC2-p033-m2x_A03_roi_0.png",20250424,"CbDRC2","p033","m2x","A03",0,667.782250272563,36.9813227405893,"","48h",10,"15hHB101","DMSO",1,"IVERMECTIN",5.8e-05,NA,NA,"JU3237","2_M",NA,NA,NA,619.723902936817,202.24758688268,571.955077185999,611.932070670632,631.990359776301,70.1285450765235,651.172018535098,669.573679789009,706.628386991512,0.113160949164927,35.2812083515968,14.8219362600068,30.9038979300254,33.4892594287836,35.9293465365985,4.0523646451611,37.5539968187736,38.7609041760185,43.6594773446328,0.114859009498117,56,"2_M_JU3237_5.8e-05",NA,NA,NA,NA,NA,"2_M",176.142024764145,455.848335012156,24.5659312291378,18.5561186653275,1.24613423832017e-41,185.742269212847,-9.60024444870209
"20250424-CbDRC2-p033-m2x_A04_roi_0.png",20250424,"CbDRC2","p033","m2x","A04",0,636.305211472937,37.6239375798612,"","48h",10,"15hHB101","DMSO",1,"IVERMECTIN",0.00011,NA,NA,"JU3237","2_M",NA,NA,NA,609.265534886883,152.958167231532,578.929124134245,605.709152492511,623.371702563323,83.1566487830042,636.793409998176,669.063397718618,697.583053681544,0.136486710672783,35.0760242128616,15.9059739457267,31.6724565491827,33.6924868484065,36.1379151411228,4.87953501844505,38.0060103475159,38.9135218563166,40.2941792458165,0.139113115809056,73,"2_M_JU3237_0.00011",NA,NA,NA,NA,NA,"2_M",167.523367551167,455.848335012156,24.5659312291378,18.5561186653275,1.24613423832017e-41,185.742269212847,-18.21890166168
"20250424-CbDRC2-p033-m2x_A05_roi_0.png",20250424,"CbDRC2","p033","m2x","A05",0,691.160876168321,39.1886407149799,"","48h",10,"15hHB101","DMSO",1,"IVERMECTIN",0.00023,NA,NA,"JU3237","2_M",NA,NA,NA,612.36170838884,199.0056124866,577.803743824291,598.637998866372,625.362998313931,76.8068062465745,650.706095110395,674.418952198966,705.105853898513,0.125427186570267,34.9230325781947,20.3315333126552,30.1262635367695,33.4957283521098,36.1432827497123,4.12774337659968,37.5831338633043,39.0654349146034,41.1939024256658,0.118195445007744,56,"2_M_JU3237_0.00023",NA,NA,NA,NA,NA,"2_M",169.514663301775,455.848335012156,24.5659312291378,18.5561186653275,1.24613423832017e-41,185.742269212847,-16.2276059110722
"20250424-CbDRC2-p033-m2x_A06_roi_0.png",20250424,"CbDRC2","p033","m2x","A06",0,584.525114269464,34.8768872316491,"","48h",10,"15hHB101","DMSO",1,"IVERMECTIN",0.00046,NA,NA,"JU3237","2_M",NA,NA,NA,543.994989437185,145.747612467131,432.339593163375,521.985794469787,564.130729776307,84.3618752980616,597.680954502449,626.564927511624,636.612504317092,0.155078405014984,30.4539112093208,15.1638305620966,24.8109726689235,27.4135082296887,30.2201572226949,5.1779301230419,34.1222398059813,36.2436351735814,51.1365414005964,0.170025127066671,73,"2_M_JU3237_0.00046",NA,NA,NA,NA,NA,"2_M",108.282394764151,455.848335012156,24.5659312291378,18.5561186653275,1.24613423832017e-41,185.742269212847,-77.4598744486958
"20250424-CbDRC2-p033-m2x_A07_roi_0.png",20250424,"CbDRC2","p033","m2x","A07",0,347.746844725763,17.1125197166961,"","48h",10,"15hHB101","DMSO",1,"IVERMECTIN",0.00093,NA,NA,"JU3237","2_M",NA,NA,NA,349.909288884119,160.517465463949,315.969960278685,334.73960868762,350.023044058382,58.732057520165,368.103957078729,386.51026143114,633.584675421619,0.167849380928026,17.4819849158639,10.4848378012888,16.4580019419419,17.0720516495233,17.5563549418293,1.35971825109736,18.2432762616601,18.6700710299574,19.8555088893323,0.0777782533071224,54,"2_M_JU3237_0.00093",NA,NA,NA,NA,NA,"2_M",-105.825290953773,455.848335012156,24.5659312291378,18.5561186653275,1.24613423832017e-41,185.742269212847,-291.56756016662
"20250424-CbDRC2-p033-m2x_A08_roi_0.png",20250424,"CbDRC2","p033","m2x","A08",0,260.681491436059,15.5193610213163,"","48h",10,"15hHB101","DMSO",1,"IVERMECTIN",0.0018,NA,NA,"JU3237","2_M",NA,NA,NA,280.74994918438,216.386810422755,261.754718246281,268.563308583554,275.173931592911,20.7753002149044,292.615758375743,313.031229607174,328.88236212996,0.0739993017817446,16.1086228945236,12.9510148374067,14.9051987203018,15.4347288942068,16.1476252547583,0.953144697480825,16.8040102590814,17.2479109010933,17.5980911559319,0.0591698436124457,55,"2_M_JU3237_0.0018",NA,NA,NA,NA,NA,"2_M",-180.674403419244,455.848335012156,24.5659312291378,18.5561186653275,1.24613423832017e-41,185.742269212847,-366.416672632091
"20250424-CbDRC2-p033-m2x_A09_roi_0.png",20250424,"CbDRC2","p033","m2x","A09",0,256.924282779056,15.3565162018936,"","48h",10,"15hHB101","DMSO",1,"IVERMECTIN",0.0037,NA,NA,"JU3237","2_M",NA,NA,NA,253.340911726204,170.160652634693,221.310363804005,237.285645640098,260.788745705526,29.2819036117682,275.902384001563,284.189177684437,290.780943333858,0.115583003993506,15.1780227256396,13.3764203748086,14.3403450316203,14.7834061526181,15.2567437244656,0.76257394587415,15.6400159432381,16.2180190541568,16.6178734101351,0.0502419820854508,48,"2_M_JU3237_0.0037",NA,NA,NA,NA,NA,"2_M",-195.05958930663,455.848335012156,24.5659312291378,18.5561186653275,1.24613423832017e-41,185.742269212847,-380.801858519477
"20250424-CbDRC2-p033-m2x_A11_roi_0.png",20250424,"CbDRC2","p033","m2x","A11",0,249.186412011234,14.670544925593,"","48h",10,"15hHB101","DMSO",1,"IVERMECTIN",0.015,NA,NA,"JU3237","2_M",NA,NA,NA,228.302214321347,135.951130233039,200.351174591779,214.826627559165,227.338938981999,35.5780467579117,238.771288144941,255.248627331004,382.381691965986,0.155837501899276,15.0873146738799,12.80533913335,13.7021527775688,14.3802097755466,14.7787250677042,1.45887795354069,15.6916329647152,16.1145658499361,21.2854814830496,0.0966956668615383,73,"2_M_JU3237_0.015",NA,NA,NA,NA,NA,"2_M",-228.509396030157,455.848335012156,24.5659312291378,18.5561186653275,1.24613423832017e-41,185.742269212847,-414.251665243004
"20250424-CbDRC2-p033-m2x_A12_roi_0.png",20250424,"CbDRC2","p033","m2x","A12",0,227.38311851972,14.0572823818881,"","48h",10,"15hHB101","DMSO",1,"IVERMECTIN",0.03,NA,NA,"JU3237","2_M",NA,NA,NA,216.09246126161,120.510090825869,183.406913510428,202.251053180062,223.625474933597,29.5290862045244,234.902459576527,244.479180088944,269.208381079509,0.136650237736777,14.7958932158995,11.1177384008283,13.5794825934079,13.9660272613824,14.7712059474125,1.49981147192442,15.3157536108788,15.8499201412755,19.1711378110113,0.101366740759709,46,"2_M_JU3237_0.03",NA,NA,NA,NA,NA,"2_M",-232.222860078559,455.848335012156,24.5659312291378,18.5561186653275,1.24613423832017e-41,185.742269212847,-417.965129291406
"20250424-CbDRC2-p033-m2x_B01_roi_0.png",20250424,"CbDRC2","p033","m2x","B01",0,732.526556851714,39.4707055602796,"","48h",10,"15hHB101","DMSO",1,"IVERMECTIN",0,NA,NA,"ED3102","2_M",NA,NA,NA,646.430023997339,144.128087386938,513.154495949326,651.350452134271,679.607237268338,141.603881283123,694.475725776012,728.930080641331,912.671318057064,0.219055235719846,34.3121188447809,15.2328529696923,28.2329408775767,33.9548784669994,35.9888350560447,6.23628194872234,37.7339881836324,39.0117222083352,40.9388064525534,0.181751583950081,40,"2_M_ED3102_0",NA,NA,NA,NA,NA,"2_M",231.572924143682,448.034313124656,25.8114203763036,17.3579875339204,5.6223286839813e-39,224.962051368695,6.61087277498709
"20250424-CbDRC2-p033-m2x_B02_roi_0.png",20250424,"CbDRC2","p033","m2x","B02",0,700.538859668431,37.5440956969526,"","48h",10,"15hHB101","DMSO",1,"IVERMECTIN",2.9e-05,NA,NA,"ED3102","2_M",NA,NA,NA,668.553480399143,437.726027802217,633.772913238579,657.708400952097,669.292891776634,45.2744708298396,696.280446456008,709.266644939337,723.269577972716,0.0677200435824664,35.8976387917465,20.6477430734406,33.7293147364558,35.1635930076206,36.2764644096846,3.11502465646802,37.1666843875871,37.5944754065285,40.9838976849167,0.0867751964005004,42,"2_M_ED3102_2.9e-05",NA,NA,NA,NA,NA,"2_M",221.258578651978,448.034313124656,25.8114203763036,17.3579875339204,5.6223286839813e-39,224.962051368695,-3.7034727167169
"20250424-CbDRC2-p033-m2x_B03_roi_0.png",20250424,"CbDRC2","p033","m2x","B03",0,664.664631621506,35.6460730903512,"","48h",10,"15hHB101","DMSO",1,"IVERMECTIN",5.8e-05,NA,NA,"ED3102","2_M",NA,NA,NA,663.353005766184,123.624821528402,639.174709595344,654.46713339263,675.665489653206,91.7931604916754,697.45404001607,717.46858152134,722.419874258125,0.13837754512871,35.4136357279759,16.2379635930029,33.5657252116425,34.7356972732404,35.9536969847712,3.49116673779362,36.7125470699974,38.0207174917324,38.7743071539052,0.0985825562958417,40,"2_M_ED3102_5.8e-05",NA,NA,NA,NA,NA,"2_M",227.63117652855,448.034313124656,25.8114203763036,17.3579875339204,5.6223286839813e-39,224.962051368695,2.66912515985516
"20250424-CbDRC2-p033-m2x_B04_roi_0.png",20250424,"CbDRC2","p033","m2x","B04",0,688.142087818567,36.3968789605043,"","48h",10,"15hHB101","DMSO",1,"IVERMECTIN",0.00011,NA,NA,"ED3102","2_M",NA,NA,NA,656.985783895435,227.105226015559,602.893617831074,637.555005846399,661.219029337805,82.0113624151987,688.142087818567,720.06397486463,910.55949537124,0.124829736693742,34.5750041309009,15.9849170090208,31.2965842765957,33.9779271687993,35.4335287683488,3.86650780795483,36.5296098570089,37.3668094121057,39.1725735086509,0.111829568937034,53,"2_M_ED3102_0.00011",NA,NA,NA,NA,NA,"2_M",213.184716213149,448.034313124656,25.8114203763036,17.3579875339204,5.6223286839813e-39,224.962051368695,-11.777335155546
"20250424-CbDRC2-p033-m2x_B05_roi_0.png",20250424,"CbDRC2","p033","m2x","B05",0,701.028436467945,33.6631690163578,"","48h",10,"15hHB101","DMSO",1,"IVERMECTIN",0.00023,NA,NA,"ED3102","2_M",NA,NA,NA,607.256967148532,321.056912498728,528.634710287764,578.516552621736,629.261670058019,78.4819934412137,656.664807374623,673.322564900154,701.028436467945,0.129240169626605,31.0304880996873,21.3848952176842,26.1125574656537,28.4183168651281,31.2894907167213,4.30690489172053,33.7297581714257,35.2473357265158,46.0314058581486,0.138795911874939,56,"2_M_ED3102_0.00023",NA,NA,NA,NA,NA,"2_M",181.227356933363,448.034313124656,25.8114203763036,17.3579875339204,5.6223286839813e-39,224.962051368695,-43.7346944353319
"20250424-CbDRC2-p033-m2x_B06_roi_0.png",20250424,"CbDRC2","p033","m2x","B06",0,393.788111156861,22.468953255584,"","48h",10,"15hHB101","DMSO",1,"IVERMECTIN",0.00046,NA,NA,"ED3102","2_M",NA,NA,NA,498.43158569786,354.504999755019,385.512073080856,426.773869848602,499.771929624881,101.618957789457,548.900698788186,579.280816184462,918.628010690104,0.203877444177577,22.11000161884,12.7547120545319,18.6853011895478,20.6269242591011,22.468953255584,3.0758884906697,23.8216208224733,24.7190160455991,30.2260429772977,0.139117515398494,37,"2_M_ED3102_0.00046",NA,NA,NA,NA,NA,"2_M",51.737616500225,448.034313124656,25.8114203763036,17.3579875339204,5.6223286839813e-39,224.962051368695,-173.22443486847
"20250424-CbDRC2-p033-m2x_B07_roi_0.png",20250424,"CbDRC2","p033","m2x","B07",0,340.092120533481,17.5488980749551,"","48h",10,"15hHB101","DMSO",1,"IVERMECTIN",0.00093,NA,NA,"ED3102","2_M",NA,NA,NA,320.051658915355,201.45854247855,283.123486562071,304.983822937891,322.977671998141,35.1642239806625,343.283774014445,358.660860234403,372.522890243003,0.109870463099091,17.3104932291168,13.9823769831938,16.214740600178,16.7040655739993,17.4312538878701,1.20319255497484,18.1474405993944,18.4882608476895,19.4161233248279,0.0695065437506446,43,"2_M_ED3102_0.00093",NA,NA,NA,NA,NA,"2_M",-125.056641126515,448.034313124656,25.8114203763036,17.3579875339204,5.6223286839813e-39,224.962051368695,-350.01869249521
"20250424-CbDRC2-p033-m2x_B08_roi_0.png",20250424,"CbDRC2","p033","m2x","B08",0,325.943356419669,16.3640955143605,"","48h",10,"15hHB101","DMSO",1,"IVERMECTIN",0.0018,NA,NA,"ED3102","2_M",NA,NA,NA,282.078980031778,240.31176503347,261.347363032696,267.241138008192,278.890592941013,20.84058535276,299.988598697907,303.36496090349,325.943356419669,0.0738820927047177,16.0372194099777,14.3380731595879,15.0801741952405,15.7650134913724,16.0266266299677,0.772666147146464,16.3684052552336,16.6682286105983,17.7394827514527,0.048179558275903,31,"2_M_ED3102_0.0018",NA,NA,NA,NA,NA,"2_M",-169.143720183643,448.034313124656,25.8114203763036,17.3579875339204,5.6223286839813e-39,224.962051368695,-394.105771552338
"20250424-CbDRC2-p033-m2x_B09_roi_0.png",20250424,"CbDRC2","p033","m2x","B09",0,254.759202255626,13.8574239585704,"","48h",10,"15hHB101","DMSO",1,"IVERMECTIN",0.0037,NA,NA,"ED3102","2_M",NA,NA,NA,256.276777849502,187.846484050518,230.710678958621,239.070074602561,257.535848110145,24.6693818634521,272.251969615016,284.652459450882,318.20866982527,0.0962606993519294,14.9789058380285,11.1187709556404,14.2780827398019,14.4863031604667,15.1267081823597,0.888840746771399,15.5788520980121,15.9387965096681,16.5266213155088,0.0593394975829816,45,"2_M_ED3102_0.0037",NA,NA,NA,NA,NA,"2_M",-190.498465014511,448.034313124656,25.8114203763036,17.3579875339204,5.6223286839813e-39,224.962051368695,-415.460516383206
"20250424-CbDRC2-p033-m2x_B10_roi_0.png",20250424,"CbDRC2","p033","m2x","B10",0,236.2367598933,15.3825587797959,"","48h",10,"15hHB101","DMSO",1,"IVERMECTIN",0.0075,NA,NA,"ED3102","2_M",NA,NA,NA,241.694570300119,144.249080109967,207.362946823847,228.360183751999,245.19255157084,31.6563224862898,253.751832878336,275.712620816448,304.705684538701,0.130976556266784,15.1432242785126,13.6981293266076,14.3930021174651,14.5316307043025,15.0759518327445,0.688456158779783,15.5917318472713,16.0713242248226,16.5978310502947,0.0454629837158699,31,"2_M_ED3102_0.0075",NA,NA,NA,NA,NA,"2_M",-202.841761553817,448.034313124656,25.8114203763036,17.3579875339204,5.6223286839813e-39,224.962051368695,-427.803812922512
"20250424-CbDRC2-p033-m2x_B11_roi_0.png",20250424,"CbDRC2","p033","m2x","B11",0,254.831171413753,15.5137968545651,"","48h",10,"15hHB101","DMSO",1,"IVERMECTIN",0.015,NA,NA,"ED3102","2_M",NA,NA,NA,234.623254007462,175.833428144861,204.853789454254,224.707762114295,236.879661957583,22.3639117051421,249.235468136048,256.744739410029,271.697483432983,0.095318393736159,14.9967480477243,12.5841517356789,14.3789432335433,14.622376338266,15.0969422576343,0.751600800897451,15.5464627434257,15.7378016294952,16.3628655985956,0.0501175853928881,31,"2_M_ED3102_0.015",NA,NA,NA,NA,NA,"2_M",-211.154651167073,448.034313124656,25.8114203763036,17.3579875339204,5.6223286839813e-39,224.962051368695,-436.116702535768
"20250424-CbDRC2-p033-m2x_B12_roi_0.png",20250424,"CbDRC2","p033","m2x","B12",0,264.052380750508,14.0950885578139,"","48h",10,"15hHB101","DMSO",1,"IVERMECTIN",0.03,NA,NA,"ED3102","2_M",NA,NA,NA,236.179175920172,198.177875869845,208.119202910146,225.29771642945,238.602325311361,18.9255603922216,250.46207377331,262.370166618723,264.629821712728,0.0801322145294403,14.8938426311796,13.7107456161046,14.0904948385267,14.4347915236403,14.8333147248824,0.631948094165803,15.3884070841967,15.5635479969843,16.1424618289583,0.0424301578722773,28,"2_M_ED3102_0.03",NA,NA,NA,NA,NA,"2_M",-209.431987813295,448.034313124656,25.8114203763036,17.3579875339204,5.6223286839813e-39,224.962051368695,-434.39403918199
"20250424-CbDRC2-p033-m2x_C01_roi_0.png",20250424,"CbDRC2","p033","m2x","C01",0,655.422454972537,32.1514767836559,"","48h",10,"15hHB101","DMSO",1,"IVERMECTIN",0,NA,NA,"NIC1667","2_M",NA,NA,NA,577.873675111656,107.418103891567,477.024593183514,576.002856769421,614.030423765294,115.7249717122,642.374310852972,658.747415004394,697.498314003223,0.200259981889363,30.82884490459,16.5981737291816,27.3481994777196,29.9882270399143,31.3370044760906,3.56555958993784,32.7968654926914,34.3164961859534,37.6232435545468,0.115656606693265,85,"2_M_NIC1667_0",NA,"n>75",NA,NA,NA,"2_M",165.279038866177,448.751384899118,23.2047689837157,19.3387568397701,2.24376724869859e-44,168.954730350924,-3.67569148474752
"20250424-CbDRC2-p033-m2x_C02_roi_0.png",20250424,"CbDRC2","p033","m2x","C02",0,666.301676084208,38.6281229998286,"","48h",10,"15hHB101","DMSO",1,"IVERMECTIN",2.9e-05,NA,NA,"NIC1667","2_M",NA,NA,NA,621.47512245339,262.227092625322,539.010029985619,593.45085913651,630.368396390682,101.740271011117,650.865959198282,675.202373955924,1091.80751527921,0.163707713044857,31.6361148753263,15.9212571617635,28.6718808454721,29.6678592259389,31.5689609856937,3.75968613787097,33.3101411863442,36.1933036157774,40.0445559702123,0.118841588250877,100,"2_M_NIC1667_2.9e-05",NA,"n>75",NA,NA,NA,"2_M",181.617011491564,448.751384899118,23.2047689837157,19.3387568397701,2.24376724869859e-44,168.954730350924,12.6622811406401
"20250424-CbDRC2-p033-m2x_C03_roi_0.png",20250424,"CbDRC2","p033","m2x","C03",0,647.436605504584,30.5897786003953,"","48h",10,"15hHB101","DMSO",1,"IVERMECTIN",5.8e-05,NA,NA,"NIC1667","2_M",NA,NA,NA,605.632952740149,139.176091001585,563.219976505118,608.903709403257,625.678796742208,105.834733855938,654.019404296653,668.357694365184,693.194699939868,0.174750619788925,33.0948493097103,15.5615651580346,30.3034110686861,31.5260977772645,33.0167591442404,5.20819038940392,34.9220090626951,36.7006028801946,65.4417809517293,0.157371630269843,90,"2_M_NIC1667_5.8e-05",NA,"n>75",NA,NA,NA,"2_M",176.927411843091,448.751384899118,23.2047689837157,19.3387568397701,2.24376724869859e-44,168.954730350924,7.97268149216654
"20250424-CbDRC2-p033-m2x_C04_roi_0.png",20250424,"CbDRC2","p033","m2x","C04",0,626.063126429007,32.7587627287114,"","48h",10,"15hHB101","DMSO",1,"IVERMECTIN",0.00011,NA,NA,"NIC1667","2_M",NA,NA,NA,610.221731779728,214.822792672057,545.302500824198,610.307596189987,629.284855942167,85.2421510741007,656.201172844949,670.241379747278,683.380814208492,0.139690454526242,32.4077681422551,13.699942901149,29.6025981952402,31.2383274918772,32.8063446982389,4.51165029182447,34.9600167213064,36.3150745712795,39.8751426896559,0.139215087938806,60,"2_M_NIC1667_0.00011",NA,NA,NA,NA,NA,"2_M",180.533471043049,448.751384899118,23.2047689837157,19.3387568397701,2.24376724869859e-44,168.954730350924,11.5787406921248
"20250424-CbDRC2-p033-m2x_C05_roi_0.png",20250424,"CbDRC2","p033","m2x","C05",0,655.252717191404,36.2921222441624,"","48h",10,"15hHB101","DMSO",1,"IVERMECTIN",0.00023,NA,NA,"NIC1667","2_M",NA,NA,NA,601.140816822998,218.772363441302,537.852772199869,586.421452604448,632.268723932036,93.4512286112672,646.608032193662,657.043327399902,672.98988505659,0.155456468760768,32.2855977267078,14.9801825188536,28.3203585558354,29.8746442920526,32.4364416361927,5.67539333431608,33.567277029771,36.2687957841001,53.8661249644759,0.175787153837365,32,"2_M_NIC1667_0.00023",NA,NA,NA,"outlier","outlier","2_M",183.517339032919,448.751384899118,23.2047689837157,19.3387568397701,2.24376724869859e-44,168.954730350924,14.5626086819944
"20250424-CbDRC2-p033-m2x_C06_roi_0.png",20250424,"CbDRC2","p033","m2x","C06",0,591.124362741246,30.0610808380473,"","48h",10,"15hHB101","DMSO",1,"IVERMECTIN",0.00046,NA,NA,"NIC1667","2_M",NA,NA,NA,539.16672195604,306.726984293987,448.26236248362,521.404417598975,553.040812583437,71.6615658391415,584.445291847125,612.558230045564,651.238200290612,0.132911700446127,27.5358559653587,19.1401913500313,23.4784154490794,25.6590333225414,27.137766203929,4.39407823602271,28.9277231009291,30.1180663298949,46.5534992519038,0.159576598655609,60,"2_M_NIC1667_0.00046",NA,NA,NA,NA,NA,"2_M",104.289427684319,448.751384899118,23.2047689837157,19.3387568397701,2.24376724869859e-44,168.954730350924,-64.6653026666049
"20250424-CbDRC2-p033-m2x_C07_roi_0.png",20250424,"CbDRC2","p033","m2x","C07",0,355.373411766464,18.1588503639641,"","48h",10,"15hHB101","DMSO",1,"IVERMECTIN",0.00093,NA,NA,"NIC1667","2_M",NA,NA,NA,337.157593236565,286.417635558639,307.694404014147,321.544313120485,339.74726230661,23.0872676180666,352.735229139615,361.331045019201,394.526068065278,0.0684761906040406,17.9214941938438,15.1073503271094,16.5183807669363,17.4767289697739,18.0320648856079,1.2013281167907,18.4628969025893,18.9041891284496,22.502058563862,0.0670328100880876,38,"2_M_NIC1667_0.00093",NA,NA,NA,NA,NA,"2_M",-109.004122592508,448.751384899118,23.2047689837157,19.3387568397701,2.24376724869859e-44,168.954730350924,-277.958852943432
"20250424-CbDRC2-p033-m2x_C08_roi_0.png",20250424,"CbDRC2","p033","m2x","C08",0,267.055217050521,15.9237160459,"","48h",10,"15hHB101","DMSO",1,"IVERMECTIN",0.0018,NA,NA,"NIC1667","2_M",NA,NA,NA,280.622005260371,153.250101313312,260.926257686754,269.583186016191,284.55254315613,30.7349284300064,296.384470839993,308.616653800683,337.893731978244,0.109524299070878,15.9241832006722,12.0095731864802,14.981837847921,15.5843188528032,15.9779834292576,1.08491958005588,16.4450646906218,16.8290849020949,18.6726313406363,0.068130312643608,36,"2_M_NIC1667_0.0018",NA,NA,NA,NA,NA,"2_M",-164.198841742987,448.751384899118,23.2047689837157,19.3387568397701,2.24376724869859e-44,168.954730350924,-333.153572093911
"20250424-CbDRC2-p033-m2x_C09_roi_0.png",20250424,"CbDRC2","p033","m2x","C09",0,277.707893336343,14.5261528311085,"","48h",10,"15hHB101","DMSO",1,"IVERMECTIN",0.0037,NA,NA,"NIC1667","2_M",NA,NA,NA,267.133752848979,213.368999891245,245.547363434696,256.829929528274,267.620022254215,16.7052113669542,278.829186723642,289.532997547451,302.655684048712,0.0625350079830544,15.1219890358129,13.6738290100762,14.3122044195643,14.6249638957039,14.9921217634459,0.755309140281276,15.5726715454769,15.9075127650851,18.0575995429931,0.0499477375953985,57,"2_M_NIC1667_0.0037",NA,NA,NA,"outlier","outlier","2_M",-181.131362644902,448.751384899118,23.2047689837157,19.3387568397701,2.24376724869859e-44,168.954730350924,-350.086092995826
"20250424-CbDRC2-p033-m2x_C10_roi_1.png",20250424,"CbDRC2","p033","m2x","C10",1,266.763892006967,14.2189057558247,"","48h",10,"15hHB101","DMSO",1,"IVERMECTIN",0.0075,NA,NA,"NIC1667","2_M",NA,NA,NA,244.828860435717,206.521173592538,220.55914423036,237.828658524706,243.7061874154,16.9210674042849,255.851034611778,266.218595832234,273.459890822298,0.0691138592654916,14.7207706345237,13.2972601219971,13.7920109556867,14.2065421144285,14.6320363539774,1.06091780365368,14.8787756991944,15.2089888434138,19.5569653538483,0.0720694473131442,36,"2_M_NIC1667_0.0075",NA,NA,NA,NA,NA,"2_M",-205.045197483718,448.751384899118,23.2047689837157,19.3387568397701,2.24376724869859e-44,168.954730350924,-373.999927834642
"20250424-CbDRC2-p033-m2x_C12_roi_0.png",20250424,"CbDRC2","p033","m2x","C12",0,236.513010213869,13.8451089285344,"","48h",10,"15hHB101","DMSO",1,"IVERMECTIN",0.03,NA,NA,"NIC1667","2_M",NA,NA,NA,234.086225524081,195.343207099872,212.726190994654,222.95644870505,233.208912483474,17.225410840218,246.740020967395,254.315945718214,275.026383056163,0.0735857515821491,14.1543082128951,13.0486791881747,13.5470473273352,13.8119419757531,14.0300073456699,0.616027057981745,14.3892949849425,14.8966121794668,15.8846437108431,0.0435222300317384,42,"2_M_NIC1667_0.03",NA,NA,NA,NA,NA,"2_M",-215.542472415644,448.751384899118,23.2047689837157,19.3387568397701,2.24376724869859e-44,168.954730350924,-384.497202766568
"20250424-CbDRC2-p033-m2x_D01_roi_0.png",20250424,"CbDRC2","p033","m2x","D01",0,669.197049856016,26.2493020643453,"","48h",10,"15hHB101","DMSO",1,"IVERMECTIN",0,NA,NA,"ECA2666","2_M",NA,NA,NA,619.593325465556,376.484903982635,458.189533840316,553.943917125424,657.284493078297,121.553461609983,683.832153304678,716.058835048392,928.709571719094,0.196182651771868,26.4339843836179,14.7059705495326,22.4225006579605,23.7756801621991,26.6639954566061,4.84569525805442,29.1879714529695,30.1496216000853,39.4516643841234,0.183313086204949,34,"2_M_ECA2666_0",NA,NA,NA,NA,NA,"2_M",229.238001647422,428.046491430875,23.1940086619837,18.4550457693184,7.14951711570053e-42,208.851864384434,20.3861372629876
"20250424-CbDRC2-p033-m2x_D02_roi_0.png",20250424,"CbDRC2","p033","m2x","D02",0,525.161867554382,21.7901487024666,"","48h",10,"15hHB101","DMSO",1,"IVERMECTIN",2.9e-05,NA,NA,"ECA2666","2_M",NA,NA,NA,613.318897946659,287.344411853059,525.842884157912,580.862458841921,641.144575511683,97.56181715467,658.391410818835,691.898400265222,776.561901326242,0.159071924053374,26.0793065351066,19.5642833364227,21.8988362045938,23.3933419144459,26.1872163146257,3.42502037969232,27.6361969663739,31.065202132079,33.3916898681564,0.131330960625112,33,"2_M_ECA2666_2.9e-05",NA,NA,NA,NA,NA,"2_M",213.098084080808,428.046491430875,23.1940086619837,18.4550457693184,7.14951711570053e-42,208.851864384434,4.24621969637403
"20250424-CbDRC2-p033-m2x_D03_roi_0.png",20250424,"CbDRC2","p033","m2x","D03",0,643.421852268439,29.9998322869338,"","48h",10,"15hHB101","DMSO",1,"IVERMECTIN",5.8e-05,NA,NA,"ECA2666","2_M",NA,NA,NA,648.442373718072,486.934906740114,558.708660876111,598.979876098919,637.00047237595,112.248902556722,681.896597793316,703.668175916334,1111.25640986139,0.173105440215302,25.1686164548873,17.7760879895507,21.647338523494,22.9974873280811,25.7546959191294,3.15649590910014,27.0177199568703,29.041036967149,31.3366748988474,0.125413962056989,28,"2_M_ECA2666_5.8e-05",NA,NA,NA,NA,NA,"2_M",208.953980945075,428.046491430875,23.1940086619837,18.4550457693184,7.14951711570053e-42,208.851864384434,0.10211656064061
"20250424-CbDRC2-p033-m2x_D04_roi_0.png",20250424,"CbDRC2","p033","m2x","D04",0,672.199787537785,30.441918919627,"","48h",10,"15hHB101","DMSO",1,"IVERMECTIN",0.00011,NA,NA,"ECA2666","2_M",NA,NA,NA,648.979059440619,515.998839233722,563.098132575417,639.252949860127,646.137478311332,57.478176576309,673.67927731766,708.169423539042,784.380016019049,0.0885670742995186,24.7799113845066,15.3616290125042,21.8716390847929,23.0765016479702,24.49371650502,3.8408308268882,25.8745130193052,29.5946245349186,35.0817158887167,0.154997762796264,24,"2_M_ECA2666_0.00011",NA,NA,NA,NA,NA,"2_M",218.090986880457,428.046491430875,23.1940086619837,18.4550457693184,7.14951711570053e-42,208.851864384434,9.23912249602344
"20250424-CbDRC2-p033-m2x_D05_roi_0.png",20250424,"CbDRC2","p033","m2x","D05",0,416.696199574984,28.0081471253245,"","48h",10,"15hHB101","DMSO",1,"IVERMECTIN",0.00023,NA,NA,"ECA2666","2_M",NA,NA,NA,552.092110316037,416.696199574984,464.344146378445,497.894343859015,543.641660496086,78.9878173602764,627.681079142471,655.843118693189,707.557864671273,0.143069998437509,23.2967349388631,20.672497905642,20.8651583775999,21.4448474160919,23.1300425109929,2.1165230878261,24.8436959320802,25.9230129060601,28.0081471253245,0.0908506317894082,29,"2_M_ECA2666_0.00023",NA,NA,NA,NA,NA,"2_M",115.595169065211,428.046491430875,23.1940086619837,18.4550457693184,7.14951711570053e-42,208.851864384434,-93.2566953192233
"20250424-CbDRC2-p033-m2x_D07_roi_0.png",20250424,"CbDRC2","p033","m2x","D07",0,370.566691399357,18.3393162969292,"","48h",10,"15hHB101","DMSO",1,"IVERMECTIN",0.00093,NA,NA,"ECA2666","2_M",NA,NA,NA,356.222963953442,161.262957980327,305.528548796085,334.989876450587,360.201438335529,60.2378042088008,396.885576131093,416.964442381767,447.951934910026,0.169101406434521,17.8704805093106,14.988555379527,16.6241528249855,16.9496016938032,18.2389179037218,1.19305513995684,18.8403347209215,19.1324934380128,19.6320299765203,0.0667612233109933,21,"2_M_ECA2666_0.00093",NA,NA,NA,NA,NA,"2_M",-67.8450530953457,428.046491430875,23.1940086619837,18.4550457693184,7.14951711570053e-42,208.851864384434,-276.69691747978
"20250424-CbDRC2-p033-m2x_D08_roi_0.png",20250424,"CbDRC2","p033","m2x","D08",0,297.064553525796,15.7328903303591,"","48h",10,"15hHB101","DMSO",1,"IVERMECTIN",0.0018,NA,NA,"ECA2666","2_M",NA,NA,NA,284.639124659134,192.779231416963,259.073849157878,274.24290101282,285.034729329239,28.3434804834049,297.494992461427,320.47583816539,328.809950507336,0.0995768958935188,15.9619820341972,14.2736832122719,14.678409170085,15.1420557494252,15.558324232525,1.39465425404036,16.5933470734488,17.3922938517837,20.9918831370989,0.0873735010509616,25,"2_M_ECA2666_0.0018",NA,NA,NA,NA,NA,"2_M",-143.011762101636,428.046491430875,23.1940086619837,18.4550457693184,7.14951711570053e-42,208.851864384434,-351.86362648607
"20250424-CbDRC2-p033-m2x_D09_roi_1.png",20250424,"CbDRC2","p033","m2x","D09",1,269.366158223896,15.0368402572383,"","48h",10,"15hHB101","DMSO",1,"IVERMECTIN",0.0037,NA,NA,"ECA2666","2_M",NA,NA,NA,249.194609914897,167.189100988857,227.22727086021,241.389418129367,248.240682198899,25.775229594081,257.856777460227,282.683306287043,295.128275445741,0.103434137692158,14.6808857601045,13.6532250361572,13.93752214226,14.2099304747786,14.713504064601,0.549915106477452,15.111102872275,15.2501922836528,15.7513525748686,0.0374578969868326,26,"2_M_ECA2666_0.0037",NA,NA,NA,NA,NA,"2_M",-179.805809231976,428.046491430875,23.1940086619837,18.4550457693184,7.14951711570053e-42,208.851864384434,-388.65767361641
"20250424-CbDRC2-p033-m2x_D10_roi_0.png",20250424,"CbDRC2","p033","m2x","D10",0,260.547792048232,15.2151709508989,"","48h",10,"15hHB101","DMSO",1,"IVERMECTIN",0.0075,NA,NA,"ECA2666","2_M",NA,NA,NA,238.847016555059,125.77837740764,218.402419554588,237.222489091273,246.578751471576,31.9537597821966,252.091040766642,266.551709620572,274.239063809486,0.133783374157536,14.3236150171899,9.7393331953559,13.2901964688947,13.5574450891582,14.4487962673464,1.35231759141056,15.1880720148301,15.8239439057688,16.8963005837434,0.094411752185997,26,"2_M_ECA2666_0.0075",NA,NA,NA,NA,NA,"2_M",-181.467739959299,428.046491430875,23.1940086619837,18.4550457693184,7.14951711570053e-42,208.851864384434,-390.319604343733
"20250424-CbDRC2-p033-m2x_D11_roi_0.png",20250424,"CbDRC2","p033","m2x","D11",0,232.054894363749,14.5933398603375,"","48h",10,"15hHB101","DMSO",1,"IVERMECTIN",0.015,NA,NA,"ECA2666","2_M",NA,NA,NA,231.905061242861,189.386962654522,210.977314961554,218.335069699948,236.582088819377,17.0998762244413,245.14061825029,250.777024399742,257.996889352977,0.0737365374123233,13.9128008505843,11.0364113569321,13.2510991727296,13.6001058442464,14.0864133593678,0.855279531096966,14.3410590503364,14.6469366808402,15.6568933594736,0.0614742883393639,29,"2_M_ECA2666_0.015",NA,NA,NA,NA,NA,"2_M",-191.464402611498,428.046491430875,23.1940086619837,18.4550457693184,7.14951711570053e-42,208.851864384434,-400.316266995932
"20250424-CbDRC2-p033-m2x_D12_roi_0.png",20250424,"CbDRC2","p033","m2x","D12",0,228.186624838225,13.3712122872189,"","48h",10,"15hHB101","DMSO",1,"IVERMECTIN",0.03,NA,NA,"ECA2666","2_M",NA,NA,NA,214.779806137389,148.809648183658,195.000083632083,202.045886165034,212.553400702176,25.5676423719649,230.265173998026,245.508672282209,260.386391441654,0.119041183767574,14.1054838501891,12.2016899081284,13.3012711216921,13.4846693125641,13.9237528458073,1.21942993898879,14.3630820934682,14.5921459756279,18.7871930425589,0.086450769923248,31,"2_M_ECA2666_0.03",NA,NA,NA,NA,NA,"2_M",-215.493090728699,428.046491430875,23.1940086619837,18.4550457693184,7.14951711570053e-42,208.851864384434,-424.344955113133
"20250424-CbDRC2-p033-m2x_E01_roi_0.png",20250424,"CbDRC2","p033","m2x","E01",0,774.15189878265,37.5769070346969,"","48h",10,"15hHB101","DMSO",1,"IVERMECTIN",0,NA,NA,"VX34","2_M",NA,NA,NA,710.675002030449,527.754098152752,691.698122931993,696.288125993948,714.363006504236,68.7454178339599,751.793442187272,774.15189878265,778.976260405149,0.096732567822914,37.8219547055632,34.4019815577032,35.9963981058393,36.4122110309348,37.4682946994002,2.47968841735512,38.134544626983,42.0342691234174,42.6450793840304,0.0655621433809813,11,"2_M_VX34_0",NA,NA,NA,NA,NA,"2_M",238.716005783791,475.647000720446,31.6552380427125,15.0258544914006,2.52031100987692e-32,239.366746355374,-0.650740571582901
"20250424-CbDRC2-p033-m2x_E02_roi_0.png",20250424,"CbDRC2","p033","m2x","E02",0,718.758306872031,35.4829783930893,"","48h",10,"15hHB101","DMSO",1,"IVERMECTIN",2.9e-05,NA,NA,"VX34","2_M",NA,NA,NA,697.216393481682,240.473107271039,664.558943870084,690.910100045635,720.462571381039,113.671264435014,752.791966146824,777.942811044359,814.013556662926,0.163035845825964,36.9251538192436,18.0172476195794,35.0075573325578,36.6184961018955,38.0853018603285,5.01477843283321,39.3358138355395,40.5618625039087,41.4692996350757,0.135809276716398,29,"2_M_VX34_2.9e-05",NA,NA,NA,NA,NA,"2_M",244.815570660593,475.647000720446,31.6552380427125,15.0258544914006,2.52031100987692e-32,239.366746355374,5.4488243052192
"20250424-CbDRC2-p033-m2x_E03_roi_0.png",20250424,"CbDRC2","p033","m2x","E03",0,705.689762237268,36.0441914902208,"","48h",10,"15hHB101","DMSO",1,"IVERMECTIN",5.8e-05,NA,NA,"VX34","2_M",NA,NA,NA,688.199194802492,202.416894025475,669.995939162477,699.447037022494,712.451800625971,123.991385367883,733.540909282354,752.759825557949,757.230565529834,0.180167873348744,36.501874352742,15.4657427409373,33.6005879263532,36.2995458981693,38.1986613609117,5.68218093834577,39.1933271606235,39.5061303147211,40.6265626573957,0.15566819619823,18,"2_M_VX34_5.8e-05",NA,NA,NA,"outlier","outlier","2_M",236.804799905526,475.647000720446,31.6552380427125,15.0258544914006,2.52031100987692e-32,239.366746355374,-2.56194644984816
"20250424-CbDRC2-p033-m2x_E05_roi_0.png",20250424,"CbDRC2","p033","m2x","E05",0,750.140006659751,37.5077046317528,"","48h",10,"15hHB101","DMSO",1,"IVERMECTIN",0.00023,NA,NA,"VX34","2_M",NA,NA,NA,682.245977340979,546.313306324943,588.082670336128,671.456480106489,682.533329970474,71.5803938666029,734.952218121627,753.753531011938,768.207628420685,0.10491874814064,35.1190141788538,28.018069035831,31.9592100729844,33.1220243985199,36.1656124495111,3.28372507543914,37.5077046317528,37.911018459183,38.2059192314191,0.0935027691471012,9,"2_M_VX34_0.00023",NA,NA,NA,NA,NA,"2_M",206.886329250029,475.647000720446,31.6552380427125,15.0258544914006,2.52031100987692e-32,239.366746355374,-32.4804171053451
"20250424-CbDRC2-p033-m2x_E08_roi_0.png",20250424,"CbDRC2","p033","m2x","E08",0,271.150833430687,15.8060922107193,"","48h",10,"15hHB101","DMSO",1,"IVERMECTIN",0.0018,NA,NA,"VX34","2_M",NA,NA,NA,252.122626031002,150.586025913147,151.430939827685,254.303747634929,269.257589484726,51.8270118036478,284.742659980112,292.008519532291,292.358243738247,0.205562716125585,15.8870028308277,14.7261077831939,14.9005381061646,15.5674829368637,15.8969407130425,0.766303013082774,15.9935283717938,17.1104271593475,17.2338675612158,0.0482345865512036,11,"2_M_VX34_0.0018",NA,NA,NA,NA,NA,"2_M",-206.389411235719,475.647000720446,31.6552380427125,15.0258544914006,2.52031100987692e-32,239.366746355374,-445.756157591093
"20250424-CbDRC2-p033-m2x_E09_roi_0.png",20250424,"CbDRC2","p033","m2x","E09",0,255.069315658204,14.9534741276061,"","48h",10,"15hHB101","DMSO",1,"IVERMECTIN",0.0037,NA,NA,"VX34","2_M",NA,NA,NA,246.394704016163,187.048832812777,224.311103879149,243.952100126523,248.071792239415,20.6855610516573,259.299425299582,264.339075959439,272.161817217377,0.0839529450693891,15.5155550773872,13.5869128721224,14.3796193674354,14.8512728316194,15.1238526047232,1.37056318228507,15.916720369842,17.1311120006236,19.1786096656238,0.0883347824456871,17,"2_M_VX34_0.0037",NA,NA,NA,NA,NA,"2_M",-227.57520848103,475.647000720446,31.6552380427125,15.0258544914006,2.52031100987692e-32,239.366746355374,-466.941954836404
"20250424-CbDRC2-p033-m2x_E10_roi_0.png",20250424,"CbDRC2","p033","m2x","E10",0,244.527515881562,13.0412686908362,"","48h",10,"15hHB101","DMSO",1,"IVERMECTIN",0.0075,NA,NA,"VX34","2_M",NA,NA,NA,218.383052834049,158.426441461643,161.854295308152,209.913757207873,229.199637608474,33.600144367282,243.449811859698,247.25513735684,251.376201376603,0.15385875383295,14.0893156723899,12.4087449904499,12.721872782288,13.269719727273,14.309337972427,1.03882212968653,14.8160566868206,15.1947006056358,15.3296848996607,0.0737311984372851,10,"2_M_VX34_0.0075",NA,NA,NA,NA,NA,"2_M",-246.447363111971,475.647000720446,31.6552380427125,15.0258544914006,2.52031100987692e-32,239.366746355374,-485.814109467345
"20250424-CbDRC2-p033-m2x_E11_roi_0.png",20250424,"CbDRC2","p033","m2x","E11",0,242.692956567583,14.523779040431,"","48h",10,"15hHB101","DMSO",1,"IVERMECTIN",0.015,NA,NA,"VX34","2_M",NA,NA,NA,214.548442105372,55.8541284992866,195.533613856694,200.569863858745,219.778501656904,51.3676849488872,234.84569954864,264.363420764621,282.863498926243,0.239422316213598,15.4426551250288,11.61240962859,12.5826093649573,14.1768159626049,14.7414539219533,4.05670075231008,15.2558144913364,16.1978481225511,29.3498580642403,0.2626945120166,15,"2_M_VX34_0.015",NA,NA,NA,NA,NA,"2_M",-255.868499063541,475.647000720446,31.6552380427125,15.0258544914006,2.52031100987692e-32,239.366746355374,-495.235245418915
"20250424-CbDRC2-p033-m2x_E12_roi_0.png",20250424,"CbDRC2","p033","m2x","E12",0,236.46753424712,15.8633469251227,"","48h",10,"15hHB101","DMSO",1,"IVERMECTIN",0.03,NA,NA,"VX34","2_M",NA,NA,NA,223.172611263144,101.931881131906,175.771186761087,224.909767198456,233.377079123966,38.8676661271441,243.062200671504,254.215279851377,263.399462194974,0.174159660126551,15.301038517163,9.23888472134809,13.5858209400968,14.6046586945282,15.120991356029,2.07096557594152,16.7191563196046,17.5310936991335,18.3696503332731,0.135348040175087,18,"2_M_VX34_0.03",NA,NA,NA,"outlier","outlier","2_M",-242.26992159648,475.647000720446,31.6552380427125,15.0258544914006,2.52031100987692e-32,239.366746355374,-481.636667951854
"20250424-CbDRC2-p033-m2x_F01_roi_0.png",20250424,"CbDRC2","p033","m2x","F01",0,637.945180841707,39.7202730480582,"","48h",10,"15hHB101","DMSO",1,"IVERMECTIN",0,NA,NA,"PB420","2_M",NA,NA,NA,620.855954250157,549.431367437357,567.050299821063,590.406472313843,633.928573051932,41.5510082268537,645.682360898973,669.895677497342,688.354977951439,0.0669253599686215,36.1450644089792,28.7304900063389,31.5722026540511,34.9653460392377,37.3031470823415,3.26466816421844,38.2316694848339,39.3371066308588,39.7202730480582,0.0903212711776888,17,"2_M_PB420_0",NA,NA,NA,NA,NA,"2_M",199.596487302566,434.332085749366,24.9979947579738,17.3746770472789,3.4105731271898e-39,188.841855702527,10.7546316000395
"20250424-CbDRC2-p033-m2x_F02_roi_0.png",20250424,"CbDRC2","p033","m2x","F02",0,641.331916524348,39.7166378870179,"","48h",10,"15hHB101","DMSO",1,"IVERMECTIN",2.9e-05,NA,NA,"PB420","2_M",NA,NA,NA,625.502539360702,501.506697228299,584.107156669293,604.853468705621,630.136208740499,38.9452057733068,656.047947618816,667.369689127611,688.0459200543,0.0622622664539633,37.5205730644816,31.5010163298903,34.4086194877466,36.4985628666183,37.9429176612534,2.28697140302659,38.7802513810068,39.8625534071439,41.473119481607,0.0609524646410991,38,"2_M_PB420_2.9e-05",NA,NA,NA,NA,NA,"2_M",195.804122991133,434.332085749366,24.9979947579738,17.3746770472789,3.4105731271898e-39,188.841855702527,6.962267288606
"20250424-CbDRC2-p033-m2x_F03_roi_0.png",20250424,"CbDRC2","p033","m2x","F03",0,626.102386261292,37.2383197339729,"","48h",10,"15hHB101","DMSO",1,"IVERMECTIN",5.8e-05,NA,NA,"PB420","2_M",NA,NA,NA,618.659530915238,369.326037527327,576.112370981802,604.752337768708,622.132334252985,67.2572267873194,656.023062617025,687.225229614607,713.481124998568,0.10871444377139,35.9612655330177,20.078895095239,30.8853745020954,35.3961935065297,37.4467197107227,5.02196312001611,38.6184458580476,39.5763122032073,42.6638434396283,0.139649232183033,30,"2_M_PB420_5.8e-05",NA,NA,NA,NA,NA,"2_M",187.800248503619,434.332085749366,24.9979947579738,17.3746770472789,3.4105731271898e-39,188.841855702527,-1.04160719890737
"20250424-CbDRC2-p033-m2x_F04_roi_0.png",20250424,"CbDRC2","p033","m2x","F04",0,503.432530243646,25.2012654099463,"","48h",10,"15hHB101","DMSO",1,"IVERMECTIN",0.00011,NA,NA,"PB420","2_M",NA,NA,NA,594.195521122638,208.273281052745,505.548757818401,592.783772299815,618.537350801807,95.8221367298689,644.637520984319,659.453449541621,664.798654341639,0.161263646937002,34.5444822105318,14.7299825068254,27.5314917476069,33.1544578889882,36.7356425653333,6.09973240290885,38.2249179312983,39.3762534275901,40.3706468568114,0.176576171144611,26,"2_M_PB420_0.00011",NA,NA,NA,NA,NA,"2_M",184.205265052441,434.332085749366,24.9979947579738,17.3746770472789,3.4105731271898e-39,188.841855702527,-4.63659065008537
"20250424-CbDRC2-p033-m2x_F05_roi_0.png",20250424,"CbDRC2","p033","m2x","F05",0,667.941785904875,39.512293230142,"","48h",10,"15hHB101","DMSO",1,"IVERMECTIN",0.00023,NA,NA,"PB420","2_M",NA,NA,NA,630.410522078934,328.005263937743,567.486105762904,627.76810431291,643.081522170536,68.4472940701609,666.73651929638,678.913002860673,702.29118646603,0.108575748140179,36.2463780089339,25.3066246576754,33.5024352937961,34.9112506949831,36.9511179597386,3.55200138426353,37.863970723878,38.884528439495,45.8878612764068,0.0979960365526188,30,"2_M_PB420_0.00023",NA,NA,NA,NA,NA,"2_M",208.74943642117,434.332085749366,24.9979947579738,17.3746770472789,3.4105731271898e-39,188.841855702527,19.9075807186438
"20250424-CbDRC2-p033-m2x_F06_roi_0.png",20250424,"CbDRC2","p033","m2x","F06",0,609.892659998627,32.6875000439862,"","48h",10,"15hHB101","DMSO",1,"IVERMECTIN",0.00046,NA,NA,"PB420","2_M",NA,NA,NA,610.523417502405,454.48351129952,567.247177023947,593.02132297026,610.567632039395,46.701122996709,633.606936872272,665.888744040707,687.446257011098,0.0764935818314046,34.0095044676602,22.4686190163286,28.8981581796216,32.5746523634391,34.8684398011272,4.43921761067419,36.7068378831785,38.0268101660377,41.4207384486327,0.130528735427341,30,"2_M_PB420_0.00046",NA,NA,NA,NA,NA,"2_M",176.235546290029,434.332085749366,24.9979947579738,17.3746770472789,3.4105731271898e-39,188.841855702527,-12.6063094124979
"20250424-CbDRC2-p033-m2x_F07_roi_0.png",20250424,"CbDRC2","p033","m2x","F07",0,308.40206838902,16.7154506680819,"","48h",10,"15hHB101","DMSO",1,"IVERMECTIN",0.00093,NA,NA,"PB420","2_M",NA,NA,NA,309.958860658068,242.805272120878,249.739264369844,288.490804567609,312.654487703031,36.8959081930961,337.607114197615,346.770345591666,360.117913334884,0.119034855511996,17.590293326113,15.6964593543708,16.1769439503462,16.8061383401477,17.5152574048724,1.24320816062008,18.1449911449053,18.7713504397812,20.864698687472,0.0706758061148712,19,"2_M_PB420_0.00093",NA,NA,NA,NA,NA,"2_M",-121.677598046335,434.332085749366,24.9979947579738,17.3746770472789,3.4105731271898e-39,188.841855702527,-310.519453748862
"20250424-CbDRC2-p033-m2x_F08_roi_0.png",20250424,"CbDRC2","p033","m2x","F08",0,263.213672510225,14.6372395943253,"","48h",10,"15hHB101","DMSO",1,"IVERMECTIN",0.0018,NA,NA,"PB420","2_M",NA,NA,NA,247.664365576244,202.780868335572,222.759100793492,239.029716433646,244.440553529674,20.5626164541456,263.026972660154,271.561339937412,287.499178189118,0.0830261406654214,15.3488363245783,12.7794240836049,14.1266678196182,14.7441390025239,15.5093754234602,1.04227417127069,16.0680269678293,16.6522316774469,16.9149773895822,0.0679057453757381,20,"2_M_PB420_0.0018",NA,NA,NA,NA,NA,"2_M",-189.891532219692,434.332085749366,24.9979947579738,17.3746770472789,3.4105731271898e-39,188.841855702527,-378.733387922218
"20250424-CbDRC2-p033-m2x_F09_roi_0.png",20250424,"CbDRC2","p033","m2x","F09",0,252.019363461175,15.2769116868832,"","48h",10,"15hHB101","DMSO",1,"IVERMECTIN",0.0037,NA,NA,"PB420","2_M",NA,NA,NA,250.219800470539,168.107398059826,228.046597454669,244.283783309901,252.211763326951,25.2473510877885,262.23479099492,270.838772863798,298.077020352698,0.100900692272597,15.820417221586,12.9899031700744,14.8539249265734,14.9067576522497,15.7503229565734,1.20046900329783,16.4949193214535,17.3440571102616,18.7041961232266,0.0758809952028235,24,"2_M_PB420_0.0037",NA,NA,NA,"outlier","outlier","2_M",-182.120322422415,434.332085749366,24.9979947579738,17.3746770472789,3.4105731271898e-39,188.841855702527,-370.962178124942
"20250424-CbDRC2-p033-m2x_F10_roi_1.png",20250424,"CbDRC2","p033","m2x","F10",1,211.370339006575,14.6116244027427,"","48h",10,"15hHB101","DMSO",1,"IVERMECTIN",0.0075,NA,NA,"PB420","2_M",NA,NA,NA,219.040447149366,180.291675751745,199.89893512106,207.377082718518,222.540408316305,15.243405214465,231.096791008723,233.335088086275,242.024870866755,0.0695917371099518,14.6858736338653,13.675313751752,13.908646089639,14.2880175511332,14.64612189966,0.582462966543345,15.1582948198514,15.4321378103955,15.7316192089768,0.0396614448050402,25,"2_M_PB420_0.0075",NA,NA,NA,NA,NA,"2_M",-211.79167743306,434.332085749366,24.9979947579738,17.3746770472789,3.4105731271898e-39,188.841855702527,-400.633533135587
"20250424-CbDRC2-p033-m2x_F11_roi_0.png",20250424,"CbDRC2","p033","m2x","F11",0,236.986860034124,14.3358621376632,"","48h",10,"15hHB101","DMSO",1,"IVERMECTIN",0.015,NA,NA,"PB420","2_M",NA,NA,NA,223.756959703349,138.26795365632,201.557127689786,209.169601021908,225.532253412953,26.0801388108542,238.215790028338,248.320244532185,275.346875402956,0.116555654159006,14.4721336959953,12.9406948614536,13.5656061968429,13.9537239287463,14.3628891406763,1.00618542225443,14.7913676653207,15.2438257368665,18.9587112190908,0.0695257135810496,34,"2_M_PB420_0.015",NA,NA,NA,NA,NA,"2_M",-208.799832336413,434.332085749366,24.9979947579738,17.3746770472789,3.4105731271898e-39,188.841855702527,-397.641688038939
"20250424-CbDRC2-p033-m2x_F12_roi_0.png",20250424,"CbDRC2","p033","m2x","F12",0,195.185361676233,13.6601748587592,"","48h",10,"15hHB101","DMSO",1,"IVERMECTIN",0.03,NA,NA,"PB420","2_M",NA,NA,NA,222.330437458216,195.021430829408,199.067599871548,208.882686183525,215.57159100386,22.2124621694999,230.521796553545,248.301756643847,288.366979150298,0.0999074279862126,14.5273820335738,13.1445836082687,13.5031290483319,13.7464536371826,14.337404372757,1.05109771247838,15.1145806059681,15.4956194624363,17.5033084111678,0.0723528650963552,20,"2_M_PB420_0.03",NA,NA,NA,NA,NA,"2_M",-218.760494745506,434.332085749366,24.9979947579738,17.3746770472789,3.4105731271898e-39,188.841855702527,-407.602350448033
"20250424-CbDRC2-p034-m2x_A01_roi_0.png",20250424,"CbDRC2","p034","m2x","A01",0,707.652422582871,38.7884047935568,"","48h",10,"15hHB101","DMSO",1,"IVERMECTIN",0,NA,NA,"VX34","1_N",NA,NA,NA,680.535608580881,361.410408143326,599.870935309125,664.396801826147,704.3594199508,96.4088384940033,733.204722311264,765.709825688439,792.76681739217,0.141666118978027,37.9443200228833,28.4904413333828,32.9094298085048,36.4814005641921,38.2182792719597,3.44896980980761,40.3063310533216,41.4839148396167,44.7287882663984,0.0908955492608016,32,"1_N_VX34_0",NA,NA,NA,NA,NA,"1_N",203.669404266815,500.690015683985,30.5037506382767,16.4140476238915,4.75390497503238e-36,239.366746355374,-35.6973420885592
"20250424-CbDRC2-p034-m2x_A02_roi_0.png",20250424,"CbDRC2","p034","m2x","A02",0,735.562322218179,40.2913153538411,"","48h",10,"15hHB101","DMSO",1,"IVERMECTIN",2.9e-05,NA,NA,"VX34","1_N",NA,NA,NA,698.780187456339,425.263448144227,620.124311360409,682.650028032922,712.196829397668,75.5348771315691,744.796320100153,769.651317842628,800.353762921916,0.108095333106863,38.5785534730623,25.3364214698504,35.0686033414297,36.9181816214543,37.8915956634685,5.46069579439368,40.1774470776131,42.1276055568874,65.5637598976196,0.141547448071288,48,"1_N_VX34_2.9e-05",NA,NA,NA,NA,NA,"1_N",211.506813713682,500.690015683985,30.5037506382767,16.4140476238915,4.75390497503238e-36,239.366746355374,-27.8599326416915
"20250424-CbDRC2-p034-m2x_A03_roi_0.png",20250424,"CbDRC2","p034","m2x","A03",0,783.410675423729,39.8121246278531,"","48h",10,"15hHB101","DMSO",1,"IVERMECTIN",5.8e-05,NA,NA,"VX34","1_N",NA,NA,NA,731.699550244348,560.12565800019,646.174885395949,703.163381319097,741.869416338825,60.9334181539221,771.674116788943,803.173417402514,840.816775194207,0.0832765554298532,37.7576488248222,31.9514754542829,35.3314535211493,36.630026862237,37.6913834324702,2.13740560021617,38.8940876207567,39.8607907844637,44.6691393565944,0.0566085459964081,57,"1_N_VX34_5.8e-05",NA,NA,NA,NA,NA,"1_N",241.17940065484,500.690015683985,30.5037506382767,16.4140476238915,4.75390497503238e-36,239.366746355374,1.81265429946617
"20250424-CbDRC2-p034-m2x_A04_roi_0.png",20250424,"CbDRC2","p034","m2x","A04",0,679.773215899178,36.5957094232286,"","48h",10,"15hHB101","DMSO",1,"IVERMECTIN",0.00011,NA,NA,"VX34","1_N",NA,NA,NA,727.769914701593,561.501724228789,677.359154078631,683.939085823221,739.329750290608,56.4774598275365,761.426072844045,793.276855133979,834.5095806254,0.0776034550022502,37.340145249621,32.0270016096992,35.0474637449589,36.3329650077519,37.0241490929175,1.9084020105111,38.9120917790549,39.6568807988692,40.6134923317507,0.0511085856188647,32,"1_N_VX34_0.00011",NA,NA,NA,NA,NA,"1_N",238.639734606623,500.690015683985,30.5037506382767,16.4140476238915,4.75390497503238e-36,239.366746355374,-0.727011748750698
"20250424-CbDRC2-p034-m2x_A05_roi_0.png",20250424,"CbDRC2","p034","m2x","A05",0,682.916594377342,36.1449169979183,"","48h",10,"15hHB101","DMSO",1,"IVERMECTIN",0.00023,NA,NA,"VX34","1_N",NA,NA,NA,706.144750831698,208.075794340455,665.193359107505,687.592837126938,722.389387923923,93.1516715916442,748.554117635349,770.375498686236,818.36493924386,0.131915830970817,36.4376219057611,15.6637694673206,33.0019532833623,35.8072729154841,37.3786731941146,4.0488841167632,38.5338500809165,39.4153409443334,40.6763990129623,0.111118231788969,46,"1_N_VX34_0.00023",NA,NA,NA,NA,NA,"1_N",221.699372239938,500.690015683985,30.5037506382767,16.4140476238915,4.75390497503238e-36,239.366746355374,-17.6673741154359
"20250424-CbDRC2-p034-m2x_A06_roi_0.png",20250424,"CbDRC2","p034","m2x","A06",0,701.796776449694,36.1728459592161,"","48h",10,"15hHB101","DMSO",1,"IVERMECTIN",0.00046,NA,NA,"VX34","1_N",NA,NA,NA,612.874267183522,107.055586771858,543.577516669832,563.849318682913,637.386651335419,128.064790956344,680.859804572849,714.788964834231,753.556489863562,0.208957689714839,30.721891629415,15.9285520748493,25.6184953020035,27.9808179614888,29.9629270907344,5.05744955274655,34.7990320731435,36.5259221217349,39.1740600481972,0.164620382551713,26,"1_N_VX34_0.00046",NA,NA,NA,"outlier","outlier","1_N",136.696635651434,500.690015683985,30.5037506382767,16.4140476238915,4.75390497503238e-36,239.366746355374,-102.67011070394
"20250424-CbDRC2-p034-m2x_A07_roi_0.png",20250424,"CbDRC2","p034","m2x","A07",0,377.873445613222,18.4542500923585,"","48h",10,"15hHB101","DMSO",1,"IVERMECTIN",0.00093,NA,NA,"VX34","1_N",NA,NA,NA,389.20079283268,311.922401036528,338.164545785319,358.982642176114,377.873445613222,48.9909544838535,408.742393834917,456.149518805162,505.419311857754,0.125875782850512,18.2957989059219,14.4868107535974,15.6664861451495,16.8576448527799,18.0544290669163,2.38320392203181,18.9100583777243,21.1890561175912,25.8131945250529,0.130259625954919,27,"1_N_VX34_0.00093",NA,NA,NA,NA,NA,"1_N",-122.816570070763,500.690015683985,30.5037506382767,16.4140476238915,4.75390497503238e-36,239.366746355374,-362.183316426137
"20250424-CbDRC2-p034-m2x_A08_roi_0.png",20250424,"CbDRC2","p034","m2x","A08",0,278.735412705924,16.5952383630752,"","48h",10,"15hHB101","DMSO",1,"IVERMECTIN",0.0018,NA,NA,"VX34","1_N",NA,NA,NA,282.793770389912,235.437361551726,257.272589476513,265.428926436775,285.855083913877,21.503843382118,299.081641467947,307.350367690238,325.660128841873,0.0760407251986803,16.3036352834242,14.3486161014809,14.9432025522122,15.4111960674418,16.1380848669346,1.23823564534253,16.8680848304087,17.5937236541712,20.8275305940566,0.0759484387265116,35,"1_N_VX34_0.0018",NA,NA,NA,NA,NA,"1_N",-214.834931770109,500.690015683985,30.5037506382767,16.4140476238915,4.75390497503238e-36,239.366746355374,-454.201678125482
"20250424-CbDRC2-p034-m2x_A09_roi_0.png",20250424,"CbDRC2","p034","m2x","A09",0,249.970948735782,15.2247408771485,"","48h",10,"15hHB101","DMSO",1,"IVERMECTIN",0.0037,NA,NA,"VX34","1_N",NA,NA,NA,257.885241688477,222.288889574203,240.119745080258,251.321453889831,257.207887515928,14.7153275060546,267.098589901882,274.854042252439,291.344472792065,0.0570615340750309,15.5706956529709,13.9376866093344,14.6353057341305,14.8375401132026,15.4274241862033,0.952134755510077,15.9094744726148,17.1052996105534,17.6997115655978,0.0611491468801788,29,"1_N_VX34_0.0037",NA,NA,NA,NA,NA,"1_N",-243.482128168058,500.690015683985,30.5037506382767,16.4140476238915,4.75390497503238e-36,239.366746355374,-482.848874523431
"20250424-CbDRC2-p034-m2x_A10_roi_0.png",20250424,"CbDRC2","p034","m2x","A10",0,259.451418421148,15.2230737741352,"","48h",10,"15hHB101","DMSO",1,"IVERMECTIN",0.0075,NA,NA,"VX34","1_N",NA,NA,NA,240.292636345623,214.338979866382,224.568836853144,229.743874104577,238.512528120037,14.8989685289651,247.878516959445,258.362439438046,274.582362206576,0.0620034336280504,14.8560244413468,13.5753203812549,13.8801883777987,14.3549169311389,14.6022386082074,0.838597002166391,15.2805117609055,16.0458054949134,16.7905871794916,0.0564482783046881,23,"1_N_VX34_0.0075",NA,NA,NA,NA,NA,"1_N",-262.177487563948,500.690015683985,30.5037506382767,16.4140476238915,4.75390497503238e-36,239.366746355374,-501.544233919322
"20250424-CbDRC2-p034-m2x_A11_roi_0.png",20250424,"CbDRC2","p034","m2x","A11",0,231.215314842527,13.6433987106172,"","48h",10,"15hHB101","DMSO",1,"IVERMECTIN",0.015,NA,NA,"VX34","1_N",NA,NA,NA,231.804216457889,205.491270886438,213.796007370483,221.909687901566,230.021906142461,15.6464395140579,244.152653315217,253.391370242596,256.000258162211,0.0674985112572373,14.4666145148788,13.6433987106172,13.7072025248384,14.0145279530759,14.3431105793789,0.695017671776251,14.8028559480375,15.2001830709436,16.220675690214,0.0480428693984643,15,"1_N_VX34_0.015",NA,NA,NA,NA,NA,"1_N",-270.668109541525,500.690015683985,30.5037506382767,16.4140476238915,4.75390497503238e-36,239.366746355374,-510.034855896899
"20250424-CbDRC2-p034-m2x_A12_roi_0.png",20250424,"CbDRC2","p034","m2x","A12",0,227.325928843194,13.6478137483173,"","48h",10,"15hHB101","DMSO",1,"IVERMECTIN",0.03,NA,NA,"VX34","1_N",NA,NA,NA,219.776870679554,175.812537094151,183.401569886108,209.970563269158,223.724334901537,21.0892720850089,233.517733080168,245.060368046095,256.214783255247,0.0959576502286182,14.6672794231806,12.3471198001652,13.6478137483173,14.1310137697873,14.7242161873997,1.03357983868449,14.9428539992938,15.525893276724,17.9270343433563,0.0704684085482816,31,"1_N_VX34_0.03",NA,NA,NA,NA,NA,"1_N",-276.965680782449,500.690015683985,30.5037506382767,16.4140476238915,4.75390497503238e-36,239.366746355374,-516.332427137823
"20250424-CbDRC2-p034-m2x_B01_roi_0.png",20250424,"CbDRC2","p034","m2x","B01",0,554.157464334373,30.4369726430421,"","48h",10,"15hHB101","DMSO",1,"IVERMECTIN",0,NA,NA,"JU3237","1_N",NA,NA,NA,600.57583441269,409.260169025524,556.056717854441,591.909539308034,614.21201669072,60.8043542776898,638.259286707923,645.871537724387,675.557190053613,0.101243424716133,35.2098118744263,25.6146685929087,30.5065071992427,32.7093217824586,36.4262606656488,4.12803943648855,38.5404532295456,39.2867189149005,40.4625767370298,0.117241167070445,23,"1_N_JU3237_0",NA,NA,NA,NA,NA,"1_N",176.089974661408,438.122042029312,25.2646278053809,17.3413218434985,1.71414202456419e-38,185.742269212847,-9.65229455143893
"20250424-CbDRC2-p034-m2x_B02_roi_0.png",20250424,"CbDRC2","p034","m2x","B02",0,642.755302380724,35.5879423783775,"","48h",10,"15hHB101","DMSO",1,"IVERMECTIN",2.9e-05,NA,NA,"JU3237","1_N",NA,NA,NA,620.861784750396,566.155380499337,586.822571590384,609.203777221246,622.389571133364,27.3217008188104,643.816976201051,652.795395543558,654.832349087376,0.0440060919996783,36.0646417872993,25.6425248393254,32.0745532939664,35.0581326392569,36.6800507014329,4.2228931098485,38.3667924129833,39.6356281193104,41.8097930629052,0.117092334779148,12,"1_N_JU3237_2.9e-05",NA,NA,NA,NA,NA,"1_N",184.267529104052,438.122042029312,25.2646278053809,17.3413218434985,1.71414202456419e-38,185.742269212847,-1.47474010879458
"20250424-CbDRC2-p034-m2x_B05_roi_0.png",20250424,"CbDRC2","p034","m2x","B05",0,623.347678429752,33.4243355651084,"","48h",10,"15hHB101","DMSO",1,"IVERMECTIN",0.00023,NA,NA,"JU3237","1_N",NA,NA,NA,601.321852954513,478.659896639753,556.95568366729,582.897169437178,609.303456328114,46.1644360672369,625.659870415787,650.730019113017,668.646339457114,0.0767715921854731,34.0152716217398,26.8968691588011,28.5734295636465,30.5882675341318,34.3888249740624,4.10602255877119,37.19070521306,38.741631624735,39.9665498975509,0.120711150110204,17,"1_N_JU3237_0.00023",NA,NA,NA,NA,NA,"1_N",171.181414298802,438.122042029312,25.2646278053809,17.3413218434985,1.71414202456419e-38,185.742269212847,-14.5608549140448
"20250424-CbDRC2-p034-m2x_B06_roi_0.png",20250424,"CbDRC2","p034","m2x","B06",0,529.039518213383,27.3291607741898,"","48h",10,"15hHB101","DMSO",1,"IVERMECTIN",0.00046,NA,NA,"JU3237","1_N",NA,NA,NA,510.896828318864,235.204202531157,398.561040833223,483.341181065201,537.042953659649,96.6774219974967,577.093248642867,593.189241282711,612.294160916609,0.189230812639059,27.2792365072638,14.5149140146508,21.8867744661525,25.1915431780545,27.6849031431575,5.12209080195778,30.4428526870542,32.7801025680798,35.1935395374289,0.187765181792896,19,"1_N_JU3237_0.00046",NA,NA,NA,NA,NA,"1_N",98.9209116303375,438.122042029312,25.2646278053809,17.3413218434985,1.71414202456419e-38,185.742269212847,-86.8213575825095
"20250424-CbDRC2-p034-m2x_B08_roi_0.png",20250424,"CbDRC2","p034","m2x","B08",0,271.517894819333,16.0516847011669,"","48h",10,"15hHB101","DMSO",1,"IVERMECTIN",0.0018,NA,NA,"JU3237","1_N",NA,NA,NA,283.911176555564,259.110155563724,269.479740398759,273.951007406928,283.789911105171,14.3412277476377,290.813565315593,299.456425134549,316.032042523924,0.0505130792018362,16.1234419074274,14.993197325075,15.2572276688131,15.4009957042104,16.0516847011669,0.978192133254865,16.3849370983387,17.4650292008437,18.4412011737143,0.0606689402220164,15,"1_N_JU3237_0.0018",NA,NA,NA,NA,NA,"1_N",-154.332130924141,438.122042029312,25.2646278053809,17.3413218434985,1.71414202456419e-38,185.742269212847,-340.074400136988
"20250424-CbDRC2-p034-m2x_B09_roi_1.png",20250424,"CbDRC2","p034","m2x","B09",1,266.982587406851,16.1971266446782,"","48h",10,"15hHB101","DMSO",1,"IVERMECTIN",0.0037,NA,NA,"JU3237","1_N",NA,NA,NA,254.189561809828,212.677515510814,231.349124268271,238.444233584592,253.856251282546,22.0848017061763,272.844887603394,280.760431964743,291.475357436892,0.0868831967329132,14.8144851070136,13.0623149772333,13.7221727920623,14.1361609063153,14.493627749597,1.03075210801812,15.6321435215933,16.2386778319628,16.6710425646115,0.069577315753629,20,"1_N_JU3237_0.0037",NA,NA,NA,NA,NA,"1_N",-184.265790746765,438.122042029312,25.2646278053809,17.3413218434985,1.71414202456419e-38,185.742269212847,-370.008059959612
"20250424-CbDRC2-p034-m2x_B10_roi_0.png",20250424,"CbDRC2","p034","m2x","B10",0,233.353087568742,15.0296015481265,"","48h",10,"15hHB101","DMSO",1,"IVERMECTIN",0.0075,NA,NA,"JU3237","1_N",NA,NA,NA,210.629578518895,108.118822865138,124.013413933585,208.336487350058,230.680996487154,44.4340822817369,240.165702145877,242.667764523988,258.481899917936,0.210958416164474,14.5571362331716,13.0192544374352,13.2315650848248,14.0106308143946,14.5870567360558,0.940155478380081,15.0296015481265,15.9890432038596,16.3317540234227,0.0645838208368025,21,"1_N_JU3237_0.0075",NA,NA,NA,NA,NA,"1_N",-207.441045542158,438.122042029312,25.2646278053809,17.3413218434985,1.71414202456419e-38,185.742269212847,-393.183314755005
"20250424-CbDRC2-p034-m2x_B11_roi_0.png",20250424,"CbDRC2","p034","m2x","B11",0,226.576577469129,14.2099303398197,"","48h",10,"15hHB101","DMSO",1,"IVERMECTIN",0.015,NA,NA,"JU3237","1_N",NA,NA,NA,218.626867436409,181.425230145503,200.77846855581,207.669900245683,219.291774218905,16.2565908073273,230.568604585556,239.40356440594,241.461013004794,0.074357699023684,14.7560481554427,13.3283306786159,13.9482104558797,14.1310174692787,14.7083849344803,0.790668310260285,15.1755062643777,15.694040870242,16.2465280436013,0.0535826599324733,19,"1_N_JU3237_0.015",NA,NA,NA,NA,NA,"1_N",-218.830267810407,438.122042029312,25.2646278053809,17.3413218434985,1.71414202456419e-38,185.742269212847,-404.572537023254
"20250424-CbDRC2-p034-m2x_B12_roi_0.png",20250424,"CbDRC2","p034","m2x","B12",0,218.46901814573,14.6400885147484,"","48h",10,"15hHB101","DMSO",1,"IVERMECTIN",0.03,NA,NA,"JU3237","1_N",NA,NA,NA,221.549994671885,181.282317861146,196.50029838888,204.774865688087,219.360458248529,22.9542445919477,232.464780506901,250.052756452204,272.075318793195,0.10360751588346,14.6099020007085,12.6519886476799,13.9586124974423,14.1527714721226,14.6442686625443,0.795519561329642,15.0687491968304,15.7128772197529,15.9398762733064,0.0544507116674064,18,"1_N_JU3237_0.03",NA,NA,NA,NA,NA,"1_N",-218.761583780783,438.122042029312,25.2646278053809,17.3413218434985,1.71414202456419e-38,185.742269212847,-404.50385299363
"20250424-CbDRC2-p034-m2x_C01_roi_0.png",20250424,"CbDRC2","p034","m2x","C01",0,662.462056277909,36.0003617596124,"","48h",10,"15hHB101","DMSO",1,"IVERMECTIN",0,NA,NA,"ED3102","1_N",NA,NA,NA,645.586582227276,284.214381271578,580.942962014294,635.103224727766,664.11302220187,73.2310413737287,682.140843425953,702.452567623571,732.158454828353,0.113433338594308,35.7119224646755,22.9935688763445,32.2371877287401,33.7401576355194,35.9507252817011,4.1581242934868,37.0660511304502,38.7043114411179,49.5865595874205,0.116435184848976,51,"1_N_ED3102_0",NA,NA,NA,NA,NA,"1_N",219.070727217549,445.042294984321,26.7335457936937,16.6473350904804,4.52577064691679e-37,224.962051368695,-5.89132415114631
"20250424-CbDRC2-p034-m2x_C02_roi_0.png",20250424,"CbDRC2","p034","m2x","C02",0,679.962999867436,35.7485973237112,"","48h",10,"15hHB101","DMSO",1,"IVERMECTIN",2.9e-05,NA,NA,"ED3102","1_N",NA,NA,NA,650.298725976261,361.020257085744,590.936190639739,639.722027636323,662.016317408289,67.7282151214336,685.712689744626,703.522079753292,747.792356901756,0.10414938922071,34.7063745972837,23.8711620490621,30.6369475111829,33.0374912091084,35.384685709908,3.19442830951042,36.8180969328445,37.7683070746099,40.2404944095889,0.0920415441421655,50,"1_N_ED3102_2.9e-05",NA,NA,NA,"outlier","outlier","1_N",216.974022423968,445.042294984321,26.7335457936937,16.6473350904804,4.52577064691679e-37,224.962051368695,-7.98802894472686
"20250424-CbDRC2-p034-m2x_C03_roi_0.png",20250424,"CbDRC2","p034","m2x","C03",0,685.662997834984,38.1753011828134,"","48h",10,"15hHB101","DMSO",1,"IVERMECTIN",5.8e-05,NA,NA,"ED3102","1_N",NA,NA,NA,658.160760037013,470.349787665417,610.293142401642,644.710694915353,671.524537501163,52.8554512284366,686.924793323387,712.19286713315,735.294740970283,0.0803078129809261,35.922011436367,29.628385343246,32.9401073025568,34.9784844544679,35.7689922240366,2.31840122002326,36.8303222450259,38.1753011828134,42.1144026161072,0.0645398497277952,41,"1_N_ED3102_5.8e-05",NA,NA,NA,NA,NA,"1_N",226.482242516842,445.042294984321,26.7335457936937,16.6473350904804,4.52577064691679e-37,224.962051368695,1.52019114814726
"20250424-CbDRC2-p034-m2x_C04_roi_0.png",20250424,"CbDRC2","p034","m2x","C04",0,677.668448419397,36.5165946385705,"","48h",10,"15hHB101","DMSO",1,"IVERMECTIN",0.00011,NA,NA,"ED3102","1_N",NA,NA,NA,660.867752025056,437.960639742826,600.080293576719,650.153289443992,672.238892024841,62.7938221739005,694.666161785199,716.760650228343,805.751662954269,0.0950172284568059,35.4727927883566,31.0135295311675,32.3404056152259,33.3977525597653,35.0107668110085,3.38033564860552,36.4509403446822,37.4485738957759,50.5233943626603,0.0952937556615239,50,"1_N_ED3102_0.00011",NA,NA,NA,NA,NA,"1_N",227.196597040519,445.042294984321,26.7335457936937,16.6473350904804,4.52577064691679e-37,224.962051368695,2.23454567182449
"20250424-CbDRC2-p034-m2x_C05_roi_0.png",20250424,"CbDRC2","p034","m2x","C05",0,695.094932660138,35.8086885028149,"","48h",10,"15hHB101","DMSO",1,"IVERMECTIN",0.00023,NA,NA,"ED3102","1_N",NA,NA,NA,633.366981977315,126.355372765829,552.423367139819,608.311049171437,632.701967591862,112.059298350935,671.642332925585,693.937174226984,1155.10155194583,0.176926334241637,31.7755485664362,17.295382125447,27.0752690642306,29.7820554056023,32.5405644676625,3.96874977885084,33.9737159133734,36.3081477992077,39.930606111617,0.124899489006554,53,"1_N_ED3102_0.00023",NA,NA,NA,NA,NA,"1_N",187.659672607541,445.042294984321,26.7335457936937,16.6473350904804,4.52577064691679e-37,224.962051368695,-37.3023787611543
"20250424-CbDRC2-p034-m2x_C06_roi_0.png",20250424,"CbDRC2","p034","m2x","C06",0,584.177865882126,26.0288058653944,"","48h",10,"15hHB101","DMSO",1,"IVERMECTIN",0.00046,NA,NA,"ED3102","1_N",NA,NA,NA,498.980395679005,169.109553936361,391.119832613237,455.014278610519,507.354466759128,109.481502282498,555.721015900977,582.777239112687,909.661112842941,0.219410428206336,23.1689702547711,12.7457437228152,19.379203510786,20.7107568122817,23.286034546357,3.7414796748409,25.7531286047651,27.245391282989,31.6521545392332,0.161486662277121,46,"1_N_ED3102_0.00046",NA,NA,NA,NA,NA,"1_N",62.3121717748071,445.042294984321,26.7335457936937,16.6473350904804,4.52577064691679e-37,224.962051368695,-162.649879593888
"20250424-CbDRC2-p034-m2x_C07_roi_0.png",20250424,"CbDRC2","p034","m2x","C07",0,319.646268137973,18.5914796672342,"","48h",10,"15hHB101","DMSO",1,"IVERMECTIN",0.00093,NA,NA,"ED3102","1_N",NA,NA,NA,332.111001842107,260.996654634928,293.529663933446,319.889816835003,331.829337092675,27.7207567374046,349.834791937628,361.196468541963,406.207060840654,0.0834683481837306,17.8699538341621,15.4019201688443,16.7009490044354,17.2168185224342,17.9274917894689,1.02525943145051,18.4830190279597,19.1857680402503,20.3209199020892,0.0573733676631278,51,"1_N_ED3102_0.00093",NA,NA,NA,NA,NA,"1_N",-113.212957891646,445.042294984321,26.7335457936937,16.6473350904804,4.52577064691679e-37,224.962051368695,-338.175009260341
"20250424-CbDRC2-p034-m2x_C08_roi_1.png",20250424,"CbDRC2","p034","m2x","C08",1,297.84971019958,14.835001351445,"","48h",10,"15hHB101","DMSO",1,"IVERMECTIN",0.0018,NA,NA,"ED3102","1_N",NA,NA,NA,274.85786332232,225.661555292952,247.80110730165,263.619449247204,276.799597658431,21.6520258334347,286.275156431145,299.131164924944,324.742736629911,0.0787753552753334,15.8200504739009,13.928945684629,14.8974861124724,15.2594685358641,15.9306206776732,0.781580489718255,16.2242614154921,16.484755199028,17.4346969758963,0.0494044245312405,35,"1_N_ED3102_0.0018",NA,NA,NA,NA,NA,"1_N",-168.24269732589,445.042294984321,26.7335457936937,16.6473350904804,4.52577064691679e-37,224.962051368695,-393.204748694585
"20250424-CbDRC2-p034-m2x_C09_roi_10.png",20250424,"CbDRC2","p034","m2x","C09",10,239.783292732386,15.0535667130593,"","48h",10,"15hHB101","DMSO",1,"IVERMECTIN",0.0037,NA,NA,"ED3102","1_N",NA,NA,NA,257.835592049082,201.641035038595,239.533946385735,248.402528793302,255.049943306433,18.4704624344602,271.275443864485,278.261756118717,291.596713614376,0.07163658937725,15.3045976018471,13.7890396361404,14.5465274095478,14.861961013674,15.3481766182817,0.73138626684612,15.5349362923079,16.1498044374135,17.0235804529993,0.0477886636338513,29,"1_N_ED3102_0.0037",NA,NA,NA,NA,NA,"1_N",-189.992351677888,445.042294984321,26.7335457936937,16.6473350904804,4.52577064691679e-37,224.962051368695,-414.954403046583
"20250424-CbDRC2-p034-m2x_C10_roi_0.png",20250424,"CbDRC2","p034","m2x","C10",0,233.804871479962,14.6139568745149,"","48h",10,"15hHB101","DMSO",1,"IVERMECTIN",0.0075,NA,NA,"ED3102","1_N",NA,NA,NA,240.039383467948,163.747115119856,197.600336557178,213.796760982824,233.569193997378,70.2626460654384,251.126759959652,263.019933329826,703.184847961517,0.29271299171963,15.3034921853353,13.296347315235,14.383745018948,14.645989785434,14.9181897066131,2.54716481693975,15.3441588451591,15.7638261288745,32.7924845682194,0.166443370316521,52,"1_N_ED3102_0.0075",NA,NA,NA,NA,NA,"1_N",-211.473100986944,445.042294984321,26.7335457936937,16.6473350904804,4.52577064691679e-37,224.962051368695,-436.435152355638
"20250424-CbDRC2-p034-m2x_C11_roi_0.png",20250424,"CbDRC2","p034","m2x","C11",0,236.935403372144,16.5235051027605,"","48h",10,"15hHB101","DMSO",1,"IVERMECTIN",0.015,NA,NA,"ED3102","1_N",NA,NA,NA,232.968988753139,146.928453575554,203.053976229329,215.851523022181,230.820707471923,37.8199271051292,248.693319264648,262.408200795215,395.707726518152,0.162338890285541,15.3235756893149,10.1195003387807,14.3462602630559,14.7006629489016,15.0265627038716,2.63238607926656,15.4236257363113,15.7944686388572,29.5433664310525,0.171786672552028,36,"1_N_ED3102_0.015",NA,NA,NA,NA,NA,"1_N",-214.221587512398,445.042294984321,26.7335457936937,16.6473350904804,4.52577064691679e-37,224.962051368695,-439.183638881093
"20250424-CbDRC2-p034-m2x_C12_roi_0.png",20250424,"CbDRC2","p034","m2x","C12",0,261.675869710064,15.5797566530194,"","48h",10,"15hHB101","DMSO",1,"IVERMECTIN",0.03,NA,NA,"ED3102","1_N",NA,NA,NA,227.54386832225,133.646480626386,196.53193159564,209.986909896877,226.395203298563,32.6930993885099,245.423237191578,262.720467627614,336.234207218388,0.143678226223216,14.9297541241203,13.9248576945741,14.0735615081841,14.5650552466455,14.9756370493766,0.537005853049993,15.352030842386,15.5625703910887,15.8198014399277,0.0359688343549085,44,"1_N_ED3102_0.03",NA,NA,NA,NA,NA,"1_N",-218.647091685758,445.042294984321,26.7335457936937,16.6473350904804,4.52577064691679e-37,224.962051368695,-443.609143054453
"20250424-CbDRC2-p034-m2x_D01_roi_0.png",20250424,"CbDRC2","p034","m2x","D01",0,671.27798878304,24.0069148199394,"","48h",10,"15hHB101","DMSO",1,"IVERMECTIN",0,NA,NA,"ECA2666","1_N",NA,NA,NA,629.347986427848,192.146132531235,540.700881234524,575.651888179018,653.764039312781,127.653385812703,673.014697966207,716.058186700451,950.002417102245,0.202834343742415,28.7873011707532,17.0803585272691,20.4568826260417,23.967091815917,26.5791495042469,14.3945876331499,29.6435322228871,29.9891887806522,93.9263923105633,0.500032550733665,24,"1_N_ECA2666_0",NA,NA,NA,NA,NA,"1_N",222.652830685956,431.111208626825,22.5753902811972,19.0965118767356,1.54498937647466e-43,208.851864384434,13.8009663015216
"20250424-CbDRC2-p034-m2x_D02_roi_0.png",20250424,"CbDRC2","p034","m2x","D02",0,652.461663886517,25.6535381635347,"","48h",10,"15hHB101","DMSO",1,"IVERMECTIN",2.9e-05,NA,NA,"ECA2666","1_N",NA,NA,NA,581.110580185483,343.471457682746,453.50173473673,551.698767449385,607.826565732201,103.712292083286,653.229045132596,660.58622297879,705.47603568399,0.178472558613858,27.9846204391726,23.8307660539696,23.9822269606646,24.9869709868083,27.2614520673699,4.00808015330379,30.0092520066826,32.7210708816593,36.8391572194724,0.143224388625022,12,"1_N_ECA2666_2.9e-05",NA,NA,NA,NA,NA,"1_N",176.715357105376,431.111208626825,22.5753902811972,19.0965118767356,1.54498937647466e-43,208.851864384434,-32.136507279058
"20250424-CbDRC2-p034-m2x_D03_roi_0.png",20250424,"CbDRC2","p034","m2x","D03",0,579.459521107904,21.0828378545245,"","48h",10,"15hHB101","DMSO",1,"IVERMECTIN",5.8e-05,NA,NA,"ECA2666","1_N",NA,NA,NA,584.871252384632,176.411351156126,363.377763419603,476.077169480699,624.479532406516,190.234597755089,692.178009989565,718.69429016569,983.492559367221,0.32525893002856,24.7349023884641,15.0638627885386,20.2148704458164,22.8286249163684,25.0337941613364,4.37380395903665,27.2974633434353,28.8377265105412,33.7305954256626,0.176827217279682,18,"1_N_ECA2666_5.8e-05",NA,NA,NA,NA,NA,"1_N",193.368323779691,431.111208626825,22.5753902811972,19.0965118767356,1.54498937647466e-43,208.851864384434,-15.4835406047433
"20250424-CbDRC2-p034-m2x_D04_roi_0.png",20250424,"CbDRC2","p034","m2x","D04",0,653.362376594808,24.6196649435246,"","48h",10,"15hHB101","DMSO",1,"IVERMECTIN",0.00011,NA,NA,"ECA2666","1_N",NA,NA,NA,607.457996717762,464.26063884095,526.573616376516,548.264673797684,598.46138516688,72.8098143519757,670.168744900413,694.62631884911,713.408887308634,0.119859833511756,27.1599304081802,19.9024121617591,21.6061414202251,24.493187092992,26.2465133956912,4.84863272156913,29.0683339217705,32.0950165203739,41.081819981869,0.178521544374384,22,"1_N_ECA2666_0.00011",NA,NA,NA,NA,NA,"1_N",167.350176540055,431.111208626825,22.5753902811972,19.0965118767356,1.54498937647466e-43,208.851864384434,-41.5016878443791
"20250424-CbDRC2-p034-m2x_D05_roi_0.png",20250424,"CbDRC2","p034","m2x","D05",0,367.247740328143,35.295840779567,"","48h",10,"15hHB101","DMSO",1,"IVERMECTIN",0.00023,NA,NA,"ECA2666","1_N",NA,NA,NA,546.57705259442,367.247740328143,497.497229492837,524.135630148487,541.897701891996,60.1796977837773,580.107780386266,609.594398948469,638.152973392732,0.110102861980986,23.0542991996862,16.4063298867269,19.5804561968672,21.7919562557653,22.4794741260172,3.93797092457025,23.920255813916,26.2437196015164,35.295840779567,0.170812866201712,19,"1_N_ECA2666_0.00023",NA,NA,NA,NA,NA,"1_N",110.786493265171,431.111208626825,22.5753902811972,19.0965118767356,1.54498937647466e-43,208.851864384434,-98.065371119263
"20250424-CbDRC2-p034-m2x_D06_roi_0.png",20250424,"CbDRC2","p034","m2x","D06",0,532.705600232597,24.6311205495098,"","48h",10,"15hHB101","DMSO",1,"IVERMECTIN",0.00046,NA,NA,"ECA2666","1_N",NA,NA,NA,468.372209963035,260.994835162887,373.834373617038,441.042904602405,482.336339733119,73.4349602022047,515.055396863718,532.597288259615,596.983268263147,0.156787611732986,22.2425833673032,16.8900814100463,18.3413984769876,20.125047416271,21.0521160941966,4.05670393508121,24.0606350110559,25.04436275382,34.0905769894205,0.182384566940394,34,"1_N_ECA2666_0.00046",NA,NA,NA,NA,NA,"1_N",51.2251311062937,431.111208626825,22.5753902811972,19.0965118767356,1.54498937647466e-43,208.851864384434,-157.62673327814
"20250424-CbDRC2-p034-m2x_D07_roi_1.png",20250424,"CbDRC2","p034","m2x","D07",1,375.683753517431,20.0253545754225,"","48h",10,"15hHB101","DMSO",1,"IVERMECTIN",0.00093,NA,NA,"ECA2666","1_N",NA,NA,NA,364.595757573135,240.92346302514,325.294202221061,353.332187676693,367.972011708666,40.1346349162358,382.846102083298,402.138872368162,451.760299200231,0.110079818765267,19.1386885213516,15.3251775897807,16.6489094556125,17.4041745232021,18.6481094187793,4.02181456304379,19.6508939120488,20.1461527699085,36.7468198234065,0.210140551613918,24,"1_N_ECA2666_0.00093",NA,NA,NA,NA,NA,"1_N",-63.1391969181587,431.111208626825,22.5753902811972,19.0965118767356,1.54498937647466e-43,208.851864384434,-271.991061302593
"20250424-CbDRC2-p034-m2x_D08_roi_0.png",20250424,"CbDRC2","p034","m2x","D08",0,365.192053970392,16.0250831087745,"","48h",10,"15hHB101","DMSO",1,"IVERMECTIN",0.0018,NA,NA,"ECA2666","1_N",NA,NA,NA,288.667620744403,203.306529112857,260.060084352346,269.442037653523,278.83673279341,35.5519959401765,311.997214201303,324.345018525142,365.192053970392,0.123158932229727,15.5548511623371,13.3682919774545,14.6817217196874,15.0558050983512,15.6628560186608,0.869320090393482,16.0833000987352,16.6705431938475,17.0240352611775,0.0558873936703658,19,"1_N_ECA2666_0.0018",NA,NA,NA,NA,NA,"1_N",-152.274475833415,431.111208626825,22.5753902811972,19.0965118767356,1.54498937647466e-43,208.851864384434,-361.126340217849
"20250424-CbDRC2-p034-m2x_D09_roi_0.png",20250424,"CbDRC2","p034","m2x","D09",0,272.633319282552,15.2966820998486,"","48h",10,"15hHB101","DMSO",1,"IVERMECTIN",0.0037,NA,NA,"ECA2666","1_N",NA,NA,NA,257.202856746561,227.037093753167,229.839800863676,233.766822733058,263.128327621772,23.8386620237931,272.076039808973,285.134973850413,291.892335582518,0.0926842816807548,15.3919641102903,14.0601979724368,14.5173423512189,15.1797222966449,15.2019929633461,1.04087065417458,15.4912807170581,15.862683504506,18.047364726115,0.0676242906179018,10,"1_N_ECA2666_0.0037",NA,NA,NA,NA,NA,"1_N",-167.982881005053,431.111208626825,22.5753902811972,19.0965118767356,1.54498937647466e-43,208.851864384434,-376.834745389487
"20250424-CbDRC2-p034-m2x_D11_roi_0.png",20250424,"CbDRC2","p034","m2x","D11",0,212.084885340615,13.7302751001152,"","48h",10,"15hHB101","DMSO",1,"IVERMECTIN",0.015,NA,NA,"ECA2666","1_N",NA,NA,NA,234.263770465567,204.23794596947,211.025328826382,220.963169381228,236.820290385757,18.3062469777226,241.565540202616,252.596422777823,275.877524958611,0.0781437391763205,14.2579258108833,12.5258323006478,13.32732295214,13.8187499618228,14.3393250241715,0.733799224344325,14.6421824298858,15.3134620967893,15.3897189151236,0.0514660571304281,27,"1_N_ECA2666_0.015",NA,NA,NA,NA,NA,"1_N",-194.290918241068,431.111208626825,22.5753902811972,19.0965118767356,1.54498937647466e-43,208.851864384434,-403.142782625502
"20250424-CbDRC2-p034-m2x_D12_roi_0.png",20250424,"CbDRC2","p034","m2x","D12",0,231.921990809914,13.0890130406888,"","48h",10,"15hHB101","DMSO",1,"IVERMECTIN",0.03,NA,NA,"ECA2666","1_N",NA,NA,NA,215.309412760748,189.960303961648,199.242364397319,203.097769095894,217.429936216037,14.4870853727631,223.861731948651,230.528976225558,243.317835031193,0.0672849606852127,13.5734420484658,12.7700431500532,13.0847152383199,13.197637668961,13.4253944712554,0.536438506039742,13.8725443526019,14.1256311488892,14.7782063114577,0.0395211843926041,14,"1_N_ECA2666_0.03",NA,NA,NA,NA,NA,"1_N",-213.681272410788,431.111208626825,22.5753902811972,19.0965118767356,1.54498937647466e-43,208.851864384434,-422.533136795222
"20250424-CbDRC2-p034-m2x_E01_roi_0.png",20250424,"CbDRC2","p034","m2x","E01",0,639.449339133824,39.7238938451455,"","48h",10,"15hHB101","DMSO",1,"IVERMECTIN",0,NA,NA,"PB420","1_N",NA,NA,NA,619.338897027856,559.978978017275,595.031075071811,603.569258756025,619.290104748456,26.7677939257724,634.38475375371,648.395074562527,678.071093244871,0.0432199463883639,35.6883160766032,26.0828454518898,31.8810451685371,34.7284008645945,36.1672154004388,3.30908294933664,37.6442769164036,39.2900724669977,39.9743077867581,0.0927217451850026,28,"1_N_PB420_0",NA,NA,NA,NA,NA,"1_N",183.371949952309,435.918154796147,25.8910601536029,16.8366282496735,9.64883936917006e-38,188.841855702527,-5.46990575021775
"20250424-CbDRC2-p034-m2x_E02_roi_0.png",20250424,"CbDRC2","p034","m2x","E02",0,573.130780716108,38.6223232847857,"","48h",10,"15hHB101","DMSO",1,"IVERMECTIN",2.9e-05,NA,NA,"PB420","1_N",NA,NA,NA,609.427580743061,492.715955653405,529.240167679344,585.196682767746,610.572722058991,54.9835371471432,648.190302643047,675.956586690745,707.800551344182,0.0902216093995993,38.0794949612532,29.667259035196,32.8288876295671,36.1032538332434,38.5491083526231,4.23286559662029,39.1524880450814,40.1790397057934,49.7742729759826,0.11115865903493,27,"1_N_PB420_2.9e-05",NA,NA,NA,NA,NA,"1_N",174.654567262844,435.918154796147,25.8910601536029,16.8366282496735,9.64883936917006e-38,188.841855702527,-14.1872884396826
"20250424-CbDRC2-p034-m2x_E03_roi_0.png",20250424,"CbDRC2","p034","m2x","E03",0,634.252249757443,40.3046945587417,"","48h",10,"15hHB101","DMSO",1,"IVERMECTIN",5.8e-05,NA,NA,"PB420","1_N",NA,NA,NA,630.001120574723,477.121900535855,609.928388354685,624.418109708632,634.954546176146,41.0081018757089,646.508233787788,656.723003822633,683.592029011749,0.0650921094208514,37.7904087287447,34.4249627428978,34.9558544271856,37.1221082565056,37.4803160322629,1.91995970822936,39.3064700297351,40.2667909575508,40.3640213032782,0.0508054761198962,21,"1_N_PB420_5.8e-05",NA,NA,NA,NA,NA,"1_N",199.036391379999,435.918154796147,25.8910601536029,16.8366282496735,9.64883936917006e-38,188.841855702527,10.1945356774719
"20250424-CbDRC2-p034-m2x_E04_roi_0.png",20250424,"CbDRC2","p034","m2x","E04",0,647.07303787797,38.8937342263232,"","48h",10,"15hHB101","DMSO",1,"IVERMECTIN",0.00011,NA,NA,"PB420","1_N",NA,NA,NA,599.914286126335,279.68552704936,547.73611339131,606.008284867579,619.331867470518,86.4126924789538,642.757833149253,657.452041762665,659.670545769368,0.144041731422872,34.7548210039702,14.4424372747962,32.7955340958223,33.853224282598,35.6381786633378,5.50319353326597,37.8795998330374,38.7036424970581,39.1437388794507,0.158343313943045,18,"1_N_PB420_0.00011",NA,NA,NA,NA,NA,"1_N",183.413712674371,435.918154796147,25.8910601536029,16.8366282496735,9.64883936917006e-38,188.841855702527,-5.42814302815609
"20250424-CbDRC2-p034-m2x_E05_roi_0.png",20250424,"CbDRC2","p034","m2x","E05",0,620.364318084977,36.0682222177911,"","48h",10,"15hHB101","DMSO",1,"IVERMECTIN",0.00023,NA,NA,"PB420","1_N",NA,NA,NA,594.252799688291,142.111390914387,561.308622367353,600.484990076038,612.486503511993,97.1353625101996,624.089275514369,647.537618597396,678.991303368506,0.16345798044393,33.6051562366784,13.942443044851,28.6113168538643,31.779766083875,36.0338264985284,5.58131651409308,37.2799511882481,37.6950583781913,38.9541660125046,0.166085123210983,27,"1_N_PB420_0.00023",NA,NA,NA,NA,NA,"1_N",176.568348715846,435.918154796147,25.8910601536029,16.8366282496735,9.64883936917006e-38,188.841855702527,-12.2735069866811
"20250424-CbDRC2-p034-m2x_E06_roi_0.png",20250424,"CbDRC2","p034","m2x","E06",0,570.665582786846,32.0262291433066,"","48h",10,"15hHB101","DMSO",1,"IVERMECTIN",0.00046,NA,NA,"PB420","1_N",NA,NA,NA,603.662446633847,495.548618951028,538.548011384649,570.28833276808,606.76936528413,51.4476868570439,637.990758655405,663.211739992458,685.662136087844,0.0852259191273656,33.0355648113059,20.952439150533,26.0325316990606,30.4669189084544,34.6883230045908,5.01380882344529,37.2650754621932,37.9125533933307,38.4434901071994,0.15177003487252,20,"1_N_PB420_0.00046",NA,NA,NA,NA,NA,"1_N",170.851210487982,435.918154796147,25.8910601536029,16.8366282496735,9.64883936917006e-38,188.841855702527,-17.9906452145443
"20250424-CbDRC2-p034-m2x_E07_roi_0.png",20250424,"CbDRC2","p034","m2x","E07",0,337.36150856969,17.6134811898309,"","48h",10,"15hHB101","DMSO",1,"IVERMECTIN",0.00093,NA,NA,"PB420","1_N",NA,NA,NA,309.852769327986,177.024786209306,266.020782567972,302.846315367843,311.148680494339,44.8961131203005,339.028442799392,355.158074704734,370.518202628672,0.14489498744088,19.3458310930601,15.8538402063232,16.3121470389575,17.285835798296,18.2034865808665,4.23714037781745,18.9590868149978,25.6241374391257,31.1063468007057,0.219020850406237,23,"1_N_PB420_0.00093",NA,NA,NA,NA,NA,"1_N",-124.769474301809,435.918154796147,25.8910601536029,16.8366282496735,9.64883936917006e-38,188.841855702527,-313.611330004335
"20250424-CbDRC2-p034-m2x_E08_roi_0.png",20250424,"CbDRC2","p034","m2x","E08",0,255.339840351789,15.9738744020817,"","48h",10,"15hHB101","DMSO",1,"IVERMECTIN",0.0018,NA,NA,"PB420","1_N",NA,NA,NA,260.400213599838,203.845872749924,228.440697357029,249.088860653852,257.573581616107,28.6675495659361,269.750880278984,301.020450858353,317.011985590309,0.110090345816651,15.7241274017015,14.6154624769588,14.9705265470753,15.1884513355079,15.551176128842,0.863623617195994,15.9738744020817,16.7695276339951,17.9018742846879,0.0549234685736865,17,"1_N_PB420_0.0018",NA,NA,NA,"outlier","outlier","1_N",-178.34457318004,435.918154796147,25.8910601536029,16.8366282496735,9.64883936917006e-38,188.841855702527,-367.186428882567
"20250424-CbDRC2-p034-m2x_E09_roi_0.png",20250424,"CbDRC2","p034","m2x","E09",0,238.178848177197,14.8391015580424,"","48h",10,"15hHB101","DMSO",1,"IVERMECTIN",0.0037,NA,NA,"PB420","1_N",NA,NA,NA,228.944167594481,145.403929326552,189.922868510013,222.877041632811,230.846510055573,35.6505942366594,243.713091022133,258.8242466518,291.944237104323,0.155717416220909,15.6303535702158,13.5430037383937,14.3914587190269,14.8395441818813,15.4535506978896,1.5952912740613,16.0718180079493,16.4657917231062,21.0983499055329,0.102063671617844,18,"1_N_PB420_0.0037",NA,NA,NA,NA,NA,"1_N",-205.071644740574,435.918154796147,25.8910601536029,16.8366282496735,9.64883936917006e-38,188.841855702527,-393.9135004431
"20250424-CbDRC2-p034-m2x_E10_roi_0.png",20250424,"CbDRC2","p034","m2x","E10",0,200.220144399688,13.9668478506588,"","48h",10,"15hHB101","DMSO",1,"IVERMECTIN",0.0075,NA,NA,"PB420","1_N",NA,NA,NA,225.96817177551,191.377649755255,199.517902319684,210.669508756579,226.779230938259,20.5285560937058,238.44378683939,251.857053796694,265.954319373037,0.0908471132567293,14.3352743051287,13.151748264013,13.4262549724308,13.7001256396891,14.1123216104886,0.842028508080499,14.8091065300447,15.46297760739,16.2354375748169,0.0587382208500362,23,"1_N_PB420_0.0075",NA,NA,NA,NA,NA,"1_N",-209.138923857889,435.918154796147,25.8910601536029,16.8366282496735,9.64883936917006e-38,188.841855702527,-397.980779560415
"20250424-CbDRC2-p034-m2x_E11_roi_0.png",20250424,"CbDRC2","p034","m2x","E11",0,218.038760509894,13.9015371452548,"","48h",10,"15hHB101","DMSO",1,"IVERMECTIN",0.015,NA,NA,"PB420","1_N",NA,NA,NA,210.459875268994,172.707355388158,189.970205683308,198.362122018879,216.887557689791,18.4228767358086,219.185216043755,226.042924297705,245.771690304725,0.0875362902893575,14.0834735202563,13.4635220177603,13.601168499143,13.7502573210444,13.8711867722492,0.482249399389736,14.4823858611776,14.7708491995741,14.9363876782542,0.034242220052895,14,"1_N_PB420_0.015",NA,NA,NA,NA,NA,"1_N",-219.030597106356,435.918154796147,25.8910601536029,16.8366282496735,9.64883936917006e-38,188.841855702527,-407.872452808883
"20250424-CbDRC2-p034-m2x_E12_roi_0.png",20250424,"CbDRC2","p034","m2x","E12",0,195.894813507133,14.8163781283276,"","48h",10,"15hHB101","DMSO",1,"IVERMECTIN",0.03,NA,NA,"PB420","1_N",NA,NA,NA,220.167860680349,190.355638051361,196.20044548673,200.948261423165,211.311655907389,38.0165488309679,215.762078891718,249.281394231516,329.939308427533,0.172670746372752,14.6832118800863,12.9830454495929,13.7409200810705,13.9571128424737,14.4685123616101,1.45937279968984,14.8689348000134,15.078920457118,18.8815511396107,0.0993905701019731,12,"1_N_PB420_0.03",NA,NA,NA,NA,NA,"1_N",-224.606498888759,435.918154796147,25.8910601536029,16.8366282496735,9.64883936917006e-38,188.841855702527,-413.448354591285
"20250424-CbDRC2-p034-m2x_F01_roi_0.png",20250424,"CbDRC2","p034","m2x","F01",0,620.775288951199,34.9229748719479,"","48h",10,"15hHB101","DMSO",1,"IVERMECTIN",0,NA,NA,"NIC1667","1_N",NA,NA,NA,598.62238690632,162.12620129665,560.686627521608,594.667693912891,620.063120819346,99.3655769972113,643.565559384318,663.914898150375,677.624263183641,0.165990412605069,32.3076874043743,11.7025581939086,29.584985549364,32.153672403506,33.4158208997727,4.54092767180095,34.3645956984249,34.9051979165503,37.7163545887681,0.140552544506362,45,"1_N_NIC1667_0",NA,NA,NA,NA,NA,"1_N",180.468625778601,439.594495040745,23.4147711735005,18.7742383550711,6.61594876513563e-43,168.954730350924,11.5138954276764
"20250424-CbDRC2-p034-m2x_F02_roi_0.png",20250424,"CbDRC2","p034","m2x","F02",0,634.52113776264,32.6280196065614,"","48h",10,"15hHB101","DMSO",1,"IVERMECTIN",2.9e-05,NA,NA,"NIC1667","1_N",NA,NA,NA,595.433302135597,171.942000372308,576.803957451263,597.907742098784,619.864252999031,112.148845191487,640.514889646111,676.12531830873,686.5177332383,0.188348291553816,32.0103846344067,15.0705656878811,29.7275130887448,30.6777294976733,32.113325399791,4.47149300621256,34.8086336508382,36.4423438060398,37.6813935366928,0.139688824651183,41,"1_N_NIC1667_2.9e-05",NA,NA,NA,NA,NA,"1_N",180.269757958286,439.594495040745,23.4147711735005,18.7742383550711,6.61594876513563e-43,168.954730350924,11.3150276073617
"20250424-CbDRC2-p034-m2x_F03_roi_0.png",20250424,"CbDRC2","p034","m2x","F03",0,609.224975901115,32.614968823823,"","48h",10,"15hHB101","DMSO",1,"IVERMECTIN",5.8e-05,NA,NA,"NIC1667","1_N",NA,NA,NA,625.480833746385,462.77639465126,575.75582040538,606.609777085707,640.676130925589,46.8105223707758,657.745384797308,666.183377880852,702.969318684654,0.0748392594068777,33.8472022340177,25.4652551949357,30.3439068891822,31.7112714033869,34.1848860611959,3.07810038271131,35.6606818266738,37.5212493112742,39.7560577943928,0.0909410580357422,37,"1_N_NIC1667_5.8e-05",NA,NA,NA,NA,NA,"1_N",201.081635884844,439.594495040745,23.4147711735005,18.7742383550711,6.61594876513563e-43,168.954730350924,32.12690553392
"20250424-CbDRC2-p034-m2x_F04_roi_0.png",20250424,"CbDRC2","p034","m2x","F04",0,659.94823917122,36.9506612486247,"","48h",10,"15hHB101","DMSO",1,"IVERMECTIN",0.00011,NA,NA,"NIC1667","1_N",NA,NA,NA,600.108682876615,206.325445415247,540.539745876458,586.76827523757,630.067904019969,103.212981416565,651.147433537362,669.51814363628,683.774377030704,0.171990481660445,31.8467213952366,14.2138519339673,27.7077494396436,30.1890941968613,31.4622516163451,4.39289727697019,34.6623296290856,36.6084546012395,38.215895693083,0.137938760554085,36,"1_N_NIC1667_0.00011",NA,NA,NA,NA,NA,"1_N",190.473408979224,439.594495040745,23.4147711735005,18.7742383550711,6.61594876513563e-43,168.954730350924,21.5186786283001
"20250424-CbDRC2-p034-m2x_F05_roi_0.png",20250424,"CbDRC2","p034","m2x","F05",0,599.914064310739,34.0232928899919,"","48h",10,"15hHB101","DMSO",1,"IVERMECTIN",0.00023,NA,NA,"NIC1667","1_N",NA,NA,NA,586.362480961759,233.567467204867,502.13979838462,591.451800959647,612.190851515746,96.8902420475176,634.60399709759,649.06286471572,666.289432408045,0.165239498080773,31.3537909152681,14.7576245457852,28.6537666539231,30.1232997147578,32.1486658255776,4.65615319933035,33.4447414690614,35.473693981168,38.9890736326315,0.148503675740945,39,"1_N_NIC1667_0.00023",NA,NA,NA,NA,NA,"1_N",172.596356475001,439.594495040745,23.4147711735005,18.7742383550711,6.61594876513563e-43,168.954730350924,3.64162612407668
"20250424-CbDRC2-p034-m2x_F07_roi_1.png",20250424,"CbDRC2","p034","m2x","F07",1,445.775933205455,20.0904222775063,"","48h",10,"15hHB101","DMSO",1,"IVERMECTIN",0.00093,NA,NA,"NIC1667","1_N",NA,NA,NA,349.01731589191,272.784656368886,323.684583563408,331.482719169433,348.590383003039,30.3157897380918,361.028381524501,380.568545255209,445.775933205455,0.0868604173996929,18.6894919066087,16.9135547034285,17.4816769661397,17.7586827533643,18.3163952275586,1.22731178516623,19.7559581502816,20.6354363106815,21.0534007387399,0.0656685474008121,27,"1_N_NIC1667_0.00093",NA,NA,NA,NA,NA,"1_N",-91.0041120377057,439.594495040745,23.4147711735005,18.7742383550711,6.61594876513563e-43,168.954730350924,-259.95884238863
"20250424-CbDRC2-p034-m2x_F08_roi_10.png",20250424,"CbDRC2","p034","m2x","F08",10,281.565236837742,15.9785807293585,"","48h",10,"15hHB101","DMSO",1,"IVERMECTIN",0.0018,NA,NA,"NIC1667","1_N",NA,NA,NA,278.462290820465,118.440994400879,257.955381884751,270.331104060346,285.624369463432,42.1923512797742,293.941306586748,304.290242923814,341.60518234355,0.151519084165609,15.6543117327751,11.6823253347142,14.5639056206546,15.0206687764557,15.7956855919589,1.28843122388115,16.4943842536381,17.145081588297,17.4293204289865,0.082305197818668,22,"1_N_NIC1667_0.0018",NA,NA,NA,NA,NA,"1_N",-153.970125577313,439.594495040745,23.4147711735005,18.7742383550711,6.61594876513563e-43,168.954730350924,-322.924855928237
"20250424-CbDRC2-p034-m2x_F09_roi_0.png",20250424,"CbDRC2","p034","m2x","F09",0,285.706564819319,15.6275813521346,"","48h",10,"15hHB101","DMSO",1,"IVERMECTIN",0.0037,NA,NA,"NIC1667","1_N",NA,NA,NA,263.318591409023,227.746300159553,243.181652934373,252.862184327874,260.36723827208,18.0549898495055,280.057393543051,284.557978405758,300.640842770636,0.0685670911153403,15.1832545143754,13.8033168011011,14.4585761707018,14.735970090919,15.044143963685,0.761353462237209,15.4760261777327,15.9765109367718,17.251196144757,0.0501442863594473,26,"1_N_NIC1667_0.0037",NA,NA,NA,NA,NA,"1_N",-179.227256768665,439.594495040745,23.4147711735005,18.7742383550711,6.61594876513563e-43,168.954730350924,-348.18198711959
"20250424-CbDRC2-p034-m2x_F10_roi_0.png",20250424,"CbDRC2","p034","m2x","F10",0,250.896973758974,14.5464423859035,"","48h",10,"15hHB101","DMSO",1,"IVERMECTIN",0.0075,NA,NA,"NIC1667","1_N",NA,NA,NA,242.460485186055,223.980245627398,226.699067721275,232.303127309189,241.727556691145,13.3168804001044,250.896973758974,257.804579801858,275.521456903747,0.0549239204478435,14.7824280045859,13.7007902077856,14.1368808872882,14.3645601543779,14.7776290721845,0.613511366443624,15.2739310369488,15.5055512856876,16.1553704780429,0.0415027467918866,21,"1_N_NIC1667_0.0075",NA,NA,NA,NA,NA,"1_N",-197.8669383496,439.594495040745,23.4147711735005,18.7742383550711,6.61594876513563e-43,168.954730350924,-366.821668700524
"20250424-CbDRC2-p034-m2x_F12_roi_0.png",20250424,"CbDRC2","p034","m2x","F12",0,309.928880404178,10.8526125978335,"","48h",10,"15hHB101","DMSO",1,"IVERMECTIN",0.03,NA,NA,"NIC1667","1_N",NA,NA,NA,232.197245240279,186.618288444409,198.73633743547,217.756792335604,228.850348276019,28.7506921010845,243.380764587919,259.402025867662,309.928880404178,0.123820125735485,14.8666015729843,10.8526125978335,13.1213787757092,13.9159579584132,14.625926799951,1.99360368516536,15.4651359238301,16.6051239647458,22.1353145041656,0.134099489744055,32,"1_N_NIC1667_0.03",NA,NA,NA,NA,NA,"1_N",-210.744146764726,439.594495040745,23.4147711735005,18.7742383550711,6.61594876513563e-43,168.954730350924,-379.69887711565
"20250424-CbDRC2-p035-m2x_A01_roi_0.png",20250424,"CbDRC2","p035","m2x","A01",0,646.704131638213,38.9505984353565,"","48h",10,"15hHB101","DMSO",1,"IVERMECTIN",0,NA,NA,"JU3237","2_M",NA,NA,NA,602.971836162252,61.1093283149453,541.730736535673,601.016585327456,622.563354554012,95.4579432761569,638.47855297713,662.881729807513,775.63240852702,0.158312441064777,41.7515548585132,17.5693578408279,29.7952496126985,33.2021161869319,36.6098843379586,53.0587182758421,38.5413387014014,39.7054350022191,468.031227155323,1.27082017557541,67,"2_M_JU3237_0",NA,NA,NA,NA,NA,"2_M",166.715019541856,455.848335012156,24.5659312291378,18.5561186653275,1.24613423832017e-41,185.742269212847,-19.0272496709911
"20250424-CbDRC2-p035-m2x_A02_roi_0.png",20250424,"CbDRC2","p035","m2x","A02",0,696.870509418441,38.2535072729636,"","48h",10,"15hHB101","DMSO",1,"IVERMECTIN",2.9e-05,NA,NA,"JU3237","2_M",NA,NA,NA,615.709837829675,258.247989255261,574.74259356281,603.968381401964,626.223335482618,74.4694772996396,652.683959216655,666.423855469568,727.911343816131,0.120948980711658,35.7143653018269,14.8761002781567,32.0419625904956,33.8203393799972,36.9820750360929,4.11267483619995,38.2667629291757,39.2245260190734,40.871293154144,0.115154638797111,55,"2_M_JU3237_2.9e-05",NA,NA,NA,NA,NA,"2_M",170.375000470462,455.848335012156,24.5659312291378,18.5561186653275,1.24613423832017e-41,185.742269212847,-15.367268742385
"20250424-CbDRC2-p035-m2x_A03_roi_0.png",20250424,"CbDRC2","p035","m2x","A03",0,660.703681383335,36.4442125655681,"","48h",10,"15hHB101","DMSO",1,"IVERMECTIN",5.8e-05,NA,NA,"JU3237","2_M",NA,NA,NA,621.868983135537,546.348751496274,579.220864784959,602.314081967859,621.309062673844,31.7802677906498,642.478522261652,660.80691279512,690.710489245817,0.0511044426599473,35.8711277964313,27.9184822441467,31.1795012841977,33.6870375317923,36.6254625847441,3.01291747372693,38.0439975226807,39.2581227057965,42.5090494274957,0.0839928281827445,68,"2_M_JU3237_5.8e-05",NA,NA,NA,NA,NA,"2_M",165.460727661689,455.848335012156,24.5659312291378,18.5561186653275,1.24613423832017e-41,185.742269212847,-20.2815415511585
"20250424-CbDRC2-p035-m2x_A04_roi_0.png",20250424,"CbDRC2","p035","m2x","A04",0,669.326795448101,38.1202825286651,"","48h",10,"15hHB101","DMSO",1,"IVERMECTIN",0.00011,NA,NA,"JU3237","2_M",NA,NA,NA,613.378177618172,150.73840742567,568.307920616535,598.672423903376,620.679785320562,102.876068812931,644.887743965102,691.908689456396,874.507991192245,0.167720457895018,35.4722654886096,14.5157436286005,32.3758804022007,34.7603211003222,36.5060755338218,5.52713762052317,38.3125378200921,39.5852578798605,42.1586198091548,0.155815749132177,65,"2_M_JU3237_0.00011",NA,NA,NA,NA,NA,"2_M",164.831450308407,455.848335012156,24.5659312291378,18.5561186653275,1.24613423832017e-41,185.742269212847,-20.9108189044404
"20250424-CbDRC2-p035-m2x_A05_roi_0.png",20250424,"CbDRC2","p035","m2x","A05",0,654.778173976762,37.2824949613574,"","48h",10,"15hHB101","DMSO",1,"IVERMECTIN",0.00023,NA,NA,"JU3237","2_M",NA,NA,NA,609.845374004081,167.026396376219,573.872128414634,594.437196709856,618.052421253816,72.0833659570324,644.168083818307,664.907433924288,690.927594037853,0.11819941419536,35.6387555229911,15.9466648029995,31.7067589300153,34.3559152254178,36.5118080126786,4.57109861985344,38.5823024010438,39.6972600075953,42.2837847273526,0.128262015684149,58,"2_M_JU3237_0.00023",NA,NA,NA,NA,NA,"2_M",162.204086241661,455.848335012156,24.5659312291378,18.5561186653275,1.24613423832017e-41,185.742269212847,-23.5381829711864
"20250424-CbDRC2-p035-m2x_A06_roi_0.png",20250424,"CbDRC2","p035","m2x","A06",0,625.519006521401,35.7833258170797,"","48h",10,"15hHB101","DMSO",1,"IVERMECTIN",0.00046,NA,NA,"JU3237","2_M",NA,NA,NA,552.354628114281,184.571350042658,435.062204193505,521.595828760271,576.522391604633,101.73373413965,616.85359138197,629.941111579171,745.672575230915,0.184181916764172,29.5938576306213,16.3576486353185,23.5395571346223,27.609227247433,30.2995719470593,4.57010168436929,32.6108083877563,34.659629236456,37.4962955181224,0.154427372781591,50,"2_M_JU3237_0.00046",NA,NA,NA,NA,NA,"2_M",120.674056592477,455.848335012156,24.5659312291378,18.5561186653275,1.24613423832017e-41,185.742269212847,-65.0682126203698
"20250424-CbDRC2-p035-m2x_A07_roi_1.png",20250424,"CbDRC2","p035","m2x","A07",1,365.274546336057,15.5924882846071,"","48h",10,"15hHB101","DMSO",1,"IVERMECTIN",0.00093,NA,NA,"JU3237","2_M",NA,NA,NA,350.505624624955,143.122924703534,305.659041334832,348.869113320503,362.485939782294,50.8157038065992,373.587431525192,390.597880129088,430.06413338993,0.144978283475401,17.419809147022,14.0508565014023,16.340312185571,16.9140153549549,17.3048705407967,1.06820551969848,18.221887897883,18.5628789715643,19.45619198033,0.0613213101637855,45,"2_M_JU3237_0.00093",NA,NA,NA,NA,NA,"2_M",-93.3623952298619,455.848335012156,24.5659312291378,18.5561186653275,1.24613423832017e-41,185.742269212847,-279.104664442709
"20250424-CbDRC2-p035-m2x_A08_roi_1.png",20250424,"CbDRC2","p035","m2x","A08",1,269.255711019643,16.9427982030231,"","48h",10,"15hHB101","DMSO",1,"IVERMECTIN",0.0018,NA,NA,"JU3237","2_M",NA,NA,NA,276.392691474324,194.33770387356,259.374355579668,269.293146011196,279.988303523652,18.6199293104902,289.172128474658,292.924790196923,302.461834521145,0.0673676616091709,16.0045747452689,13.2333743363511,15.0241192435998,15.4653883226148,15.9273783500391,1.10003940393218,16.533185687362,16.9196367194844,20.9725085926079,0.068732810552018,42,"2_M_JU3237_0.0018",NA,NA,NA,NA,NA,"2_M",-175.860031488504,455.848335012156,24.5659312291378,18.5561186653275,1.24613423832017e-41,185.742269212847,-361.602300701351
"20250424-CbDRC2-p035-m2x_A09_roi_0.png",20250424,"CbDRC2","p035","m2x","A09",0,214.423671792551,15.9834075393652,"","48h",10,"15hHB101","DMSO",1,"IVERMECTIN",0.0037,NA,NA,"JU3237","2_M",NA,NA,NA,259.730533336575,173.380603243972,229.080712685456,251.429779217052,265.810848196528,26.6827664396236,272.760748662787,285.589346520185,302.080289123121,0.102732497780869,15.1025647070059,13.8593005829287,14.4350261337996,14.726515552245,15.0351532847587,0.584801823658192,15.5165108330055,15.8715028268766,16.2604386163588,0.038722020729824,36,"2_M_JU3237_0.0037",NA,NA,NA,NA,NA,"2_M",-190.037486815627,455.848335012156,24.5659312291378,18.5561186653275,1.24613423832017e-41,185.742269212847,-375.779756028474
"20250424-CbDRC2-p035-m2x_A10_roi_0.png",20250424,"CbDRC2","p035","m2x","A10",0,254.330531825411,15.6395832166302,"","48h",10,"15hHB101","DMSO",1,"IVERMECTIN",0.0075,NA,NA,"JU3237","2_M",NA,NA,NA,232.228572061011,174.417273810038,202.644718841185,219.150409064952,235.289140596692,22.7604405512803,247.094425672983,254.635758667057,288.365940321498,0.0980087865557762,14.9481416810548,12.6608895180351,13.8294081018289,14.350409997395,14.9003111497258,0.95266007271776,15.5739294037809,16.1218484102481,17.0283264719194,0.0637310036956069,42,"2_M_JU3237_0.0075",NA,NA,NA,NA,NA,"2_M",-220.559194415464,455.848335012156,24.5659312291378,18.5561186653275,1.24613423832017e-41,185.742269212847,-406.301463628311
"20250424-CbDRC2-p035-m2x_A12_roi_0.png",20250424,"CbDRC2","p035","m2x","A12",0,215.118780546771,14.2203540149004,"","48h",10,"15hHB101","DMSO",1,"IVERMECTIN",0.03,NA,NA,"JU3237","2_M",NA,NA,NA,220.526323616341,151.075227888473,191.126363896585,207.407003830645,224.980939375217,24.5276644560306,234.348454893232,245.800788301124,288.889656009322,0.11122329549511,14.2138095860252,9.86324965332698,13.5254025108076,13.8715392918579,14.3200273928763,1.02365591319457,14.6607618147635,15.0884012703086,16.5575645344504,0.0720184062547886,51,"2_M_JU3237_0.03",NA,NA,NA,NA,NA,"2_M",-230.867395636939,455.848335012156,24.5659312291378,18.5561186653275,1.24613423832017e-41,185.742269212847,-416.609664849786
"20250424-CbDRC2-p035-m2x_B01_roi_0.png",20250424,"CbDRC2","p035","m2x","B01",0,699.863434140499,36.6094319351247,"","48h",10,"15hHB101","DMSO",1,"IVERMECTIN",0,NA,NA,"ED3102","2_M",NA,NA,NA,645.986970957017,130.888322181383,619.93226725473,637.82353102893,673.258984318336,116.233870612438,691.428381565827,712.094804257268,727.193711836346,0.179932221295795,34.9035883209044,20.5121544932306,31.3665448228068,34.8450466908643,35.970978955442,3.69310415789437,36.6616301603997,37.4541998953663,39.4513748034231,0.105808724419389,44,"2_M_ED3102_0",NA,NA,NA,NA,NA,"2_M",225.22467119368,448.034313124656,25.8114203763036,17.3579875339204,5.6223286839813e-39,224.962051368695,0.262619824985194
"20250424-CbDRC2-p035-m2x_B02_roi_0.png",20250424,"CbDRC2","p035","m2x","B02",0,683.901903947198,36.3127105430208,"","48h",10,"15hHB101","DMSO",1,"IVERMECTIN",2.9e-05,NA,NA,"ED3102","2_M",NA,NA,NA,656.709920937906,226.442887970932,635.280105542659,653.638761932572,671.397859110373,78.2887206650126,683.901903947198,702.443823454809,709.360783427817,0.119213549497168,34.7771218327666,14.7596260691519,32.2956218217504,34.2334081343076,35.3013435855177,4.00683726926995,36.779166922546,38.2195831546321,38.7325715095728,0.115214746307579,37,"2_M_ED3102_2.9e-05",NA,NA,NA,NA,NA,"2_M",223.363545985716,448.034313124656,25.8114203763036,17.3579875339204,5.6223286839813e-39,224.962051368695,-1.59850538297863
"20250424-CbDRC2-p035-m2x_B03_roi_0.png",20250424,"CbDRC2","p035","m2x","B03",0,661.700670982822,39.406947615862,"","48h",10,"15hHB101","DMSO",1,"IVERMECTIN",5.8e-05,NA,NA,"ED3102","2_M",NA,NA,NA,674.453319476241,505.335971692742,613.613720023657,647.045431799083,676.931450204945,67.9377348159545,696.479074083769,720.320626428366,1043.50829983974,0.100730077018099,35.9364244789645,17.8192538136858,33.0752732834476,35.3488928274235,36.1916980162139,3.07888147459268,37.5678418535245,38.4096844339297,40.1881193225942,0.0856757877065626,58,"2_M_ED3102_5.8e-05",NA,NA,NA,NA,NA,"2_M",228.897137080288,448.034313124656,25.8114203763036,17.3579875339204,5.6223286839813e-39,224.962051368695,3.93508571159347
"20250424-CbDRC2-p035-m2x_B04_roi_0.png",20250424,"CbDRC2","p035","m2x","B04",0,630.400670345861,32.3331809261982,"","48h",10,"15hHB101","DMSO",1,"IVERMECTIN",0.00011,NA,NA,"ED3102","2_M",NA,NA,NA,639.358588423587,209.83431896821,516.299678710673,628.470916080608,666.658098797355,105.514679039333,687.580364181947,710.213846470735,906.563176117942,0.165032082073835,35.4627167604358,15.3287525005842,31.1962105831047,33.0224647985262,34.7970600453485,6.52838200592476,36.7788861759603,38.6148613390824,67.681400929144,0.184091423396196,47,"2_M_ED3102_0.00011",NA,NA,NA,NA,NA,"2_M",218.623785672698,448.034313124656,25.8114203763036,17.3579875339204,5.6223286839813e-39,224.962051368695,-6.3382656959964
"20250424-CbDRC2-p035-m2x_B05_roi_0.png",20250424,"CbDRC2","p035","m2x","B05",0,639.287368102621,31.5173766407169,"","48h",10,"15hHB101","DMSO",1,"IVERMECTIN",0.00023,NA,NA,"ED3102","2_M",NA,NA,NA,598.88296062706,153.978294251913,526.216262065141,567.634593947528,617.285757353619,93.9864127844398,642.72970575809,686.03784538716,730.129488045281,0.15693619448787,30.3629508955182,16.7724697759712,24.1434407690098,28.1166700068891,31.2255278350636,4.53951453425746,33.484742130367,35.7614937790086,38.9320425714521,0.149508344886449,49,"2_M_ED3102_0.00023",NA,NA,NA,NA,NA,"2_M",169.251444228963,448.034313124656,25.8114203763036,17.3579875339204,5.6223286839813e-39,224.962051368695,-55.7106071397323
"20250424-CbDRC2-p035-m2x_B06_roi_0.png",20250424,"CbDRC2","p035","m2x","B06",0,479.107832834107,21.5490626912673,"","48h",10,"15hHB101","DMSO",1,"IVERMECTIN",0.00046,NA,NA,"ED3102","2_M",NA,NA,NA,494.708415106443,115.499938929971,387.702218693489,441.972774738951,481.958244896241,97.1579149098507,563.916508962192,596.77723677281,745.274470209652,0.196394304085056,22.4262438252944,11.9383774059034,19.3795480968466,20.3795815568726,22.0835283258737,3.84467599518057,24.6999647793027,25.7897356550134,36.71978174996,0.171436466361977,49,"2_M_ED3102_0.00046",NA,NA,NA,NA,NA,"2_M",33.9239317715847,448.034313124656,25.8114203763036,17.3579875339204,5.6223286839813e-39,224.962051368695,-191.03811959711
"20250424-CbDRC2-p035-m2x_B07_roi_0.png",20250424,"CbDRC2","p035","m2x","B07",0,366.258079035483,18.4564038662438,"","48h",10,"15hHB101","DMSO",1,"IVERMECTIN",0.00093,NA,NA,"ED3102","2_M",NA,NA,NA,336.668705993751,274.716428490532,304.59904910068,321.174514353687,337.764698526282,27.6738863963783,356.534095526636,370.195445979853,388.633227691832,0.0821991646496896,17.4245062773319,15.2367441263522,15.6090353980732,16.8432364165103,17.2779396843276,1.23611126804078,18.4564038662438,18.9641603239557,19.7093937206944,0.0709409637419039,25,"2_M_ED3102_0.00093",NA,NA,NA,NA,NA,"2_M",-110.269614598374,448.034313124656,25.8114203763036,17.3579875339204,5.6223286839813e-39,224.962051368695,-335.231665967069
"20250424-CbDRC2-p035-m2x_B08_roi_0.png",20250424,"CbDRC2","p035","m2x","B08",0,286.511709465883,16.8571901968611,"","48h",10,"15hHB101","DMSO",1,"IVERMECTIN",0.0018,NA,NA,"ED3102","2_M",NA,NA,NA,276.106640670337,191.491468168188,256.035777548782,264.874615870736,278.923208331697,27.1609525918809,297.158846257547,303.48269086077,315.307086075172,0.0983712399163564,15.9039013421209,14.0521192487207,14.6884157346925,15.2135518809349,15.7896216339209,1.04818387642677,16.5032848382452,16.919151601004,19.6911764134441,0.0659073427254417,42,"2_M_ED3102_0.0018",NA,NA,NA,NA,NA,"2_M",-169.11110479296,448.034313124656,25.8114203763036,17.3579875339204,5.6223286839813e-39,224.962051368695,-394.073156161655
"20250424-CbDRC2-p035-m2x_B09_roi_0.png",20250424,"CbDRC2","p035","m2x","B09",0,260.005245404809,15.367450695128,"","48h",10,"15hHB101","DMSO",1,"IVERMECTIN",0.0037,NA,NA,"ED3102","2_M",NA,NA,NA,256.787109829252,214.811529695212,230.270564507144,242.733341271265,259.70223788644,19.4018332667112,274.160424770244,278.768747443222,295.98410250475,0.0755561027950832,15.1964769924668,13.9497587747003,14.3718813259508,14.9179436708631,15.2051341586279,0.569203427659941,15.6756329452819,15.8808639404739,16.0922440523529,0.03745627542108,38,"2_M_ED3102_0.0037",NA,NA,NA,NA,NA,"2_M",-188.332075238216,448.034313124656,25.8114203763036,17.3579875339204,5.6223286839813e-39,224.962051368695,-413.294126606911
"20250424-CbDRC2-p035-m2x_B10_roi_0.png",20250424,"CbDRC2","p035","m2x","B10",0,218.681053481268,14.6592781782273,"","48h",10,"15hHB101","DMSO",1,"IVERMECTIN",0.0075,NA,NA,"ED3102","2_M",NA,NA,NA,231.293735462038,201.033996152829,207.182383969267,217.741170237067,230.416068487126,17.6320286804761,245.995194346862,253.721315286654,261.847449797882,0.0762321929958627,15.1959646937608,13.3839202097602,14.2115777847547,14.6370249656593,15.438873606089,0.78247712287624,15.7325647551963,16.0071045592171,16.6184971072239,0.0514924283285227,24,"2_M_ED3102_0.0075",NA,NA,NA,"outlier","outlier","2_M",-217.618244637531,448.034313124656,25.8114203763036,17.3579875339204,5.6223286839813e-39,224.962051368695,-442.580296006226
"20250424-CbDRC2-p035-m2x_B11_roi_0.png",20250424,"CbDRC2","p035","m2x","B11",0,229.976840796907,13.9050999921958,"","48h",10,"15hHB101","DMSO",1,"IVERMECTIN",0.015,NA,NA,"ED3102","2_M",NA,NA,NA,226.320191540846,190.237755154337,203.580683201503,211.756593297342,221.839603847165,21.5453122621715,240.716735387792,257.958415369522,273.975480890647,0.0951983652695122,14.736148386117,11.3660478093586,13.9158489052206,14.2768324149732,14.6694981626778,0.947654748302865,15.3036277513381,15.9648560686735,16.6952470853403,0.0643081708647598,34,"2_M_ED3102_0.015",NA,NA,NA,NA,NA,"2_M",-226.194709277491,448.034313124656,25.8114203763036,17.3579875339204,5.6223286839813e-39,224.962051368695,-451.156760646186
"20250424-CbDRC2-p035-m2x_B12_roi_0.png",20250424,"CbDRC2","p035","m2x","B12",0,211.190034889573,14.8866590817172,"","48h",10,"15hHB101","DMSO",1,"IVERMECTIN",0.03,NA,NA,"ED3102","2_M",NA,NA,NA,231.438125393289,181.605314780581,196.034164123278,209.161753091171,223.186053972554,56.4481276419344,234.054171744158,240.978273318459,500.143351031112,0.243901593767278,15.652359077106,13.7255632027175,14.088142374037,14.4585831656966,14.8241915439727,4.24293759282909,15.425353607385,15.7772916501932,37.0669501952101,0.271073361652879,28,"2_M_ED3102_0.03",NA,NA,NA,NA,NA,"2_M",-224.848259152103,448.034313124656,25.8114203763036,17.3579875339204,5.6223286839813e-39,224.962051368695,-449.810310520798
"20250424-CbDRC2-p035-m2x_C01_roi_0.png",20250424,"CbDRC2","p035","m2x","C01",0,622.637334041834,30.8669394763346,"","48h",10,"15hHB101","DMSO",1,"IVERMECTIN",0,NA,NA,"NIC1667","2_M",NA,NA,NA,591.986117439576,232.41577645986,518.044405792879,586.592303851002,614.38882657932,95.986162136672,645.445407195398,661.853441373992,699.448377314102,0.162142589680694,31.6893880305123,15.304868226862,28.9423257431803,30.5298105286826,32.0868670848141,4.06479807213337,33.7902153596885,35.9765297174355,37.4666674680752,0.128270008503148,59,"2_M_NIC1667_0",NA,NA,NA,NA,NA,"2_M",165.637441680202,448.751384899118,23.2047689837157,19.3387568397701,2.24376724869859e-44,168.954730350924,-3.31728867072184
"20250424-CbDRC2-p035-m2x_C02_roi_0.png",20250424,"CbDRC2","p035","m2x","C02",0,665.111586854811,33.2654347871359,"","48h",10,"15hHB101","DMSO",1,"IVERMECTIN",2.9e-05,NA,NA,"NIC1667","2_M",NA,NA,NA,618.438119831206,412.499749077624,555.412391769572,602.524752677959,629.897488422866,50.2767928063735,644.233757310208,657.918036166191,789.403746637214,0.0812964000668262,33.2322988530676,22.5563318482184,29.7319634238815,31.300101081278,33.0470253418052,3.03822833497092,35.4817941098557,37.0935005446443,40.7112941193554,0.0914239592152219,96,"2_M_NIC1667_2.9e-05",NA,"n>75",NA,NA,NA,"2_M",181.146103523749,448.751384899118,23.2047689837157,19.3387568397701,2.24376724869859e-44,168.954730350924,12.1913731728247
"20250424-CbDRC2-p035-m2x_C03_roi_0.png",20250424,"CbDRC2","p035","m2x","C03",0,659.488084160228,34.8864454112646,"","48h",10,"15hHB101","DMSO",1,"IVERMECTIN",5.8e-05,NA,NA,"NIC1667","2_M",NA,NA,NA,625.703522382974,128.753617340274,538.51194463355,590.646076687438,631.910236501824,127.150616509846,656.915421398651,682.368083668442,1209.98093434659,0.203212243436949,31.9291721024957,14.3037330765425,26.6956354881469,30.6272450870556,32.4011394576513,5.14866194209239,34.5359385621418,37.3989502569729,41.8166762464696,0.161252597642203,91,"2_M_NIC1667_5.8e-05",NA,"n>75",NA,NA,NA,"2_M",183.158851602707,448.751384899118,23.2047689837157,19.3387568397701,2.24376724869859e-44,168.954730350924,14.2041212517825
"20250424-CbDRC2-p035-m2x_C05_roi_0.png",20250424,"CbDRC2","p035","m2x","C05",0,641.894097300489,32.0929750908565,"","48h",10,"15hHB101","DMSO",1,"IVERMECTIN",0.00023,NA,NA,"NIC1667","2_M",NA,NA,NA,568.480696516516,127.00967155361,254.558276467847,594.626515189482,620.885400383721,152.84093927737,649.794912950444,671.65434798199,715.97708344972,0.268858626535492,29.5480702563763,10.2412094644215,19.647183773097,29.260597869642,31.1522251936807,6.56972963732497,32.8761621628282,34.1311764982664,39.6802439717289,0.222340395847247,45,"2_M_NIC1667_0.00023",NA,NA,NA,NA,NA,"2_M",172.134015484604,448.751384899118,23.2047689837157,19.3387568397701,2.24376724869859e-44,168.954730350924,3.17928513367951
"20250424-CbDRC2-p035-m2x_C06_roi_0.png",20250424,"CbDRC2","p035","m2x","C06",0,639.368415425335,32.493701751708,"","48h",10,"15hHB101","DMSO",1,"IVERMECTIN",0.00046,NA,NA,"NIC1667","2_M",NA,NA,NA,555.467501544297,375.771490883218,470.620108928812,530.274096219156,561.802300639624,63.4955194136043,597.30992103903,632.861370317479,665.868605348846,0.1143100527701,27.7503365926582,17.8862976699351,23.6378761302089,25.7351267751126,27.8199933275941,3.46876848147849,29.7281484325555,31.3844941036647,38.1668359703369,0.124999149826392,55,"2_M_NIC1667_0.00046",NA,NA,NA,NA,NA,"2_M",113.050915740506,448.751384899118,23.2047689837157,19.3387568397701,2.24376724869859e-44,168.954730350924,-55.9038146104179
"20250424-CbDRC2-p035-m2x_C07_roi_0.png",20250424,"CbDRC2","p035","m2x","C07",0,338.81511402601,18.3274664702892,"","48h",10,"15hHB101","DMSO",1,"IVERMECTIN",0.00093,NA,NA,"NIC1667","2_M",NA,NA,NA,346.038272640302,303.905669672034,318.028971049491,325.166496367154,343.041713175043,22.8629493805282,366.809155995787,375.827701908459,390.397407719054,0.0660705800144068,18.1365872045011,16.720629207884,17.217492225407,17.3942606521543,18.1620594824982,0.843107761045866,18.6614299349523,19.1509055578422,20.6714552773544,0.04648657167632,36,"2_M_NIC1667_0.00093",NA,NA,NA,NA,NA,"2_M",-105.709671724074,448.751384899118,23.2047689837157,19.3387568397701,2.24376724869859e-44,168.954730350924,-274.664402074999
"20250424-CbDRC2-p035-m2x_C08_roi_0.png",20250424,"CbDRC2","p035","m2x","C08",0,286.162239261301,14.8387288763545,"","48h",10,"15hHB101","DMSO",1,"IVERMECTIN",0.0018,NA,NA,"NIC1667","2_M",NA,NA,NA,286.665564541086,252.481600311802,268.9915898756,274.936218318629,283.067846761499,16.7764919977114,297.654013551305,302.996842038773,329.538824151734,0.0585228715020877,16.1985192128723,14.4545032154363,15.1509996922484,15.5978428609823,16.1537344095104,0.8334068512141,16.7286240465916,17.3658086660364,17.8979190532633,0.0514495701898373,34,"2_M_NIC1667_0.0018",NA,NA,NA,NA,NA,"2_M",-165.683538137618,448.751384899118,23.2047689837157,19.3387568397701,2.24376724869859e-44,168.954730350924,-334.638268488542
"20250424-CbDRC2-p035-m2x_C09_roi_0.png",20250424,"CbDRC2","p035","m2x","C09",0,243.232105711953,16.8548120518914,"","48h",10,"15hHB101","DMSO",1,"IVERMECTIN",0.0037,NA,NA,"NIC1667","2_M",NA,NA,NA,261.165229407135,216.51386970272,241.988252426562,249.602118187936,262.731787398597,16.6586425328723,271.116611107248,280.634612285171,298.896081898674,0.0637858361570131,15.3048171636018,14.0297084429387,14.3486835500274,14.8303487984226,15.2356128862149,0.912547809008309,15.5628096428174,16.1125179802673,19.7601064283054,0.059624874917065,52,"2_M_NIC1667_0.0037",NA,NA,NA,NA,NA,"2_M",-186.019597500521,448.751384899118,23.2047689837157,19.3387568397701,2.24376724869859e-44,168.954730350924,-354.974327851445
"20250424-CbDRC2-p035-m2x_C11_roi_0.png",20250424,"CbDRC2","p035","m2x","C11",0,220.960328120437,15.4941363515688,"","48h",10,"15hHB101","DMSO",1,"IVERMECTIN",0.015,NA,NA,"NIC1667","2_M",NA,NA,NA,239.911765857934,144.779779479125,211.853583759678,226.876094016116,242.109739292879,31.2330588825876,252.899225116516,269.859438691735,331.066306836055,0.130185607074738,15.4292658213067,13.1332350632012,13.5100999992921,13.946973619968,14.4399009631055,4.32938308730626,15.5282613570419,16.3113865873658,41.136250075715,0.280595534320739,40,"2_M_NIC1667_0.015",NA,NA,NA,NA,NA,"2_M",-206.641645606239,448.751384899118,23.2047689837157,19.3387568397701,2.24376724869859e-44,168.954730350924,-375.596375957163
"20250424-CbDRC2-p035-m2x_C12_roi_0.png",20250424,"CbDRC2","p035","m2x","C12",0,216.676064336594,15.4404745009089,"","48h",10,"15hHB101","DMSO",1,"IVERMECTIN",0.03,NA,NA,"NIC1667","2_M",NA,NA,NA,219.249888577282,118.111289852229,192.980237748644,213.377271150845,220.852431443495,24.2313678410483,233.924994123675,244.251901174658,257.156223724614,0.110519407778432,14.0863188124068,9.102053118502,13.3516506932864,13.744174242251,14.2666684236707,0.928848073749727,14.5694621103206,14.8126616612156,15.4404745009089,0.0659397310340318,50,"2_M_NIC1667_0.03",NA,NA,NA,NA,NA,"2_M",-227.898953455622,448.751384899118,23.2047689837157,19.3387568397701,2.24376724869859e-44,168.954730350924,-396.853683806547
"20250424-CbDRC2-p035-m2x_D01_roi_0.png",20250424,"CbDRC2","p035","m2x","D01",0,630.371549127491,22.2678623306512,"","48h",10,"15hHB101","DMSO",1,"IVERMECTIN",0,NA,NA,"ECA2666","2_M",NA,NA,NA,636.142598885989,278.746651001769,517.477598001205,563.448143330368,614.198013109276,143.008316341098,665.616229317939,722.077300057214,1079.18957648299,0.224805439207394,26.0620185656895,16.471299479907,18.6346201460928,23.2836097279982,25.7900968337373,6.16519726585433,27.7840700496604,31.9531534826319,45.7818337351252,0.236558701326795,34,"2_M_ECA2666_0",NA,NA,NA,NA,NA,"2_M",186.151521678401,428.046491430875,23.1940086619837,18.4550457693184,7.14951711570053e-42,208.851864384434,-22.700342706033
"20250424-CbDRC2-p035-m2x_D02_roi_0.png",20250424,"CbDRC2","p035","m2x","D02",0,657.79055479088,34.1285351345527,"","48h",10,"15hHB101","DMSO",1,"IVERMECTIN",2.9e-05,NA,NA,"ECA2666","2_M",NA,NA,NA,643.602263454548,427.468546631067,557.484890118689,583.256153715181,665.045558830768,82.1133121526474,702.462736478015,727.605109112698,769.37668800284,0.127583939360161,27.780571989433,20.8421775417662,22.6897017429149,24.2548373571283,26.9862599760236,4.69186512103833,30.7199648595247,34.3015187421134,36.4903989328073,0.168890155423114,23,"2_M_ECA2666_2.9e-05",NA,NA,NA,NA,NA,"2_M",236.999067399893,428.046491430875,23.1940086619837,18.4550457693184,7.14951711570053e-42,208.851864384434,28.1472030154586
"20250424-CbDRC2-p035-m2x_D05_roi_0.png",20250424,"CbDRC2","p035","m2x","D05",0,682.045362506834,31.5695410107344,"","48h",10,"15hHB101","DMSO",1,"IVERMECTIN",0.00023,NA,NA,"ECA2666","2_M",NA,NA,NA,556.09001994801,230.085360388265,439.50737160205,506.573785811951,574.602651237734,107.079140496038,626.402704524698,664.68982682354,704.604874696227,0.192557205946708,24.0200294698196,17.2922327169614,19.1429600285654,20.9653390151853,22.8795925562652,5.49582513654274,25.8130007026358,28.7713476531282,42.356843295895,0.228801764937386,35,"2_M_ECA2666_0.00023",NA,NA,NA,NA,NA,"2_M",146.556159806859,428.046491430875,23.1940086619837,18.4550457693184,7.14951711570053e-42,208.851864384434,-62.2957045775746
"20250424-CbDRC2-p035-m2x_D06_roi_0.png",20250424,"CbDRC2","p035","m2x","D06",0,531.592088455306,17.1211647380866,"","48h",10,"15hHB101","DMSO",1,"IVERMECTIN",0.00046,NA,NA,"ECA2666","2_M",NA,NA,NA,467.930265635552,188.357596917138,332.641695705868,469.557767166038,492.852498425206,99.7038977247354,526.580598028371,537.42750434325,586.000030389999,0.213074265647929,21.019873275614,10.7380701753597,17.0883096721879,18.5974030157505,21.2335611389309,4.14783205162041,23.0824734474838,26.0093270115751,29.7349784240976,0.197329070315209,23,"2_M_ECA2666_0.00046",NA,NA,NA,NA,NA,"2_M",64.8060069943309,428.046491430875,23.1940086619837,18.4550457693184,7.14951711570053e-42,208.851864384434,-144.045857390103
"20250424-CbDRC2-p035-m2x_D07_roi_1.png",20250424,"CbDRC2","p035","m2x","D07",1,391.694413401599,19.747414040954,"","48h",10,"15hHB101","DMSO",1,"IVERMECTIN",0.00093,NA,NA,"ECA2666","2_M",NA,NA,NA,361.538760583874,267.921754173458,318.406092348663,346.441564330709,370.87433790139,36.3734625927124,383.131220017764,399.653906005851,412.837329694139,0.100607366507454,18.5280617085164,14.879111200153,17.2355622839106,17.8734271208038,18.4816056813183,1.34154667188925,19.295367826354,19.9829252913772,20.7177244558129,0.0724062070277223,29,"2_M_ECA2666_0.00093",NA,NA,NA,NA,NA,"2_M",-57.1721535294854,428.046491430875,23.1940086619837,18.4550457693184,7.14951711570053e-42,208.851864384434,-266.024017913919
"20250424-CbDRC2-p035-m2x_D08_roi_1.png",20250424,"CbDRC2","p035","m2x","D08",1,301.346101562763,15.5478425057072,"","48h",10,"15hHB101","DMSO",1,"IVERMECTIN",0.0018,NA,NA,"ECA2666","2_M",NA,NA,NA,288.221048194208,187.029229126219,260.954019230148,272.872778889965,291.834439202638,30.2546509571256,301.829017875453,320.240513905643,356.621575087559,0.104970303684204,15.5775416918285,11.8347185549844,14.5716128686046,14.8617979456719,15.5292849620149,1.16610054537103,16.1577206202961,17.0766888863747,17.8314552569106,0.0748578028831552,36,"2_M_ECA2666_0.0018",NA,NA,NA,NA,NA,"2_M",-136.212052228237,428.046491430875,23.1940086619837,18.4550457693184,7.14951711570053e-42,208.851864384434,-345.063916612671
"20250424-CbDRC2-p035-m2x_D09_roi_1.png",20250424,"CbDRC2","p035","m2x","D09",1,259.293771123103,14.4633360680686,"","48h",10,"15hHB101","DMSO",1,"IVERMECTIN",0.0037,NA,NA,"ECA2666","2_M",NA,NA,NA,282.067003132513,228.543838145541,236.393871109252,243.918177683538,259.293771123103,103.614874107961,271.950172478963,288.895751645456,722.623101091527,0.367341351371339,15.1335836002811,8.26009851237169,13.7973454447205,14.4633360680686,14.8653490680276,2.43192895523157,15.7901190658971,16.2444296748558,22.2359973999059,0.160697493697818,21,"2_M_ECA2666_0.0037",NA,NA,NA,NA,NA,"2_M",-168.752720307772,428.046491430875,23.1940086619837,18.4550457693184,7.14951711570053e-42,208.851864384434,-377.604584692206
"20250424-CbDRC2-p035-m2x_D10_roi_0.png",20250424,"CbDRC2","p035","m2x","D10",0,253.074188164267,15.0713321149047,"","48h",10,"15hHB101","DMSO",1,"IVERMECTIN",0.0075,NA,NA,"ECA2666","2_M",NA,NA,NA,231.146049261292,119.117906494868,189.966236508745,228.7041560108,241.549857236129,33.8799945323213,246.59945719168,256.160676870022,271.985395656141,0.146573971913414,14.0905919504351,10.1772905306064,13.2084370551912,13.7453619210711,14.2511982258963,1.26366031451054,14.6210623562457,15.2179688752795,15.9677511646729,0.0896811375246393,28,"2_M_ECA2666_0.0075",NA,NA,NA,"outlier","outlier","2_M",-186.496634194746,428.046491430875,23.1940086619837,18.4550457693184,7.14951711570053e-42,208.851864384434,-395.34849857918
"20250424-CbDRC2-p035-m2x_D11_roi_0.png",20250424,"CbDRC2","p035","m2x","D11",0,244.044580487158,14.0790698834891,"","48h",10,"15hHB101","DMSO",1,"IVERMECTIN",0.015,NA,NA,"ECA2666","2_M",NA,NA,NA,231.362553706505,135.868599194576,208.67093526101,220.421068260959,235.025906471911,26.538365021226,249.828376524619,255.466868316202,266.406958505607,0.114704668478423,14.030829058694,9.74109197679021,13.2766122395435,13.4991646156495,14.0574569731327,1.23829968940798,14.6033294531106,15.2792337101486,16.6349023350493,0.0882556322386872,25,"2_M_ECA2666_0.015",NA,NA,NA,NA,NA,"2_M",-193.020584958964,428.046491430875,23.1940086619837,18.4550457693184,7.14951711570053e-42,208.851864384434,-401.872449343398
"20250424-CbDRC2-p035-m2x_D12_roi_0.png",20250424,"CbDRC2","p035","m2x","D12",0,210.825090449838,13.5840773256439,"","48h",10,"15hHB101","DMSO",1,"IVERMECTIN",0.03,NA,NA,"ECA2666","2_M",NA,NA,NA,214.693299409246,184.370664828257,192.335537434023,196.546516226212,214.183686568791,19.045232364973,225.962803861166,236.883664263322,259.287665411881,0.0887090208095836,14.0638373749262,12.8327962310903,13.3881982384855,13.7139047539463,14.1020334088417,0.625883650744116,14.3742590374517,14.8120755089679,15.3301275964343,0.0445030494920239,24,"2_M_ECA2666_0.03",NA,NA,NA,NA,NA,"2_M",-213.862804862084,428.046491430875,23.1940086619837,18.4550457693184,7.14951711570053e-42,208.851864384434,-422.714669246518
"20250424-CbDRC2-p035-m2x_E01_roi_0.png",20250424,"CbDRC2","p035","m2x","E01",0,736.452692335131,37.9531969183785,"","48h",10,"15hHB101","DMSO",1,"IVERMECTIN",0,NA,NA,"VX34","2_M",NA,NA,NA,692.56619636363,212.374651374072,632.049747766917,677.697306511524,726.620596794551,143.377454710644,769.334231009491,778.323685545908,816.76404581683,0.207023466440404,35.4231660593675,15.4351491210146,33.5331150350678,35.9213087576964,36.8821631210283,5.77736663916724,37.7370495486474,38.7182179512034,39.3998726723604,0.163095716218157,15,"2_M_VX34_0",NA,NA,NA,NA,NA,"2_M",250.973596074106,475.647000720446,31.6552380427125,15.0258544914006,2.52031100987692e-32,239.366746355374,11.6068497187321
"20250424-CbDRC2-p035-m2x_E02_roi_0.png",20250424,"CbDRC2","p035","m2x","E02",0,707.10175444197,36.4605647673801,"","48h",10,"15hHB101","DMSO",1,"IVERMECTIN",2.9e-05,NA,NA,"VX34","2_M",NA,NA,NA,718.492094041331,293.106112890664,655.723339112812,703.736004231551,726.888062602054,90.4083303606979,764.841364921063,795.756428430473,817.359289525421,0.125830654380864,38.3075927729918,24.0723373378309,33.9098926019335,36.3684649827298,38.0877706078723,9.26457021639446,39.0954973460784,39.6581727925777,87.2550690567984,0.241846838857656,35,"2_M_VX34_2.9e-05",NA,NA,NA,NA,NA,"2_M",251.241061881608,475.647000720446,31.6552380427125,15.0258544914006,2.52031100987692e-32,239.366746355374,11.8743155262347
"20250424-CbDRC2-p035-m2x_E03_roi_0.png",20250424,"CbDRC2","p035","m2x","E03",0,737.187212005677,39.2587657558971,"","48h",10,"15hHB101","DMSO",1,"IVERMECTIN",5.8e-05,NA,NA,"VX34","2_M",NA,NA,NA,625.713759585079,148.329901896526,261.114140133501,666.420556895653,710.878107639456,210.75938987662,725.51811854419,739.23598665549,751.405075165243,0.336830358367663,34.1770225569934,12.7323266173792,19.2797691804651,35.5470459176911,36.9472397236244,9.17231503934983,38.580408827949,40.7806277489364,41.8433929281857,0.268376656394047,13,"2_M_VX34_5.8e-05",NA,NA,NA,NA,NA,"2_M",235.23110691901,475.647000720446,31.6552380427125,15.0258544914006,2.52031100987692e-32,239.366746355374,-4.13563943636336
"20250424-CbDRC2-p035-m2x_E04_roi_0.png",20250424,"CbDRC2","p035","m2x","E04",0,815.659519170767,37.5158343423412,"","48h",10,"15hHB101","DMSO",1,"IVERMECTIN",0.00011,NA,NA,"VX34","2_M",NA,NA,NA,731.337844077414,658.528318834496,680.6537564052,701.936827829894,722.472810870659,52.1413423366011,755.860694537982,813.633567627699,815.659519170767,0.071295835103922,37.3233620083214,33.7198514267885,34.7858648003294,35.745297529213,37.7372538607714,2.1011175923924,38.9574510101159,39.5534477641667,40.0332823389234,0.0562949712816318,10,"2_M_VX34_0.00011",NA,NA,NA,NA,NA,"2_M",246.825810150214,475.647000720446,31.6552380427125,15.0258544914006,2.52031100987692e-32,239.366746355374,7.45906379483972
"20250424-CbDRC2-p035-m2x_E05_roi_0.png",20250424,"CbDRC2","p035","m2x","E05",0,738.36707798777,35.0635781485833,"","48h",10,"15hHB101","DMSO",1,"IVERMECTIN",0.00023,NA,NA,"VX34","2_M",NA,NA,NA,706.855572327528,547.581437546765,628.531120125206,714.654336873737,733.147856028424,67.9486941771734,738.36707798777,751.661779416887,764.618286403618,0.0961281156112733,35.7623494673759,31.1449771577564,33.6938435615405,34.8939767245636,35.1400132847847,2.3801738774919,37.1441117690545,38.6000930888302,38.9065084912214,0.0665552994403573,9,"2_M_VX34_0.00023",NA,NA,NA,NA,NA,"2_M",257.500855307979,475.647000720446,31.6552380427125,15.0258544914006,2.52031100987692e-32,239.366746355374,18.1341089526051
"20250424-CbDRC2-p035-m2x_E06_roi_0.png",20250424,"CbDRC2","p035","m2x","E06",0,692.378699358362,34.4221094175417,"","48h",10,"15hHB101","DMSO",1,"IVERMECTIN",0.00046,NA,NA,"VX34","2_M",NA,NA,NA,591.143721163032,191.146866386426,458.39234441758,592.18317695837,620.590533826069,136.646834647534,665.013509711313,697.588735481794,709.509924888618,0.231156704800469,29.3284760905677,13.6199642494466,22.0747989494017,27.2035557403516,30.4428513106806,6.37698174882334,34.3792926175829,34.9550006167119,36.8712519486611,0.217433109348434,17,"2_M_VX34_0.00046",NA,NA,NA,NA,NA,"2_M",144.943533105624,475.647000720446,31.6552380427125,15.0258544914006,2.52031100987692e-32,239.366746355374,-94.42321324975
"20250424-CbDRC2-p035-m2x_E07_roi_0.png",20250424,"CbDRC2","p035","m2x","E07",0,349.638043548201,17.9871196729563,"","48h",10,"15hHB101","DMSO",1,"IVERMECTIN",0.00093,NA,NA,"VX34","2_M",NA,NA,NA,366.463934533957,324.575610449151,333.706601274761,339.011978283649,349.638043548201,43.2425386459697,371.395274542288,429.182595642765,452.568051645499,0.11799943888329,18.710897775335,16.5489753366884,17.2881417548463,17.6714843166518,18.694640987964,1.6182610253869,19.1805497326251,20.1185214636639,22.1743785980477,0.086487620466834,9,"2_M_VX34_0.00093",NA,NA,NA,NA,NA,"2_M",-126.008957172245,475.647000720446,31.6552380427125,15.0258544914006,2.52031100987692e-32,239.366746355374,-365.375703527619
"20250424-CbDRC2-p035-m2x_E09_roi_1.png",20250424,"CbDRC2","p035","m2x","E09",1,180.526937274181,15.3785883949195,"","48h",10,"15hHB101","DMSO",1,"IVERMECTIN",0.0037,NA,NA,"VX34","2_M",NA,NA,NA,238.610648571867,180.526937274181,211.765167420537,232.973577289528,247.311984071934,28.5524908426264,253.799802081862,259.843760998172,268.888859914176,0.119661427574665,15.3736693341331,14.4323987969066,14.8169673939699,15.1835425074506,15.3194519646967,0.566462491144065,15.7142977271581,16.0572658788825,16.0681541081112,0.036846277803464,7,"2_M_VX34_0.0037",NA,NA,NA,NA,NA,"2_M",-228.335016648512,475.647000720446,31.6552380427125,15.0258544914006,2.52031100987692e-32,239.366746355374,-467.701763003886
"20250424-CbDRC2-p035-m2x_E10_roi_0.png",20250424,"CbDRC2","p035","m2x","E10",0,218.844161925439,12.9710860820713,"","48h",10,"15hHB101","DMSO",1,"IVERMECTIN",0.0075,NA,NA,"VX34","2_M",NA,NA,NA,225.024019688817,173.402418862383,195.095550587286,215.231273204283,228.327277133356,27.0419032041637,241.630826725764,250.185263764715,261.033220006885,0.120173407450279,14.0812643892476,12.6353774338566,12.8703734876069,13.4465107626996,14.1863566746648,0.974355603360749,14.8448661835152,15.0727861506746,15.2848685526784,0.0691951785313232,8,"2_M_VX34_0.0075",NA,NA,NA,NA,NA,"2_M",-247.319723587089,475.647000720446,31.6552380427125,15.0258544914006,2.52031100987692e-32,239.366746355374,-486.686469942463
"20250424-CbDRC2-p035-m2x_E11_roi_0.png",20250424,"CbDRC2","p035","m2x","E11",0,221.979777380071,14.4582120532327,"","48h",10,"15hHB101","DMSO",1,"IVERMECTIN",0.015,NA,NA,"VX34","2_M",NA,NA,NA,225.362972660515,157.532512550983,193.09232389448,213.892560085714,234.375116493275,30.9068309664336,243.372478373043,251.738533200635,269.928099520168,0.137142453356752,14.4193788551346,12.9187096846875,14.0512187898746,14.2148321461882,14.4582120532327,0.643390576222371,14.7471911692946,14.9003713523716,15.4947698073404,0.0446198537874789,11,"2_M_VX34_0.015",NA,NA,NA,NA,NA,"2_M",-241.271884227171,475.647000720446,31.6552380427125,15.0258544914006,2.52031100987692e-32,239.366746355374,-480.638630582545
"20250424-CbDRC2-p035-m2x_E12_roi_1.png",20250424,"CbDRC2","p035","m2x","E12",1,209.679172206716,13.6877433742555,"","48h",10,"15hHB101","DMSO",1,"IVERMECTIN",0.03,NA,NA,"VX34","2_M",NA,NA,NA,211.146160164209,136.15967587315,170.237969416333,209.679172206716,215.582028406908,34.7559240413965,232.121953681024,245.700841580695,246.269812220774,0.164605996217817,15.150755395871,13.6877433742555,13.8034712411356,13.9731673255208,14.2238396518908,2.66903924936565,14.7832767538213,16.3364442564208,22.1707973462128,0.176165424074699,9,"2_M_VX34_0.03",NA,NA,NA,NA,NA,"2_M",-260.064972313538,475.647000720446,31.6552380427125,15.0258544914006,2.52031100987692e-32,239.366746355374,-499.431718668912
"20250424-CbDRC2-p035-m2x_F01_roi_0.png",20250424,"CbDRC2","p035","m2x","F01",0,635.994429713804,35.6016577505009,"","48h",10,"15hHB101","DMSO",1,"IVERMECTIN",0,NA,NA,"PB420","2_M",NA,NA,NA,611.750316775114,278.690723212912,577.236862323157,614.3582331142,640.606049761245,104.471229333527,657.731775962661,670.732799043004,684.019838705531,0.170774295441734,35.9162886110121,16.9550901478212,34.2305687814476,36.1584068656068,37.1812628546523,5.95603984000703,38.483219124713,39.6188000489833,40.2638093988479,0.16583116102316,13,"2_M_PB420_0",NA,NA,NA,NA,NA,"2_M",206.273964011879,434.332085749366,24.9979947579738,17.3746770472789,3.4105731271898e-39,188.841855702527,17.4321083093526
"20250424-CbDRC2-p035-m2x_F02_roi_0.png",20250424,"CbDRC2","p035","m2x","F02",0,607.052133382098,35.3120910196469,"","48h",10,"15hHB101","DMSO",1,"IVERMECTIN",2.9e-05,NA,NA,"PB420","2_M",NA,NA,NA,611.594523260696,199.583129479,593.590682363428,610.462938983979,638.324663782224,107.399741524172,653.11292928148,681.220141348613,691.43613251027,0.175606120459637,35.9326806950432,14.9852774407424,34.1314824486067,35.5694141790717,37.5618599305433,5.98559796286638,38.6577828512523,39.4039110292952,42.5831980532695,0.166578107925359,29,"2_M_PB420_2.9e-05",NA,NA,NA,NA,NA,"2_M",203.992578032858,434.332085749366,24.9979947579738,17.3746770472789,3.4105731271898e-39,188.841855702527,15.1507223303314
"20250424-CbDRC2-p035-m2x_F04_roi_0.png",20250424,"CbDRC2","p035","m2x","F04",0,930.499728646885,25.5534563598903,"","48h",10,"15hHB101","DMSO",1,"IVERMECTIN",0.00011,NA,NA,"PB420","2_M",NA,NA,NA,634.174168755156,268.904062347998,604.292035627756,631.05431046222,637.391276414996,92.8062940782577,652.850707864043,664.818036240022,930.499728646885,0.146341965110989,36.2900786083743,16.7492997730551,32.9822071162017,35.9085744110019,36.984403539601,4.72610339748831,38.8080399631874,39.859641312366,41.899872752147,0.130231280248528,31,"2_M_PB420_0.00011",NA,NA,NA,NA,NA,"2_M",203.05919066563,434.332085749366,24.9979947579738,17.3746770472789,3.4105731271898e-39,188.841855702527,14.2173349631035
"20250424-CbDRC2-p035-m2x_F05_roi_0.png",20250424,"CbDRC2","p035","m2x","F05",0,639.808817977012,38.6107353769102,"","48h",10,"15hHB101","DMSO",1,"IVERMECTIN",0.00023,NA,NA,"PB420","2_M",NA,NA,NA,635.947521233518,413.364246340186,587.333561796167,640.05617167234,646.946092313644,53.4742220395491,662.066751111909,673.018692732316,695.539857215898,0.0840859037170672,36.9295260274942,31.8424798012442,34.2367084269552,36.5086385604888,37.1171723107499,2.01624836648657,37.9908119557353,38.9841937865646,40.1662688744299,0.0545971904699092,26,"2_M_PB420_0.00023",NA,NA,NA,NA,NA,"2_M",212.614006564278,434.332085749366,24.9979947579738,17.3746770472789,3.4105731271898e-39,188.841855702527,23.7721508617516
"20250424-CbDRC2-p035-m2x_F06_roi_0.png",20250424,"CbDRC2","p035","m2x","F06",0,685.133123727144,37.9208793361749,"","48h",10,"15hHB101","DMSO",1,"IVERMECTIN",0.00046,NA,NA,"PB420","2_M",NA,NA,NA,521.891622200011,0,140.168858976404,561.31595408139,608.732894975405,205.606767446036,639.725334010575,675.676272932592,701.23345927317,0.393964491285202,31.2484565266868,12.9006039054052,19.961329491908,29.8332905832887,33.7582372493732,7.33789763341491,35.7294995003427,37.9056357098829,38.7943055307037,0.23482432251168,30,"2_M_PB420_0.00046",NA,NA,NA,NA,NA,"2_M",174.400809226039,434.332085749366,24.9979947579738,17.3746770472789,3.4105731271898e-39,188.841855702527,-14.4410464764877
"20250424-CbDRC2-p035-m2x_F07_roi_0.png",20250424,"CbDRC2","p035","m2x","F07",0,412.70064028191,20.6111103673119,"","48h",10,"15hHB101","DMSO",1,"IVERMECTIN",0.00093,NA,NA,"PB420","2_M",NA,NA,NA,320.691349239135,275.731809748317,286.298264639213,300.590329168641,312.896757651759,30.682930057866,340.350999438007,347.861529970321,412.70064028191,0.095677448520715,17.7207090204046,14.6324851174079,17.0184698390344,17.272621628024,17.6874987602875,1.11890422342335,17.8811378991785,18.2451186341865,20.6111103673119,0.0631410527724925,23,"2_M_PB420_0.00093",NA,NA,NA,NA,NA,"2_M",-121.435328097607,434.332085749366,24.9979947579738,17.3746770472789,3.4105731271898e-39,188.841855702527,-310.277183800133
"20250424-CbDRC2-p035-m2x_F08_roi_0.png",20250424,"CbDRC2","p035","m2x","F08",0,228.028279224077,16.9751993578798,"","48h",10,"15hHB101","DMSO",1,"IVERMECTIN",0.0018,NA,NA,"PB420","2_M",NA,NA,NA,238.141509787576,121.044480311151,191.509456732248,228.028279224077,248.107170477361,42.3784259775869,266.120627276196,277.726787789297,280.276585200903,0.177954805171886,15.7102279974955,14.191306985958,14.6510055825025,14.8271444580775,15.193675500916,1.20530051347393,16.4368013526499,17.1526542115765,18.7260329914231,0.0767207524719615,17,"2_M_PB420_0.0018",NA,NA,NA,NA,NA,"2_M",-186.224915272005,434.332085749366,24.9979947579738,17.3746770472789,3.4105731271898e-39,188.841855702527,-375.066770974531
"20250424-CbDRC2-p035-m2x_F09_roi_0.png",20250424,"CbDRC2","p035","m2x","F09",0,263.526150869578,14.520358621933,"","48h",10,"15hHB101","DMSO",1,"IVERMECTIN",0.0037,NA,NA,"PB420","2_M",NA,NA,NA,234.972126164257,167.365707089093,212.390772994325,227.613382826113,237.653132550836,24.7535628939427,252.584710760661,257.449147150468,274.812267546883,0.105346805589352,15.001790386136,12.1901252530058,13.9019037580001,14.4720280781262,14.9639810079483,1.02695889048929,15.709681151255,16.4880697841973,16.6987602875967,0.0684557552169478,34,"2_M_PB420_0.0037",NA,NA,NA,NA,NA,"2_M",-196.67895319853,434.332085749366,24.9979947579738,17.3746770472789,3.4105731271898e-39,188.841855702527,-385.520808901057
"20250424-CbDRC2-p035-m2x_F10_roi_0.png",20250424,"CbDRC2","p035","m2x","F10",0,240.129342565625,14.0486386420073,"","48h",10,"15hHB101","DMSO",1,"IVERMECTIN",0.0075,NA,NA,"PB420","2_M",NA,NA,NA,216.531636195658,122.118414500798,178.374020555865,207.638334215727,224.744776427601,32.6623334937858,239.147655957344,246.312768624829,252.540293289593,0.150843239665321,14.5753670224949,13.0664064852078,13.5506673591336,13.8397710744687,14.3912770373826,0.97834137862612,15.1976826556669,15.7627159132919,16.4625664708574,0.0671229326243515,18,"2_M_PB420_0.0075",NA,NA,NA,NA,NA,"2_M",-209.587309321765,434.332085749366,24.9979947579738,17.3746770472789,3.4105731271898e-39,188.841855702527,-398.429165024292
"20250424-CbDRC2-p035-m2x_F11_roi_1.png",20250424,"CbDRC2","p035","m2x","F11",1,213.705247663676,13.5992195818436,"","48h",10,"15hHB101","DMSO",1,"IVERMECTIN",0.015,NA,NA,"PB420","2_M",NA,NA,NA,223.50265874837,197.82203175395,205.516206588161,214.129559209581,221.862326532124,16.4594282132218,231.7780175735,241.458165661537,275.1756881943,0.0736430980525944,14.2489959522699,13.4911697996668,13.8186898417113,13.9390443055271,14.1077806357023,0.478714094334065,14.4983389027795,14.8630931127594,15.4311777703622,0.033596338713101,26,"2_M_PB420_0.015",NA,NA,NA,NA,NA,"2_M",-212.469759217241,434.332085749366,24.9979947579738,17.3746770472789,3.4105731271898e-39,188.841855702527,-401.311614919768
"20250424-CbDRC2-p035-m2x_F12_roi_0.png",20250424,"CbDRC2","p035","m2x","F12",0,209.945034313102,15.2632737753172,"","48h",10,"15hHB101","DMSO",1,"IVERMECTIN",0.03,NA,NA,"PB420","2_M",NA,NA,NA,207.397469513366,177.109014427752,189.94788318107,196.427871726636,208.252338054219,14.5919876706255,215.336774095105,224.890981575542,239.072560794688,0.0703575974425527,14.4734452324709,13.5593943233526,13.7448384747598,14.1501433796772,14.4711606924807,0.524378272921368,14.8627143748952,15.1646335486955,15.3912976955847,0.0362303697909421,24,"2_M_PB420_0.03",NA,NA,NA,NA,NA,"2_M",-226.079747695147,434.332085749366,24.9979947579738,17.3746770472789,3.4105731271898e-39,188.841855702527,-414.921603397674
"20250424-CbDRC2-p036-m2x_A01_roi_0.png",20250424,"CbDRC2","p036","m2x","A01",0,638.89624294439,37.7405350268848,"","48h",10,"15hHB101","DMSO",1,"IVERMECTIN",0,NA,NA,"JU3237","2_M",NA,NA,NA,602.205626273092,124.07513437617,566.748599832325,591.241637301263,622.256879454071,81.2618002913076,637.097779622423,651.227776086153,727.91474136554,0.134940287413483,35.7262829203014,16.7152123213429,32.1561367479853,33.5437835481573,36.5623119826568,4.26392009997856,38.3275970975888,39.9803254336684,42.7737806658884,0.119349670646973,85,"2_M_JU3237_0",NA,"n>75",NA,NA,NA,"2_M",166.408544441915,455.848335012156,24.5659312291378,18.5561186653275,1.24613423832017e-41,185.742269212847,-19.3337247709318
"20250424-CbDRC2-p036-m2x_A03_roi_0.png",20250424,"CbDRC2","p036","m2x","A03",0,570.51167300266,37.4366802520385,"","48h",10,"15hHB101","DMSO",1,"IVERMECTIN",5.8e-05,NA,NA,"JU3237","2_M",NA,NA,NA,615.67885663867,176.833565116441,563.519691049502,593.223924331332,616.562791933664,142.456805072251,639.585920283934,667.449394134175,1225.85310451509,0.231381674936835,34.8551549575107,15.1191656243656,28.9886607719926,32.5103195290702,36.1085923229711,5.69416795015425,37.9550088960859,39.8071751916338,48.5845348426293,0.163366594040267,55,"2_M_JU3237_5.8e-05",NA,NA,NA,NA,NA,"2_M",160.714456921508,455.848335012156,24.5659312291378,18.5561186653275,1.24613423832017e-41,185.742269212847,-25.0278122913389
"20250424-CbDRC2-p036-m2x_A04_roi_0.png",20250424,"CbDRC2","p036","m2x","A04",0,600.539846606397,29.0114421637112,"","48h",10,"15hHB101","DMSO",1,"IVERMECTIN",0.00011,NA,NA,"JU3237","2_M",NA,NA,NA,592.010225577038,153.874753859038,503.674465763979,588.285634341828,608.466981654714,80.1440539105414,632.802788342357,645.203695184713,674.507834935447,0.135376131100479,35.2657333368487,15.6613686823666,30.9917023782623,34.089761562156,36.4785824846652,4.13667160080684,37.6907832972766,38.4642333339279,44.7684630951629,0.117300030635815,61,"2_M_JU3237_0.00011",NA,NA,NA,NA,NA,"2_M",152.618646642559,455.848335012156,24.5659312291378,18.5561186653275,1.24613423832017e-41,185.742269212847,-33.1236225702883
"20250424-CbDRC2-p036-m2x_A05_roi_0.png",20250424,"CbDRC2","p036","m2x","A05",0,639.09774878368,39.5191742632502,"","48h",10,"15hHB101","DMSO",1,"IVERMECTIN",0.00023,NA,NA,"JU3237","2_M",NA,NA,NA,612.784900273363,466.030023368261,575.840339623891,597.347464721024,617.07534954014,39.7162100901978,635.92562081424,647.468622814161,685.462605640196,0.0648126448162812,35.2489616959415,25.9112796203325,31.6820073969166,33.4627682264145,35.8677804860515,2.6798233280644,37.1608361290186,38.3132256593382,39.5191742632502,0.0760255961914744,55,"2_M_JU3237_0.00023",NA,NA,NA,NA,NA,"2_M",161.227014527984,455.848335012156,24.5659312291378,18.5561186653275,1.24613423832017e-41,185.742269212847,-24.5152546848626
"20250424-CbDRC2-p036-m2x_A06_roi_0.png",20250424,"CbDRC2","p036","m2x","A06",0,657.108660824129,36.5145003469233,"","48h",10,"15hHB101","DMSO",1,"IVERMECTIN",0.00046,NA,NA,"JU3237","2_M",NA,NA,NA,566.462420149844,314.68622350721,492.533429348663,536.620354237006,579.490426925047,65.6536387546979,607.560899947231,629.856269590687,689.627674402686,0.115901137338168,32.028066650321,24.0407410720071,26.4174455585874,29.0356813547371,31.9707125163604,4.60966274953793,34.6761926792067,36.4952798679316,52.8636514767795,0.143925726140942,64,"2_M_JU3237_0.00046",NA,NA,NA,NA,NA,"2_M",123.642091912891,455.848335012156,24.5659312291378,18.5561186653275,1.24613423832017e-41,185.742269212847,-62.1001772999555
"20250424-CbDRC2-p036-m2x_A07_roi_0.png",20250424,"CbDRC2","p036","m2x","A07",0,516.206320029409,22.7998357491065,"","48h",10,"15hHB101","DMSO",1,"IVERMECTIN",0.00093,NA,NA,"JU3237","2_M",NA,NA,NA,363.608982994459,198.812252598117,321.610424535468,347.086302130659,363.175460417101,46.769360678453,379.820446989417,402.531633464433,516.206320029409,0.128625426944322,18.0092377722561,13.2233196130909,16.1823305310693,16.9408796041743,18.0855347253225,1.69488959109944,18.7229735172505,19.7140372049609,22.7998357491065,0.0941122335399713,56,"2_M_JU3237_0.00093",NA,NA,NA,NA,NA,"2_M",-92.6728745950551,455.848335012156,24.5659312291378,18.5561186653275,1.24613423832017e-41,185.742269212847,-278.415143807902
"20250424-CbDRC2-p036-m2x_A08_roi_0.png",20250424,"CbDRC2","p036","m2x","A08",0,274.491804545677,14.9927384525332,"","48h",10,"15hHB101","DMSO",1,"IVERMECTIN",0.0018,NA,NA,"JU3237","2_M",NA,NA,NA,280.142377709552,226.897394089778,254.551107087092,270.080373284998,280.403989807758,20.2759620565462,291.459937102191,302.809869128766,326.851683479728,0.0723773469131046,15.8926128813482,14.1461222424322,14.7378329256141,15.1666317118883,15.7499791282634,1.13704059017471,16.2316866685284,16.8853905243019,20.5964683248098,0.071545226619668,60,"2_M_JU3237_0.0018",NA,NA,NA,NA,NA,"2_M",-175.444345204398,455.848335012156,24.5659312291378,18.5561186653275,1.24613423832017e-41,185.742269212847,-361.186614417245
"20250424-CbDRC2-p036-m2x_A09_roi_10.png",20250424,"CbDRC2","p036","m2x","A09",10,237.741617736616,14.5009156894533,"","48h",10,"15hHB101","DMSO",1,"IVERMECTIN",0.0037,NA,NA,"JU3237","2_M",NA,NA,NA,270.219219433124,165.984733963634,241.778090034279,250.743178421152,263.757827593855,41.1238990388419,283.515865659933,290.927118224908,474.797217143482,0.152187172789238,15.0173141802588,11.6151206712728,14.0788491840397,14.7491144165258,15.1584506937701,0.824140164231943,15.4703654050013,15.7986450874256,16.544069913595,0.0548793315728407,49,"2_M_JU3237_0.0037",NA,NA,NA,NA,NA,"2_M",-192.090507418301,455.848335012156,24.5659312291378,18.5561186653275,1.24613423832017e-41,185.742269212847,-377.832776631148
"20250424-CbDRC2-p036-m2x_A10_roi_0.png",20250424,"CbDRC2","p036","m2x","A10",0,272.87947097796,13.501843937853,"","48h",10,"15hHB101","DMSO",1,"IVERMECTIN",0.0075,NA,NA,"JU3237","2_M",NA,NA,NA,235.010843796935,196.29225332563,211.3166224129,223.849729877168,236.85255845528,17.1956831405676,244.345629766214,251.879686977073,282.421695330891,0.0731697434158645,14.6758768437828,11.8221023543252,13.6797587213465,14.2182858737096,14.6787265490475,0.942266267314596,15.1582506897801,15.6522422740108,18.1743764469008,0.0642051086517377,74,"2_M_JU3237_0.0075",NA,NA,NA,NA,NA,"2_M",-218.995776556875,455.848335012156,24.5659312291378,18.5561186653275,1.24613423832017e-41,185.742269212847,-404.738045769722
"20250424-CbDRC2-p036-m2x_A11_roi_10.png",20250424,"CbDRC2","p036","m2x","A11",10,231.224150911946,13.14954972161,"","48h",10,"15hHB101","DMSO",1,"IVERMECTIN",0.015,NA,NA,"JU3237","2_M",NA,NA,NA,225.345781765877,181.01354705835,204.257122999596,214.277249632186,227.344701077923,17.7627183758933,238.803436894104,242.623018418903,266.434531163359,0.0788242772360742,14.6948175252376,13.14954972161,13.7259992060105,14.3005137864918,14.7950160312372,0.630963084653101,15.1441719156881,15.5229924282452,15.723829945942,0.0429377965101952,51,"2_M_JU3237_0.015",NA,NA,NA,NA,NA,"2_M",-228.503633934232,455.848335012156,24.5659312291378,18.5561186653275,1.24613423832017e-41,185.742269212847,-414.245903147079
"20250424-CbDRC2-p036-m2x_B01_roi_0.png",20250424,"CbDRC2","p036","m2x","B01",0,691.544875402146,35.3482011666755,"","48h",10,"15hHB101","DMSO",1,"IVERMECTIN",0,NA,NA,"ED3102","2_M",NA,NA,NA,656.128590850069,145.409921383486,597.161276271138,646.514066153276,671.391436579963,130.568737736217,691.643021181644,701.58565591588,1252.58724109454,0.198998701713416,35.6820610997204,8.96068424531714,32.1757095046026,34.2648423983668,35.3207312105476,8.16629326328577,37.6966248645459,39.5874215048465,80.7339601913405,0.228862711726867,52,"2_M_ED3102_0",NA,NA,NA,NA,NA,"2_M",223.357123455306,448.034313124656,25.8114203763036,17.3579875339204,5.6223286839813e-39,224.962051368695,-1.60492791338859
"20250424-CbDRC2-p036-m2x_B02_roi_0.png",20250424,"CbDRC2","p036","m2x","B02",0,709.862871623224,38.2449839644401,"","48h",10,"15hHB101","DMSO",1,"IVERMECTIN",2.9e-05,NA,NA,"ED3102","2_M",NA,NA,NA,660.754590889783,446.681288525476,622.756661396287,651.847982845341,672.457091830973,60.1916152446368,691.209552876265,700.771679717044,739.639340229618,0.0910952660405761,35.3815981036336,31.1672330702957,32.7356786754675,33.9641279946146,34.9341494715256,2.18525628776902,36.8305818142008,38.1873487952494,40.826393798604,0.0617625094651844,37,"2_M_ED3102_2.9e-05",NA,NA,NA,NA,NA,"2_M",224.422778706316,448.034313124656,25.8114203763036,17.3579875339204,5.6223286839813e-39,224.962051368695,-0.539272662378522
"20250424-CbDRC2-p036-m2x_B03_roi_0.png",20250424,"CbDRC2","p036","m2x","B03",0,717.862664073813,35.3269052554323,"","48h",10,"15hHB101","DMSO",1,"IVERMECTIN",5.8e-05,NA,NA,"ED3102","2_M",NA,NA,NA,670.386921418247,577.600013315355,623.247020108798,650.506319633484,674.079536743297,35.1818785580368,696.382880363216,715.176376422209,725.749400184777,0.0524799596084113,35.2479569988853,27.936507399891,32.9602655954907,34.7552033643365,35.5658434239828,2.14571273163639,36.2726192405402,37.6952833507736,39.312574877911,0.0608748113175537,58,"2_M_ED3102_5.8e-05",NA,NA,NA,NA,NA,"2_M",226.045223618641,448.034313124656,25.8114203763036,17.3579875339204,5.6223286839813e-39,224.962051368695,1.0831722499457
"20250424-CbDRC2-p036-m2x_B04_roi_0.png",20250424,"CbDRC2","p036","m2x","B04",0,698.932682822591,34.1318530096741,"","48h",10,"15hHB101","DMSO",1,"IVERMECTIN",0.00011,NA,NA,"ED3102","2_M",NA,NA,NA,648.850773956242,25.6034164551624,605.55276845761,641.163274196346,673.778634498296,117.1874261084,699.761658834774,711.441654064,800.026069886027,0.180607669455138,48.2037617792667,23.1481468250267,30.5184672245777,31.7490885017374,35.4657495308345,89.0487073235448,36.509820877044,37.0977077473949,589.601994278836,1.84733937843512,39,"2_M_ED3102_0.00011",NA,NA,NA,NA,NA,"2_M",225.74432137364,448.034313124656,25.8114203763036,17.3579875339204,5.6223286839813e-39,224.962051368695,0.78227000494482
"20250424-CbDRC2-p036-m2x_B05_roi_0.png",20250424,"CbDRC2","p036","m2x","B05",0,717.50425624977,36.9829536967574,"","48h",10,"15hHB101","DMSO",1,"IVERMECTIN",0.00023,NA,NA,"ED3102","2_M",NA,NA,NA,609.363218403177,244.291044340842,424.821623645261,591.712738158656,641.68669745564,105.350207503395,674.494101441517,701.975715042967,726.339208347634,0.172885734356371,34.3931392508593,17.3663648858892,27.6184636209501,31.6523902492501,33.6357554313767,11.1438389507578,36.1789746318949,38.0312698452765,107.871123882249,0.324013428069942,54,"2_M_ED3102_0.00023",NA,NA,NA,NA,NA,"2_M",193.652384330984,448.034313124656,25.8114203763036,17.3579875339204,5.6223286839813e-39,224.962051368695,-31.3096670377111
"20250424-CbDRC2-p036-m2x_B06_roi_0.png",20250424,"CbDRC2","p036","m2x","B06",0,892.502282825303,13.3289505752004,"","48h",10,"15hHB101","DMSO",1,"IVERMECTIN",0.00046,NA,NA,"ED3102","2_M",NA,NA,NA,506.754258395676,332.208588127011,417.539942444935,439.142329924652,468.793229722095,116.918753854602,564.807818425111,588.921972095106,932.430649152742,0.230720811749571,22.6829501689177,12.3259850939249,18.5605981316883,20.4740939965286,22.2083036836716,4.78150824697379,24.1492654984114,28.156256836026,41.1584745829039,0.210797458503694,39,"2_M_ED3102_0.00046",NA,NA,NA,NA,NA,"2_M",20.7589165974385,448.034313124656,25.8114203763036,17.3579875339204,5.6223286839813e-39,224.962051368695,-204.203134771256
"20250424-CbDRC2-p036-m2x_B07_roi_1.png",20250424,"CbDRC2","p036","m2x","B07",1,341.331410662461,16.6017403625037,"","48h",10,"15hHB101","DMSO",1,"IVERMECTIN",0.00093,NA,NA,"ED3102","2_M",NA,NA,NA,326.636050407077,255.09483171669,286.046566654206,312.57212504981,325.989477746284,31.5314389077398,350.061329458862,366.98833795206,379.930803558348,0.0965338604493995,17.5303712726232,14.9455931787141,16.279595748351,16.8312717319768,17.6289926694673,1.02513036877835,18.1651460029849,18.8071790878474,19.559472688699,0.0584773906288726,43,"2_M_ED3102_0.00093",NA,NA,NA,NA,NA,"2_M",-122.044835378372,448.034313124656,25.8114203763036,17.3579875339204,5.6223286839813e-39,224.962051368695,-347.006886747067
"20250424-CbDRC2-p036-m2x_B08_roi_0.png",20250424,"CbDRC2","p036","m2x","B08",0,289.535229988849,16.2950608874381,"","48h",10,"15hHB101","DMSO",1,"IVERMECTIN",0.0018,NA,NA,"ED3102","2_M",NA,NA,NA,278.423982400659,265.71879523124,266.844156421066,268.532198205805,279.220952191273,12.6004509740809,289.112736386127,289.36623254776,289.535229988849,0.0452563420199504,17.7929279586903,16.2950608874381,16.3843390561919,16.5182563093227,17.5375699442674,1.65269039116154,18.8122415936351,19.4058032727271,19.8015110587884,0.0928846783957413,4,"2_M_ED3102_0.0018",NA,"n<5",NA,NA,NA,"2_M",-168.813360933383,448.034313124656,25.8114203763036,17.3579875339204,5.6223286839813e-39,224.962051368695,-393.775412302078
"20250424-CbDRC2-p036-m2x_B09_roi_0.png",20250424,"CbDRC2","p036","m2x","B09",0,293.41720865571,16.7941431134306,"","48h",10,"15hHB101","DMSO",1,"IVERMECTIN",0.0037,NA,NA,"ED3102","2_M",NA,NA,NA,247.963549796871,130.289181303115,218.462407297601,233.147452982746,252.676016186383,33.5030079698895,268.690596059942,285.301044878565,306.057648609547,0.135112632470921,15.3843241005468,13.674710862268,14.3307639289209,14.8233825415465,15.3070970940035,0.923508316989393,15.766732408238,16.6294754073446,18.2371601005016,0.0600291771646028,44,"2_M_ED3102_0.0037",NA,NA,NA,NA,NA,"2_M",-195.358296938274,448.034313124656,25.8114203763036,17.3579875339204,5.6223286839813e-39,224.962051368695,-420.320348306968
"20250424-CbDRC2-p036-m2x_B10_roi_0.png",20250424,"CbDRC2","p036","m2x","B10",0,233.697331151546,16.4656773745033,"","48h",10,"15hHB101","DMSO",1,"IVERMECTIN",0.0075,NA,NA,"ED3102","2_M",NA,NA,NA,226.672965498271,124.250273126524,195.735388258301,218.809982503718,233.397843528817,30.0539573474325,243.287515557059,250.524070591819,269.715585892183,0.132587303833821,15.3481439378953,13.0888128253109,14.2829760214041,14.5928579710759,15.1032089933847,1.15126079716584,15.8089346506965,16.7876537881445,19.1234588412194,0.0750097732875261,54,"2_M_ED3102_0.0075",NA,NA,NA,NA,NA,"2_M",-214.63646959584,448.034313124656,25.8114203763036,17.3579875339204,5.6223286839813e-39,224.962051368695,-439.598520964534
"20250424-CbDRC2-p036-m2x_B11_roi_1.png",20250424,"CbDRC2","p036","m2x","B11",1,219.010801614237,15.2072950460578,"","48h",10,"15hHB101","DMSO",1,"IVERMECTIN",0.015,NA,NA,"ED3102","2_M",NA,NA,NA,231.513080472616,190.289576652658,207.370608060276,217.854526467184,228.301825263913,21.7915045681418,246.221302539615,265.429842674543,280.348435109019,0.0941264507545586,15.258530330733,13.4519494098161,13.9434005597097,14.38508594021,15.1250216536801,1.12922413566462,16.0952605093842,16.7884183419459,17.8600149107191,0.0740060878202788,44,"2_M_ED3102_0.015",NA,NA,NA,NA,NA,"2_M",-219.732487860743,448.034313124656,25.8114203763036,17.3579875339204,5.6223286839813e-39,224.962051368695,-444.694539229438
"20250424-CbDRC2-p036-m2x_B12_roi_0.png",20250424,"CbDRC2","p036","m2x","B12",0,205.418823452807,16.5851126402025,"","48h",10,"15hHB101","DMSO",1,"IVERMECTIN",0.03,NA,NA,"ED3102","2_M",NA,NA,NA,218.830665711859,39.6171320287051,192.27464387263,209.117994638856,222.803329648384,37.5084748067216,243.527814630341,249.594550069718,256.861879706458,0.171404106845383,18.2161345126583,13.4280645872899,14.1943044218602,15.0184587560168,16.3136014080684,11.9244124696652,17.5411425061901,18.3989506685365,87.0699906741425,0.654607181418154,36,"2_M_ED3102_0.03",NA,NA,NA,"outlier","outlier","2_M",-225.230983476272,448.034313124656,25.8114203763036,17.3579875339204,5.6223286839813e-39,224.962051368695,-450.193034844967
"20250424-CbDRC2-p036-m2x_C01_roi_0.png",20250424,"CbDRC2","p036","m2x","C01",0,622.221336152537,30.7421071440184,"","48h",10,"15hHB101","DMSO",1,"IVERMECTIN",0,NA,NA,"NIC1667","2_M",NA,NA,NA,598.794027500802,179.796389146511,534.739560744223,577.79068461208,604.480594245218,95.1387913510787,633.301325872844,652.619179299649,1132.91362272084,0.158884001813046,30.8039663984218,13.8859836547154,27.5588348065606,30.1192619693298,31.0955384340239,3.86426330149802,32.4550783731926,34.2250163945103,37.8088727514434,0.125446939251823,84,"2_M_NIC1667_0",NA,"n>75",NA,NA,NA,"2_M",155.7292093461,448.751384899118,23.2047689837157,19.3387568397701,2.24376724869859e-44,168.954730350924,-13.2255210048241
"20250424-CbDRC2-p036-m2x_C02_roi_0.png",20250424,"CbDRC2","p036","m2x","C02",0,553.480010196681,27.6495979934051,"","48h",10,"15hHB101","DMSO",1,"IVERMECTIN",2.9e-05,NA,NA,"NIC1667","2_M",NA,NA,NA,594.86638614552,280.829447480288,511.210338066736,577.719168701895,606.15049271107,73.6836769822218,633.707997135468,656.121427120624,789.837890238867,0.123865928044213,33.4449845598333,15.9056749432065,28.9762205024242,30.7553470471465,32.9083023488731,7.0526656366899,34.1645897722932,36.448611334385,82.7912551921903,0.21087364008414,99,"2_M_NIC1667_2.9e-05",NA,"n>75",NA,NA,NA,"2_M",157.399107811953,448.751384899118,23.2047689837157,19.3387568397701,2.24376724869859e-44,168.954730350924,-11.5556225389714
"20250424-CbDRC2-p036-m2x_C03_roi_0.png",20250424,"CbDRC2","p036","m2x","C03",0,628.16305149959,31.6855710715355,"","48h",10,"15hHB101","DMSO",1,"IVERMECTIN",5.8e-05,NA,NA,"NIC1667","2_M",NA,NA,NA,618.695848245658,242.087432815288,528.06719447958,587.029703165835,615.947500672376,118.705770573149,644.374148069035,661.734225915853,1279.34241349724,0.191864501612134,31.4387273006574,13.1537186287042,28.9183888343,30.9561410767455,32.0276091365289,4.16920541275975,33.192771717769,34.3140458840299,42.592220665187,0.132613682891437,84,"2_M_NIC1667_5.8e-05",NA,"n>75",NA,NA,NA,"2_M",167.196115773258,448.751384899118,23.2047689837157,19.3387568397701,2.24376724869859e-44,168.954730350924,-1.75861457766575
"20250424-CbDRC2-p036-m2x_C04_roi_0.png",20250424,"CbDRC2","p036","m2x","C04",0,630.974429368281,31.8690108491421,"","48h",10,"15hHB101","DMSO",1,"IVERMECTIN",0.00011,NA,NA,"NIC1667","2_M",NA,NA,NA,620.184989122099,139.36356346373,587.021883417355,604.329520237952,626.263733756375,92.1160858463273,657.496501350325,674.309151690427,847.642131980078,0.148530015176152,31.6466700934683,12.5101275645383,27.5543493230927,29.9320865248024,32.3568156103251,4.08849509123427,33.9466908188987,35.2167587087682,36.5578821582609,0.129191952238858,41,"2_M_NIC1667_0.00011",NA,NA,NA,NA,NA,"2_M",177.512348857258,448.751384899118,23.2047689837157,19.3387568397701,2.24376724869859e-44,168.954730350924,8.5576185063336
"20250424-CbDRC2-p036-m2x_C05_roi_0.png",20250424,"CbDRC2","p036","m2x","C05",0,633.470694724182,31.5998711117075,"","48h",10,"15hHB101","DMSO",1,"IVERMECTIN",0.00023,NA,NA,"NIC1667","2_M",NA,NA,NA,599.610140655697,167.377873502951,561.627638016491,585.07425366531,612.036311341043,74.0277252355158,633.470694724182,647.136888065134,697.155741716913,0.123459761962271,31.2154888907128,20.7286672095794,29.2439756314488,30.2482196385615,31.1896028007366,2.55240951093,32.471352579669,33.652246568368,38.4378920055138,0.081767404632557,49,"2_M_NIC1667_0.00023",NA,NA,NA,NA,NA,"2_M",163.284926441925,448.751384899118,23.2047689837157,19.3387568397701,2.24376724869859e-44,168.954730350924,-5.66980390899926
"20250424-CbDRC2-p036-m2x_C06_roi_0.png",20250424,"CbDRC2","p036","m2x","C06",0,619.884775332188,27.2200830757152,"","48h",10,"15hHB101","DMSO",1,"IVERMECTIN",0.00046,NA,NA,"NIC1667","2_M",NA,NA,NA,536.762117397889,232.769855452834,444.074621985141,485.066146343162,550.597441418147,85.6285746408606,594.217719640365,622.994711502934,730.385984183941,0.159527976854943,26.7914861139523,13.8487694077966,22.3489982056885,24.6699814925862,26.7094651821249,4.45811611308382,28.5576108261809,29.6252231857966,50.6138170200881,0.166400478649154,63,"2_M_NIC1667_0.00046",NA,NA,NA,NA,NA,"2_M",101.846056519029,448.751384899118,23.2047689837157,19.3387568397701,2.24376724869859e-44,168.954730350924,-67.1086738318949
"20250424-CbDRC2-p036-m2x_C07_roi_1.png",20250424,"CbDRC2","p036","m2x","C07",1,373.93774187563,19.145446340255,"","48h",10,"15hHB101","DMSO",1,"IVERMECTIN",0.00093,NA,NA,"NIC1667","2_M",NA,NA,NA,366.123237014157,309.403110443164,333.887082502875,346.072086226869,357.726989010064,56.0142998745642,369.722306066647,384.770812464177,673.864912576547,0.152993020414048,18.9702143618519,16.4301488860918,17.7273592213895,17.9802266636098,18.3210240764997,3.57265288813547,18.8938832513644,19.4545596720931,39.443516391787,0.188329600287485,36,"2_M_NIC1667_0.00093",NA,NA,NA,NA,NA,"2_M",-91.0243958890532,448.751384899118,23.2047689837157,19.3387568397701,2.24376724869859e-44,168.954730350924,-259.979126239977
"20250424-CbDRC2-p036-m2x_C08_roi_0.png",20250424,"CbDRC2","p036","m2x","C08",0,298.407532008291,19.0650324742374,"","48h",10,"15hHB101","DMSO",1,"IVERMECTIN",0.0018,NA,NA,"NIC1667","2_M",NA,NA,NA,291.550153389265,262.498421893801,276.773845472834,281.241424631294,287.445002892698,15.3115552543084,298.330190055034,312.624344690623,328.468558780284,0.0525177403486565,16.2760839965842,14.1521154795388,14.9262347274397,15.5016701480909,16.3429005560565,1.1444348405594,16.7076188392812,17.598790363522,19.1201057134691,0.0703138937351009,36,"2_M_NIC1667_0.0018",NA,NA,NA,NA,NA,"2_M",-161.306382006419,448.751384899118,23.2047689837157,19.3387568397701,2.24376724869859e-44,168.954730350924,-330.261112357344
"20250424-CbDRC2-p036-m2x_C09_roi_0.png",20250424,"CbDRC2","p036","m2x","C09",0,268.128312761655,15.7355475292119,"","48h",10,"15hHB101","DMSO",1,"IVERMECTIN",0.0037,NA,NA,"NIC1667","2_M",NA,NA,NA,276.950861537293,182.841778278003,251.589724352722,261.635755378223,270.346829670749,48.8510524557537,284.63819548013,291.929863488302,560.999335563185,0.176388880628832,15.9206634013218,12.7801139796266,14.1813854765558,14.5550897791798,15.2829994611164,3.59399970201938,16.1664654087261,17.0588535292199,37.7223034677114,0.225744343148477,43,"2_M_NIC1667_0.0037",NA,NA,NA,NA,NA,"2_M",-178.404555228369,448.751384899118,23.2047689837157,19.3387568397701,2.24376724869859e-44,168.954730350924,-347.359285579293
"20250424-CbDRC2-p036-m2x_C10_roi_0.png",20250424,"CbDRC2","p036","m2x","C10",0,249.157497493042,15.6087666179116,"","48h",10,"15hHB101","DMSO",1,"IVERMECTIN",0.0075,NA,NA,"NIC1667","2_M",NA,NA,NA,245.917002077483,211.689826143508,219.629936179708,232.812657059203,244.734517625852,19.814085863524,259.301888901067,273.559870268072,288.168326253531,0.0805722487511501,14.4059786277648,12.9284465117224,13.4464188234894,14.0118579520648,14.3884192078845,0.755509154745048,14.7349001318957,15.2611593135588,16.9173912264685,0.0524441396358139,42,"2_M_NIC1667_0.0075",NA,NA,NA,"outlier","outlier","2_M",-204.016867273266,448.751384899118,23.2047689837157,19.3387568397701,2.24376724869859e-44,168.954730350924,-372.97159762419
"20250424-CbDRC2-p036-m2x_C11_roi_0.png",20250424,"CbDRC2","p036","m2x","C11",0,259.282410427405,16.0214058754935,"","48h",10,"15hHB101","DMSO",1,"IVERMECTIN",0.015,NA,NA,"NIC1667","2_M",NA,NA,NA,243.284784692474,182.442907516171,227.874066935235,233.634713235854,243.863188146309,17.3320176449461,252.266443842007,259.791402343442,279.437883958569,0.0712416835555696,14.6149850388179,13.3559340751592,13.6843906192787,13.9964852464027,14.4522967879846,0.874286329189128,14.9887825795679,16.057333153332,16.7008651037736,0.0598212264239061,44,"2_M_NIC1667_0.015",NA,NA,NA,NA,NA,"2_M",-204.888196752809,448.751384899118,23.2047689837157,19.3387568397701,2.24376724869859e-44,168.954730350924,-373.842927103733
"20250424-CbDRC2-p036-m2x_C12_roi_0.png",20250424,"CbDRC2","p036","m2x","C12",0,244.466764355872,14.9702770152026,"","48h",10,"15hHB101","DMSO",1,"IVERMECTIN",0.03,NA,NA,"NIC1667","2_M",NA,NA,NA,229.106868684722,176.727949133403,203.080912562354,216.77280779553,231.392359628779,20.6700331598008,244.165513115729,252.624400116788,271.312579008471,0.0902200500511627,14.3634594404672,13.0505918459178,13.2922285741288,13.7197065393431,14.2607032463419,0.852012767085306,14.9671724111605,15.493627860448,16.7875310453054,0.0593180751904985,42,"2_M_NIC1667_0.03",NA,NA,NA,NA,NA,"2_M",-217.359025270338,448.751384899118,23.2047689837157,19.3387568397701,2.24376724869859e-44,168.954730350924,-386.313755621263
"20250424-CbDRC2-p036-m2x_D01_roi_0.png",20250424,"CbDRC2","p036","m2x","D01",0,1054.8869617169,17.2027829988556,"","48h",10,"15hHB101","DMSO",1,"IVERMECTIN",0,NA,NA,"ECA2666","2_M",NA,NA,NA,659.979284655451,472.437860673296,566.74984458665,613.413464041323,647.698451480319,112.877336174931,690.163939858368,737.566514472975,1054.8869617169,0.171031635082092,25.3839005156409,16.392676585225,22.1143211491425,23.4202664215628,26.3128558760199,3.82154561470647,27.2429740193795,28.8733885358259,33.3136239400891,0.150549976050833,22,"2_M_ECA2666_0",NA,NA,NA,NA,NA,"2_M",219.651960049444,428.046491430875,23.1940086619837,18.4550457693184,7.14951711570053e-42,208.851864384434,10.8000956650102
"20250424-CbDRC2-p036-m2x_D02_roi_0.png",20250424,"CbDRC2","p036","m2x","D02",0,681.433466153302,28.0483034053335,"","48h",10,"15hHB101","DMSO",1,"IVERMECTIN",2.9e-05,NA,NA,"ECA2666","2_M",NA,NA,NA,680.603470845137,566.177803422302,603.166859613894,633.449142668897,658.497196450129,137.482868937284,685.61806094354,716.007272436834,1282.45865971688,0.202001422012388,27.4050097969941,17.3945284529547,23.4949919586763,25.3901124812427,27.7155117025988,3.5751768349479,30.1135994151534,31.2952353842338,32.2127772440626,0.130457053707751,23,"2_M_ECA2666_2.9e-05",NA,NA,NA,NA,NA,"2_M",230.450705019254,428.046491430875,23.1940086619837,18.4550457693184,7.14951711570053e-42,208.851864384434,21.5988406348202
"20250424-CbDRC2-p036-m2x_D04_roi_0.png",20250424,"CbDRC2","p036","m2x","D04",0,766.691637733338,34.7281383743984,"","48h",10,"15hHB101","DMSO",1,"IVERMECTIN",0.00011,NA,NA,"ECA2666","2_M",NA,NA,NA,645.158241178803,184.898680653767,471.535463790898,555.420784201731,642.624654890963,189.26208070019,682.861399138767,778.47690495844,1179.12838104667,0.293357611544076,23.9255876441954,16.2093637956238,18.9554437544668,22.3064274733875,24.1756796556072,4.02953638226319,25.3804854692578,28.4597273877858,34.7281383743984,0.168419536530832,29,"2_M_ECA2666_0.00011",NA,NA,NA,NA,NA,"2_M",214.578163460088,428.046491430875,23.1940086619837,18.4550457693184,7.14951711570053e-42,208.851864384434,5.72629907565428
"20250424-CbDRC2-p036-m2x_D05_roi_0.png",20250424,"CbDRC2","p036","m2x","D05",0,604.535475751581,27.6715202577331,"","48h",10,"15hHB101","DMSO",1,"IVERMECTIN",0.00023,NA,NA,"ECA2666","2_M",NA,NA,NA,553.286716290038,382.225634362152,465.908902750712,507.677579531409,540.278933264399,77.0162220632306,622.974268299583,644.586541062759,686.4777323761,0.139197670566987,24.5583192734387,18.4208464001996,20.3976953929496,22.9141468894405,24.4022558758507,3.46902980294516,26.6852492831971,27.8455753763601,33.5101309542737,0.14125680851039,30,"2_M_ECA2666_0.00023",NA,NA,NA,NA,NA,"2_M",112.232441833524,428.046491430875,23.1940086619837,18.4550457693184,7.14951711570053e-42,208.851864384434,-96.6194225509101
"20250424-CbDRC2-p036-m2x_D06_roi_0.png",20250424,"CbDRC2","p036","m2x","D06",0,504.380566632675,23.3815612590961,"","48h",10,"15hHB101","DMSO",1,"IVERMECTIN",0.00046,NA,NA,"ECA2666","2_M",NA,NA,NA,487.998689652722,384.168866523666,424.118146226185,473.933309783043,501.473886938064,42.0697177437047,512.182126798247,515.818036267252,569.455170793851,0.0862086694815575,20.4333078477719,18.4043717129998,18.6957093285185,19.1167662864126,20.1679566094456,1.56901380937763,21.0592836616452,23.2611963755178,23.4589557720392,0.0767870684994706,28,"2_M_ECA2666_0.00046",NA,NA,NA,NA,NA,"2_M",73.4273955071887,428.046491430875,23.1940086619837,18.4550457693184,7.14951711570053e-42,208.851864384434,-135.424468877245
"20250424-CbDRC2-p036-m2x_D07_roi_0.png",20250424,"CbDRC2","p036","m2x","D07",0,350.312634363224,17.7765120088857,"","48h",10,"15hHB101","DMSO",1,"IVERMECTIN",0.00093,NA,NA,"ECA2666","2_M",NA,NA,NA,365.854361317095,325.053105331308,339.560311619319,347.117099409881,360.516032949,24.8191416681267,382.443574895773,400.31447536952,416.883203165371,0.0678388569122873,18.5918688388459,16.4892649311171,17.3974769314688,17.7593229648223,18.5941178210289,1.21714076117514,19.3047775628298,19.3611069349419,22.272212103794,0.0654662945250585,22,"2_M_ECA2666_0.00093",NA,NA,NA,NA,NA,"2_M",-67.5304584818752,428.046491430875,23.1940086619837,18.4550457693184,7.14951711570053e-42,208.851864384434,-276.382322866309
"20250424-CbDRC2-p036-m2x_D08_roi_0.png",20250424,"CbDRC2","p036","m2x","D08",0,250.567161645687,15.2225128082343,"","48h",10,"15hHB101","DMSO",1,"IVERMECTIN",0.0018,NA,NA,"ECA2666","2_M",NA,NA,NA,302.581537498938,250.567161645687,285.300097273083,290.168910238611,303.264623220691,22.8210683497906,313.738126133229,329.995739758439,333.063377917256,0.0754212188173267,17.0320055540294,15.2225128082343,15.314311338107,15.6245042290532,17.1927751103257,1.56753070435456,17.5867973297597,19.4203265509867,19.8548868987813,0.0920344171672556,12,"2_M_ECA2666_0.0018",NA,NA,NA,NA,NA,"2_M",-124.781868210184,428.046491430875,23.1940086619837,18.4550457693184,7.14951711570053e-42,208.851864384434,-333.633732594618
"20250424-CbDRC2-p036-m2x_D09_roi_0.png",20250424,"CbDRC2","p036","m2x","D09",0,278.695553765239,16.5427146936825,"","48h",10,"15hHB101","DMSO",1,"IVERMECTIN",0.0037,NA,NA,"ECA2666","2_M",NA,NA,NA,256.58439171385,218.246754981093,237.206545186965,251.4934294147,256.629611904294,17.1893835277618,261.669052541792,272.508113723878,293.664350893735,0.0669930988901769,14.6897991926001,13.7996020629143,13.9481978226521,14.2501778561072,14.4644906354955,0.781940764496923,14.9818284922404,15.6890037227093,16.5427146936825,0.0532301874412837,17,"2_M_ECA2666_0.0037",NA,NA,NA,NA,NA,"2_M",-171.416879526581,428.046491430875,23.1940086619837,18.4550457693184,7.14951711570053e-42,208.851864384434,-380.268743911015
"20250424-CbDRC2-p036-m2x_D10_roi_0.png",20250424,"CbDRC2","p036","m2x","D10",0,238.024179235072,14.546720291166,"","48h",10,"15hHB101","DMSO",1,"IVERMECTIN",0.0075,NA,NA,"ECA2666","2_M",NA,NA,NA,235.577080232787,201.230797361529,206.468498070361,227.208944167823,239.327634387454,18.744138356498,249.48714323897,253.77817007536,271.928302222378,0.079566901576231,14.4128318503662,13.2458002527308,13.5128354718639,13.6646749486512,14.363085638001,0.856931275766733,14.9175721707706,15.2321764203497,16.6355607633518,0.0594561349680188,24,"2_M_ECA2666_0.0075",NA,NA,NA,NA,NA,"2_M",-188.718857043421,428.046491430875,23.1940086619837,18.4550457693184,7.14951711570053e-42,208.851864384434,-397.570721427855
"20250424-CbDRC2-p036-m2x_D11_roi_0.png",20250424,"CbDRC2","p036","m2x","D11",0,224.206064495851,14.8565848839999,"","48h",10,"15hHB101","DMSO",1,"IVERMECTIN",0.015,NA,NA,"ECA2666","2_M",NA,NA,NA,226.705830824492,174.418907005929,192.646288006843,213.692917456761,230.798960437537,24.8506385783416,240.687385926222,254.491006938446,271.499487464842,0.109616230372038,14.4464647448218,12.1476837761525,13.2731904977563,13.6168491873053,14.2992120935353,1.22609191577704,14.8711395446471,16.2435136547279,17.0129642290289,0.0848714157708738,22,"2_M_ECA2666_0.015",NA,NA,NA,NA,NA,"2_M",-197.247530993338,428.046491430875,23.1940086619837,18.4550457693184,7.14951711570053e-42,208.851864384434,-406.099395377772
"20250424-CbDRC2-p036-m2x_E01_roi_0.png",20250424,"CbDRC2","p036","m2x","E01",0,736.016548522442,40.3086601550584,"","48h",10,"15hHB101","DMSO",1,"IVERMECTIN",0,NA,NA,"VX34","2_M",NA,NA,NA,713.869058698478,578.807180327489,668.070163024216,709.016062788143,727.072256440987,48.6303093907188,736.682691887623,742.492652653115,775.053530864642,0.0681221700228628,36.7377766314946,28.3485073694384,32.8310079604945,34.6636810940048,38.5051933540432,3.57359982243573,39.2674547089154,39.6958290202791,40.3086601550584,0.0972731653927079,13,"2_M_VX34_0",NA,NA,NA,"outlier","outlier","2_M",251.425255720541,475.647000720446,31.6552380427125,15.0258544914006,2.52031100987692e-32,239.366746355374,12.0585093651674
"20250424-CbDRC2-p036-m2x_E02_roi_0.png",20250424,"CbDRC2","p036","m2x","E02",0,703.999691117399,35.8955093777661,"","48h",10,"15hHB101","DMSO",1,"IVERMECTIN",2.9e-05,NA,NA,"VX34","2_M",NA,NA,NA,709.444483972694,457.521745489726,660.11030545806,684.63109441247,712.964815185888,63.2879067169095,742.662784456687,777.412284424688,793.58724542354,0.0892076943956413,37.8045595605461,22.6373593911127,35.8789462446484,36.9151195901601,38.6534238785411,3.37906727586786,39.2623029211009,39.9374143176118,42.8505856957425,0.0893825325608172,30,"2_M_VX34_2.9e-05",NA,NA,NA,NA,NA,"2_M",237.317814465442,475.647000720446,31.6552380427125,15.0258544914006,2.52031100987692e-32,239.366746355374,-2.04893188993174
"20250424-CbDRC2-p036-m2x_E03_roi_0.png",20250424,"CbDRC2","p036","m2x","E03",0,695.646791589762,38.895419546973,"","48h",10,"15hHB101","DMSO",1,"IVERMECTIN",5.8e-05,NA,NA,"VX34","2_M",NA,NA,NA,679.841549243333,181.965652282265,605.73321959798,671.819266790708,706.085528147988,139.795518841117,726.334420859331,769.522002985764,918.007256586794,0.20562956029491,35.5396613019846,15.4743331534935,26.095311879815,34.5861393198672,36.6536337864087,7.532239410049,39.1807969178305,41.0086945977715,52.3476870932079,0.211938975615065,21,"2_M_VX34_5.8e-05",NA,NA,NA,NA,NA,"2_M",230.438527427543,475.647000720446,31.6552380427125,15.0258544914006,2.52031100987692e-32,239.366746355374,-8.92821892783081
"20250424-CbDRC2-p036-m2x_E05_roi_0.png",20250424,"CbDRC2","p036","m2x","E05",0,710.323402989917,38.3572419132206,"","48h",10,"15hHB101","DMSO",1,"IVERMECTIN",0.00023,NA,NA,"VX34","2_M",NA,NA,NA,691.638796617754,624.110923515954,644.735343867699,672.512587146727,702.147229459245,40.6309245457089,723.553019458398,728.033816526317,728.104741438077,0.0587458724762144,34.4164548790569,26.2978443863839,26.6168053102822,29.2066635812471,37.1882987678339,6.17402058269738,39.0390157036785,39.4442605590547,39.6222474842783,0.17939153246299,6,"2_M_VX34_0.00023",NA,NA,NA,NA,NA,"2_M",226.5002287388,475.647000720446,31.6552380427125,15.0258544914006,2.52031100987692e-32,239.366746355374,-12.8665176165739
"20250424-CbDRC2-p036-m2x_E07_roi_0.png",20250424,"CbDRC2","p036","m2x","E07",0,352.225433618287,17.5519516346134,"","48h",10,"15hHB101","DMSO",1,"IVERMECTIN",0.00093,NA,NA,"VX34","2_M",NA,NA,NA,373.089389681628,285.001501761328,302.816272496351,333.733810806597,374.167957568078,60.4288157850369,408.937888036173,417.502970467888,487.68617208031,0.161968733114076,17.6719204984522,16.5580530231015,16.6656833544957,16.7961870748762,17.496617564668,1.13305001633318,18.0538373352253,18.7548266158419,20.2720242801253,0.0641158393866936,10,"2_M_VX34_0.00093",NA,NA,NA,NA,NA,"2_M",-101.479043152368,475.647000720446,31.6552380427125,15.0258544914006,2.52031100987692e-32,239.366746355374,-340.845789507742
"20250424-CbDRC2-p036-m2x_E08_roi_0.png",20250424,"CbDRC2","p036","m2x","E08",0,279.157320576844,16.9411360773565,"","48h",10,"15hHB101","DMSO",1,"IVERMECTIN",0.0018,NA,NA,"VX34","2_M",NA,NA,NA,267.122924195843,239.832687784404,248.915574036426,262.539903414459,270.176035872413,17.3325607172675,279.157320576844,282.008132229394,283.908673331093,0.0648860848219828,17.0849531563463,15.9966437859105,16.3744407024889,16.9411360773565,17.1166198715137,0.791020403638861,17.1484345207911,17.7925327240122,18.2219315261595,0.0462992433400401,5,"2_M_VX34_0.0018",NA,NA,NA,"outlier","outlier","2_M",-205.470964848032,475.647000720446,31.6552380427125,15.0258544914006,2.52031100987692e-32,239.366746355374,-444.837711203406
"20250424-CbDRC2-p036-m2x_E09_roi_0.png",20250424,"CbDRC2","p036","m2x","E09",0,352.898225982787,20.7590760340619,"","48h",10,"15hHB101","DMSO",1,"IVERMECTIN",0.0037,NA,NA,"VX34","2_M",NA,NA,NA,264.4600989595,223.125632663144,234.963365555147,240.141392736474,262.231187020732,32.4291929999392,277.131987991126,281.363331743757,352.898225982787,0.122624143027737,16.0377577596926,12.9375359785944,14.3246754082679,14.919386594523,15.3084653868513,1.96918570658093,17.2860035210132,17.5326013701638,20.7590760340619,0.122784352780913,13,"2_M_VX34_0.0037",NA,NA,NA,NA,NA,"2_M",-213.415813699713,475.647000720446,31.6552380427125,15.0258544914006,2.52031100987692e-32,239.366746355374,-452.782560055087
"20250424-CbDRC2-p036-m2x_E11_roi_0.png",20250424,"CbDRC2","p036","m2x","E11",0,212.922789279659,15.6216196704722,"","48h",10,"15hHB101","DMSO",1,"IVERMECTIN",0.015,NA,NA,"VX34","2_M",NA,NA,NA,217.362482353872,190.799229452822,202.896360635745,211.55534325049,216.97356801276,14.5379961071797,220.847397366129,239.814174253254,241.817641686903,0.0668836496056916,14.5312535631491,13.3928589275905,13.782887226001,14.0333896572381,14.3791640558337,0.721219675069507,15.0681481017266,15.5365937816393,15.6216196704722,0.0496323095550752,11,"2_M_VX34_0.015",NA,NA,NA,NA,NA,"2_M",-258.673432707686,475.647000720446,31.6552380427125,15.0258544914006,2.52031100987692e-32,239.366746355374,-498.040179063059
"20250424-CbDRC2-p036-m2x_E12_roi_0.png",20250424,"CbDRC2","p036","m2x","E12",0,212.05989227192,14.3262319500926,"","48h",10,"15hHB101","DMSO",1,"IVERMECTIN",0.03,NA,NA,"VX34","2_M",NA,NA,NA,220.121463506495,209.149734510982,210.235831954033,211.720244775633,218.040427737413,9.99323874363728,229.997101790483,231.640283088091,231.990258784093,0.0453987475117,14.0102792217334,11.596373365798,12.6456404296883,13.6254047536574,14.4381241078178,1.16791277940571,14.779704790456,14.9702986974455,15.0478830972024,0.0833611351295547,8,"2_M_VX34_0.03",NA,NA,NA,NA,NA,"2_M",-257.606572983032,475.647000720446,31.6552380427125,15.0258544914006,2.52031100987692e-32,239.366746355374,-496.973319338406
"20250424-CbDRC2-p036-m2x_F01_roi_0.png",20250424,"CbDRC2","p036","m2x","F01",0,631.823740054651,37.9849773886203,"","48h",10,"15hHB101","DMSO",1,"IVERMECTIN",0,NA,NA,"PB420","2_M",NA,NA,NA,623.658774576665,521.375891176963,575.648667764046,614.66146596363,632.977211718975,39.7535469181101,644.852356692288,659.065184759424,659.826803638505,0.0637424638899606,36.4318229563883,22.3870566626751,32.7919889653905,35.0306419608365,35.9044330307408,6.43309256685415,37.5614122672662,38.7852396521149,55.7744811531302,0.176578936896873,16,"2_M_PB420_0",NA,NA,NA,NA,NA,"2_M",198.645125969609,434.332085749366,24.9979947579738,17.3746770472789,3.4105731271898e-39,188.841855702527,9.8032702670827
"20250424-CbDRC2-p036-m2x_F02_roi_0.png",20250424,"CbDRC2","p036","m2x","F02",0,618.847926210218,32.825197456425,"","48h",10,"15hHB101","DMSO",1,"IVERMECTIN",2.9e-05,NA,NA,"PB420","2_M",NA,NA,NA,598.685878985038,386.741336273323,515.151359278196,587.234963817364,621.462653327864,68.7478007677015,636.047856029398,654.877929982456,670.646770568473,0.114831171371957,35.1835794297218,21.6718672625263,28.5900761239014,34.3189616772172,36.6274245613388,4.65617504438128,37.7988816619992,38.1170715289545,44.017365150592,0.132339435607507,32,"2_M_PB420_2.9e-05",NA,NA,NA,NA,NA,"2_M",187.130567578498,434.332085749366,24.9979947579738,17.3746770472789,3.4105731271898e-39,188.841855702527,-1.71128812402875
"20250424-CbDRC2-p036-m2x_F03_roi_0.png",20250424,"CbDRC2","p036","m2x","F03",0,656.889461773191,33.042292701751,"","48h",10,"15hHB101","DMSO",1,"IVERMECTIN",5.8e-05,NA,NA,"PB420","2_M",NA,NA,NA,583.113653654107,103.671122731783,491.451807443335,593.349948107057,619.165825564274,127.939372672643,641.526186027916,656.138055017876,679.036063057645,0.219407266269457,35.2446045627738,16.9896320936096,29.3168097678027,33.6513981568198,36.8964522067705,5.45694291267813,37.6056980737048,40.2961486697614,44.1263849549819,0.154830589827127,35,"2_M_PB420_5.8e-05",NA,NA,NA,NA,NA,"2_M",184.833739814909,434.332085749366,24.9979947579738,17.3746770472789,3.4105731271898e-39,188.841855702527,-4.00811588761812
"20250424-CbDRC2-p036-m2x_F04_roi_0.png",20250424,"CbDRC2","p036","m2x","F04",0,647.547916237036,35.2654418118133,"","48h",10,"15hHB101","DMSO",1,"IVERMECTIN",0.00011,NA,NA,"PB420","2_M",NA,NA,NA,597.357140281398,245.492010681852,540.697134868783,579.14884083322,622.527821044055,83.8805891690289,646.115369394569,656.829495715627,660.351353458374,0.140419497002271,35.4204491146188,15.1725433328703,30.2438071001979,34.2836064927101,36.9074243009338,5.89155962342583,38.4688176990502,40.6747318991652,42.4141416965322,0.166332154749395,26,"2_M_PB420_0.00011",NA,NA,NA,NA,NA,"2_M",188.19573529469,434.332085749366,24.9979947579738,17.3746770472789,3.4105731271898e-39,188.841855702527,-0.64612040783706
"20250424-CbDRC2-p036-m2x_F05_roi_0.png",20250424,"CbDRC2","p036","m2x","F05",0,610.539449299971,37.6035713989607,"","48h",10,"15hHB101","DMSO",1,"IVERMECTIN",0.00023,NA,NA,"PB420","2_M",NA,NA,NA,603.217720636444,229.515132235382,540.958628854715,593.533566123548,618.090269659443,90.1735503421532,646.968796051543,670.032934405768,714.559376043558,0.149487568513426,34.8705636913385,13.6955246392908,32.0616413791873,33.6811512476065,36.2401143268132,5.04080179885882,37.6062356038958,38.7134001474761,40.7088525306153,0.144557508260496,44,"2_M_PB420_0.00023",NA,NA,NA,NA,NA,"2_M",183.758183910077,434.332085749366,24.9979947579738,17.3746770472789,3.4105731271898e-39,188.841855702527,-5.08367179244973
"20250424-CbDRC2-p036-m2x_F06_roi_0.png",20250424,"CbDRC2","p036","m2x","F06",0,616.495979901659,31.4404407289472,"","48h",10,"15hHB101","DMSO",1,"IVERMECTIN",0.00046,NA,NA,"PB420","2_M",NA,NA,NA,608.629242115149,440.32749971432,543.550229941887,596.931226460811,616.295996080929,52.5903052611089,641.991440989942,649.437337393753,678.69001298019,0.0864077859261963,33.0273287387872,19.1507993340278,28.7925664399375,31.8729379002832,34.0660149166285,4.09681324725829,35.3695243164113,36.8282312776338,38.7839156207101,0.124043130452963,26,"2_M_PB420_0.00046",NA,NA,NA,NA,NA,"2_M",181.963910331563,434.332085749366,24.9979947579738,17.3746770472789,3.4105731271898e-39,188.841855702527,-6.8779453709636
"20250424-CbDRC2-p036-m2x_F07_roi_0.png",20250424,"CbDRC2","p036","m2x","F07",0,422.574880407926,22.1684036963026,"","48h",10,"15hHB101","DMSO",1,"IVERMECTIN",0.00093,NA,NA,"PB420","2_M",NA,NA,NA,322.070872907353,193.426343665882,285.400781127911,302.305500693003,317.456693741499,41.870392655629,339.369839128161,368.865208644082,422.574880407926,0.130003661236617,17.3947967791531,15.6272218544295,15.7488268210534,16.6799231677141,17.219980666754,1.30571537053203,17.7252408025974,18.641765989888,22.1684036963026,0.0750635599317191,31,"2_M_PB420_0.00093",NA,NA,NA,NA,NA,"2_M",-116.875392007867,434.332085749366,24.9979947579738,17.3746770472789,3.4105731271898e-39,188.841855702527,-305.717247710394
"20250424-CbDRC2-p036-m2x_F08_roi_0.png",20250424,"CbDRC2","p036","m2x","F08",0,244.960782763377,16.6093673119662,"","48h",10,"15hHB101","DMSO",1,"IVERMECTIN",0.0018,NA,NA,"PB420","2_M",NA,NA,NA,249.551763548321,197.92814352196,214.76854224985,227.850590685012,244.949415166671,30.3125435620509,271.589930584657,284.465453506777,304.975432633069,0.121467959717229,16.0825248374259,14.4718984589711,15.2058823246589,15.5146460261567,16.0487784736737,0.900247912060957,16.6073827097953,17.0010191443441,17.8541191639259,0.0559767773506543,14,"2_M_PB420_0.0018",NA,NA,NA,NA,NA,"2_M",-189.382670582695,434.332085749366,24.9979947579738,17.3746770472789,3.4105731271898e-39,188.841855702527,-378.224526285222
"20250424-CbDRC2-p036-m2x_F09_roi_1.png",20250424,"CbDRC2","p036","m2x","F09",1,253.808455552479,15.2261549604366,"","48h",10,"15hHB101","DMSO",1,"IVERMECTIN",0.0037,NA,NA,"PB420","2_M",NA,NA,NA,244.118885635397,215.122692726284,227.405722252916,233.314743995526,239.458266481456,17.4186627574064,253.374332708515,269.702992837839,280.087523319014,0.0713531962595552,15.1238075095136,12.9124989793868,14.2005184922831,14.8020318575698,15.1936289684055,0.846616420721204,15.7366732027487,15.8724698593241,16.6897486421519,0.0559790529063954,20,"2_M_PB420_0.0037",NA,NA,NA,NA,NA,"2_M",-194.87381926791,434.332085749366,24.9979947579738,17.3746770472789,3.4105731271898e-39,188.841855702527,-383.715674970436
"20250424-CbDRC2-p036-m2x_F10_roi_0.png",20250424,"CbDRC2","p036","m2x","F10",0,209.884183617961,16.3510195116304,"","48h",10,"15hHB101","DMSO",1,"IVERMECTIN",0.0075,NA,NA,"PB420","2_M",NA,NA,NA,230.483983595941,172.872956363541,206.412321872678,209.884183617961,226.011680577091,28.4436525710333,241.553281499426,272.44731846645,280.673582435125,0.123408369324689,15.0238937304463,13.6026339406937,13.8570293984916,14.1794436846542,14.6599168422001,1.02234224713529,15.7511364809575,16.2609718099494,17.0412490334091,0.0680477554938693,17,"2_M_PB420_0.0075",NA,NA,NA,NA,NA,"2_M",-208.320405172275,434.332085749366,24.9979947579738,17.3746770472789,3.4105731271898e-39,188.841855702527,-397.162260874801
"20250424-CbDRC2-p036-m2x_F11_roi_1.png",20250424,"CbDRC2","p036","m2x","F11",1,160.005537499745,15.8246583869445,"","48h",10,"15hHB101","DMSO",1,"IVERMECTIN",0.015,NA,NA,"PB420","2_M",NA,NA,NA,219.056141960742,160.005537499745,193.723124300956,205.069612739481,224.542607833196,25.0878020666323,235.674957721584,247.278863234013,252.627098236206,0.114526814185965,14.8057499181019,13.026968422732,14.0630569476711,14.2080782761845,14.9967495402262,0.872864074792852,15.3662762715637,15.7000584033302,16.9095645792519,0.0589543980967603,21,"2_M_PB420_0.015",NA,NA,NA,"outlier","outlier","2_M",-209.78947791617,434.332085749366,24.9979947579738,17.3746770472789,3.4105731271898e-39,188.841855702527,-398.631333618696
"20250424-CbDRC2-p036-m2x_F12_roi_0.png",20250424,"CbDRC2","p036","m2x","F12",0,191.887232045649,13.7281023462812,"","48h",10,"15hHB101","DMSO",1,"IVERMECTIN",0.03,NA,NA,"PB420","2_M",NA,NA,NA,214.450025049994,154.822727504798,193.113518104092,203.779931124771,214.316051814617,20.2011495271568,226.88359168175,240.49572448718,253.292272457068,0.0941998002679059,14.4067974735954,12.7953661442966,13.5276500438073,13.7281023462812,14.2718198520604,0.985326114011138,14.8705408253701,15.8393052507159,17.1556239090681,0.0683931398228532,33,"2_M_PB420_0.03",NA,NA,NA,NA,NA,"2_M",-220.016033934749,434.332085749366,24.9979947579738,17.3746770472789,3.4105731271898e-39,188.841855702527,-408.857889637276
"20250424-CbDRC2-p037-m2x_A01_roi_0.png",20250424,"CbDRC2","p037","m2x","A01",0,604.140932271627,37.724176307089,"","48h",10,"15hHB101","DMSO",1,"IVERMECTIN",0,NA,NA,"PB420","3_A",NA,NA,NA,625.583292065181,568.053649394614,587.401551568066,602.62941297993,633.036772763634,29.4953793109169,647.646726302844,663.236844441084,684.524421014143,0.0471486046463078,37.3105635041167,26.8584112144434,34.4801440769445,35.5106353798974,37.5725430605755,3.13661086408495,39.0480959657388,40.8867901150819,43.4865250152633,0.0840676357980729,41,"3_A_PB420_0",NA,NA,NA,NA,NA,"3_A",175.798933771856,457.237838991778,25.8910601536029,17.6600663039343,5.86400537459328e-40,188.841855702527,-13.0429219306706
"20250424-CbDRC2-p037-m2x_A02_roi_0.png",20250424,"CbDRC2","p037","m2x","A02",0,629.503541334606,38.0439339882506,"","48h",10,"15hHB101","DMSO",1,"IVERMECTIN",2.9e-05,NA,NA,"PB420","3_A",NA,NA,NA,613.067273497673,167.06461896415,591.28689228969,608.163412989066,629.232390993561,89.7055105874733,651.856132544231,659.330999640972,670.57341620985,0.146322458342435,35.8281808643097,15.960470105714,33.8499227680608,35.5404612257326,37.3153931515182,4.9704523478018,38.0293084832585,38.9372825965179,40.4631267998546,0.138730246077135,29,"3_A_PB420_2.9e-05",NA,NA,NA,NA,NA,"3_A",171.994552001783,457.237838991778,25.8910601536029,17.6600663039343,5.86400537459328e-40,188.841855702527,-16.8473037007441
"20250424-CbDRC2-p037-m2x_A03_roi_0.png",20250424,"CbDRC2","p037","m2x","A03",0,646.76978620645,39.3278263235618,"","48h",10,"15hHB101","DMSO",1,"IVERMECTIN",5.8e-05,NA,NA,"PB420","3_A",NA,NA,NA,620.287058660009,466.524640405273,598.574430536082,609.447164480942,627.127902733699,44.943137711652,646.76978620645,657.172015300437,681.041310098737,0.072455385106279,36.2319223042555,24.8342014158973,32.9513533126161,35.8057775339737,36.8897411061968,3.54452257724857,38.355525468956,39.1062167840531,40.5998331621022,0.097828719864313,33,"3_A_PB420_5.8e-05",NA,NA,NA,NA,NA,"3_A",169.890063741921,457.237838991778,25.8910601536029,17.6600663039343,5.86400537459328e-40,188.841855702527,-18.9517919606059
"20250424-CbDRC2-p037-m2x_A04_roi_0.png",20250424,"CbDRC2","p037","m2x","A04",0,660.44869242658,37.0486123011307,"","48h",10,"15hHB101","DMSO",1,"IVERMECTIN",0.00011,NA,NA,"PB420","3_A",NA,NA,NA,607.915469237936,363.135910502408,560.221682492962,606.71466650237,625.201208458659,81.6039672492712,646.726679019229,660.043404216969,708.910241199087,0.13423571430345,36.1993383316543,32.3863250771752,33.2942665342246,34.6931448790848,35.9867593387242,2.47362658920615,37.0858025710972,40.1660395691942,41.7116561664376,0.068333475229383,24,"3_A_PB420_0.00011",NA,NA,NA,NA,NA,"3_A",167.963369466881,457.237838991778,25.8910601536029,17.6600663039343,5.86400537459328e-40,188.841855702527,-20.8784862356459
"20250424-CbDRC2-p037-m2x_A05_roi_0.png",20250424,"CbDRC2","p037","m2x","A05",0,616.628214668093,36.2475737660704,"","48h",10,"15hHB101","DMSO",1,"IVERMECTIN",0.00023,NA,NA,"PB420","3_A",NA,NA,NA,598.366067102833,193.84799746214,538.631039473383,596.36066693387,621.113842299018,110.652789187019,661.877609018609,668.784144734775,700.15509287856,0.184924906792889,36.1628464657751,16.1803715245663,29.2003083198465,32.854523853902,35.3640525055098,11.8579038633895,37.0273160476756,39.10756385173,91.6039297799643,0.327902945212345,29,"3_A_PB420_0.00023",NA,NA,NA,NA,NA,"3_A",163.876003307239,457.237838991778,25.8910601536029,17.6600663039343,5.86400537459328e-40,188.841855702527,-24.9658523952873
"20250424-CbDRC2-p037-m2x_A06_roi_0.png",20250424,"CbDRC2","p037","m2x","A06",0,646.564193074067,34.9236766797762,"","48h",10,"15hHB101","DMSO",1,"IVERMECTIN",0.00046,NA,NA,"PB420","3_A",NA,NA,NA,585.1622567907,321.200258835847,521.007858344534,565.11438166417,604.276669630964,68.5360185016854,624.359457055691,642.590254828622,680.915231240643,0.117123101680496,32.5734675680304,18.3520498909878,29.3512373981917,30.5353983086919,32.1969231484844,3.82447096069539,35.0645254549852,37.0738242403855,38.146568598091,0.11741061809609,35,"3_A_PB420_0.00046",NA,NA,NA,NA,NA,"3_A",147.038830639185,457.237838991778,25.8910601536029,17.6600663039343,5.86400537459328e-40,188.841855702527,-41.8030250633413
"20250424-CbDRC2-p037-m2x_A07_roi_0.png",20250424,"CbDRC2","p037","m2x","A07",0,412.077728922901,21.0202226794602,"","48h",10,"15hHB101","DMSO",1,"IVERMECTIN",0.00093,NA,NA,"PB420","3_A",NA,NA,NA,346.203446765582,161.793487326907,261.005769837618,325.239899495099,346.287994588432,79.0842838459263,380.901764354739,407.817821962639,571.059870061366,0.228432976577137,18.5018850924126,15.0490766743231,16.678997337982,17.8031688048052,18.3239179072591,1.83003284887902,18.8580251241477,20.6179256189779,23.1266681377966,0.0989106158501382,24,"3_A_PB420_0.00093",NA,NA,NA,NA,NA,"3_A",-110.949844403346,457.237838991778,25.8910601536029,17.6600663039343,5.86400537459328e-40,188.841855702527,-299.791700105872
"20250424-CbDRC2-p037-m2x_A08_roi_0.png",20250424,"CbDRC2","p037","m2x","A08",0,245.021264867524,16.3986037824222,"","48h",10,"15hHB101","DMSO",1,"IVERMECTIN",0.0018,NA,NA,"PB420","3_A",NA,NA,NA,261.756076662044,136.265242549815,232.576589390738,246.714680952078,261.953686350746,34.1630668730596,284.893148499339,297.162050343382,321.382613732025,0.130514895045466,15.5326990885695,13.9811211458111,14.2024732189105,14.5326273896394,15.4225681646729,1.15946108978452,16.1607252854249,16.4224329886463,19.1147168311054,0.0746464657026524,30,"3_A_PB420_0.0018",NA,NA,NA,"outlier","outlier","3_A",-195.284152641032,457.237838991778,25.8910601536029,17.6600663039343,5.86400537459328e-40,188.841855702527,-384.126008343559
"20250424-CbDRC2-p037-m2x_A09_roi_0.png",20250424,"CbDRC2","p037","m2x","A09",0,238.151338836837,16.248589089434,"","48h",10,"15hHB101","DMSO",1,"IVERMECTIN",0.0037,NA,NA,"PB420","3_A",NA,NA,NA,253.659202245211,217.868472324266,232.379038781472,246.912437945868,254.606883078657,16.8987060142215,264.655142232461,272.26858407455,282.762456760879,0.0666197238840388,15.4409920387531,13.7416116044553,14.2148782063329,14.4718922736238,15.2301539283944,1.06112666337579,16.3353880747798,16.8827267383556,17.3247228170051,0.0687214047331041,26,"3_A_PB420_0.0037",NA,NA,NA,NA,NA,"3_A",-202.630955913121,457.237838991778,25.8910601536029,17.6600663039343,5.86400537459328e-40,188.841855702527,-391.472811615648
"20250424-CbDRC2-p037-m2x_A10_roi_0.png",20250424,"CbDRC2","p037","m2x","A10",0,266.976902034752,14.1165831961132,"","48h",10,"15hHB101","DMSO",1,"IVERMECTIN",0.0075,NA,NA,"PB420","3_A",NA,NA,NA,243.773910077999,217.491085319069,227.024740564797,237.163108109478,242.650269651625,13.5868756838199,252.690064808771,259.951151740067,266.976902034752,0.055735561198787,14.6483008866711,13.6475326506117,13.9446283427235,14.1071160359783,14.9579325654846,0.608866120376403,15.070964882945,15.1530516307509,15.7246471414246,0.0415656481312742,15,"3_A_PB420_0.0075",NA,NA,NA,NA,NA,"3_A",-214.587569340154,457.237838991778,25.8910601536029,17.6600663039343,5.86400537459328e-40,188.841855702527,-403.42942504268
"20250424-CbDRC2-p037-m2x_A11_roi_0.png",20250424,"CbDRC2","p037","m2x","A11",0,254.280403383846,14.3868471596869,"","48h",10,"15hHB101","DMSO",1,"IVERMECTIN",0.015,NA,NA,"PB420","3_A",NA,NA,NA,250.383963775655,203.870319004078,215.104924203877,225.656010328108,230.723358601113,57.0065459882177,254.158084456623,278.20576734407,433.739021463738,0.227676505829645,14.6889111667397,13.7398886016037,13.7760319196265,14.3927816738533,14.7021852293173,0.679998824031197,15.0749915511095,15.3307359023207,16.1677638916306,0.0462933444359665,14,"3_A_PB420_0.015",NA,NA,NA,NA,NA,"3_A",-226.514480390665,457.237838991778,25.8910601536029,17.6600663039343,5.86400537459328e-40,188.841855702527,-415.356336093192
"20250424-CbDRC2-p037-m2x_A12_roi_0.png",20250424,"CbDRC2","p037","m2x","A12",0,250.430675680521,15.1782503888838,"","48h",10,"15hHB101","DMSO",1,"IVERMECTIN",0.03,NA,NA,"PB420","3_A",NA,NA,NA,236.513332941569,194.456777375382,214.832424157883,223.477030105794,230.792996788849,33.4098301187015,241.461398083437,250.263205048588,362.084160215928,0.141259816954825,14.7309469840589,13.6172202545651,14.0171855497054,14.0987665146368,14.4199770585141,1.45834261119899,14.7348247348663,15.2024716357206,20.4823270826887,0.0989985649108051,19,"3_A_PB420_0.03",NA,NA,NA,NA,NA,"3_A",-226.444842202929,457.237838991778,25.8910601536029,17.6600663039343,5.86400537459328e-40,188.841855702527,-415.286697905456
"20250424-CbDRC2-p037-m2x_B03_roi_0.png",20250424,"CbDRC2","p037","m2x","B03",0,618.230448910003,38.8162104934426,"","48h",10,"15hHB101","DMSO",1,"IVERMECTIN",5.8e-05,NA,NA,"JU3237","3_A",NA,NA,NA,609.777097006853,508.862609920401,582.090765534477,598.505876835676,610.46824545577,31.3883555964884,627.021328876159,642.80107263997,669.953051266702,0.0514751304215278,35.1767011287461,24.3059033661645,32.3123821645648,33.8771184039373,34.9958254022826,3.78419465292557,36.9539366140591,38.059655165106,52.8900327272055,0.107576734926777,47,"3_A_JU3237_5.8e-05",NA,NA,NA,NA,NA,"3_A",164.27467428073,446.193571175041,24.5659312291378,18.1631043013671,1.26730634373717e-40,185.742269212847,-21.4675949321174
"20250424-CbDRC2-p037-m2x_B05_roi_0.png",20250424,"CbDRC2","p037","m2x","B05",0,602.518505291683,36.2934116994251,"","48h",10,"15hHB101","DMSO",1,"IVERMECTIN",0.00023,NA,NA,"JU3237","3_A",NA,NA,NA,624.127246899155,496.29416607053,557.957720593455,587.903983515079,617.799841536526,82.9609784263857,636.329291659288,657.487678577283,944.190785461854,0.132923180070346,34.2122842950392,17.2957052535676,31.8249696822287,33.2112237809937,34.9986543535884,3.86149151679846,35.6825063539715,37.1459956384436,40.3033262415405,0.112868567427355,32,"3_A_JU3237_0.00023",NA,NA,NA,NA,NA,"3_A",171.606270361486,446.193571175041,24.5659312291378,18.1631043013671,1.26730634373717e-40,185.742269212847,-14.1359988513615
"20250424-CbDRC2-p037-m2x_B06_roi_0.png",20250424,"CbDRC2","p037","m2x","B06",0,612.493008506245,26.3725163115881,"","48h",10,"15hHB101","DMSO",1,"IVERMECTIN",0.00046,NA,NA,"JU3237","3_A",NA,NA,NA,578.8114208695,351.515988752316,500.849811137128,530.912178086028,582.638821724923,97.8400111302931,617.712737500737,626.537026945239,1000.23959517645,0.169036075658832,29.7129468529589,23.5972127590548,25.877235702572,27.3855336860626,29.538274009155,3.28964033364483,32.047207342281,33.3807925101009,38.0434910285685,0.110714038224628,33,"3_A_JU3237_0.00046",NA,NA,NA,NA,NA,"3_A",136.445250549883,446.193571175041,24.5659312291378,18.1631043013671,1.26730634373717e-40,185.742269212847,-49.2970186629643
"20250424-CbDRC2-p037-m2x_B07_roi_0.png",20250424,"CbDRC2","p037","m2x","B07",0,420.056918983334,18.9800786327957,"","48h",10,"15hHB101","DMSO",1,"IVERMECTIN",0.00093,NA,NA,"JU3237","3_A",NA,NA,NA,378.812024740403,277.089340430075,317.905124810201,352.821851492428,378.029768242797,44.5566901295859,405.183625435205,430.643749236855,459.247770475375,0.117622164080246,18.0489057652382,15.8736276215007,16.5363260902713,17.212016078836,17.909607825933,1.21256174338113,18.6715135700925,19.943617554428,20.5556323146341,0.0671820086576381,30,"3_A_JU3237_0.00093",NA,NA,NA,NA,NA,"3_A",-68.1638029322442,446.193571175041,24.5659312291378,18.1631043013671,1.26730634373717e-40,185.742269212847,-253.906072145091
"20250424-CbDRC2-p037-m2x_B09_roi_0.png",20250424,"CbDRC2","p037","m2x","B09",0,259.315051104377,15.3555490270772,"","48h",10,"15hHB101","DMSO",1,"IVERMECTIN",0.0037,NA,NA,"JU3237","3_A",NA,NA,NA,261.247963405412,214.37409651525,234.7438962255,246.235691428022,266.951193357313,20.7494957952355,273.58020777529,286.560946423692,300.353668825911,0.0794245265102252,15.1103358668347,13.7991832168085,14.0792031136599,14.2788129298714,15.097981004545,0.913804851768396,15.6498334349179,16.3755428564943,17.287213525838,0.0604754824658849,26,"3_A_JU3237_0.0037",NA,NA,NA,NA,NA,"3_A",-179.242377817728,446.193571175041,24.5659312291378,18.1631043013671,1.26730634373717e-40,185.742269212847,-364.984647030575
"20250424-CbDRC2-p037-m2x_B10_roi_0.png",20250424,"CbDRC2","p037","m2x","B10",0,243.745215081087,14.8811152001257,"","48h",10,"15hHB101","DMSO",1,"IVERMECTIN",0.0075,NA,NA,"JU3237","3_A",NA,NA,NA,251.403289534684,210.624285074409,222.52602391609,227.57485617182,238.788296301883,52.1826427101558,246.469044949631,278.631155483362,411.189406812395,0.20756547301644,14.0127741208876,8.81063900395761,9.85402682870772,13.7895040758139,14.4739538166797,2.25130624305713,15.3225833736411,15.8998921878032,17.3365936332857,0.160660995719706,19,"3_A_JU3237_0.0075",NA,NA,NA,NA,NA,"3_A",-207.405274873157,446.193571175041,24.5659312291378,18.1631043013671,1.26730634373717e-40,185.742269212847,-393.147544086004
"20250424-CbDRC2-p037-m2x_B11_roi_0.png",20250424,"CbDRC2","p037","m2x","B11",0,211.570137778539,14.4979652464311,"","48h",10,"15hHB101","DMSO",1,"IVERMECTIN",0.015,NA,NA,"JU3237","3_A",NA,NA,NA,234.659336182491,193.600946360097,199.718448201862,212.772216317694,224.025772168998,39.1633505428854,237.323795044004,260.595703033997,352.383572264165,0.166894491308152,14.6991459006762,8.63291522979969,13.1588400345756,14.5085465381302,14.998689737507,1.63356458014079,15.4916116967582,16.1940289389694,16.4455400311583,0.111133299252826,22,"3_A_JU3237_0.015",NA,NA,NA,NA,NA,"3_A",-222.167799006043,446.193571175041,24.5659312291378,18.1631043013671,1.26730634373717e-40,185.742269212847,-407.91006821889
"20250424-CbDRC2-p037-m2x_B12_roi_0.png",20250424,"CbDRC2","p037","m2x","B12",0,236.671879768724,14.2745253705894,"","48h",10,"15hHB101","DMSO",1,"IVERMECTIN",0.03,NA,NA,"JU3237","3_A",NA,NA,NA,222.947963635927,162.827118102922,177.437917217728,215.15264462913,228.789693934791,26.4838495345488,239.168854622488,250.238025256345,256.525127596853,0.118789376241161,14.9298619131075,11.5109559198075,13.6131590034677,14.282682710327,14.9718604299343,1.48378757244907,16.0574782841757,16.490134662983,17.1927537184143,0.0993838778338868,22,"3_A_JU3237_0.03",NA,NA,NA,NA,NA,"3_A",-217.40387724025,446.193571175041,24.5659312291378,18.1631043013671,1.26730634373717e-40,185.742269212847,-403.146146453097
"20250424-CbDRC2-p037-m2x_C01_roi_0.png",20250424,"CbDRC2","p037","m2x","C01",0,645.338706390634,32.3936975117013,"","48h",10,"15hHB101","DMSO",1,"IVERMECTIN",0,NA,NA,"NIC1667","3_A",NA,NA,NA,593.790318811291,322.601911890482,535.270317156702,563.516551427371,598.613959918519,68.5523008454602,628.087264038763,665.800451896909,753.898312585712,0.115448667103053,31.2804344097692,16.4579095038236,29.1070442819572,30.3383895110203,31.1604141917677,3.54041293786226,32.5114702328721,33.8383272005995,43.289360077235,0.113182984976595,48,"3_A_NIC1667_0",NA,NA,NA,NA,NA,"3_A",143.654530324621,454.959429593897,22.8011769965811,19.9533309031422,5.88828783048315e-46,168.954730350924,-25.3002000263029
"20250424-CbDRC2-p037-m2x_C02_roi_0.png",20250424,"CbDRC2","p037","m2x","C02",0,572.642770857404,30.8408467400711,"","48h",10,"15hHB101","DMSO",1,"IVERMECTIN",2.9e-05,NA,NA,"NIC1667","3_A",NA,NA,NA,613.52921379161,501.889616331352,535.719739273768,571.719259279174,610.184990556615,88.2788803445533,636.52229095651,661.438943186275,1134.13695347002,0.143887003846141,31.6780665669617,16.9411223426698,28.9327049712273,30.7265028809301,31.7149104472627,3.26376871738887,32.8407651734859,34.955680659697,40.9586224308997,0.103029290329,52,"3_A_NIC1667_2.9e-05",NA,NA,NA,NA,NA,"3_A",155.225560962718,454.959429593897,22.8011769965811,19.9533309031422,5.88828783048315e-46,168.954730350924,-13.7291693882064
"20250424-CbDRC2-p037-m2x_C03_roi_0.png",20250424,"CbDRC2","p037","m2x","C03",0,636.711287457981,30.6115106524996,"","48h",10,"15hHB101","DMSO",1,"IVERMECTIN",5.8e-05,NA,NA,"NIC1667","3_A",NA,NA,NA,585.70649033954,176.99227406166,529.940975787641,567.61840047884,605.89685542392,79.6297851250965,629.241299012127,650.555535989853,673.256525449355,0.135955101127417,31.9458259922746,22.5870541422147,29.2731717489839,30.7201462719049,31.8055033030768,2.74466817803989,33.4219398327268,33.9520613614055,40.4198562017344,0.0859163315640556,49,"3_A_NIC1667_5.8e-05",NA,NA,NA,NA,NA,"3_A",150.937425830022,454.959429593897,22.8011769965811,19.9533309031422,5.88828783048315e-46,168.954730350924,-18.0173045209019
"20250424-CbDRC2-p037-m2x_C04_roi_0.png",20250424,"CbDRC2","p037","m2x","C04",0,678.445094013474,33.0694918647079,"","48h",10,"15hHB101","DMSO",1,"IVERMECTIN",0.00011,NA,NA,"NIC1667","3_A",NA,NA,NA,592.876803433909,470.003222688415,543.554117913994,563.536326350068,590.408278405905,45.2107291300171,623.981888615879,647.034958777089,678.445094013474,0.0762565323321121,31.421076846765,27.2119154061598,29.6426822965367,30.0862506535035,31.1505052383866,1.89383104503118,32.5718639219421,33.3964318177193,36.8077166373172,0.0602726333749495,46,"3_A_NIC1667_0.00011",NA,NA,NA,NA,NA,"3_A",135.448848812007,454.959429593897,22.8011769965811,19.9533309031422,5.88828783048315e-46,168.954730350924,-33.5058815389168
"20250424-CbDRC2-p037-m2x_C05_roi_0.png",20250424,"CbDRC2","p037","m2x","C05",0,632.288444439168,32.1789689584897,"","48h",10,"15hHB101","DMSO",1,"IVERMECTIN",0.00023,NA,NA,"NIC1667","3_A",NA,NA,NA,597.719245930892,499.671619380035,530.355632150419,560.571052139078,611.905094807835,46.2150875212652,633.452916347402,649.95644219606,678.300144417241,0.0773190554526808,32.1303910421423,25.9526963227436,28.4662177215865,30.3721897294152,32.0347971817941,2.82582740204351,33.5006327656096,36.2003804486965,37.4348502341875,0.0879487398188572,50,"3_A_NIC1667_0.00023",NA,NA,NA,NA,NA,"3_A",156.945665213937,454.959429593897,22.8011769965811,19.9533309031422,5.88828783048315e-46,168.954730350924,-12.0090651369867
"20250424-CbDRC2-p037-m2x_C06_roi_0.png",20250424,"CbDRC2","p037","m2x","C06",0,574.997385475434,29.7218536941331,"","48h",10,"15hHB101","DMSO",1,"IVERMECTIN",0.00046,NA,NA,"NIC1667","3_A",NA,NA,NA,557.087861460319,179.815249205907,470.212900793155,508.568147383419,560.130459851281,97.5769820472207,597.739075087182,639.880129038279,864.795311905272,0.175155462535905,27.2107251230846,15.2744044149458,23.4939559794832,25.2808894377565,27.2303396099074,3.79737879241508,29.1059475658871,30.4996704863217,42.3521755685736,0.139554487255965,52,"3_A_NIC1667_0.00046",NA,NA,NA,NA,NA,"3_A",105.171030257383,454.959429593897,22.8011769965811,19.9533309031422,5.88828783048315e-46,168.954730350924,-63.7837000935408
"20250424-CbDRC2-p037-m2x_C07_roi_0.png",20250424,"CbDRC2","p037","m2x","C07",0,395.473406376564,19.8997306191145,"","48h",10,"15hHB101","DMSO",1,"IVERMECTIN",0.00093,NA,NA,"NIC1667","3_A",NA,NA,NA,370.095412311107,225.826025936048,339.245044981856,355.017560360267,375.808672110348,37.0109892893245,394.335585176735,402.126556010112,455.81714161031,0.100003912661886,18.7883189095039,14.2578557257139,17.4475651973908,17.9851192231533,18.7751207455372,1.78987167229744,19.7007554362276,20.1553315272476,27.08733818308,0.0952651315383012,53,"3_A_NIC1667_0.00093",NA,NA,NA,NA,NA,"3_A",-79.1507574835492,454.959429593897,22.8011769965811,19.9533309031422,5.88828783048315e-46,168.954730350924,-248.105487834473
"20250424-CbDRC2-p037-m2x_C08_roi_10.png",20250424,"CbDRC2","p037","m2x","C08",10,285.056749325461,19.7560705891461,"","48h",10,"15hHB101","DMSO",1,"IVERMECTIN",0.0018,NA,NA,"NIC1667","3_A",NA,NA,NA,288.176813002041,229.296009623995,267.083791846119,281.111149497957,286.068496348964,31.6919480963016,290.821408848684,309.571329763308,362.46636221409,0.109973969682554,17.6379644707323,15.1483145415817,16.6898276790184,16.7481612921216,17.7041615461462,1.41691839869885,18.2838582658167,19.7560705891461,19.9272957335332,0.0803334421639201,11,"3_A_NIC1667_0.0018",NA,NA,NA,"outlier","outlier","3_A",-168.890933244933,454.959429593897,22.8011769965811,19.9533309031422,5.88828783048315e-46,168.954730350924,-337.845663595857
"20250424-CbDRC2-p037-m2x_C09_roi_0.png",20250424,"CbDRC2","p037","m2x","C09",0,277.711467600854,14.3977447507305,"","48h",10,"15hHB101","DMSO",1,"IVERMECTIN",0.0037,NA,NA,"NIC1667","3_A",NA,NA,NA,281.673065266073,246.312005451686,261.253490989055,276.031814456182,280.939227887044,15.071723143995,293.873964016238,300.053556608303,300.861669021793,0.0535078607170266,15.2248051258023,13.9332231613762,14.4777432410077,14.6997161568206,15.1347008266741,0.725009338923711,15.5940007370923,16.0841939214769,16.7952448644608,0.0476202705343661,19,"3_A_NIC1667_0.0037",NA,NA,NA,NA,NA,"3_A",-174.020201706854,454.959429593897,22.8011769965811,19.9533309031422,5.88828783048315e-46,168.954730350924,-342.974932057778
"20250424-CbDRC2-p037-m2x_C10_roi_0.png",20250424,"CbDRC2","p037","m2x","C10",0,242.533516139678,13.9316910464246,"","48h",10,"15hHB101","DMSO",1,"IVERMECTIN",0.0075,NA,NA,"NIC1667","3_A",NA,NA,NA,256.981674742759,205.227893406948,236.753248739921,242.533516139678,259.731394961135,19.2677335422618,273.817319887347,278.344015154147,288.787445430181,0.0749770720482267,15.0720433480149,13.5330860395178,13.9147648553042,14.2463683742252,14.7189193565165,1.23947592467505,15.4490177066976,16.8697718489063,18.9473442886625,0.0822367542379912,29,"3_A_NIC1667_0.0075",NA,NA,NA,NA,NA,"3_A",-195.228034632763,454.959429593897,22.8011769965811,19.9533309031422,5.88828783048315e-46,168.954730350924,-364.182764983687
"20250424-CbDRC2-p037-m2x_C12_roi_0.png",20250424,"CbDRC2","p037","m2x","C12",0,255.292652827112,14.0773095098102,"","48h",10,"15hHB101","DMSO",1,"IVERMECTIN",0.03,NA,NA,"NIC1667","3_A",NA,NA,NA,235.216209748576,196.645941300611,204.062954130183,221.97979791145,234.791929664826,25.0619343760324,245.820380105111,263.228817212574,297.321098532427,0.106548500219527,14.246156224703,12.1167177532958,12.9843202431899,13.7147943820638,14.3063474019339,0.983010323340208,14.7621164615682,15.2424803888652,16.0650216346369,0.0690017930335242,20,"3_A_NIC1667_0.03",NA,NA,NA,NA,NA,"3_A",-220.167499929071,454.959429593897,22.8011769965811,19.9533309031422,5.88828783048315e-46,168.954730350924,-389.122230279996
"20250424-CbDRC2-p037-m2x_D02_roi_0.png",20250424,"CbDRC2","p037","m2x","D02",0,727.465940443802,40.9877041289216,"","48h",10,"15hHB101","DMSO",1,"IVERMECTIN",2.9e-05,NA,NA,"VX34","3_A",NA,NA,NA,692.844841766019,506.761205632744,627.379760854653,678.851629166343,698.703078654143,50.2616647897389,723.370676847014,743.351605243742,776.241745038913,0.0725438969302636,38.2179663908695,26.7908060858812,35.9132195974795,37.316186093113,38.3794227790923,2.52426258652045,39.6799163447225,40.7604661895094,42.1704625465749,0.0660491079170427,45,"3_A_VX34_2.9e-05",NA,NA,NA,NA,NA,"3_A",203.966454680245,494.736623973898,31.0634991733245,15.9266224713907,9.46799627912495e-35,239.366746355374,-35.400291675129
"20250424-CbDRC2-p037-m2x_D03_roi_0.png",20250424,"CbDRC2","p037","m2x","D03",0,796.912604583392,38.2886791399162,"","48h",10,"15hHB101","DMSO",1,"IVERMECTIN",5.8e-05,NA,NA,"VX34","3_A",NA,NA,NA,710.031229218478,427.129518913464,646.37720274975,688.909005082975,716.717548667032,66.283313723075,742.764287410545,775.664444007847,796.912604583392,0.0933526737915911,38.0253400111212,24.4422008185103,35.1359320550965,37.4685464872889,38.4120190101571,3.15850637292519,39.9923856039147,40.578931258668,42.3433309813323,0.0830631986985896,40,"3_A_VX34_5.8e-05",NA,NA,NA,NA,NA,"3_A",221.980924693134,494.736623973898,31.0634991733245,15.9266224713907,9.46799627912495e-35,239.366746355374,-17.3858216622394
"20250424-CbDRC2-p037-m2x_D05_roi_0.png",20250424,"CbDRC2","p037","m2x","D05",0,645.182585628361,36.8403642855594,"","48h",10,"15hHB101","DMSO",1,"IVERMECTIN",0.00023,NA,NA,"VX34","3_A",NA,NA,NA,670.349732465056,427.673605378268,599.454815829448,641.379812538255,671.378903026005,82.2252726211917,697.391522099088,728.511920067265,1084.01546979075,0.122660260217942,36.6550770697277,28.1916505604007,31.0329374969645,34.9447605190166,37.6655494181818,3.47909114221724,39.1977534014208,40.2816907575992,41.2155929687046,0.0949143043840578,50,"3_A_VX34_0.00023",NA,NA,NA,NA,NA,"3_A",176.642279052107,494.736623973898,31.0634991733245,15.9266224713907,9.46799627912495e-35,239.366746355374,-62.7244673032666
"20250424-CbDRC2-p037-m2x_D06_roi_0.png",20250424,"CbDRC2","p037","m2x","D06",0,668.613364977898,35.5685886546728,"","48h",10,"15hHB101","DMSO",1,"IVERMECTIN",0.00046,NA,NA,"VX34","3_A",NA,NA,NA,615.491100390077,49.3169898549384,540.895970301996,571.349939996724,629.646249304318,147.994651661645,669.653694480427,691.711598264735,1287.31741744001,0.240449701982452,35.8926366353961,15.7495542253006,25.4618033322071,27.9355483951263,30.387820098338,43.1172244049054,33.7179861700826,36.5734002347473,353.515577191773,1.20128328389185,57,"3_A_VX34_0.00046",NA,NA,NA,NA,NA,"3_A",134.90962533042,494.736623973898,31.0634991733245,15.9266224713907,9.46799627912495e-35,239.366746355374,-104.457121024954
"20250424-CbDRC2-p037-m2x_D07_roi_0.png",20250424,"CbDRC2","p037","m2x","D07",0,491.605048542276,20.2918572177815,"","48h",10,"15hHB101","DMSO",1,"IVERMECTIN",0.00093,NA,NA,"VX34","3_A",NA,NA,NA,374.114693974941,251.48825324533,315.753018732992,343.543981633994,360.938316182784,57.3829953371823,407.54819241635,455.316068510985,491.605048542276,0.153383430967365,18.3603910678439,14.9468762364562,15.9299630066535,17.5152192388217,18.5257950384572,1.85224102644792,18.9923215033884,19.6730443865034,24.3987334630845,0.100882438702077,33,"3_A_VX34_0.00093",NA,NA,NA,NA,NA,"3_A",-133.798307791114,494.736623973898,31.0634991733245,15.9266224713907,9.46799627912495e-35,239.366746355374,-373.165054146488
"20250424-CbDRC2-p037-m2x_D08_roi_0.png",20250424,"CbDRC2","p037","m2x","D08",0,330.288757356715,18.913906903845,"","48h",10,"15hHB101","DMSO",1,"IVERMECTIN",0.0018,NA,NA,"VX34","3_A",NA,NA,NA,285.723984926403,242.350466129847,266.598839823379,276.668943805691,290.593661830702,17.9542013797605,293.315373956753,301.503174874863,330.288757356715,0.062837571666884,16.1687249383954,13.8896129383474,14.9610483063772,15.514969033265,15.991897922144,1.19775205502019,16.5796745987689,17.9073632123531,19.119191003267,0.0740783246411674,32,"3_A_VX34_0.0018",NA,NA,NA,NA,NA,"3_A",-204.142962143196,494.736623973898,31.0634991733245,15.9266224713907,9.46799627912495e-35,239.366746355374,-443.50970849857
"20250424-CbDRC2-p037-m2x_D10_roi_0.png",20250424,"CbDRC2","p037","m2x","D10",0,251.50972206745,14.2028105185209,"","48h",10,"15hHB101","DMSO",1,"IVERMECTIN",0.0075,NA,NA,"VX34","3_A",NA,NA,NA,243.525122414801,209.196735674408,215.180913516396,233.371899072092,244.91323095095,20.3425990398534,252.111870466815,271.60845304231,295.569084284512,0.0835338828213522,14.6930069882305,11.9690325241745,13.6146191979625,14.2028105185209,14.5748884458646,1.089374077698,15.2315107065115,16.0271466538212,17.158347547914,0.0741423507503004,33,"3_A_VX34_0.0075",NA,NA,NA,NA,NA,"3_A",-249.823393022947,494.736623973898,31.0634991733245,15.9266224713907,9.46799627912495e-35,239.366746355374,-489.190139378321
"20250424-CbDRC2-p037-m2x_D11_roi_0.png",20250424,"CbDRC2","p037","m2x","D11",0,260.507829904917,15.4517667531001,"","48h",10,"15hHB101","DMSO",1,"IVERMECTIN",0.015,NA,NA,"VX34","3_A",NA,NA,NA,234.994568287314,183.719139255157,203.08880565553,221.659761062147,241.195175631657,22.1746293942414,250.964811166919,259.577689006236,269.720270053472,0.0943623061411777,14.7899201318951,13.2420904655073,13.7081407850552,14.3741939248769,14.7803415101053,0.763820382135988,15.1429445682573,15.6941565181408,16.6182191408042,0.0516446590194073,36,"3_A_VX34_0.015",NA,NA,NA,NA,NA,"3_A",-253.54144834224,494.736623973898,31.0634991733245,15.9266224713907,9.46799627912495e-35,239.366746355374,-492.908194697614
"20250424-CbDRC2-p037-m2x_D12_roi_1.png",20250424,"CbDRC2","p037","m2x","D12",1,240.932614863286,14.6888174949814,"","48h",10,"15hHB101","DMSO",1,"IVERMECTIN",0.03,NA,NA,"VX34","3_A",NA,NA,NA,246.374525715885,153.810478600747,231.880602928336,241.4070087103,249.212382525789,24.8347931138116,257.11597261377,268.835757773417,293.601813554449,0.100800977867536,14.7987699991486,13.36707510121,13.7966648019087,14.2612969708676,14.735037905238,1.2704026500354,14.9611912673319,15.3036897308765,21.0438459209263,0.0858451513273392,32,"3_A_VX34_0.03",NA,NA,NA,NA,NA,"3_A",-245.524241448109,494.736623973898,31.0634991733245,15.9266224713907,9.46799627912495e-35,239.366746355374,-484.890987803482
"20250424-CbDRC2-p037-m2x_E01_roi_0.png",20250424,"CbDRC2","p037","m2x","E01",0,650.790623109793,27.1681208652026,"","48h",10,"15hHB101","DMSO",1,"IVERMECTIN",0,NA,NA,"ECA2666","3_A",NA,NA,NA,608.032552569383,312.614805474687,511.351258970347,559.940863567647,604.003786439437,111.760655120472,679.889518196803,690.543624086324,940.654605410998,0.183807025870904,26.9259428073929,20.6995423624717,23.4862974738161,24.9010353930902,27.0531206275525,2.83281544675914,28.7090195714854,30.7227088899075,32.0478613913035,0.105207660397368,29,"3_A_ECA2666_0",NA,NA,NA,NA,NA,"3_A",182.389197504022,421.614588935416,22.7760643635003,18.5113012593638,5.09787153788909e-42,208.851864384434,-26.4626668804124
"20250424-CbDRC2-p037-m2x_E02_roi_0.png",20250424,"CbDRC2","p037","m2x","E02",0,538.190837129963,28.8318321201181,"","48h",10,"15hHB101","DMSO",1,"IVERMECTIN",2.9e-05,NA,NA,"ECA2666","3_A",NA,NA,NA,556.502199776913,148.443626804569,462.175554083742,538.190837129963,586.893694027604,128.230306570114,628.020155723385,650.453753851575,704.561214980532,0.230421922180215,25.6645236533549,14.3899969413137,21.4272942449955,23.2346643709356,26.2029102657357,4.29772005922859,28.8318321201181,30.0790377739686,32.7159466347101,0.167457620382009,33,"3_A_ECA2666_2.9e-05",NA,NA,NA,NA,NA,"3_A",165.279105092189,421.614588935416,22.7760643635003,18.5113012593638,5.09787153788909e-42,208.851864384434,-43.5727592922453
"20250424-CbDRC2-p037-m2x_E03_roi_0.png",20250424,"CbDRC2","p037","m2x","E03",0,667.23344027625,30.5446407953049,"","48h",10,"15hHB101","DMSO",1,"IVERMECTIN",5.8e-05,NA,NA,"ECA2666","3_A",NA,NA,NA,562.876908321161,252.422450727963,417.420370245848,521.133202668444,569.048095582508,116.233808712667,621.775069586867,663.33892056085,860.029377606933,0.206499515248097,27.3827617381629,18.5492992803389,21.3982822507374,24.3783197677225,26.4270364099653,6.08599393241885,30.381674231305,31.0273919798114,54.3794297735539,0.222256395852757,39,"3_A_ECA2666_5.8e-05",NA,NA,NA,NA,NA,"3_A",147.433506647093,421.614588935416,22.7760643635003,18.5113012593638,5.09787153788909e-42,208.851864384434,-61.4183577373411
"20250424-CbDRC2-p037-m2x_E04_roi_0.png",20250424,"CbDRC2","p037","m2x","E04",0,613.245528959097,29.2389672499408,"","48h",10,"15hHB101","DMSO",1,"IVERMECTIN",0.00011,NA,NA,"ECA2666","3_A",NA,NA,NA,578.293808431275,345.760563957937,417.126695779474,537.76952993758,562.782869324456,159.378315998694,604.526571373486,625.232825799955,1181.91897312857,0.27560093792295,25.1232366059027,15.9496315656875,18.9180291565126,23.1377512617637,26.4673811376535,3.96807952714063,28.2061660879041,29.044725235811,30.8243194584933,0.157944598834384,37,"3_A_ECA2666_0.00011",NA,NA,NA,NA,NA,"3_A",141.16828038904,421.614588935416,22.7760643635003,18.5113012593638,5.09787153788909e-42,208.851864384434,-67.6835839953935
"20250424-CbDRC2-p037-m2x_E05_roi_0.png",20250424,"CbDRC2","p037","m2x","E05",0,642.03911866058,25.0965640981465,"","48h",10,"15hHB101","DMSO",1,"IVERMECTIN",0.00023,NA,NA,"ECA2666","3_A",NA,NA,NA,526.776482395764,233.135192243755,460.797442138345,504.886683522115,534.922918539427,69.0397959914421,568.093587647075,588.51063546763,642.03911866058,0.131060892615121,24.9081897803878,17.9156090114307,20.637148748844,22.627023158745,24.5561170525133,6.03811686467763,25.8506691583358,27.4030192099723,57.2018796544862,0.242414921273481,37,"3_A_ECA2666_0.00023",NA,NA,NA,NA,NA,"3_A",113.308329604011,421.614588935416,22.7760643635003,18.5113012593638,5.09787153788909e-42,208.851864384434,-95.5435347804225
"20250424-CbDRC2-p037-m2x_E06_roi_0.png",20250424,"CbDRC2","p037","m2x","E06",0,508.379077686054,20.9101588348546,"","48h",10,"15hHB101","DMSO",1,"IVERMECTIN",0.00046,NA,NA,"ECA2666","3_A",NA,NA,NA,473.273494367225,185.919288463626,410.052748740265,435.569966587262,459.860874871697,92.2331580106997,511.318604916072,533.907471926547,835.715636204231,0.194883421760217,20.409212240189,11.3751603993114,17.3752292360094,18.4577387226554,20.4500035933903,3.10793097449767,22.3504761609675,24.4868662278431,25.1695484694861,0.152280790552888,34,"3_A_ECA2666_0.00046",NA,NA,NA,NA,NA,"3_A",38.2462859362818,421.614588935416,22.7760643635003,18.5113012593638,5.09787153788909e-42,208.851864384434,-170.605578448152
"20250424-CbDRC2-p037-m2x_E07_roi_0.png",20250424,"CbDRC2","p037","m2x","E07",0,421.825618527391,22.809727391251,"","48h",10,"15hHB101","DMSO",1,"IVERMECTIN",0.00093,NA,NA,"ECA2666","3_A",NA,NA,NA,362.624722913703,269.293701144099,321.106610631142,344.401227986338,364.753190038059,37.5368229142388,391.16888693721,401.958019400491,422.646377549335,0.103514240873124,18.0589537360366,14.8969351352372,16.2449105368692,17.1269298056502,18.0827310144758,1.56112847776641,19.1111134245294,19.7150077559755,22.809727391251,0.0864462305283605,43,"3_A_ECA2666_0.00093",NA,NA,NA,NA,NA,"3_A",-56.8613988973563,421.614588935416,22.7760643635003,18.5113012593638,5.09787153788909e-42,208.851864384434,-265.71326328179
"20250424-CbDRC2-p037-m2x_E08_roi_0.png",20250424,"CbDRC2","p037","m2x","E08",0,258.103777700106,14.9681156001721,"","48h",10,"15hHB101","DMSO",1,"IVERMECTIN",0.0018,NA,NA,"ECA2666","3_A",NA,NA,NA,291.921446147725,241.916701696195,262.540238948033,275.921007926008,298.04840078398,22.8265429128568,306.156699783284,320.011950246825,333.739946481551,0.0781941279549075,16.1038026649351,13.9717375470083,14.7865002649882,15.2600562091423,15.6588310593588,1.29611482469867,16.672986578953,17.7749552557801,19.0963150468695,0.0804850165930603,28,"3_A_ECA2666_0.0018",NA,NA,NA,NA,NA,"3_A",-123.566188151436,421.614588935416,22.7760643635003,18.5113012593638,5.09787153788909e-42,208.851864384434,-332.41805253587
"20250424-CbDRC2-p037-m2x_E09_roi_0.png",20250424,"CbDRC2","p037","m2x","E09",0,235.663136744872,14.5622620353418,"","48h",10,"15hHB101","DMSO",1,"IVERMECTIN",0.0037,NA,NA,"ECA2666","3_A",NA,NA,NA,260.174581065525,222.611836877754,230.458925938134,242.755420605964,257.249342290812,22.4714392768403,279.534129169164,285.402821870472,299.241240212079,0.0863706177014303,14.6438765845544,12.1500478201348,13.6401458257644,14.1983924705729,14.5597999130732,0.983306447404257,15.0416922722174,15.8353573309224,16.7694671441258,0.0671479605640352,24,"3_A_ECA2666_0.0037",NA,NA,NA,NA,NA,"3_A",-164.365246644604,421.614588935416,22.7760643635003,18.5113012593638,5.09787153788909e-42,208.851864384434,-373.217111029038
"20250424-CbDRC2-p037-m2x_E10_roi_0.png",20250424,"CbDRC2","p037","m2x","E10",0,250.488568881904,15.9090032584699,"","48h",10,"15hHB101","DMSO",1,"IVERMECTIN",0.0075,NA,NA,"ECA2666","3_A",NA,NA,NA,253.418113958439,226.498885988674,231.517155972944,243.908001748875,253.815747796782,16.4418843803109,263.371428546827,270.011572835777,300.266344777954,0.064880462266432,14.9075910585281,13.2687177110491,13.5839477108138,14.2515902540754,14.6358863912845,1.10421012819814,15.6221873027738,16.2171403437795,18.1676197616641,0.0740703259073143,31,"3_A_ECA2666_0.0075",NA,NA,NA,NA,NA,"3_A",-167.798841138634,421.614588935416,22.7760643635003,18.5113012593638,5.09787153788909e-42,208.851864384434,-376.650705523068
"20250424-CbDRC2-p037-m2x_E11_roi_0.png",20250424,"CbDRC2","p037","m2x","E11",0,249.917530016701,13.3152344606119,"","48h",10,"15hHB101","DMSO",1,"IVERMECTIN",0.015,NA,NA,"ECA2666","3_A",NA,NA,NA,230.699793528756,142.080996316075,211.509141551427,222.258160379452,235.021781144766,25.417367159448,243.872046571137,249.6585872335,270.571481676603,0.110175075454845,13.5904107176419,9.27846354956603,12.0630812146223,13.3390468708976,13.8524708937983,1.38681366117418,14.4112381906107,14.8609843274164,15.1261587566395,0.102043543053039,22,"3_A_ECA2666_0.015",NA,NA,NA,NA,NA,"3_A",-186.59280779065,421.614588935416,22.7760643635003,18.5113012593638,5.09787153788909e-42,208.851864384434,-395.444672175084
"20250424-CbDRC2-p037-m2x_E12_roi_0.png",20250424,"CbDRC2","p037","m2x","E12",0,221.457524111493,15.1646740801022,"","48h",10,"15hHB101","DMSO",1,"IVERMECTIN",0.03,NA,NA,"ECA2666","3_A",NA,NA,NA,225.201570411177,186.872573988918,191.133381861477,213.953149316859,223.200515085425,26.2101902358677,239.224879568779,259.163654107112,275.142371692777,0.116385468307404,17.2832005882899,14.5005117478756,14.8425778498511,15.2203376286883,15.7794558314233,4.11420699123737,18.0628140840732,19.1799282293609,30.5482967885211,0.238046591556943,14,"3_A_ECA2666_0.03",NA,NA,NA,"outlier","outlier","3_A",-198.41407384999,421.614588935416,22.7760643635003,18.5113012593638,5.09787153788909e-42,208.851864384434,-407.265938234424
"20250424-CbDRC2-p037-m2x_F01_roi_0.png",20250424,"CbDRC2","p037","m2x","F01",0,713.636723517084,37.8157211644569,"","48h",10,"15hHB101","DMSO",1,"IVERMECTIN",0,NA,NA,"ED3102","3_A",NA,NA,NA,666.662341049249,461.934933186063,614.889317820493,661.730219009919,684.56921812357,66.9899896723431,697.652285685629,712.740471197751,749.182780125558,0.100485636502144,35.3218196925636,20.5439786378801,33.4114699292398,34.7559800401884,35.7809167526028,3.38440318177358,36.8673572043608,37.9222399293079,39.8429628763248,0.0958162181685705,44,"3_A_ED3102_0",NA,NA,NA,NA,NA,"3_A",221.01959139882,463.549626724751,27.2332814868386,17.0214385272952,4.46313528048551e-38,224.962051368695,-3.94245996987505
"20250424-CbDRC2-p037-m2x_F02_roi_0.png",20250424,"CbDRC2","p037","m2x","F02",0,698.454165786076,35.800353029381,"","48h",10,"15hHB101","DMSO",1,"IVERMECTIN",2.9e-05,NA,NA,"ED3102","3_A",NA,NA,NA,665.492119134822,468.090714536984,623.222636405278,649.734693407431,669.888938136481,53.541105073497,700.47788753437,715.391767086895,743.197491614104,0.0804534021275917,35.2644955624246,23.4280568408289,32.4660457984714,34.9979954634697,35.8862078255799,3.14925913250487,36.9885589659853,37.6737094131288,38.6089614010861,0.0893039608897881,39,"3_A_ED3102_2.9e-05",NA,NA,NA,NA,NA,"3_A",206.339311411731,463.549626724751,27.2332814868386,17.0214385272952,4.46313528048551e-38,224.962051368695,-18.6227399569638
"20250424-CbDRC2-p037-m2x_F03_roi_0.png",20250424,"CbDRC2","p037","m2x","F03",0,700.576920472425,36.4285369326162,"","48h",10,"15hHB101","DMSO",1,"IVERMECTIN",5.8e-05,NA,NA,"ED3102","3_A",NA,NA,NA,631.608360133991,224.153462156785,483.541651069771,623.639663169428,677.887794578371,120.029113080227,694.390640146856,701.388958529549,747.684917661645,0.190037245635513,34.6980191700035,14.4915766528203,32.3951478503497,34.2713723021983,36.2224007783185,5.08972151482982,36.9531941834177,38.1217087976339,39.9055293200193,0.146686226954128,50,"3_A_ED3102_5.8e-05",NA,NA,NA,"outlier","outlier","3_A",214.33816785362,463.549626724751,27.2332814868386,17.0214385272952,4.46313528048551e-38,224.962051368695,-10.6238835150744
"20250424-CbDRC2-p037-m2x_F04_roi_0.png",20250424,"CbDRC2","p037","m2x","F04",0,734.275481826124,37.7150435140675,"","48h",10,"15hHB101","DMSO",1,"IVERMECTIN",0.00011,NA,NA,"ED3102","3_A",NA,NA,NA,641.812970605341,171.13732513396,604.145412601396,640.02361785285,678.261122882284,123.421697387106,696.586642607557,709.072333319509,734.275481826124,0.192301656463406,36.8197117546697,14.8299164997805,31.4094163763316,33.1879382903582,35.3919021716457,15.1060677038836,36.9137521640897,37.6782982643842,118.971760390073,0.410271210283654,34,"3_A_ED3102_0.00011",NA,NA,NA,"outlier","outlier","3_A",214.711496157534,463.549626724751,27.2332814868386,17.0214385272952,4.46313528048551e-38,224.962051368695,-10.2505552111609
"20250424-CbDRC2-p037-m2x_F05_roi_0.png",20250424,"CbDRC2","p037","m2x","F05",0,655.457456369658,34.8909667636558,"","48h",10,"15hHB101","DMSO",1,"IVERMECTIN",0.00023,NA,NA,"ED3102","3_A",NA,NA,NA,627.735870066938,241.54214644587,547.274418268248,597.022431863926,638.269340010807,104.627309834809,665.822094281045,696.309896226179,1044.19078684961,0.166674097855284,30.4919215187285,13.5624583364375,26.1585869155136,29.5819717003916,30.9646405190414,3.94763507501413,32.8327022284641,34.3094663538826,38.5235807240937,0.129464949350255,59,"3_A_ED3102_0.00023",NA,NA,NA,NA,NA,"3_A",174.719713286056,463.549626724751,27.2332814868386,17.0214385272952,4.46313528048551e-38,224.962051368695,-50.2423380826387
"20250424-CbDRC2-p037-m2x_F06_roi_0.png",20250424,"CbDRC2","p037","m2x","F06",0,591.500808109901,26.3335759444262,"","48h",10,"15hHB101","DMSO",1,"IVERMECTIN",0.00046,NA,NA,"ED3102","3_A",NA,NA,NA,536.492036470211,166.997180658409,406.615543905321,482.438878052905,569.446894301593,107.25721447153,613.275422230408,646.416924945312,723.958303463024,0.199923218203231,23.166364953731,12.9759461796864,19.3061608071027,20.8016755842597,22.0349116089662,4.02401444530602,25.8629725966896,27.7088384298243,33.5012299564719,0.17370072747032,55,"3_A_ED3102_0.00046",NA,NA,NA,NA,NA,"3_A",105.897267576843,463.549626724751,27.2332814868386,17.0214385272952,4.46313528048551e-38,224.962051368695,-119.064783791852
"20250424-CbDRC2-p037-m2x_F08_roi_0.png",20250424,"CbDRC2","p037","m2x","F08",0,306.876581539383,19.6152981306829,"","48h",10,"15hHB101","DMSO",1,"IVERMECTIN",0.0018,NA,NA,"ED3102","3_A",NA,NA,NA,300.994010346325,265.095216926037,275.8031358013,295.867122107093,302.898975222402,16.7829331304244,306.876166893826,323.462392360571,331.159253405455,0.055758362470781,16.3013203654678,15.0944813470781,15.280467806367,15.6346707906175,15.9483668976946,1.09846431409657,16.5711992618087,17.8396905189662,19.6152981306829,0.067384990262723,22,"3_A_ED3102_0.0018",NA,NA,NA,NA,NA,"3_A",-160.650651502348,463.549626724751,27.2332814868386,17.0214385272952,4.46313528048551e-38,224.962051368695,-385.612702871043
"20250424-CbDRC2-p037-m2x_F09_roi_1.png",20250424,"CbDRC2","p037","m2x","F09",1,250.332223987639,18.1402831446309,"","48h",10,"15hHB101","DMSO",1,"IVERMECTIN",0.0037,NA,NA,"ED3102","3_A",NA,NA,NA,260.469510413342,192.902600641732,236.424023832297,240.196816223714,255.603403641444,28.6547576880404,271.546106332971,298.489902455206,322.352425246569,0.110011945899418,16.0882252813562,14.5653236147253,14.9649197783627,15.2457953728074,15.767519527453,1.1716388875723,16.512274087073,18.0216385764973,18.8263546022373,0.0728258628333636,26,"3_A_ED3102_0.0037",NA,NA,NA,NA,NA,"3_A",-207.946223083307,463.549626724751,27.2332814868386,17.0214385272952,4.46313528048551e-38,224.962051368695,-432.908274452001
"20250424-CbDRC2-p037-m2x_F10_roi_0.png",20250424,"CbDRC2","p037","m2x","F10",0,248.625968003783,15.1649858965442,"","48h",10,"15hHB101","DMSO",1,"IVERMECTIN",0.0075,NA,NA,"ED3102","3_A",NA,NA,NA,246.421346835736,206.878875356795,222.641813467125,232.248718305969,248.625968003783,18.814038008682,262.472167756686,268.872692162282,277.11288409843,0.0763490592445441,15.0135623085574,13.5667955204044,13.8524933765269,14.4443824079939,15.1649858965442,0.731094382322659,15.5724814620025,15.7847402575233,16.2927972383982,0.0486955971738934,27,"3_A_ED3102_0.0075",NA,NA,NA,NA,NA,"3_A",-214.923658720967,463.549626724751,27.2332814868386,17.0214385272952,4.46313528048551e-38,224.962051368695,-439.885710089662
"20250424-CbDRC2-p037-m2x_F11_roi_1.png",20250424,"CbDRC2","p037","m2x","F11",1,236.330173271555,14.9761721630809,"","48h",10,"15hHB101","DMSO",1,"IVERMECTIN",0.015,NA,NA,"ED3102","3_A",NA,NA,NA,242.172565009271,205.222739614111,215.262734358924,225.401427888086,233.661761962173,28.5432107051673,256.386372566876,275.7682151118,343.600423075983,0.117863106021422,15.1138100267135,14.0815049176911,14.3271445437182,14.5262570330105,15.172882990392,0.650897822564529,15.6061702106534,15.8634860084229,16.704365718821,0.0430664287439153,28,"3_A_ED3102_0.015",NA,NA,NA,NA,NA,"3_A",-229.887864762578,463.549626724751,27.2332814868386,17.0214385272952,4.46313528048551e-38,224.962051368695,-454.849916131272
"20250424-CbDRC2-p037-m2x_F12_roi_0.png",20250424,"CbDRC2","p037","m2x","F12",0,275.670476078561,15.009494103809,"","48h",10,"15hHB101","DMSO",1,"IVERMECTIN",0.03,NA,NA,"ED3102","3_A",NA,NA,NA,233.134777998954,162.130926221174,182.563736980435,227.436358249904,237.595468196333,31.0344594889851,245.127060874919,267.465491356071,285.083613317029,0.133118103422238,16.0507234113994,14.2184245464136,14.5660534553684,15.0117205967029,15.6641369894419,2.77563614866714,16.1711048474526,16.6003760776156,29.1646914911272,0.172929037372599,26,"3_A_ED3102_0.03",NA,NA,NA,NA,NA,"3_A",-225.954158528418,463.549626724751,27.2332814868386,17.0214385272952,4.46313528048551e-38,224.962051368695,-450.916209897113
"20250424-CbDRC2-p038-m2x_A01_roi_0.png",20250424,"CbDRC2","p038","m2x","A01",0,579.035642267375,36.4200221883459,"","48h",10,"15hHB101","DMSO",1,"IVERMECTIN",0,NA,NA,"PB420","3_A",NA,NA,NA,613.530217995715,428.410461596736,545.778676275198,596.310845048625,622.566587662178,61.4456850505169,651.497779411237,667.172802765366,708.189870444094,0.1001510329047,37.2446211305048,23.0096830766251,34.0305231895446,36.3446937837501,38.0086072767804,3.7480301471098,38.9862189618726,39.8134957705592,46.7769712936744,0.100632790275319,51,"3_A_PB420_0",NA,NA,NA,NA,NA,"3_A",165.328748670399,457.237838991778,25.8910601536029,17.6600663039343,5.86400537459328e-40,188.841855702527,-23.5131070321273
"20250424-CbDRC2-p038-m2x_A02_roi_0.png",20250424,"CbDRC2","p038","m2x","A02",0,679.541709858232,38.8803123079218,"","48h",10,"15hHB101","DMSO",1,"IVERMECTIN",2.9e-05,NA,NA,"PB420","3_A",NA,NA,NA,630.13694831598,519.055416388355,583.720920407052,607.057334786916,630.308538944006,40.5182486616565,658.672167845099,681.851006633911,725.137362052312,0.0643007028391847,37.5059122548493,29.9552640712462,32.4184073295169,36.3070952629168,38.0481400745737,3.02565913583293,39.1813968249194,40.3584097847448,42.2385528143773,0.0806715249391576,43,"3_A_PB420_2.9e-05",NA,NA,NA,"outlier","outlier","3_A",173.070699952228,457.237838991778,25.8910601536029,17.6600663039343,5.86400537459328e-40,188.841855702527,-15.7711557502989
"20250424-CbDRC2-p038-m2x_A03_roi_0.png",20250424,"CbDRC2","p038","m2x","A03",0,608.832502126542,37.677113743654,"","48h",10,"15hHB101","DMSO",1,"IVERMECTIN",5.8e-05,NA,NA,"PB420","3_A",NA,NA,NA,623.234028549986,327.851039789699,529.870369014645,619.375606236812,638.935623735641,79.4103813042961,654.358494391564,680.495030666477,777.1098875352,0.127416632703853,37.3893416378961,20.9673203995512,33.5272237895437,36.4722468282268,38.5064631167569,4.8533148952489,39.2085508935801,40.8761879760576,48.5620298908975,0.129804770093352,36,"3_A_PB420_5.8e-05",NA,NA,NA,"outlier","outlier","3_A",181.697784743863,457.237838991778,25.8910601536029,17.6600663039343,5.86400537459328e-40,188.841855702527,-7.1440709586638
"20250424-CbDRC2-p038-m2x_A04_roi_0.png",20250424,"CbDRC2","p038","m2x","A04",0,635.875574347234,38.9396932092561,"","48h",10,"15hHB101","DMSO",1,"IVERMECTIN",0.00011,NA,NA,"PB420","3_A",NA,NA,NA,620.211138356098,443.826685470592,577.522307168645,602.878801204884,623.242421361383,51.8020042011648,643.219782198471,682.846009030157,714.563360926621,0.0835231762178099,35.9313834929156,18.2924148290786,31.6096772273369,34.1651294025066,36.7000242470955,4.4184195107877,39.0599539379874,39.8184243484587,41.42904117858,0.122968254524874,35,"3_A_PB420_0.00011",NA,NA,NA,NA,NA,"3_A",166.004582369605,457.237838991778,25.8910601536029,17.6600663039343,5.86400537459328e-40,188.841855702527,-22.8372733329215
"20250424-CbDRC2-p038-m2x_A05_roi_0.png",20250424,"CbDRC2","p038","m2x","A05",0,591.482960807002,35.959687079639,"","48h",10,"15hHB101","DMSO",1,"IVERMECTIN",0.00023,NA,NA,"PB420","3_A",NA,NA,NA,628.519009663526,543.456334485218,586.11741255535,600.282669909052,632.024251711494,37.0784691195358,652.605442467848,670.837210087384,700.502987591551,0.0589933932776123,36.3338079141489,31.1917556581044,33.1201853413956,35.0420173145728,36.4991350938615,2.26511415084213,38.0081224639999,38.9513130011851,40.1846039712442,0.0623417770081859,29,"3_A_PB420_0.00023",NA,NA,NA,NA,NA,"3_A",174.786412719716,457.237838991778,25.8910601536029,17.6600663039343,5.86400537459328e-40,188.841855702527,-14.0554429828109
"20250424-CbDRC2-p038-m2x_A06_roi_0.png",20250424,"CbDRC2","p038","m2x","A06",0,570.697687089752,27.7327310399738,"","48h",10,"15hHB101","DMSO",1,"IVERMECTIN",0.00046,NA,NA,"PB420","3_A",NA,NA,NA,584.924218979232,196.953281669355,516.648695067455,551.81036156126,594.357364282897,94.7887375045034,638.339967341061,662.194175463073,724.907461304692,0.162053022304192,32.6009230923855,16.1784463734336,25.7109424838127,29.1782001818431,35.0492475161085,5.58043615189312,36.5055687457314,37.5447918545018,39.0164911042307,0.171174176144617,28,"3_A_PB420_0.00046",NA,NA,NA,NA,NA,"3_A",137.119525291119,457.237838991778,25.8910601536029,17.6600663039343,5.86400537459328e-40,188.841855702527,-51.722330411408
"20250424-CbDRC2-p038-m2x_A07_roi_0.png",20250424,"CbDRC2","p038","m2x","A07",0,345.364685382376,19.984222491091,"","48h",10,"15hHB101","DMSO",1,"IVERMECTIN",0.00093,NA,NA,"PB420","3_A",NA,NA,NA,352.357392843476,278.763214401745,295.9304249505,329.284746918488,352.893425620947,44.3122586327259,376.210994452743,388.645693504766,490.819504178382,0.125759412269265,18.2488705935061,14.0118309424239,16.2399403751842,17.450675972958,17.9893490268479,2.13827248500742,18.788734517753,20.1563970016175,25.0613812876156,0.117172866893381,28,"3_A_PB420_0.00093",NA,NA,NA,NA,NA,"3_A",-104.344413370831,457.237838991778,25.8910601536029,17.6600663039343,5.86400537459328e-40,188.841855702527,-293.186269073358
"20250424-CbDRC2-p038-m2x_A08_roi_0.png",20250424,"CbDRC2","p038","m2x","A08",0,252.438906065426,16.1819161884031,"","48h",10,"15hHB101","DMSO",1,"IVERMECTIN",0.0018,NA,NA,"PB420","3_A",NA,NA,NA,268.530752564284,240.52427970769,246.674953860812,252.438906065426,268.886608748312,17.2021854339853,283.482706697317,288.716202165443,295.746369488948,0.0640603925983013,15.9875662219847,14.8274490179989,15.0567748465075,15.4554653727858,16.0105697065327,0.7108999860269,16.2968512540199,16.9390365097494,17.4986940991236,0.0444658039976924,25,"3_A_PB420_0.0018",NA,NA,NA,NA,NA,"3_A",-188.351230243467,457.237838991778,25.8910601536029,17.6600663039343,5.86400537459328e-40,188.841855702527,-377.193085945993
"20250424-CbDRC2-p038-m2x_A09_roi_0.png",20250424,"CbDRC2","p038","m2x","A09",0,239.406627534136,15.4475978755253,"","48h",10,"15hHB101","DMSO",1,"IVERMECTIN",0.0037,NA,NA,"PB420","3_A",NA,NA,NA,253.033793464931,194.816261672503,218.608816452773,246.572854227396,254.389701633267,22.0577686652782,265.715769802347,275.648812386539,291.016018065997,0.0871732125706572,15.4974284061632,11.7018479463973,14.3406833293804,14.9701256279455,15.4845021697581,1.1946775708091,16.2158027639575,16.5770139053142,18.4608206211696,0.0770887620512569,29,"3_A_PB420_0.0037",NA,NA,NA,"outlier","outlier","3_A",-202.848137358511,457.237838991778,25.8910601536029,17.6600663039343,5.86400537459328e-40,188.841855702527,-391.689993061038
"20250424-CbDRC2-p038-m2x_A10_roi_0.png",20250424,"CbDRC2","p038","m2x","A10",0,217.242821110146,14.5688937539637,"","48h",10,"15hHB101","DMSO",1,"IVERMECTIN",0.0075,NA,NA,"PB420","3_A",NA,NA,NA,226.406052980098,158.928252451449,203.691614353288,215.216576353247,225.480862910828,21.2973098532559,245.066911872413,249.039901225998,260.609095939495,0.0940668748601344,14.6134807226694,13.2824793178336,14.0036881743415,14.292237658428,14.5527997114103,0.592722989770153,15.0373477935384,15.3213887714962,16.096139927881,0.0405600144837967,33,"3_A_PB420_0.0075",NA,NA,NA,NA,NA,"3_A",-231.75697608095,457.237838991778,25.8910601536029,17.6600663039343,5.86400537459328e-40,188.841855702527,-420.598831783477
"20250424-CbDRC2-p038-m2x_A11_roi_0.png",20250424,"CbDRC2","p038","m2x","A11",0,263.008079645948,13.288742955319,"","48h",10,"15hHB101","DMSO",1,"IVERMECTIN",0.015,NA,NA,"PB420","3_A",NA,NA,NA,231.83081453389,179.723131051964,209.532187695226,222.207458635815,231.195852602153,21.9696911871294,245.411880962016,260.115137207847,269.484760477066,0.0947660526979588,14.3152781868596,11.1801393233372,13.3427879326205,14.0088558737687,14.5391694847571,0.879533337065832,14.8307223207385,15.2468716416912,15.4578004693763,0.0614401847861524,29,"3_A_PB420_0.015",NA,NA,NA,NA,NA,"3_A",-226.041986389625,457.237838991778,25.8910601536029,17.6600663039343,5.86400537459328e-40,188.841855702527,-414.883842092152
"20250424-CbDRC2-p038-m2x_A12_roi_0.png",20250424,"CbDRC2","p038","m2x","A12",0,253.888781388114,14.0200440441289,"","48h",10,"15hHB101","DMSO",1,"IVERMECTIN",0.03,NA,NA,"PB420","3_A",NA,NA,NA,229.685126370481,133.219601945117,198.749053307817,212.004060558566,227.808779174056,36.8234906911382,256.00550808547,270.978510127265,295.576236826699,0.160321616262353,14.5695065326472,9.66208582352548,13.6995886943794,14.0102947580915,14.6898990572533,1.55271612877056,15.0768480699088,15.9943586521762,17.732590408733,0.106573007485961,20,"3_A_PB420_0.03",NA,NA,NA,NA,NA,"3_A",-229.429059817723,457.237838991778,25.8910601536029,17.6600663039343,5.86400537459328e-40,188.841855702527,-418.270915520249
"20250424-CbDRC2-p038-m2x_B01_roi_0.png",20250424,"CbDRC2","p038","m2x","B01",0,631.254232084417,31.0217299801639,"","48h",10,"15hHB101","DMSO",1,"IVERMECTIN",0,NA,NA,"JU3237","3_A",NA,NA,NA,631.435667663534,508.001682344661,597.213350957168,611.994840899623,629.289253086516,43.674887290177,655.5373794674,679.090838557859,727.173515226325,0.0691675962046692,35.0775828484853,25.3169828810578,31.6645954157645,33.7580677331642,35.1688543254403,3.02021455127056,37.035587485826,37.8772571447468,40.601744625577,0.0861009883239712,38,"3_A_JU3237_0",NA,NA,NA,NA,NA,"3_A",183.095681911476,446.193571175041,24.5659312291378,18.1631043013671,1.26730634373717e-40,185.742269212847,-2.64658730137148
"20250424-CbDRC2-p038-m2x_B02_roi_0.png",20250424,"CbDRC2","p038","m2x","B02",0,608.018232438807,34.4702354317518,"","48h",10,"15hHB101","DMSO",1,"IVERMECTIN",2.9e-05,NA,NA,"JU3237","3_A",NA,NA,NA,623.487618710696,483.46390869986,556.542588852956,605.762098040628,632.982977355264,48.4385097020913,650.899028558416,669.421265026324,712.156171437075,0.0776896096224923,34.8396686173304,23.8448935664271,31.83959613686,33.6451385755793,35.240147380503,3.16778615808935,37.0196001465964,37.8786783131306,39.0388889238201,0.0909246925647733,38,"3_A_JU3237_2.9e-05",NA,NA,NA,NA,NA,"3_A",186.789406180224,446.193571175041,24.5659312291378,18.1631043013671,1.26730634373717e-40,185.742269212847,1.04713696737656
"20250424-CbDRC2-p038-m2x_B03_roi_0.png",20250424,"CbDRC2","p038","m2x","B03",0,643.826059793269,31.5211540755476,"","48h",10,"15hHB101","DMSO",1,"IVERMECTIN",5.8e-05,NA,NA,"JU3237","3_A",NA,NA,NA,635.881660492661,569.721150656895,610.176022776893,624.444497411484,637.830535997766,21.3620079662604,650.229524442599,662.91072804281,665.651159702866,0.0335943136804886,35.4066300261691,29.7015185259458,32.051608928318,34.7096964552955,35.7645884791387,2.07199098263623,36.8729920899852,37.4941471800872,38.7073004708523,0.0585198586000651,32,"3_A_JU3237_5.8e-05",NA,NA,NA,NA,NA,"3_A",191.636964822725,446.193571175041,24.5659312291378,18.1631043013671,1.26730634373717e-40,185.742269212847,5.89469560987834
"20250424-CbDRC2-p038-m2x_B04_roi_0.png",20250424,"CbDRC2","p038","m2x","B04",0,641.377044923725,33.6187852783227,"","48h",10,"15hHB101","DMSO",1,"IVERMECTIN",0.00011,NA,NA,"JU3237","3_A",NA,NA,NA,619.857044871905,278.556937359076,571.335399450785,604.867447354094,636.664128953972,65.6792558832303,649.758624573162,664.063780449025,690.248307281419,0.105958714878852,35.051538758042,24.2672932713667,31.315007006182,33.3649475402871,35.4739455063292,3.71854191930973,37.0948149291369,39.1800323362148,41.6742252993136,0.106087836684675,38,"3_A_JU3237_0.00011",NA,NA,NA,"outlier","outlier","3_A",190.470557778931,446.193571175041,24.5659312291378,18.1631043013671,1.26730634373717e-40,185.742269212847,4.72828856608385
"20250424-CbDRC2-p038-m2x_B05_roi_0.png",20250424,"CbDRC2","p038","m2x","B05",0,696.663489131035,38.142703582424,"","48h",10,"15hHB101","DMSO",1,"IVERMECTIN",0.00023,NA,NA,"JU3237","3_A",NA,NA,NA,613.962432063641,261.163259465837,596.151386839153,611.067689157217,627.868835042178,70.4831722337953,640.605487598049,661.23073397688,696.663489131035,0.114800464251352,34.5608301293683,21.0529396226793,30.816685582126,32.9283135185904,35.4089298590647,3.59478039495226,36.6997129790159,38.0338488163373,40.1320942935232,0.104013138037954,39,"3_A_JU3237_0.00023",NA,NA,NA,NA,NA,"3_A",181.675263867137,446.193571175041,24.5659312291378,18.1631043013671,1.26730634373717e-40,185.742269212847,-4.06700534570962
"20250424-CbDRC2-p038-m2x_B06_roi_0.png",20250424,"CbDRC2","p038","m2x","B06",0,578.409528045652,31.2808364446599,"","48h",10,"15hHB101","DMSO",1,"IVERMECTIN",0.00046,NA,NA,"JU3237","3_A",NA,NA,NA,561.907954167382,322.793288462525,472.626515720834,514.695101135268,577.038145663633,74.9628357126774,615.912493845668,625.893507175164,718.471257596504,0.133407678529404,29.8947611709872,21.6776511649211,23.9161592128654,26.6758591822457,30.6750214812863,4.29941609549152,32.6860380262577,35.0122227667634,37.6865844516536,0.143818379109986,31,"3_A_JU3237_0.00046",NA,NA,NA,NA,NA,"3_A",130.844574488593,446.193571175041,24.5659312291378,18.1631043013671,1.26730634373717e-40,185.742269212847,-54.8976947242544
"20250424-CbDRC2-p038-m2x_B07_roi_0.png",20250424,"CbDRC2","p038","m2x","B07",0,449.921823163273,20.0717423415451,"","48h",10,"15hHB101","DMSO",1,"IVERMECTIN",0.00093,NA,NA,"JU3237","3_A",NA,NA,NA,379.293063430264,302.386236010768,331.272468644976,350.263616966707,370.668337762825,48.2321986560568,397.555106751986,452.806660003464,463.169014769878,0.127163408209612,18.367898305564,15.2832831806256,16.8630759216205,17.4518834863135,17.7715148201102,1.74661787474159,19.5749872996681,20.3251248146485,22.093227069601,0.0950907853302143,14,"3_A_JU3237_0.00093",NA,NA,NA,NA,NA,"3_A",-75.5252334122155,446.193571175041,24.5659312291378,18.1631043013671,1.26730634373717e-40,185.742269212847,-261.267502625063
"20250424-CbDRC2-p038-m2x_B08_roi_0.png",20250424,"CbDRC2","p038","m2x","B08",0,300.798741109046,15.9812324742358,"","48h",10,"15hHB101","DMSO",1,"IVERMECTIN",0.0018,NA,NA,"JU3237","3_A",NA,NA,NA,295.90204009324,242.045582351638,274.602714612123,280.566059125665,298.953817593676,23.0893436873274,310.306352735422,324.39915491084,333.097222877209,0.0780303632920269,16.0249682743769,13.6867289858683,14.8015404051022,15.4330196211319,15.9919852370252,1.02591895599479,16.8009352011321,17.1868719002937,17.7845650082441,0.064020030394393,26,"3_A_JU3237_0.0018",NA,NA,NA,NA,NA,"3_A",-147.239753581365,446.193571175041,24.5659312291378,18.1631043013671,1.26730634373717e-40,185.742269212847,-332.982022794212
"20250424-CbDRC2-p038-m2x_B09_roi_1.png",20250424,"CbDRC2","p038","m2x","B09",1,229.490207762828,14.6354137208557,"","48h",10,"15hHB101","DMSO",1,"IVERMECTIN",0.0037,NA,NA,"JU3237","3_A",NA,NA,NA,257.890399402211,214.991011904235,228.976978445719,238.916780056816,262.507069072677,21.0732782814029,272.166851312862,283.818733437878,298.97345676993,0.0817140860235614,15.2685879056764,12.7956915445627,14.5756503350501,14.6929226970609,14.9386594220596,1.06447373535323,15.5350597512327,16.7328222178027,18.8902177745332,0.0697165803366461,36,"3_A_JU3237_0.0037",NA,NA,NA,NA,NA,"3_A",-183.686502102364,446.193571175041,24.5659312291378,18.1631043013671,1.26730634373717e-40,185.742269212847,-369.428771315211
"20250424-CbDRC2-p038-m2x_B10_roi_0.png",20250424,"CbDRC2","p038","m2x","B10",0,267.775632917693,15.5654431491951,"","48h",10,"15hHB101","DMSO",1,"IVERMECTIN",0.0075,NA,NA,"JU3237","3_A",NA,NA,NA,239.783032061057,170.14285111307,197.514935998005,222.197669071024,243.596880311927,31.9446456418843,256.942486754416,266.357137512493,337.292652885473,0.13322312828937,14.4605776056173,10.2834143523643,13.1754199952442,14.0774744200453,14.5774410236138,1.24667839076481,15.0964032004025,15.5728767808132,17.0703632756037,0.0862122125938125,29,"3_A_JU3237_0.0075",NA,NA,NA,NA,NA,"3_A",-202.596690863113,446.193571175041,24.5659312291378,18.1631043013671,1.26730634373717e-40,185.742269212847,-388.33896007596
"20250424-CbDRC2-p038-m2x_B11_roi_0.png",20250424,"CbDRC2","p038","m2x","B11",0,254.955029133722,13.8777057067313,"","48h",10,"15hHB101","DMSO",1,"IVERMECTIN",0.015,NA,NA,"JU3237","3_A",NA,NA,NA,238.50304984956,194.448354732871,216.194343101935,226.225997981303,233.697617961411,27.6036494053203,247.176452105474,254.957261571516,336.118896120944,0.11573709192705,14.4267544383783,10.4292163738896,13.6179912732188,13.9833294615551,14.6812959353962,1.14364686860218,15.0051062012764,15.1431785346923,15.9884795258909,0.0792726370638037,20,"3_A_JU3237_0.015",NA,NA,NA,NA,NA,"3_A",-212.495953213629,446.193571175041,24.5659312291378,18.1631043013671,1.26730634373717e-40,185.742269212847,-398.238222426476
"20250424-CbDRC2-p038-m2x_B12_roi_1.png",20250424,"CbDRC2","p038","m2x","B12",1,230.380549818185,14.6120374758061,"","48h",10,"15hHB101","DMSO",1,"IVERMECTIN",0.03,NA,NA,"JU3237","3_A",NA,NA,NA,224.08258957052,191.919554279035,204.518538978651,214.600144377546,218.321236712611,18.8240461300672,230.380549818185,252.197646718591,272.907000393907,0.084004947310479,14.5598871316163,11.1499360619075,12.6242944456443,14.1808256699259,14.6968342131257,1.34349458974906,15.3766667848865,15.9805984178638,16.4710062103012,0.0922736953662033,21,"3_A_JU3237_0.03",NA,NA,NA,NA,NA,"3_A",-227.87233446243,446.193571175041,24.5659312291378,18.1631043013671,1.26730634373717e-40,185.742269212847,-413.614603675277
"20250424-CbDRC2-p038-m2x_C01_roi_0.png",20250424,"CbDRC2","p038","m2x","C01",0,635.591353641515,31.0240870409981,"","48h",10,"15hHB101","DMSO",1,"IVERMECTIN",0,NA,NA,"NIC1667","3_A",NA,NA,NA,624.815967273091,342.564602868803,566.312397620666,601.244868805932,630.162875461032,59.763899146632,662.078371261138,679.860331348067,765.651354114068,0.0956504031218375,32.5258579686589,25.7140241125612,30.1296514627835,31.0690618153894,32.3507137669052,2.32019366524866,33.8632091434982,35.5370443927511,38.8132873976798,0.0713338190028482,54,"3_A_NIC1667_0",NA,NA,NA,NA,NA,"3_A",175.203445867134,454.959429593897,22.8011769965811,19.9533309031422,5.88828783048315e-46,168.954730350924,6.2487155162103
"20250424-CbDRC2-p038-m2x_C02_roi_0.png",20250424,"CbDRC2","p038","m2x","C02",0,621.272107692638,32.4464982435273,"","48h",10,"15hHB101","DMSO",1,"IVERMECTIN",2.9e-05,NA,NA,"NIC1667","3_A",NA,NA,NA,599.135089603239,162.987936726588,531.959059775885,570.335802479339,616.57469940056,83.8606371964791,650.936313941283,674.87863590016,702.808858879139,0.139969497116274,31.5415805936972,23.8168065041359,29.2268923278644,30.2313366530569,31.3702288369769,2.23240412064623,32.910286507246,33.8808159664446,39.8260606043913,0.0707765457097074,57,"3_A_NIC1667_2.9e-05",NA,NA,NA,NA,NA,"3_A",161.615269806662,454.959429593897,22.8011769965811,19.9533309031422,5.88828783048315e-46,168.954730350924,-7.3394605442621
"20250424-CbDRC2-p038-m2x_C03_roi_0.png",20250424,"CbDRC2","p038","m2x","C03",0,628.858142402535,31.8123995433386,"","48h",10,"15hHB101","DMSO",1,"IVERMECTIN",5.8e-05,NA,NA,"NIC1667","3_A",NA,NA,NA,611.984820030163,452.745264969726,548.058963184318,587.742147105548,619.433231866121,61.3875460861954,641.514087968976,672.438310217566,876.621865644534,0.100308935903296,31.6450000019135,18.7695196670804,29.5679862735361,30.5714072006847,32.0595941626776,2.87820825759635,32.9527102037327,34.7223424773649,36.1559313334655,0.0909530180888707,63,"3_A_NIC1667_5.8e-05",NA,NA,NA,NA,NA,"3_A",164.473802272224,454.959429593897,22.8011769965811,19.9533309031422,5.88828783048315e-46,168.954730350924,-4.48092807870054
"20250424-CbDRC2-p038-m2x_C04_roi_0.png",20250424,"CbDRC2","p038","m2x","C04",0,637.335699421343,30.271099498471,"","48h",10,"15hHB101","DMSO",1,"IVERMECTIN",0.00011,NA,NA,"NIC1667","3_A",NA,NA,NA,628.996259369047,180.028378079887,562.019742421349,611.790304617902,636.753680957081,95.1262306571978,664.190936063091,677.526910593429,911.719435966554,0.151234970383798,31.330535903768,16.3058311991541,29.3375752884752,30.4922335265285,31.6512135555066,3.61345057793901,33.382101449332,34.8147604208396,37.2648150251005,0.115333187693876,54,"3_A_NIC1667_0.00011",NA,NA,NA,NA,NA,"3_A",181.794251363183,454.959429593897,22.8011769965811,19.9533309031422,5.88828783048315e-46,168.954730350924,12.8395210122592
"20250424-CbDRC2-p038-m2x_C05_roi_0.png",20250424,"CbDRC2","p038","m2x","C05",0,644.094109151926,30.6163733750443,"","48h",10,"15hHB101","DMSO",1,"IVERMECTIN",0.00023,NA,NA,"NIC1667","3_A",NA,NA,NA,618.812314359912,498.901577110869,548.557375440341,602.309895457668,629.481082634194,46.6866385782773,651.896525080718,664.044172678223,677.012747604985,0.0754455551301837,31.8422936264231,28.3595548432882,29.585200197334,30.2048255441008,31.7740431212046,1.92143574411467,33.3918317114172,34.2457083549053,35.6722931647046,0.0603422531887036,42,"3_A_NIC1667_0.00023",NA,NA,NA,NA,NA,"3_A",174.521653040296,454.959429593897,22.8011769965811,19.9533309031422,5.88828783048315e-46,168.954730350924,5.56692268937209
"20250424-CbDRC2-p038-m2x_C06_roi_0.png",20250424,"CbDRC2","p038","m2x","C06",0,662.775885001578,28.8007753065595,"","48h",10,"15hHB101","DMSO",1,"IVERMECTIN",0.00046,NA,NA,"NIC1667","3_A",NA,NA,NA,552.221173035876,346.082381863268,449.058658245693,487.684340648756,579.082392246267,78.9677086355965,607.241346092561,626.235533774597,745.003618240279,0.143000146483819,26.6745182042557,20.6241198453263,22.69465252056,24.4362227443247,27.2209512930923,2.91092426893583,28.8078548335585,29.7207771571206,33.2069017208785,0.109127529376385,47,"3_A_NIC1667_0.00046",NA,NA,NA,NA,NA,"3_A",124.12296265237,454.959429593897,22.8011769965811,19.9533309031422,5.88828783048315e-46,168.954730350924,-44.8317676985542
"20250424-CbDRC2-p038-m2x_C07_roi_0.png",20250424,"CbDRC2","p038","m2x","C07",0,464.626111917547,21.2807481750245,"","48h",10,"15hHB101","DMSO",1,"IVERMECTIN",0.00093,NA,NA,"NIC1667","3_A",NA,NA,NA,366.351648423219,204.469930482446,339.752934223093,350.216171313096,365.072881190359,43.322938304067,393.622527365175,408.459704138546,464.626111917547,0.11825506583778,18.4234823882786,13.5815372211154,17.3205378896858,17.6091310774522,18.3262547987901,1.31045836366999,19.2838334943951,19.8441122747422,21.4741444535717,0.0711297862180347,45,"3_A_NIC1667_0.00093",NA,NA,NA,NA,NA,"3_A",-89.8865484035381,454.959429593897,22.8011769965811,19.9533309031422,5.88828783048315e-46,168.954730350924,-258.841278754462
"20250424-CbDRC2-p038-m2x_C08_roi_0.png",20250424,"CbDRC2","p038","m2x","C08",0,312.635243259014,16.8599501976092,"","48h",10,"15hHB101","DMSO",1,"IVERMECTIN",0.0018,NA,NA,"NIC1667","3_A",NA,NA,NA,299.882360180863,232.936936901061,273.131648079377,288.188934620228,297.989750869796,25.0258820432819,312.752510991889,331.13119815621,378.965988992969,0.0834523312014364,16.047266346467,13.4290040481695,14.9205917552041,15.49864194445,16.0372242214626,1.03298413109788,16.7251792325599,17.2751752369815,18.2802405167822,0.0643713457978032,48,"3_A_NIC1667_0.0018",NA,NA,NA,NA,NA,"3_A",-156.969678724102,454.959429593897,22.8011769965811,19.9533309031422,5.88828783048315e-46,168.954730350924,-325.924409075026
"20250424-CbDRC2-p038-m2x_C09_roi_0.png",20250424,"CbDRC2","p038","m2x","C09",0,315.834975741887,17.93318166284,"","48h",10,"15hHB101","DMSO",1,"IVERMECTIN",0.0037,NA,NA,"NIC1667","3_A",NA,NA,NA,284.865910262177,242.878869559569,262.529912795352,270.494023075514,282.622806882365,19.6179539698133,298.994539699552,308.467966431583,327.679751480109,0.0688673276200646,15.2165109014692,13.9948553576448,14.1619301976829,14.579843618988,15.2078735417986,0.944505896813981,15.6097497197457,16.0853608828334,17.93318166284,0.06207112148967,41,"3_A_NIC1667_0.0037",NA,NA,NA,NA,NA,"3_A",-172.336622711533,454.959429593897,22.8011769965811,19.9533309031422,5.88828783048315e-46,168.954730350924,-341.291353062457
"20250424-CbDRC2-p038-m2x_C10_roi_0.png",20250424,"CbDRC2","p038","m2x","C10",0,249.842370398613,15.0291544178067,"","48h",10,"15hHB101","DMSO",1,"IVERMECTIN",0.0075,NA,NA,"NIC1667","3_A",NA,NA,NA,260.792822953998,228.906138113912,237.825445467346,250.540425146126,261.476379990121,18.2027758525194,271.074930668957,274.733839379371,319.334392769926,0.0697978404709788,15.8330431891479,13.8996176360877,14.1792877541173,14.38530502259,14.7382511963195,4.91699752602898,15.0338243607965,16.1061644373669,40.9164180136519,0.310552903019877,30,"3_A_NIC1667_0.0075",NA,NA,NA,NA,NA,"3_A",-193.483049603777,454.959429593897,22.8011769965811,19.9533309031422,5.88828783048315e-46,168.954730350924,-362.437779954701
"20250424-CbDRC2-p038-m2x_C11_roi_0.png",20250424,"CbDRC2","p038","m2x","C11",0,233.389533932619,14.1131243876661,"","48h",10,"15hHB101","DMSO",1,"IVERMECTIN",0.015,NA,NA,"NIC1667","3_A",NA,NA,NA,252.743451757965,214.388137236587,220.413549548388,237.1348048001,254.878819000873,21.2604757548961,266.071759194018,276.331889129635,292.56855525125,0.0841187995456193,14.5160792858678,12.6729099425984,13.594811474907,14.0286188619906,14.397333254485,0.922614934360128,14.8813235549017,15.3187082659157,18.1175615655187,0.0635581355124139,37,"3_A_NIC1667_0.015",NA,NA,NA,NA,NA,"3_A",-200.080610593024,454.959429593897,22.8011769965811,19.9533309031422,5.88828783048315e-46,168.954730350924,-369.035340943948
"20250424-CbDRC2-p038-m2x_C12_roi_0.png",20250424,"CbDRC2","p038","m2x","C12",0,240.571465128565,14.1768776726299,"","48h",10,"15hHB101","DMSO",1,"IVERMECTIN",0.03,NA,NA,"NIC1667","3_A",NA,NA,NA,233.172933657796,161.112636558172,206.176908359764,224.135887627889,232.954650466369,24.6836786563552,248.928057689976,257.595527822917,282.610281388259,0.105859965259008,14.0641110624702,9.54302492065496,12.8148994886809,13.588868894517,14.2491929107185,1.1201040833416,14.7807683564219,15.1555603702666,15.7546545091358,0.0796427217025165,36,"3_A_NIC1667_0.03",NA,NA,NA,NA,NA,"3_A",-222.004779127529,454.959429593897,22.8011769965811,19.9533309031422,5.88828783048315e-46,168.954730350924,-390.959509478453
"20250424-CbDRC2-p038-m2x_D01_roi_0.png",20250424,"CbDRC2","p038","m2x","D01",0,689.718460288982,38.4696275194725,"","48h",10,"15hHB101","DMSO",1,"IVERMECTIN",0,NA,NA,"VX34","3_A",NA,NA,NA,731.5559227168,439.908185048688,657.183211366741,696.811758746186,724.071766717691,109.661950863401,760.839388231725,783.233926645626,1319.17778523526,0.149902348485056,38.6976606098931,18.993349778741,35.879625469892,37.7358253647392,38.7649787939546,4.96674758508539,39.7856371101793,40.8340089138519,62.1539801631046,0.128347489403937,44,"3_A_VX34_0",NA,NA,NA,NA,NA,"3_A",229.335142743793,494.736623973898,31.0634991733245,15.9266224713907,9.46799627912495e-35,239.366746355374,-10.0316036115808
"20250424-CbDRC2-p038-m2x_D02_roi_0.png",20250424,"CbDRC2","p038","m2x","D02",0,745.264035222969,38.2214464956507,"","48h",10,"15hHB101","DMSO",1,"IVERMECTIN",2.9e-05,NA,NA,"VX34","3_A",NA,NA,NA,707.262761043472,569.204279012138,643.839324937661,679.291545295173,711.939278529014,54.804519233567,744.176917921991,766.939902570028,811.044499268343,0.0774882013478416,38.0221394255166,30.107356080568,35.7808601417469,36.2686916780533,38.2214464956507,2.2599140625839,39.6704758028273,40.2730847795855,42.1899427284082,0.0594367938450954,49,"3_A_VX34_2.9e-05",NA,NA,NA,NA,NA,"3_A",217.202654555116,494.736623973898,31.0634991733245,15.9266224713907,9.46799627912495e-35,239.366746355374,-22.1640918002581
"20250424-CbDRC2-p038-m2x_D03_roi_0.png",20250424,"CbDRC2","p038","m2x","D03",0,748.52098949085,38.7371697543913,"","48h",10,"15hHB101","DMSO",1,"IVERMECTIN",5.8e-05,NA,NA,"VX34","3_A",NA,NA,NA,710.615213907935,285.56165372056,653.900790895936,684.424498251536,717.717427924419,96.8200837488507,741.715856803233,765.26355672242,1142.8535750244,0.136248256234765,37.4239981804451,18.3432935497149,32.4251086625917,36.9474086914997,38.3131477613928,4.01348477776225,39.684636432047,40.2440544486774,43.1266245527971,0.107243612999623,53,"3_A_VX34_5.8e-05",NA,NA,NA,NA,NA,"3_A",222.980803950521,494.736623973898,31.0634991733245,15.9266224713907,9.46799627912495e-35,239.366746355374,-16.3859424048529
"20250424-CbDRC2-p038-m2x_D04_roi_0.png",20250424,"CbDRC2","p038","m2x","D04",0,799.149871511355,38.5559165853174,"","48h",10,"15hHB101","DMSO",1,"IVERMECTIN",0.00011,NA,NA,"VX34","3_A",NA,NA,NA,714.388111142207,494.391695266199,612.54872790696,684.333391188296,733.566300768815,75.9717332325171,761.72968370719,793.514556538957,848.885208488911,0.106345181348341,37.4809280999737,27.9033284716147,34.6426145999847,36.9287710304402,38.1238073759351,2.61952395122038,39.072319623091,39.7017767820284,42.8600620856595,0.0698895167225653,54,"3_A_VX34_0.00011",NA,NA,NA,NA,NA,"3_A",238.829676794918,494.736623973898,31.0634991733245,15.9266224713907,9.46799627912495e-35,239.366746355374,-0.537069560456246
"20250424-CbDRC2-p038-m2x_D05_roi_0.png",20250424,"CbDRC2","p038","m2x","D05",0,707.501517501694,36.3192896407357,"","48h",10,"15hHB101","DMSO",1,"IVERMECTIN",0.00023,NA,NA,"VX34","3_A",NA,NA,NA,680.070160403288,227.323673095388,592.758044163467,650.476903142411,699.360626294298,89.3091592006861,731.277512397693,750.910378505937,779.857877735308,0.131323449256654,36.6562063482493,14.2275164013498,34.1401958778221,36.0673321508082,37.4379677541523,4.13215921196113,38.5787331004752,39.6740271665776,40.7640332428535,0.112727410270007,47,"3_A_VX34_0.00023",NA,NA,NA,NA,NA,"3_A",204.6240023204,494.736623973898,31.0634991733245,15.9266224713907,9.46799627912495e-35,239.366746355374,-34.7427440349738
"20250424-CbDRC2-p038-m2x_D06_roi_0.png",20250424,"CbDRC2","p038","m2x","D06",0,669.223855719343,30.5052879464449,"","48h",10,"15hHB101","DMSO",1,"IVERMECTIN",0.00046,NA,NA,"VX34","3_A",NA,NA,NA,624.775848081688,301.895608572675,451.191179245656,586.276562405015,664.666714237783,122.982389990352,679.259547515463,707.082496042022,992.376653218393,0.196842420154296,31.3650904471273,14.577749596963,26.0715913159833,28.6286862410625,31.6904624087126,5.43774436730011,35.2399756471718,37.4136484879793,38.8959389134485,0.173369318875921,34,"3_A_VX34_0.00046",NA,NA,NA,NA,NA,"3_A",169.930090263885,494.736623973898,31.0634991733245,15.9266224713907,9.46799627912495e-35,239.366746355374,-69.4366560914884
"20250424-CbDRC2-p038-m2x_D07_roi_1.png",20250424,"CbDRC2","p038","m2x","D07",1,393.349101800669,16.8650192571203,"","48h",10,"15hHB101","DMSO",1,"IVERMECTIN",0.00093,NA,NA,"VX34","3_A",NA,NA,NA,384.104775650145,296.458940826369,327.545076807512,350.628200713826,368.805559197561,58.7579737265373,404.549418770071,466.169775429799,589.639705523788,0.152973817175488,18.3428750491643,12.6706884859505,16.5246343725922,17.6337921861644,18.3673206164737,1.91411097693091,19.0375239487868,20.5580758210498,22.586150564425,0.104351742668504,35,"3_A_VX34_0.00093",NA,NA,NA,NA,NA,"3_A",-125.931064776337,494.736623973898,31.0634991733245,15.9266224713907,9.46799627912495e-35,239.366746355374,-365.297811131711
"20250424-CbDRC2-p038-m2x_D08_roi_0.png",20250424,"CbDRC2","p038","m2x","D08",0,309.9340854205,18.2896656565761,"","48h",10,"15hHB101","DMSO",1,"IVERMECTIN",0.0018,NA,NA,"VX34","3_A",NA,NA,NA,296.67396095305,241.531066612998,265.302667457634,278.445240508101,297.446655749423,26.3936389691657,310.437055080769,327.485088084614,373.677293337834,0.0889651349393032,16.4596371103776,13.4675193029799,15.0023651033073,15.5846380252111,16.3213661498949,1.33154909200993,17.312821110684,18.233162442781,20.3635071936863,0.080897840157752,45,"3_A_VX34_0.0018",NA,NA,NA,NA,NA,"3_A",-197.289968224475,494.736623973898,31.0634991733245,15.9266224713907,9.46799627912495e-35,239.366746355374,-436.656714579848
"20250424-CbDRC2-p038-m2x_D09_roi_0.png",20250424,"CbDRC2","p038","m2x","D09",0,275.660407102594,14.4178612972613,"","48h",10,"15hHB101","DMSO",1,"IVERMECTIN",0.0037,NA,NA,"VX34","3_A",NA,NA,NA,266.697067046129,216.050474907661,236.535222756486,252.564911725719,271.014934412603,25.3248215688127,276.70272172684,286.135005889515,337.525428596607,0.0949572556207841,15.3660998718266,12.9690214600177,13.9337326597481,14.2210798610513,14.8060220572765,1.94034597606468,15.8084981514533,16.8258423700058,22.313074692336,0.126274460809816,21,"3_A_VX34_0.0037",NA,NA,NA,NA,NA,"3_A",-223.721689561294,494.736623973898,31.0634991733245,15.9266224713907,9.46799627912495e-35,239.366746355374,-463.088435916668
"20250424-CbDRC2-p038-m2x_D10_roi_0.png",20250424,"CbDRC2","p038","m2x","D10",0,245.103010960872,14.2282513713194,"","48h",10,"15hHB101","DMSO",1,"IVERMECTIN",0.0075,NA,NA,"VX34","3_A",NA,NA,NA,238.153525495383,193.801971112856,221.880847925311,227.777673015491,240.348241862631,16.1538478847222,247.612642502614,258.689164184363,265.134919717883,0.0678295559602594,14.8453576492257,13.3467501073547,13.9398400564439,14.4797949216476,14.7229643309146,0.74032105899215,15.3126821059739,15.9827114992042,16.5791451329022,0.04986885977993,37,"3_A_VX34_0.0075",NA,NA,NA,NA,NA,"3_A",-254.388382111267,494.736623973898,31.0634991733245,15.9266224713907,9.46799627912495e-35,239.366746355374,-493.755128466641
"20250424-CbDRC2-p038-m2x_D11_roi_0.png",20250424,"CbDRC2","p038","m2x","D11",0,241.668764993048,14.4898440878287,"","48h",10,"15hHB101","DMSO",1,"IVERMECTIN",0.015,NA,NA,"VX34","3_A",NA,NA,NA,244.038734647614,197.422832375529,211.87542272924,225.722043768778,244.098359898138,22.761194580182,260.807765479306,273.099233223494,285.76230828124,0.0932687780611903,15.3554711690763,13.6392793144139,14.1215412804632,14.334907436664,15.0111949865476,1.39421044908294,15.7743027802328,17.3011450395678,19.7796645904074,0.0907956801671238,30,"3_A_VX34_0.015",NA,NA,NA,NA,NA,"3_A",-250.63826407576,494.736623973898,31.0634991733245,15.9266224713907,9.46799627912495e-35,239.366746355374,-490.005010431134
"20250424-CbDRC2-p038-m2x_D12_roi_0.png",20250424,"CbDRC2","p038","m2x","D12",0,234.276026462858,15.0289056242555,"","48h",10,"15hHB101","DMSO",1,"IVERMECTIN",0.03,NA,NA,"VX34","3_A",NA,NA,NA,237.990111923345,107.063428576848,215.622791350959,227.94980009696,245.899140218274,31.9419022478953,254.410371484949,267.803663527656,274.855160757645,0.134215249489792,15.097635976349,13.5003313593919,14.0600049966982,14.2689860408155,14.9075663261296,1.78316312527186,15.1873914085155,15.513320683785,23.2358219072667,0.118108764051885,27,"3_A_VX34_0.03",NA,NA,NA,NA,NA,"3_A",-248.837483755623,494.736623973898,31.0634991733245,15.9266224713907,9.46799627912495e-35,239.366746355374,-488.204230110997
"20250424-CbDRC2-p038-m2x_E01_roi_0.png",20250424,"CbDRC2","p038","m2x","E01",0,727.653605637072,35.2650768490796,"","48h",10,"15hHB101","DMSO",1,"IVERMECTIN",0,NA,NA,"ECA2666","3_A",NA,NA,NA,590.829079764049,216.893610349538,460.958717718721,536.030634652201,588.401883845851,142.203611182621,665.7384766679,703.354708605396,1108.03032576264,0.240684854644276,25.4960538764966,13.918672740904,20.38194755884,22.8320455155024,25.7172482846481,4.63359357841656,27.4447033124642,30.649803543864,35.2650768490796,0.18173767598946,39,"3_A_ECA2666_0",NA,NA,NA,NA,NA,"3_A",166.787294910435,421.614588935416,22.7760643635003,18.5113012593638,5.09787153788909e-42,208.851864384434,-42.0645694739986
"20250424-CbDRC2-p038-m2x_E02_roi_0.png",20250424,"CbDRC2","p038","m2x","E02",0,546.926465933905,25.0263843351019,"","48h",10,"15hHB101","DMSO",1,"IVERMECTIN",2.9e-05,NA,NA,"ECA2666","3_A",NA,NA,NA,566.512730322329,294.473605180169,460.653552005101,533.716859030456,577.972029841132,91.8013446450247,646.484624310048,662.655505112594,692.416358943688,0.162046393190127,27.5223068277312,21.7158077107188,23.1473449523378,24.1487758241305,26.6541141337396,4.57092169305125,29.9364664941477,31.9162067612775,44.4104082726033,0.166080616776121,36,"3_A_ECA2666_2.9e-05",NA,NA,NA,NA,NA,"3_A",156.357440905717,421.614588935416,22.7760643635003,18.5113012593638,5.09787153788909e-42,208.851864384434,-52.4944234787172
"20250424-CbDRC2-p038-m2x_E03_roi_0.png",20250424,"CbDRC2","p038","m2x","E03",0,683.761849170675,35.0643930425143,"","48h",10,"15hHB101","DMSO",1,"IVERMECTIN",5.8e-05,NA,NA,"ECA2666","3_A",NA,NA,NA,582.180596835435,128.646774511089,484.515145706821,541.348563443736,601.086412933693,112.728048938434,644.164537012182,678.188450512979,851.56922107835,0.19363072137957,26.5725167947812,14.9925845837577,22.692403077876,23.4524719150883,26.7578469315917,3.90650230645024,29.5489516070159,31.1070427484945,35.0643930425143,0.147012883146149,44,"3_A_ECA2666_5.8e-05",NA,NA,NA,NA,NA,"3_A",179.471823998278,421.614588935416,22.7760643635003,18.5113012593638,5.09787153788909e-42,208.851864384434,-29.3800403861565
"20250424-CbDRC2-p038-m2x_E04_roi_0.png",20250424,"CbDRC2","p038","m2x","E04",0,521.006817379136,27.6063332349981,"","48h",10,"15hHB101","DMSO",1,"IVERMECTIN",0.00011,NA,NA,"ECA2666","3_A",NA,NA,NA,588.669425311911,408.068312479196,530.766502479298,546.030973572705,570.5080769824,63.1206249658773,641.027498405305,668.430384731891,720.996493220377,0.10722592723825,25.5595942463052,18.6515840003193,20.9773804002838,23.0976107375057,24.8206566219824,3.67144219973125,27.6063332349981,31.1960355254224,33.9233553941959,0.143642428919308,41,"3_A_ECA2666_0.00011",NA,NA,NA,"outlier","outlier","3_A",148.893488046984,421.614588935416,22.7760643635003,18.5113012593638,5.09787153788909e-42,208.851864384434,-59.9583763374495
"20250424-CbDRC2-p038-m2x_E05_roi_0.png",20250424,"CbDRC2","p038","m2x","E05",0,612.61124394806,25.7362018949659,"","48h",10,"15hHB101","DMSO",1,"IVERMECTIN",0.00023,NA,NA,"ECA2666","3_A",NA,NA,NA,532.527412946367,319.622824402436,438.271105882269,482.591436691937,538.334178830703,98.8338024662364,564.785590184976,614.799984383806,946.701995577134,0.185593830596267,23.487823236244,15.5861806163956,19.3300289433307,21.2675628060599,23.0366826529504,3.68008596935142,25.8678985160709,26.7874325569537,34.1972533840148,0.156680588589951,43,"3_A_ECA2666_0.00023",NA,NA,NA,"outlier","outlier","3_A",116.719589895288,421.614588935416,22.7760643635003,18.5113012593638,5.09787153788909e-42,208.851864384434,-92.1322744891461
"20250424-CbDRC2-p038-m2x_E06_roi_0.png",20250424,"CbDRC2","p038","m2x","E06",0,580.465078601521,21.2269773181145,"","48h",10,"15hHB101","DMSO",1,"IVERMECTIN",0.00046,NA,NA,"ECA2666","3_A",NA,NA,NA,431.138929851887,167.894059862137,351.343155249627,390.899957360523,436.154134707824,93.4232945455666,490.594692730237,540.720914657237,580.465078601521,0.21668953573193,20.407898824518,14.3951819085918,17.8275098453332,18.4836304674591,20.1374908736357,3.04133013162024,21.5067320001606,23.6552859878207,30.7012345156946,0.149027107482834,38,"3_A_ECA2666_0.00046",NA,NA,NA,NA,NA,"3_A",14.539545772408,421.614588935416,22.7760643635003,18.5113012593638,5.09787153788909e-42,208.851864384434,-194.312318612026
"20250424-CbDRC2-p038-m2x_E07_roi_0.png",20250424,"CbDRC2","p038","m2x","E07",0,363.989363899123,19.2498392480317,"","48h",10,"15hHB101","DMSO",1,"IVERMECTIN",0.00093,NA,NA,"ECA2666","3_A",NA,NA,NA,369.90145668855,301.8926528331,324.228545996177,349.665430396136,370.152906813943,33.4099988648743,388.356014284129,406.029566466974,436.268375583737,0.0903213498102142,17.9831224972781,14.8232759401883,16.4479947184115,16.9249242597899,18.1609095476172,1.21792217033144,18.8690472149199,19.3752645057944,20.0247340294875,0.067725845192668,33,"3_A_ECA2666_0.00093",NA,NA,NA,NA,NA,"3_A",-51.4616821214725,421.614588935416,22.7760643635003,18.5113012593638,5.09787153788909e-42,208.851864384434,-260.313546505906
"20250424-CbDRC2-p038-m2x_E08_roi_0.png",20250424,"CbDRC2","p038","m2x","E08",0,272.958184459813,15.1077157141721,"","48h",10,"15hHB101","DMSO",1,"IVERMECTIN",0.0018,NA,NA,"ECA2666","3_A",NA,NA,NA,306.573223388676,272.958184459813,281.543707729929,289.091238836986,294.728449436954,27.6077573687187,328.162074582884,346.62813403429,369.6628623727,0.0900527354070886,15.8819398239791,14.4581441227082,15.0840782665763,15.2176038987806,15.4008645572492,1.41355375597909,16.2502016109202,16.9366414680576,21.5331033139338,0.0890038478703247,23,"3_A_ECA2666_0.0018",NA,NA,NA,NA,NA,"3_A",-126.886139498461,421.614588935416,22.7760643635003,18.5113012593638,5.09787153788909e-42,208.851864384434,-335.738003882895
"20250424-CbDRC2-p038-m2x_E09_roi_0.png",20250424,"CbDRC2","p038","m2x","E09",0,232.467430622955,15.9988791487973,"","48h",10,"15hHB101","DMSO",1,"IVERMECTIN",0.0037,NA,NA,"ECA2666","3_A",NA,NA,NA,260.267184823386,201.43831806592,226.634972376767,240.495912739343,257.725907832277,36.5712401959739,272.659348039987,287.205290723348,431.184094962333,0.140514218958455,15.3122055099134,13.3592427423678,13.892417980381,14.2646354156603,14.6905548198161,1.87187271205426,15.9417294238071,16.9721472810766,23.0110260059604,0.12224709959923,39,"3_A_ECA2666_0.0037",NA,NA,NA,NA,NA,"3_A",-163.888681103138,421.614588935416,22.7760643635003,18.5113012593638,5.09787153788909e-42,208.851864384434,-372.740545487572
"20250424-CbDRC2-p038-m2x_E10_roi_1.png",20250424,"CbDRC2","p038","m2x","E10",1,272.580707791114,15.2006501369664,"","48h",10,"15hHB101","DMSO",1,"IVERMECTIN",0.0075,NA,NA,"ECA2666","3_A",NA,NA,NA,243.296816461938,221.670835093384,223.263516860531,234.434176146627,241.663382121937,15.048564705192,252.09161524633,265.011588511069,272.580707791114,0.0618526987900241,14.1725888793524,12.8022205536825,13.2522366158504,13.7476621642713,14.2300998305639,0.765054638862516,14.6243357249349,14.9496029265777,15.797504862274,0.0539812906008372,17,"3_A_ECA2666_0.0075",NA,NA,NA,NA,NA,"3_A",-179.951206813478,421.614588935416,22.7760643635003,18.5113012593638,5.09787153788909e-42,208.851864384434,-388.803071197912
"20250424-CbDRC2-p038-m2x_E11_roi_0.png",20250424,"CbDRC2","p038","m2x","E11",0,248.683929539958,13.4696132741643,"","48h",10,"15hHB101","DMSO",1,"IVERMECTIN",0.015,NA,NA,"ECA2666","3_A",NA,NA,NA,237.261850951595,199.125508040081,215.591590207106,219.806719812358,231.874091466393,23.7184874870415,251.595857551218,267.579521837037,288.617862585719,0.099967556486274,14.2363706315819,12.1572989338099,13.0404799777581,13.7635109492471,14.153017465672,1.06970470982932,14.4785689932447,15.3838573566062,16.9633773146483,0.0751388635145739,23,"3_A_ECA2666_0.015",NA,NA,NA,NA,NA,"3_A",-189.740497469023,421.614588935416,22.7760643635003,18.5113012593638,5.09787153788909e-42,208.851864384434,-398.592361853457
"20250424-CbDRC2-p038-m2x_E12_roi_0.png",20250424,"CbDRC2","p038","m2x","E12",0,224.149719315098,15.1998606491828,"","48h",10,"15hHB101","DMSO",1,"IVERMECTIN",0.03,NA,NA,"ECA2666","3_A",NA,NA,NA,215.684655771266,118.23739125122,180.956235008822,187.183516854839,228.498762571752,39.109289187961,239.861747294643,253.592951049891,294.837775004412,0.181326247099545,14.7341417736982,13.2719255760924,13.6471749661975,13.9711629791078,14.4124771828635,1.31730006723547,15.0664000507618,15.6568934184637,18.7804074791594,0.0894046010597626,25,"3_A_ECA2666_0.03",NA,NA,NA,NA,NA,"3_A",-193.115826363664,421.614588935416,22.7760643635003,18.5113012593638,5.09787153788909e-42,208.851864384434,-401.967690748098
"20250424-CbDRC2-p038-m2x_F01_roi_1.png",20250424,"CbDRC2","p038","m2x","F01",1,686.91288062216,34.9198553621498,"","48h",10,"15hHB101","DMSO",1,"IVERMECTIN",0,NA,NA,"ED3102","3_A",NA,NA,NA,677.913600732742,302.669758997153,652.827311561641,672.024185093337,685.833272052676,62.3567855609901,702.599888115812,719.292982152018,732.245263615231,0.0919833817961315,35.7923036003119,23.9797862504823,33.6829419336342,34.7808638689587,36.2984449574075,2.67770564832728,37.0640150104918,38.0110647312873,40.09921038868,0.0748123305565597,45,"3_A_ED3102_0",NA,NA,NA,NA,NA,"3_A",222.283645327925,463.549626724751,27.2332814868386,17.0214385272952,4.46313528048551e-38,224.962051368695,-2.67840604076972
"20250424-CbDRC2-p038-m2x_F02_roi_0.png",20250424,"CbDRC2","p038","m2x","F02",0,741.528935912332,35.9455536982473,"","48h",10,"15hHB101","DMSO",1,"IVERMECTIN",2.9e-05,NA,NA,"ED3102","3_A",NA,NA,NA,687.240466715344,603.567253920174,642.03996016144,658.578423714174,687.818630999847,37.3605326267961,715.778653315332,734.288289392207,759.938653673607,0.0543631151485597,36.3185473435709,29.8371772565763,34.421927653154,35.0901341138992,36.2023711024669,1.8034051606815,37.6359782765339,38.6550192801205,39.0458160723686,0.0496552118018769,45,"3_A_ED3102_2.9e-05",NA,NA,NA,NA,NA,"3_A",224.269004275097,463.549626724751,27.2332814868386,17.0214385272952,4.46313528048551e-38,224.962051368695,-0.693047093598153
"20250424-CbDRC2-p038-m2x_F03_roi_0.png",20250424,"CbDRC2","p038","m2x","F03",0,727.88816622449,38.903109903462,"","48h",10,"15hHB101","DMSO",1,"IVERMECTIN",5.8e-05,NA,NA,"ED3102","3_A",NA,NA,NA,675.350994593434,548.415461804825,640.74955458263,656.934459202874,676.215068488976,33.7298220677703,698.126888542502,709.576867391759,766.919388385613,0.0499441362162736,35.2314385826113,30.1347727044028,32.0715202101175,33.8857651463576,35.0596566789112,2.30520231756673,37.0065708877462,38.2858383301652,39.7470646207879,0.0654302637163524,58,"3_A_ED3102_5.8e-05",NA,NA,NA,NA,NA,"3_A",212.665441764226,463.549626724751,27.2332814868386,17.0214385272952,4.46313528048551e-38,224.962051368695,-12.2966096044687
"20250424-CbDRC2-p038-m2x_F04_roi_0.png",20250424,"CbDRC2","p038","m2x","F04",0,626.27816905714,32.9674538956492,"","48h",10,"15hHB101","DMSO",1,"IVERMECTIN",0.00011,NA,NA,"ED3102","3_A",NA,NA,NA,661.905892193521,211.792084027517,607.825481598227,645.297497823776,673.787660381824,101.210195138246,704.133078285501,733.061035586734,809.580135086022,0.152907227948736,33.7891692313129,22.8438774144537,30.5705692735672,33.0418646834991,33.719659492367,3.16187089151891,35.8103199370392,36.7009760390205,38.5553875272414,0.0935764614357183,30,"3_A_ED3102_0.00011",NA,NA,NA,NA,NA,"3_A",210.238033657074,463.549626724751,27.2332814868386,17.0214385272952,4.46313528048551e-38,224.962051368695,-14.7240177116211
"20250424-CbDRC2-p038-m2x_F05_roi_0.png",20250424,"CbDRC2","p038","m2x","F05",0,651.044640061388,32.562163863269,"","48h",10,"15hHB101","DMSO",1,"IVERMECTIN",0.00023,NA,NA,"ED3102","3_A",NA,NA,NA,624.923171457586,240.50974522788,561.464004625194,600.47741832952,634.797186788694,101.00881305397,654.013633366224,676.988161468631,1113.88197730801,0.161633969850044,29.5242694600671,20.2311002929056,24.8170874226507,27.2310798944519,30.1723530747299,3.7354576911238,31.6949211166903,32.8819613666716,39.1494898312989,0.12652159594249,57,"3_A_ED3102_0.00023",NA,NA,NA,NA,NA,"3_A",171.247560063944,463.549626724751,27.2332814868386,17.0214385272952,4.46313528048551e-38,224.962051368695,-53.7144913047507
"20250424-CbDRC2-p038-m2x_F06_roi_0.png",20250424,"CbDRC2","p038","m2x","F06",0,556.17204014205,24.6593149021414,"","48h",10,"15hHB101","DMSO",1,"IVERMECTIN",0.00046,NA,NA,"ED3102","3_A",NA,NA,NA,472.643344125596,325.108986001818,388.591456743805,433.675855101506,465.27920841908,73.0895842266843,513.465561632125,551.270770699858,729.919737107527,0.154640037006979,25.03401926737,13.5249990656546,21.1993734167515,21.7832718729435,24.2565559754487,4.77432736265777,26.5601181793578,31.7704177507135,38.9511913167296,0.190713577059548,42,"3_A_ED3102_0.00046",NA,NA,NA,NA,NA,"3_A",1.72958169432982,463.549626724751,27.2332814868386,17.0214385272952,4.46313528048551e-38,224.962051368695,-223.232469674365
"20250424-CbDRC2-p038-m2x_F09_roi_1.png",20250424,"CbDRC2","p038","m2x","F09",1,254.752087693373,14.4480693164443,"","48h",10,"15hHB101","DMSO",1,"IVERMECTIN",0.0037,NA,NA,"ED3102","3_A",NA,NA,NA,262.657976653369,214.436805598114,235.054586491014,245.972294050219,258.752228154105,23.4909087057176,277.626380665791,287.396733734119,325.586601688913,0.0894353524116218,15.588377364198,14.1528529558528,14.6455514497913,14.8793314286128,15.3483102980919,0.939818636246548,15.9986683433426,16.6702996752945,18.1334998488978,0.0602897026604605,44,"3_A_ED3102_0.0037",NA,NA,NA,"outlier","outlier","3_A",-204.797398570646,463.549626724751,27.2332814868386,17.0214385272952,4.46313528048551e-38,224.962051368695,-429.759449939341
"20250424-CbDRC2-p038-m2x_F10_roi_0.png",20250424,"CbDRC2","p038","m2x","F10",0,235.47245536418,14.4493837226842,"","48h",10,"15hHB101","DMSO",1,"IVERMECTIN",0.0075,NA,NA,"ED3102","3_A",NA,NA,NA,248.743673403663,185.742666389402,221.187509641536,240.937819553152,249.743975786767,26.8405676473244,259.820685288539,264.241763329112,364.679430142278,0.10790452388217,15.2244515504102,14.2522253816473,14.4259379372781,14.7817293948473,15.1372017360536,0.64422052418528,15.501329819949,15.8477539790516,17.3502068180479,0.0423148592284049,37,"3_A_ED3102_0.0075",NA,NA,NA,NA,NA,"3_A",-213.805650937983,463.549626724751,27.2332814868386,17.0214385272952,4.46313528048551e-38,224.962051368695,-438.767702306678
"20250424-CbDRC2-p038-m2x_F11_roi_0.png",20250424,"CbDRC2","p038","m2x","F11",0,246.041508229758,14.9674526792065,"","48h",10,"15hHB101","DMSO",1,"IVERMECTIN",0.015,NA,NA,"ED3102","3_A",NA,NA,NA,235.712282113915,189.797863745722,209.199134345303,218.734960228781,239.873763274287,21.0952070657603,248.274140252668,258.738619198428,274.771647332179,0.0894955785781474,15.282593713379,12.9658290324668,14.34514831863,14.7801218077501,15.1132415174634,1.07994665330766,15.6397201094671,16.1075921526365,19.5253007969156,0.0706651418968384,32,"3_A_ED3102_0.015",NA,NA,NA,NA,NA,"3_A",-223.675863450464,463.549626724751,27.2332814868386,17.0214385272952,4.46313528048551e-38,224.962051368695,-448.637914819159
"20250424-CbDRC2-p039-m2x_A01_roi_0.png",20250424,"CbDRC2","p039","m2x","A01",0,799.175896393903,38.2654935230985,"","48h",10,"15hHB101","DMSO",1,"IVERMECTIN",0,NA,NA,"VX34","1_N",NA,NA,NA,760.794625405887,681.292822644683,688.856685264443,714.756364188864,767.738422489866,54.8971932979402,803.03711936898,820.999230945367,850.351357182333,0.0721577038857922,37.6993641064386,32.9070615523112,34.9877800048878,35.4622955828006,38.2654935230985,2.25241610440424,39.523866730534,40.0387560963005,40.3424608369355,0.0597467930240117,17,"1_N_VX34_0",NA,NA,NA,NA,NA,"1_N",267.04840680588,500.690015683985,30.5037506382767,16.4140476238915,4.75390497503238e-36,239.366746355374,27.6816604505067
"20250424-CbDRC2-p039-m2x_A02_roi_0.png",20250424,"CbDRC2","p039","m2x","A02",0,835.891706734283,40.0853354338882,"","48h",10,"15hHB101","DMSO",1,"IVERMECTIN",2.9e-05,NA,NA,"VX34","1_N",NA,NA,NA,767.467069574814,699.042432415345,712.727359847239,733.25475099508,767.467069574814,96.7670498713795,801.679388154549,822.20677930239,835.891706734283,0.12608625660641,37.7476264587309,35.4099174835735,35.877459278605,36.5787719711522,37.7476264587309,3.30601973754879,38.9164809463095,39.6177936388567,40.0853354338882,0.0875821885427217,2,"1_N_VX34_2.9e-05",NA,"n<5",NA,NA,NA,"1_N",266.777053890829,500.690015683985,30.5037506382767,16.4140476238915,4.75390497503238e-36,239.366746355374,27.410307535455
"20250424-CbDRC2-p039-m2x_A03_roi_0.png",20250424,"CbDRC2","p039","m2x","A03",0,779.175799375328,38.1164951214508,"","48h",10,"15hHB101","DMSO",1,"IVERMECTIN",5.8e-05,NA,NA,"VX34","1_N",NA,NA,NA,747.258742591712,684.73348336674,688.118647204618,733.37723344594,757.622486442739,37.3554846217118,774.341791671992,780.859431905033,796.012124672373,0.0499900268709497,37.9396846715597,31.6368076649674,34.9784729848204,36.4171023729796,38.4321666858958,2.95528756275765,39.921967684289,40.6254286957593,41.6683010082558,0.0778943628114282,10,"1_N_VX34_5.8e-05",NA,NA,NA,NA,NA,"1_N",256.932470758754,500.690015683985,30.5037506382767,16.4140476238915,4.75390497503238e-36,239.366746355374,17.5657244033799
"20250424-CbDRC2-p039-m2x_A04_roi_0.png",20250424,"CbDRC2","p039","m2x","A04",0,753.294537992814,39.8013870891349,"","48h",10,"15hHB101","DMSO",1,"IVERMECTIN",0.00011,NA,NA,"VX34","1_N",NA,NA,NA,745.317188738004,677.467689888387,686.217675639662,718.411883769275,749.65322998165,45.0720198874288,759.74361553981,804.800484426383,830.742148656064,0.0604736085098832,37.0076296789868,32.9124623126629,34.2934952393502,34.703861260168,37.3490663072454,2.46218075340521,38.9403889654054,40.0317775978116,40.7093773638306,0.0665317064281815,15,"1_N_VX34_0.00011",NA,NA,NA,NA,NA,"1_N",248.963214297664,500.690015683985,30.5037506382767,16.4140476238915,4.75390497503238e-36,239.366746355374,9.59646794229056
"20250424-CbDRC2-p039-m2x_A05_roi_0.png",20250424,"CbDRC2","p039","m2x","A05",0,707.038684810306,34.5454021200743,"","48h",10,"15hHB101","DMSO",1,"IVERMECTIN",0.00023,NA,NA,"VX34","1_N",NA,NA,NA,723.355926267044,560.825028943414,610.225656459359,694.443503781218,731.007501459852,81.3061058658143,773.072619330387,812.110302976109,875.374984100167,0.112401243859856,34.8250292795795,23.4671682182631,28.5410273577428,33.7774923703712,36.4666699556747,4.53666051627911,37.971256896752,38.5826910001064,39.7113967534563,0.130270113482411,19,"1_N_VX34_0.00023",NA,NA,NA,NA,NA,"1_N",230.317485775867,500.690015683985,30.5037506382767,16.4140476238915,4.75390497503238e-36,239.366746355374,-9.04926057950721
"20250424-CbDRC2-p039-m2x_A06_roi_0.png",20250424,"CbDRC2","p039","m2x","A06",0,1138.02294647406,15.8847385079083,"","48h",10,"15hHB101","DMSO",1,"IVERMECTIN",0.00046,NA,NA,"VX34","1_N",NA,NA,NA,704.141609404581,544.465574881593,641.299816356982,654.731575964806,680.608212387315,150.262222357108,688.943167692252,704.92513316562,1138.02294647406,0.213397731862727,30.9103997277661,15.8847385079083,23.5654608044372,28.8746930593925,31.8398718527722,6.61766673305223,35.2724911198446,37.1830659409965,38.5003323221968,0.214091917003187,11,"1_N_VX34_0.00046",NA,NA,NA,NA,NA,"1_N",179.91819670333,500.690015683985,30.5037506382767,16.4140476238915,4.75390497503238e-36,239.366746355374,-59.4485496520442
"20250424-CbDRC2-p039-m2x_A08_roi_0.png",20250424,"CbDRC2","p039","m2x","A08",0,233.69858801461,14.9060896420616,"","48h",10,"15hHB101","DMSO",1,"IVERMECTIN",0.0018,NA,NA,"VX34","1_N",NA,NA,NA,344.401786393365,233.69858801461,259.519945700745,265.493740264956,280.38858665857,211.569015860186,301.443023386734,374.925152141629,943.045914729489,0.61430870633911,19.8300912447192,14.9060896420616,15.1754914741848,15.4620191594014,15.7787191166223,12.772111645455,16.5536900716522,20.6492021470943,56.1416432241338,0.644077300897756,10,"1_N_VX34_0.0018",NA,NA,NA,NA,NA,"1_N",-220.301429025416,500.690015683985,30.5037506382767,16.4140476238915,4.75390497503238e-36,239.366746355374,-459.66817538079
"20250424-CbDRC2-p039-m2x_A09_roi_0.png",20250424,"CbDRC2","p039","m2x","A09",0,261.321576574087,15.427079524338,"","48h",10,"15hHB101","DMSO",1,"IVERMECTIN",0.0037,NA,NA,"VX34","1_N",NA,NA,NA,276.181852968318,252.167244961604,255.828977606597,261.321576574087,275.194539716931,23.7692100989641,277.852338519015,299.765074449578,314.373565069954,0.0860636201962581,15.7681734985768,15.427079524338,15.4577803320827,15.5038315436996,15.555135671224,0.380861359344138,16.0947515270172,16.1939421467699,16.260069226605,0.0241538031896031,5,"1_N_VX34_0.0037",NA,NA,NA,NA,NA,"1_N",-225.495475967055,500.690015683985,30.5037506382767,16.4140476238915,4.75390497503238e-36,239.366746355374,-464.862222322429
"20250424-CbDRC2-p039-m2x_A10_roi_0.png",20250424,"CbDRC2","p039","m2x","A10",0,226.555398125395,13.4764695172546,"","48h",10,"15hHB101","DMSO",1,"IVERMECTIN",0.0075,NA,NA,"VX34","1_N",NA,NA,NA,232.148352319825,226.555398125395,227.648208605342,229.287424325262,232.01945052513,5.65850635123631,234.94482941704,236.700056752186,237.870208308951,0.0243745272998566,13.5350088203296,12.1234584822331,12.3940606892374,12.7999639997439,13.4764695172546,1.44171161472472,14.2407839893778,14.6993726726517,15.005098461501,0.106517227573525,3,"1_N_VX34_0.0075",NA,"n<5",NA,NA,NA,"1_N",-268.670565158856,500.690015683985,30.5037506382767,16.4140476238915,4.75390497503238e-36,239.366746355374,-508.037311514229
"20250424-CbDRC2-p039-m2x_A11_roi_0.png",20250424,"CbDRC2","p039","m2x","A11",0,228.786097220336,14.0627607646313,"","48h",10,"15hHB101","DMSO",1,"IVERMECTIN",0.015,NA,NA,"VX34","1_N",NA,NA,NA,222.844970038639,207.65865836915,213.594199943086,222.497512303991,227.467562282535,10.1432884542896,227.815020017182,228.397666339074,228.786097220336,0.0455172421102028,14.10274149664,13.8602731039466,13.921019402152,14.0121388494601,14.146034158135,0.183219247610979,14.2366368053149,14.2498294619321,14.2586245663435,0.0129917468638726,4,"1_N_VX34_0.015",NA,"n<5",NA,NA,NA,"1_N",-273.222453401451,500.690015683985,30.5037506382767,16.4140476238915,4.75390497503238e-36,239.366746355374,-512.589199756825
"20250424-CbDRC2-p039-m2x_A12_roi_0.png",20250424,"CbDRC2","p039","m2x","A12",0,210.196483766656,14.3531066759413,"","48h",10,"15hHB101","DMSO",1,"IVERMECTIN",0.03,NA,NA,"VX34","1_N",NA,NA,NA,249.451103746794,197.499482913962,200.038883084501,203.847983340309,210.196483766656,79.241638234507,275.42691416321,314.565172401143,340.657344559764,0.317664011280309,16.3191015064648,14.3531066759413,14.8999292955189,15.7201632248853,17.0872197738293,1.71610745684381,17.3020989217265,17.4310264104649,17.5169780696238,0.105159432715335,3,"1_N_VX34_0.03",NA,"n<5",NA,NA,NA,"1_N",-290.49353191733,500.690015683985,30.5037506382767,16.4140476238915,4.75390497503238e-36,239.366746355374,-529.860278272704
"20250424-CbDRC2-p039-m2x_B01_roi_0.png",20250424,"CbDRC2","p039","m2x","B01",0,639.670672862306,36.257749326525,"","48h",10,"15hHB101","DMSO",1,"IVERMECTIN",0,NA,NA,"JU3237","1_N",NA,NA,NA,641.602267783559,600.288996725408,617.593477654455,629.052485931394,639.670672862306,22.7269437204411,657.821289548121,666.959310794614,685.857569885822,0.0354221686262929,34.6661000986753,29.957442245467,31.8386919302651,33.3992891870796,34.8680388586254,2.39487352270124,35.9264168245419,36.6512279501001,39.3862280492547,0.0690840191392845,13,"1_N_JU3237_0",NA,NA,NA,NA,NA,"1_N",201.548630832995,438.122042029312,25.2646278053809,17.3413218434985,1.71414202456419e-38,185.742269212847,15.806361620148
"20250424-CbDRC2-p039-m2x_B02_roi_0.png",20250424,"CbDRC2","p039","m2x","B02",0,654.525728425762,38.3455954832494,"","48h",10,"15hHB101","DMSO",1,"IVERMECTIN",2.9e-05,NA,NA,"JU3237","1_N",NA,NA,NA,653.48240080836,533.455313795262,579.420460332165,615.970396060317,625.068716166257,108.619221135627,657.31743551965,736.987122100805,903.341107799621,0.166215985313858,31.1554306763123,18.1438341430192,23.5076944528393,26.7897973943374,33.1112775645593,6.99453334333611,36.0222685746787,38.3497898498313,38.3595767051889,0.224504466524807,8,"1_N_JU3237_2.9e-05",NA,NA,NA,"outlier","outlier","1_N",186.946674136946,438.122042029312,25.2646278053809,17.3413218434985,1.71414202456419e-38,185.742269212847,1.2044049240985
"20250424-CbDRC2-p039-m2x_B03_roi_0.png",20250424,"CbDRC2","p039","m2x","B03",0,631.100772813851,33.5784286317245,"","48h",10,"15hHB101","DMSO",1,"IVERMECTIN",5.8e-05,NA,NA,"JU3237","1_N",NA,NA,NA,614.495091365535,433.510373224918,585.20908433664,600.463556464927,625.019482216295,50.968611649531,642.300984547506,657.104340534324,685.42280957315,0.082943887373076,34.4419990552866,23.025199879317,29.9402633629278,32.9820900858726,35.2033338534767,4.11559757716488,36.2481094321462,39.3603578069182,40.9777891496277,0.11949357441647,27,"1_N_JU3237_5.8e-05",NA,NA,NA,NA,NA,"1_N",186.897440186984,438.122042029312,25.2646278053809,17.3413218434985,1.71414202456419e-38,185.742269212847,1.15517097413667
"20250424-CbDRC2-p039-m2x_B04_roi_0.png",20250424,"CbDRC2","p039","m2x","B04",0,662.926806590397,36.3615836932492,"","48h",10,"15hHB101","DMSO",1,"IVERMECTIN",0.00011,NA,NA,"JU3237","1_N",NA,NA,NA,621.570004719605,474.209193319818,579.599317451037,618.907154156568,630.083136035625,40.9459070121087,645.335640793908,660.465136463932,666.973125261104,0.0658749725713997,34.5486877464039,23.0695201297531,30.6244323075849,34.1139390714587,35.1741355726239,3.57651473412003,36.2264244544622,37.7009654819207,40.1838062677983,0.103521000866156,23,"1_N_JU3237_0.00011",NA,NA,NA,NA,NA,"1_N",191.961094006313,438.122042029312,25.2646278053809,17.3413218434985,1.71414202456419e-38,185.742269212847,6.21882479346627
"20250424-CbDRC2-p039-m2x_B06_roi_0.png",20250424,"CbDRC2","p039","m2x","B06",0,632.464077794579,30.6300656734237,"","48h",10,"15hHB101","DMSO",1,"IVERMECTIN",0.00046,NA,NA,"JU3237","1_N",NA,NA,NA,565.28030955127,505.661982268168,514.885706555394,527.983383405129,564.152708040128,42.4856825570969,601.446026928052,621.009486528107,632.464077794579,0.0751586104083881,28.8707402961109,21.5804066366698,23.42643263803,25.4990940178026,28.9564966400608,4.33923003784308,32.1861841474441,32.9755245091062,37.6108854188143,0.150298537319724,16,"1_N_JU3237_0.00046",NA,NA,NA,NA,NA,"1_N",126.030666010816,438.122042029312,25.2646278053809,17.3413218434985,1.71414202456419e-38,185.742269212847,-59.711603202031
"20250424-CbDRC2-p039-m2x_B07_roi_0.png",20250424,"CbDRC2","p039","m2x","B07",0,374.141960813192,17.4816777868708,"","48h",10,"15hHB101","DMSO",1,"IVERMECTIN",0.00093,NA,NA,"JU3237","1_N",NA,NA,NA,377.661960239565,345.193216405009,356.162298141625,365.472353151519,372.222579364608,25.9814631169647,385.04356596163,399.954704320898,433.278463762639,0.068795552245939,17.6276705984108,16.0528647182957,16.5855228856512,17.1919773128354,17.8585727165638,0.871691122279875,18.3046219570573,18.3780756047497,18.494592419859,0.0494501594758902,8,"1_N_JU3237_0.00093",NA,NA,NA,NA,NA,"1_N",-65.8994626647037,438.122042029312,25.2646278053809,17.3413218434985,1.71414202456419e-38,185.742269212847,-251.641731877551
"20250424-CbDRC2-p039-m2x_B09_roi_0.png",20250424,"CbDRC2","p039","m2x","B09",0,242.759638466545,15.6324159335514,"","48h",10,"15hHB101","DMSO",1,"IVERMECTIN",0.0037,NA,NA,"JU3237","1_N",NA,NA,NA,253.681393422005,229.300496220239,234.459793271904,242.046749633166,246.360500769769,18.1301836522401,274.004377394479,277.444507545891,279.157113617219,0.0714683225587621,15.1852117370062,13.7364605307402,13.8178393500755,14.2626980558181,15.4623682899582,1.03097275240414,15.7755581526043,16.1618775061602,16.987753010618,0.067893208883724,12,"1_N_JU3237_0.0037",NA,NA,NA,NA,NA,"1_N",-191.761541259543,438.122042029312,25.2646278053809,17.3413218434985,1.71414202456419e-38,185.742269212847,-377.50381047239
"20250424-CbDRC2-p039-m2x_B10_roi_0.png",20250424,"CbDRC2","p039","m2x","B10",0,242.809277368654,14.8868227657254,"","48h",10,"15hHB101","DMSO",1,"IVERMECTIN",0.0075,NA,NA,"JU3237","1_N",NA,NA,NA,235.104781541156,135.77606676532,165.454619829237,223.105964654961,230.597270796408,65.2486529575253,242.809277368654,291.56062629697,371.59610712362,0.277530097558238,15.0795134800728,7.85189860360402,12.8617295256933,14.7654276243873,14.9377607351537,3.86436232186976,15.2293260366015,17.1885754520133,23.1879007758293,0.256265716196773,9,"1_N_JU3237_0.0075",NA,NA,NA,"outlier","outlier","1_N",-207.524771232903,438.122042029312,25.2646278053809,17.3413218434985,1.71414202456419e-38,185.742269212847,-393.26704044575
"20250424-CbDRC2-p039-m2x_B11_roi_0.png",20250424,"CbDRC2","p039","m2x","B11",0,220.06500645777,16.4174184992186,"","48h",10,"15hHB101","DMSO",1,"IVERMECTIN",0.015,NA,NA,"JU3237","1_N",NA,NA,NA,225.119061301176,208.073966654925,212.870382576063,220.06500645777,226.316176746655,12.5702919219179,228.638641417136,236.956365704491,242.501515229395,0.0558384165661597,14.7902056913496,13.1394360031087,13.6490838901917,14.4135557208163,14.4160810668729,1.25042850199622,15.5645371667318,16.0762659662239,16.4174184992186,0.0845443618629021,5,"1_N_JU3237_0.015",NA,NA,NA,NA,NA,"1_N",-211.805865282657,438.122042029312,25.2646278053809,17.3413218434985,1.71414202456419e-38,185.742269212847,-397.548134495504
"20250424-CbDRC2-p039-m2x_B12_roi_1.png",20250424,"CbDRC2","p039","m2x","B12",1,256.263354550567,15.2535110862735,"","48h",10,"15hHB101","DMSO",1,"IVERMECTIN",0.03,NA,NA,"JU3237","1_N",NA,NA,NA,204.538105356416,147.718360667706,163.021261553237,181.051076821633,204.143989315976,35.0958285561853,232.337119699538,238.111330341075,256.263354550567,0.171585771243111,16.3466972553867,14.1318280851007,14.1744244891521,14.3808298289778,14.950696677818,5.08391277470758,15.2127799498148,16.9001245032463,30.7601809785893,0.311005501312033,10,"1_N_JU3237_0.03",NA,NA,NA,NA,NA,"1_N",-233.978052713335,438.122042029312,25.2646278053809,17.3413218434985,1.71414202456419e-38,185.742269212847,-419.720321926182
"20250424-CbDRC2-p039-m2x_C01_roi_0.png",20250424,"CbDRC2","p039","m2x","C01",0,687.979314965523,38.0360401475791,"","48h",10,"15hHB101","DMSO",1,"IVERMECTIN",0,NA,NA,"ED3102","1_N",NA,NA,NA,673.230364714509,228.322842056724,597.001751302998,652.968257324632,682.310830077805,125.499706355639,704.456614296092,727.808988619926,1144.50294525935,0.186414209657431,35.261723341459,16.0494369843868,33.0942338815065,34.1495938146107,35.9396846040791,4.73345684338861,36.9785079240772,38.9802765498067,46.862470821344,0.134237819222614,86,"1_N_ED3102_0",NA,"n>75",NA,NA,NA,"1_N",237.268535093484,445.042294984321,26.7335457936937,16.6473350904804,4.52577064691679e-37,224.962051368695,12.3064837247892
"20250424-CbDRC2-p039-m2x_C02_roi_0.png",20250424,"CbDRC2","p039","m2x","C02",0,697.984738269571,37.184938992935,"","48h",10,"15hHB101","DMSO",1,"IVERMECTIN",2.9e-05,NA,NA,"ED3102","1_N",NA,NA,NA,651.744423116495,158.020176162797,609.515280840505,659.382019339815,677.806325080086,117.910780723306,707.527962145402,726.06949032189,737.974706017842,0.180915672679612,35.5268698324492,15.0842628650229,33.0225651907437,34.9857241083867,36.3801130197664,5.51106713794034,37.6374773851073,38.3146271544709,51.7523006082396,0.155123915051663,50,"1_N_ED3102_2.9e-05",NA,NA,NA,NA,NA,"1_N",232.764030095765,445.042294984321,26.7335457936937,16.6473350904804,4.52577064691679e-37,224.962051368695,7.80197872706998
"20250424-CbDRC2-p039-m2x_C03_roi_0.png",20250424,"CbDRC2","p039","m2x","C03",0,676.835918807879,35.4796715040829,"","48h",10,"15hHB101","DMSO",1,"IVERMECTIN",5.8e-05,NA,NA,"ED3102","1_N",NA,NA,NA,671.378248941344,548.008565359381,624.010934373659,655.21739018518,675.029452387319,37.074616959385,695.169498478161,707.218846083099,772.325053105092,0.0552216533941124,34.9494984917149,27.97497851009,32.0082585045078,33.4335709855982,35.1043973242621,2.23606281266372,36.3921623412604,37.6417564497219,39.7980369715854,0.0639798254385196,77,"1_N_ED3102_5.8e-05",NA,"n>75",NA,NA,NA,"1_N",229.987157402998,445.042294984321,26.7335457936937,16.6473350904804,4.52577064691679e-37,224.962051368695,5.02510603430306
"20250424-CbDRC2-p039-m2x_C04_roi_0.png",20250424,"CbDRC2","p039","m2x","C04",0,701.042894787263,39.959836369263,"","48h",10,"15hHB101","DMSO",1,"IVERMECTIN",0.00011,NA,NA,"ED3102","1_N",NA,NA,NA,674.690676116573,199.315675436254,631.363496271528,658.190914650674,676.760863661168,70.5193218864338,709.965059945105,722.902965590264,802.747405505326,0.104520966989396,35.5320480220791,14.4725921205122,32.8111977893121,34.6224308509945,35.942900567904,3.72105296733261,37.6540286456935,38.5486030753781,42.4170905543156,0.104723852816488,76,"1_N_ED3102_0.00011",NA,"n>75",NA,NA,NA,"1_N",231.718568676846,445.042294984321,26.7335457936937,16.6473350904804,4.52577064691679e-37,224.962051368695,6.75651730815144
"20250424-CbDRC2-p039-m2x_C05_roi_0.png",20250424,"CbDRC2","p039","m2x","C05",0,652.443984674942,33.6374396997356,"","48h",10,"15hHB101","DMSO",1,"IVERMECTIN",0.00023,NA,NA,"ED3102","1_N",NA,NA,NA,631.852238989551,470.161526900948,540.676428351515,589.493920263361,637.110804715542,78.5503630924358,670.446156426814,695.90573114025,897.142331739966,0.124317614539204,32.129616566956,21.7530675402152,27.2484200715947,29.0584083815983,33.2184911367863,3.95688780973778,34.9928233043307,36.7612037847609,38.4674950305253,0.123153906972151,55,"1_N_ED3102_0.00023",NA,NA,NA,NA,NA,"1_N",192.068509731221,445.042294984321,26.7335457936937,16.6473350904804,4.52577064691679e-37,224.962051368695,-32.8935416374741
"20250424-CbDRC2-p039-m2x_C07_roi_0.png",20250424,"CbDRC2","p039","m2x","C07",0,368.074198252207,20.6280159199714,"","48h",10,"15hHB101","DMSO",1,"IVERMECTIN",0.00093,NA,NA,"ED3102","1_N",NA,NA,NA,348.43782866872,279.899253508805,312.886818011338,335.209251063608,349.602301319,27.9050343236906,366.256549185161,373.221963704279,416.002898882945,0.0800861216197668,18.0250706826422,15.5592321761847,16.6468126826609,17.240952127818,17.8698033088221,1.22451377024148,18.6845036448936,19.448808723735,20.9763824420969,0.0679339233560211,51,"1_N_ED3102_0.00093",NA,NA,NA,NA,NA,"1_N",-95.4399936653216,445.042294984321,26.7335457936937,16.6473350904804,4.52577064691679e-37,224.962051368695,-320.402045034017
"20250424-CbDRC2-p039-m2x_C09_roi_0.png",20250424,"CbDRC2","p039","m2x","C09",0,242.008797007978,14.3662002024551,"","48h",10,"15hHB101","DMSO",1,"IVERMECTIN",0.0037,NA,NA,"ED3102","1_N",NA,NA,NA,259.83808746206,191.839193499546,226.952157546931,242.350631792442,265.162806347995,26.083834562043,278.176297332465,292.332473127073,303.424520767008,0.100384954403005,15.526654447044,13.8680390075758,14.358078329881,14.8824665156974,15.2930323407188,1.01193472096886,16.2874139514864,17.156587512474,17.7522652723493,0.065174035038921,50,"1_N_ED3102_0.0037",NA,NA,NA,NA,NA,"1_N",-179.879488636326,445.042294984321,26.7335457936937,16.6473350904804,4.52577064691679e-37,224.962051368695,-404.841540005021
"20250424-CbDRC2-p039-m2x_C10_roi_0.png",20250424,"CbDRC2","p039","m2x","C10",0,270.433883000433,14.7549514273242,"","48h",10,"15hHB101","DMSO",1,"IVERMECTIN",0.0075,NA,NA,"ED3102","1_N",NA,NA,NA,240.398102305608,176.724817737619,213.461500438909,224.194892264701,234.155475331512,25.5523653402119,259.234144413792,269.465366008713,333.436555390349,0.106291876246711,15.4848933961135,13.0749315043748,14.2535947841552,14.7577452737519,15.3377335217862,1.18362968987438,16.0933016360606,16.6575628265803,19.7242239876369,0.0764377034827669,53,"1_N_ED3102_0.0075",NA,NA,NA,NA,NA,"1_N",-210.886819652809,445.042294984321,26.7335457936937,16.6473350904804,4.52577064691679e-37,224.962051368695,-435.848871021504
"20250424-CbDRC2-p039-m2x_C11_roi_0.png",20250424,"CbDRC2","p039","m2x","C11",0,216.758750556467,14.3772598605296,"","48h",10,"15hHB101","DMSO",1,"IVERMECTIN",0.015,NA,NA,"ED3102","1_N",NA,NA,NA,221.742766854257,157.716739126679,191.082981214033,215.101677413598,224.609718055334,23.3239796323506,237.982913746743,241.337753775527,262.669339188686,0.105184849829535,14.9170466741728,13.7689312928085,13.9615513881011,14.3858483881862,14.7252907321801,0.768155314016557,15.3631769542417,15.9712283265517,16.5177749954641,0.0514951337751413,42,"1_N_ED3102_0.015",NA,NA,NA,NA,NA,"1_N",-220.432576928987,445.042294984321,26.7335457936937,16.6473350904804,4.52577064691679e-37,224.962051368695,-445.394628297682
"20250424-CbDRC2-p039-m2x_C12_roi_0.png",20250424,"CbDRC2","p039","m2x","C12",0,205.898490288103,14.7265092327408,"","48h",10,"15hHB101","DMSO",1,"IVERMECTIN",0.03,NA,NA,"ED3102","1_N",NA,NA,NA,226.230121945264,179.379373486468,200.904133413263,208.924910902112,225.378381174223,22.694333384583,244.372378542494,254.652344089787,286.460544594094,0.100315259477577,14.9658287689041,13.283299256662,13.9668002031729,14.3737928080537,14.8345730206663,1.05640198694444,15.2861802414818,15.8696073965198,18.5901960214359,0.0705876034837056,44,"1_N_ED3102_0.03",NA,NA,NA,NA,NA,"1_N",-219.663913810098,445.042294984321,26.7335457936937,16.6473350904804,4.52577064691679e-37,224.962051368695,-444.625965178793
"20250424-CbDRC2-p039-m2x_D01_roi_0.png",20250424,"CbDRC2","p039","m2x","D01",0,710.177895583867,28.5056815617735,"","48h",10,"15hHB101","DMSO",1,"IVERMECTIN",0,NA,NA,"ECA2666","1_N",NA,NA,NA,660.349292909011,425.089988915551,502.779571036686,619.491019790443,655.666214961817,153.65511955785,692.207082880506,712.216277669963,1163.03690912684,0.232687641537344,26.9989990833507,17.9386499240724,22.8687197884223,24.8021725047128,26.7366299205867,4.30517230844632,28.5056815617735,32.4015243007185,35.3831161160744,0.159456737457396,17,"1_N_ECA2666_0",NA,NA,NA,NA,NA,"1_N",224.555006334992,431.111208626825,22.5753902811972,19.0965118767356,1.54498937647466e-43,208.851864384434,15.7031419505578
"20250424-CbDRC2-p039-m2x_D02_roi_0.png",20250424,"CbDRC2","p039","m2x","D02",0,679.303075852503,27.6655091544137,"","48h",10,"15hHB101","DMSO",1,"IVERMECTIN",2.9e-05,NA,NA,"ECA2666","1_N",NA,NA,NA,643.700153470921,220.248793893787,561.336925618628,602.599743264126,679.303075852503,147.911678820018,707.149351354971,740.637229278092,857.147336594054,0.229783507153847,27.4889373380281,15.2549483385203,21.7934788723914,24.6104549515901,27.6410953128745,5.34981966717876,32.1050738854805,33.2537960833151,34.1500345199245,0.19461718732131,13,"1_N_ECA2666_2.9e-05",NA,NA,NA,NA,NA,"1_N",248.191867225678,431.111208626825,22.5753902811972,19.0965118767356,1.54498937647466e-43,208.851864384434,39.340002841244
"20250424-CbDRC2-p039-m2x_D03_roi_0.png",20250424,"CbDRC2","p039","m2x","D03",0,547.595200109011,26.710015547801,"","48h",10,"15hHB101","DMSO",1,"IVERMECTIN",5.8e-05,NA,NA,"ECA2666","1_N",NA,NA,NA,607.342693815641,180.250609474083,408.142996427222,552.982952069731,633.891040067852,240.043583295977,641.277239889045,692.534983551376,1151.40707133972,0.395235812894856,23.7745655076744,14.4003340513158,16.7239561803655,22.2902121812816,25.7556658922712,4.72380762007237,26.4343651866714,26.9758606836382,29.3684669061724,0.198691648793646,10,"1_N_ECA2666_5.8e-05",NA,NA,NA,NA,NA,"1_N",202.779831441026,431.111208626825,22.5753902811972,19.0965118767356,1.54498937647466e-43,208.851864384434,-6.07203294340752
"20250424-CbDRC2-p039-m2x_D04_roi_0.png",20250424,"CbDRC2","p039","m2x","D04",0,506.945859035702,25.8331011745774,"","48h",10,"15hHB101","DMSO",1,"IVERMECTIN",0.00011,NA,NA,"ECA2666","1_N",NA,NA,NA,599.880964023486,280.594669642864,441.687929455889,539.333008931125,631.294179527925,117.21792062324,662.705436846676,729.002930035441,797.709703439637,0.195401967478753,27.7887313564874,18.8332456190852,21.5556185686439,24.7907745899978,26.119037863976,5.66344158920575,31.4675247536006,34.2499632522942,44.3019013224317,0.203803531602518,25,"1_N_ECA2666_0.00011",NA,NA,NA,NA,NA,"1_N",200.1829709011,431.111208626825,22.5753902811972,19.0965118767356,1.54498937647466e-43,208.851864384434,-8.66889348333416
"20250424-CbDRC2-p039-m2x_D05_roi_0.png",20250424,"CbDRC2","p039","m2x","D05",0,610.331052457126,24.6534062459183,"","48h",10,"15hHB101","DMSO",1,"IVERMECTIN",0.00023,NA,NA,"ECA2666","1_N",NA,NA,NA,543.240393730178,430.374464980813,454.65995685934,468.439982109132,552.549559710877,78.4735615228963,602.327541722783,642.325988409236,688.245143319811,0.144454577436805,23.7417805053871,18.727057511917,20.1765699508398,22.2642116048924,23.956146762509,2.73378577696393,24.7371815236776,27.1330700743016,29.6575327493726,0.11514661995732,18,"1_N_ECA2666_0.00023",NA,NA,NA,NA,NA,"1_N",121.438351084052,431.111208626825,22.5753902811972,19.0965118767356,1.54498937647466e-43,208.851864384434,-87.4135133003816
"20250424-CbDRC2-p039-m2x_D06_roi_0.png",20250424,"CbDRC2","p039","m2x","D06",0,562.580414331614,25.5476824561511,"","48h",10,"15hHB101","DMSO",1,"IVERMECTIN",0.00046,NA,NA,"ECA2666","1_N",NA,NA,NA,482.167710534498,205.496314241776,392.885921107097,455.055455881476,481.043235145846,109.61481251638,552.06806300925,591.523874083152,641.240236740993,0.227337522031221,21.9028699902512,11.3940419988941,18.6234974019769,19.9179262656556,21.1887637813216,5.04267117024237,23.8662029476634,24.6635095184554,41.796268710283,0.230228786112816,30,"1_N_ECA2666_0.00046",NA,NA,NA,NA,NA,"1_N",49.9320265190213,431.111208626825,22.5753902811972,19.0965118767356,1.54498937647466e-43,208.851864384434,-158.919837865413
"20250424-CbDRC2-p039-m2x_D07_roi_0.png",20250424,"CbDRC2","p039","m2x","D07",0,416.076540503433,18.6922469042225,"","48h",10,"15hHB101","DMSO",1,"IVERMECTIN",0.00093,NA,NA,"ECA2666","1_N",NA,NA,NA,371.691881061404,311.09658341207,337.334459256369,351.884211521489,379.873531504885,28.5297601050605,392.947811983668,398.308670093027,416.076540503433,0.0767564791127287,18.7784216226845,16.4272669036509,16.7765125261676,17.6792224771266,18.7645612206401,1.5416543645255,19.8244094232001,20.3733399081074,22.437305587505,0.0820971216592117,19,"1_N_ECA2666_0.00093",NA,NA,NA,NA,NA,"1_N",-51.23767712194,431.111208626825,22.5753902811972,19.0965118767356,1.54498937647466e-43,208.851864384434,-260.089541506374
"20250424-CbDRC2-p039-m2x_D08_roi_0.png",20250424,"CbDRC2","p039","m2x","D08",0,287.978842096347,15.0687521148958,"","48h",10,"15hHB101","DMSO",1,"IVERMECTIN",0.0018,NA,NA,"ECA2666","1_N",NA,NA,NA,287.000369411252,211.126274678294,250.610036830721,267.685345367633,276.511407292831,42.680778457734,296.296081568738,352.789204784372,369.027356243587,0.148713322374074,15.984596421705,14.0922838514869,14.4054867507579,15.0984761497935,16.0094760857707,1.34291249418319,16.5107855384344,17.903364302782,18.4914727273153,0.0840129121032849,14,"1_N_ECA2666_0.0018",NA,NA,NA,NA,NA,"1_N",-154.599801333994,431.111208626825,22.5753902811972,19.0965118767356,1.54498937647466e-43,208.851864384434,-363.451665718428
"20250424-CbDRC2-p039-m2x_D09_roi_0.png",20250424,"CbDRC2","p039","m2x","D09",0,276.774561490853,16.3455774401433,"","48h",10,"15hHB101","DMSO",1,"IVERMECTIN",0.0037,NA,NA,"ECA2666","1_N",NA,NA,NA,263.337868968062,249.500288474817,251.762250246154,254.217768233573,263.386276660969,10.2606076111266,270.671689290477,277.341222028491,280.230888466226,0.0389636615931263,14.6973510123687,12.5026630307061,13.8698094576342,14.4265210305406,14.6119467237744,0.863215964623502,15.0742618736572,15.7524013168549,16.3455774401433,0.0587327582975362,19,"1_N_ECA2666_0.0037",NA,NA,NA,NA,NA,"1_N",-167.724931965856,431.111208626825,22.5753902811972,19.0965118767356,1.54498937647466e-43,208.851864384434,-376.57679635029
"20250424-CbDRC2-p039-m2x_D10_roi_1.png",20250424,"CbDRC2","p039","m2x","D10",1,235.511316017312,13.4887388460014,"","48h",10,"15hHB101","DMSO",1,"IVERMECTIN",0.0075,NA,NA,"ECA2666","1_N",NA,NA,NA,245.513858286104,200.577216844583,230.778175546915,235.117892183588,241.378130077046,18.8246443311058,255.060487788921,275.986162723117,276.8329179902,0.0766744674313616,13.8929763657626,12.9006370247466,13.1721787093805,13.3697275383362,13.9884132364226,0.633174250641434,14.2485663710346,14.7865260194756,15.1290994024434,0.045575133360322,19,"1_N_ECA2666_0.0075",NA,NA,NA,NA,NA,"1_N",-189.733078549779,431.111208626825,22.5753902811972,19.0965118767356,1.54498937647466e-43,208.851864384434,-398.584942934213
"20250424-CbDRC2-p039-m2x_D11_roi_0.png",20250424,"CbDRC2","p039","m2x","D11",0,249.798418008554,13.1353392229819,"","48h",10,"15hHB101","DMSO",1,"IVERMECTIN",0.015,NA,NA,"ECA2666","1_N",NA,NA,NA,224.679911942101,182.936544535913,202.265146826786,210.373263171779,222.099228189121,22.2179736531784,239.442337814041,252.505923612866,260.077353695689,0.0988872278840125,14.0252847481477,13.1353392229819,13.2449273018271,13.6169246347007,13.946188115515,0.611848933815011,14.4140450482977,14.6657980249456,15.2100984082685,0.0436247067208968,13,"1_N_ECA2666_0.015",NA,NA,NA,NA,NA,"1_N",-209.011980437704,431.111208626825,22.5753902811972,19.0965118767356,1.54498937647466e-43,208.851864384434,-417.863844822138
"20250424-CbDRC2-p039-m2x_D12_roi_0.png",20250424,"CbDRC2","p039","m2x","D12",0,231.296047329475,13.0039102821397,"","48h",10,"15hHB101","DMSO",1,"IVERMECTIN",0.03,NA,NA,"ECA2666","1_N",NA,NA,NA,223.942681734877,184.598508374183,192.228992489789,214.593662626213,233.25124260157,22.3782328107983,237.441682918591,243.269814870346,245.99165960823,0.0999283952368295,13.2653088212512,10.5659355640319,12.0539067445901,12.9258348813835,13.4278423926411,1.27599344202398,14.1024531761111,14.4687902372502,14.5911641848096,0.0961902552905381,8,"1_N_ECA2666_0.03",NA,NA,NA,NA,NA,"1_N",-197.859966025255,431.111208626825,22.5753902811972,19.0965118767356,1.54498937647466e-43,208.851864384434,-406.711830409689
"20250424-CbDRC2-p039-m2x_E01_roi_0.png",20250424,"CbDRC2","p039","m2x","E01",0,654.448136640264,32.2017429511288,"","48h",10,"15hHB101","DMSO",1,"IVERMECTIN",0,NA,NA,"PB420","1_N",NA,NA,NA,610.05318146749,236.553085376474,360.605395741422,572.120114860849,626.920733339946,222.571268556773,646.499774271811,663.367025755153,1253.00006897075,0.364839124388099,32.5672612157463,9.78412493506697,20.809968381222,32.2862558267799,34.4242158367857,9.35468480420923,37.4354400781413,38.3311978609626,49.8121296246821,0.287241986430416,15,"1_N_PB420_0",NA,NA,NA,NA,NA,"1_N",191.002578543799,435.918154796147,25.8910601536029,16.8366282496735,9.64883936917006e-38,188.841855702527,2.16072284127247
"20250424-CbDRC2-p039-m2x_E02_roi_0.png",20250424,"CbDRC2","p039","m2x","E02",0,655.936388700832,34.2001290660217,"","48h",10,"15hHB101","DMSO",1,"IVERMECTIN",2.9e-05,NA,NA,"PB420","1_N",NA,NA,NA,596.756508272736,240.621131171769,469.878940755499,612.817097487437,631.166529438692,107.105376756699,650.004895900151,672.327223639085,685.276290706655,0.179479193392808,34.6966881554072,13.5509485321818,31.3847265621678,33.5934986652891,35.2375960621235,6.01105050276458,38.3823087141942,39.8875037148662,40.3876814719293,0.173245656064952,23,"1_N_PB420_2.9e-05",NA,NA,NA,NA,NA,"1_N",195.248374642544,435.918154796147,25.8910601536029,16.8366282496735,9.64883936917006e-38,188.841855702527,6.40651894001783
"20250424-CbDRC2-p039-m2x_E03_roi_0.png",20250424,"CbDRC2","p039","m2x","E03",0,676.473099879413,34.403600948262,"","48h",10,"15hHB101","DMSO",1,"IVERMECTIN",5.8e-05,NA,NA,"PB420","1_N",NA,NA,NA,611.29796345262,411.48097471116,552.174358156998,607.127467403101,629.874609896239,73.6389353845109,647.66917384093,667.883789360763,688.476582140802,0.120463243437942,34.0891443302677,21.9637107514556,28.6341576628362,32.8136745113908,34.9720328002584,4.89324630381936,37.6488426476521,38.430441032669,38.9751188364242,0.14354265558595,19,"1_N_PB420_5.8e-05",NA,NA,NA,"outlier","outlier","1_N",193.956455100092,435.918154796147,25.8910601536029,16.8366282496735,9.64883936917006e-38,188.841855702527,5.11459939756551
"20250424-CbDRC2-p039-m2x_E04_roi_0.png",20250424,"CbDRC2","p039","m2x","E04",0,653.48644217531,35.221782494474,"","48h",10,"15hHB101","DMSO",1,"IVERMECTIN",0.00011,NA,NA,"PB420","1_N",NA,NA,NA,642.832040867002,589.897668046178,600.696931516786,626.875611498294,641.842165678856,33.344520947604,657.257602655173,682.551064921052,700.582932034159,0.0518712802532859,35.9314427138134,32.7236694934347,33.5446302251161,34.6119841722284,36.538208375653,1.85736114618966,37.1385365907203,37.9167077741664,38.16091719515,0.0516918054469219,10,"1_N_PB420_0.00011",NA,NA,NA,NA,NA,"1_N",205.924010882709,435.918154796147,25.8910601536029,16.8366282496735,9.64883936917006e-38,188.841855702527,17.0821551801824
"20250424-CbDRC2-p039-m2x_E05_roi_0.png",20250424,"CbDRC2","p039","m2x","E05",0,624.387224937402,34.5055438994785,"","48h",10,"15hHB101","DMSO",1,"IVERMECTIN",0.00023,NA,NA,"PB420","1_N",NA,NA,NA,607.663804901799,556.091856163496,571.0588937785,575.195661638491,609.222820439738,37.0405628369072,624.655020693085,647.841554953939,672.168325597098,0.0609556839458179,34.1304601183058,30.3823922813436,30.5764237611448,33.8772870152022,34.0302018060941,2.61017297458903,35.2953409499719,36.0746253215774,39.1502077984571,0.0764763488549944,9,"1_N_PB420_0.00023",NA,NA,NA,"outlier","outlier","1_N",173.30466564359,435.918154796147,25.8910601536029,16.8366282496735,9.64883936917006e-38,188.841855702527,-15.5371900589363
"20250424-CbDRC2-p039-m2x_E06_roi_0.png",20250424,"CbDRC2","p039","m2x","E06",0,656.94871100749,35.6448968505506,"","48h",10,"15hHB101","DMSO",1,"IVERMECTIN",0.00046,NA,NA,"PB420","1_N",NA,NA,NA,616.517334278328,549.340271237251,566.112840589163,573.956599008266,639.735184857557,42.4471620378226,651.933165002119,652.986077497815,656.94871100749,0.0688499084742032,33.007120612142,27.5773435130061,28.302943502365,29.792049398248,33.2021874516491,3.64218433932484,36.5140567125782,36.5650324649128,36.7549883365544,0.110345412498206,9,"1_N_PB420_0.00046",NA,NA,NA,NA,NA,"1_N",203.81703006141,435.918154796147,25.8910601536029,16.8366282496735,9.64883936917006e-38,188.841855702527,14.9751743588834
"20250424-CbDRC2-p039-m2x_E07_roi_0.png",20250424,"CbDRC2","p039","m2x","E07",0,338.266940852318,16.4522722999399,"","48h",10,"15hHB101","DMSO",1,"IVERMECTIN",0.00093,NA,NA,"PB420","1_N",NA,NA,NA,341.922744917602,275.48229705956,299.347734399236,306.123332926891,317.606100764945,58.5256514203877,357.258667808458,418.6439457235,472.942799017399,0.171166300839365,17.1573330348263,15.6982188886292,16.4522722999399,16.5214191191566,17.0459614096182,0.973051220244243,17.626290304679,17.9540683378614,19.3287931493201,0.0567134308268727,11,"1_N_PB420_0.00093",NA,NA,NA,NA,NA,"1_N",-118.312054031202,435.918154796147,25.8910601536029,16.8366282496735,9.64883936917006e-38,188.841855702527,-307.153909733729
"20250424-CbDRC2-p039-m2x_E08_roi_0.png",20250424,"CbDRC2","p039","m2x","E08",0,253.139908454727,16.8233218832798,"","48h",10,"15hHB101","DMSO",1,"IVERMECTIN",0.0018,NA,NA,"PB420","1_N",NA,NA,NA,255.110983468798,225.012923460744,238.406298488926,245.204183835824,252.052260313424,16.9739008289053,268.976437967309,276.489841536926,284.938095950541,0.0665353588391514,15.5640233965818,14.7176008327228,14.800938213514,14.882765786894,15.3617889945576,0.773997475486599,16.1732032869887,16.588578892843,16.8233218832798,0.049729909533327,13,"1_N_PB420_0.0018",NA,NA,NA,NA,NA,"1_N",-183.865894482723,435.918154796147,25.8910601536029,16.8366282496735,9.64883936917006e-38,188.841855702527,-372.707750185249
"20250424-CbDRC2-p039-m2x_E09_roi_0.png",20250424,"CbDRC2","p039","m2x","E09",0,248.461232774278,15.1424099028319,"","48h",10,"15hHB101","DMSO",1,"IVERMECTIN",0.0037,NA,NA,"PB420","1_N",NA,NA,NA,243.073364544667,213.109567431231,227.810285431813,231.755666216602,239.866933526316,19.6763888104287,248.461232774278,272.395095433881,274.927941962751,0.0809483542028026,14.8555562874225,14.3106805787742,14.3466833229038,14.7671127622975,14.8398760564497,0.379600206822042,15.0497945767863,15.2214074744795,15.5373977610699,0.0255527426558526,9,"1_N_PB420_0.0037",NA,NA,NA,NA,NA,"1_N",-196.051221269831,435.918154796147,25.8910601536029,16.8366282496735,9.64883936917006e-38,188.841855702527,-384.893076972358
"20250424-CbDRC2-p039-m2x_E10_roi_0.png",20250424,"CbDRC2","p039","m2x","E10",0,250.827171663348,14.4519383123882,"","48h",10,"15hHB101","DMSO",1,"IVERMECTIN",0.0075,NA,NA,"PB420","1_N",NA,NA,NA,210.780702915809,182.32792765045,187.858864289636,194.223144353307,206.516638140885,25.2191624876193,223.673447124683,243.921542148871,250.827171663348,0.119646448364358,14.2711742501191,11.514576383112,13.0322852090405,14.0783583713536,14.4519383123882,1.36854119119981,15.034123572823,15.5371638318155,15.7067411669801,0.0958954860486265,7,"1_N_PB420_0.0075",NA,NA,NA,NA,NA,"1_N",-229.401516655262,435.918154796147,25.8910601536029,16.8366282496735,9.64883936917006e-38,188.841855702527,-418.243372357789
"20250424-CbDRC2-p039-m2x_E11_roi_0.png",20250424,"CbDRC2","p039","m2x","E11",0,243.867774849697,14.3495214232532,"","48h",10,"15hHB101","DMSO",1,"IVERMECTIN",0.015,NA,NA,"PB420","1_N",NA,NA,NA,223.162642696463,182.808094981363,203.054080915732,215.17135469096,222.161085962407,22.9754021564519,229.767894516498,249.063263735431,261.186071135477,0.102953621084789,13.9598926379697,13.2063280493423,13.3031997232123,13.5206581854347,13.6627312490515,0.692238878201306,14.4692726795976,14.893552814222,15.0452810006015,0.0495876935556422,8,"1_N_PB420_0.015",NA,NA,NA,NA,NA,"1_N",-213.75706883374,435.918154796147,25.8910601536029,16.8366282496735,9.64883936917006e-38,188.841855702527,-402.598924536267
"20250424-CbDRC2-p039-m2x_F01_roi_0.png",20250424,"CbDRC2","p039","m2x","F01",0,627.421989254273,35.8255099002456,"","48h",10,"15hHB101","DMSO",1,"IVERMECTIN",0,NA,NA,"NIC1667","1_N",NA,NA,NA,600.975362028284,216.127414401488,527.234219919972,598.835033136668,627.468810325163,84.3871613571048,645.309621465958,656.808633983531,680.511001341015,0.140417006567955,31.0928231540216,14.0198671623386,28.7933761788813,30.1006967707948,32.2322362573644,3.93618897527608,33.0797189920496,34.56512952598,35.8695154664097,0.126594775771172,39,"1_N_NIC1667_0",NA,NA,NA,"outlier","outlier","1_N",187.874315284417,439.594495040745,23.4147711735005,18.7742383550711,6.61594876513563e-43,168.954730350924,18.9195849334933
"20250424-CbDRC2-p039-m2x_F03_roi_0.png",20250424,"CbDRC2","p039","m2x","F03",0,653.302975391396,35.3608736142862,"","48h",10,"15hHB101","DMSO",1,"IVERMECTIN",5.8e-05,NA,NA,"NIC1667","1_N",NA,NA,NA,590.440691573773,314.75666919464,546.777164224755,563.410314566952,606.24164665414,72.8165966000164,638.597059046306,652.547386744766,688.539464915054,0.123325843965682,32.1501364985323,24.6647754643698,29.7840708590386,30.6339597207065,31.7850138576254,3.50303559274135,32.5189047672429,34.9645005459318,44.7627929021612,0.108958653811665,25,"1_N_NIC1667_5.8e-05",NA,NA,NA,NA,NA,"1_N",166.647151613395,439.594495040745,23.4147711735005,18.7742383550711,6.61594876513563e-43,168.954730350924,-2.3075787375295
"20250424-CbDRC2-p039-m2x_F04_roi_0.png",20250424,"CbDRC2","p039","m2x","F04",0,674.08438889515,34.4910501419244,"","48h",10,"15hHB101","DMSO",1,"IVERMECTIN",0.00011,NA,NA,"NIC1667","1_N",NA,NA,NA,626.69207240626,522.365502646387,581.064940214077,606.44668858663,631.893129473854,39.7083576434687,648.167933159424,668.959197858463,706.655191013376,0.063361831738199,31.9058177987274,26.6099677677065,29.3773354290592,30.2797707665212,32.7372029574592,2.2519904872744,33.6320853802,34.3714297145619,35.1166878747834,0.0705824405279535,22,"1_N_NIC1667_0.00011",NA,NA,NA,NA,NA,"1_N",192.298634433109,439.594495040745,23.4147711735005,18.7742383550711,6.61594876513563e-43,168.954730350924,23.3439040821851
"20250424-CbDRC2-p039-m2x_F05_roi_0.png",20250424,"CbDRC2","p039","m2x","F05",0,634.446794975012,30.7632386081252,"","48h",10,"15hHB101","DMSO",1,"IVERMECTIN",0.00023,NA,NA,"NIC1667","1_N",NA,NA,NA,588.830836675522,216.079762054605,498.399660508941,580.645426093909,619.063425038849,113.298816429394,645.489669306966,671.298010095212,708.043057595302,0.192413184521836,30.4236648409812,12.7042039245356,28.3968865783281,30.0738021372742,31.2534246187496,5.16250289075567,33.0327324982685,34.1752056893441,36.2250177074088,0.169687081347336,29,"1_N_NIC1667_0.00023",NA,NA,NA,NA,NA,"1_N",179.468929998104,439.594495040745,23.4147711735005,18.7742383550711,6.61594876513563e-43,168.954730350924,10.5141996471795
"20250424-CbDRC2-p039-m2x_F06_roi_0.png",20250424,"CbDRC2","p039","m2x","F06",0,626.396447297406,26.8213387388941,"","48h",10,"15hHB101","DMSO",1,"IVERMECTIN",0.00046,NA,NA,"NIC1667","1_N",NA,NA,NA,580.283903268799,459.38114236785,508.013433467248,539.135713753197,587.46692338873,57.6570426358124,627.30419384334,641.541863703041,680.743696654167,0.0993600586041148,28.4991920412092,22.9721223914608,24.9921408935609,26.7613825837199,28.3894079625508,2.77406672395705,30.6101464174695,32.4417458030843,33.0563371914155,0.0973384340140524,28,"1_N_NIC1667_0.00046",NA,NA,NA,NA,NA,"1_N",147.872428347985,439.594495040745,23.4147711735005,18.7742383550711,6.61594876513563e-43,168.954730350924,-21.0823020029391
"20250424-CbDRC2-p039-m2x_F07_roi_0.png",20250424,"CbDRC2","p039","m2x","F07",0,372.224651028466,17.7269454911927,"","48h",10,"15hHB101","DMSO",1,"IVERMECTIN",0.00093,NA,NA,"NIC1667","1_N",NA,NA,NA,355.870019229354,283.896217092785,314.942528177082,349.924020827678,359.024582737572,30.3525044648238,372.283447771693,375.251082141773,441.109684779015,0.0852909849797208,18.355640396818,14.3762811766076,17.2867104914944,17.6008826507101,18.3149087510811,1.35066417917717,19.133735139744,19.7271806727024,20.9725053458657,0.0735830594835203,27,"1_N_NIC1667_0.00093",NA,NA,NA,NA,NA,"1_N",-80.5699123031733,439.594495040745,23.4147711735005,18.7742383550711,6.61594876513563e-43,168.954730350924,-249.524642654097
"20250424-CbDRC2-p039-m2x_F08_roi_0.png",20250424,"CbDRC2","p039","m2x","F08",0,334.189939400534,18.1122740872466,"","48h",10,"15hHB101","DMSO",1,"IVERMECTIN",0.0018,NA,NA,"NIC1667","1_N",NA,NA,NA,290.959335673283,243.187870195365,253.618669557094,280.225633965091,290.778303361315,25.4406538298526,307.209571734828,323.230056668609,334.189939400534,0.0874371457131034,16.6557461200461,13.7784027450041,15.255407426215,15.6124249972234,16.5273987351589,1.49300376380549,17.3044641970155,17.909013929634,20.9955803424364,0.0896389602149722,20,"1_N_NIC1667_0.0018",NA,NA,NA,NA,NA,"1_N",-148.81619167943,439.594495040745,23.4147711735005,18.7742383550711,6.61594876513563e-43,168.954730350924,-317.770922030354
"20250424-CbDRC2-p039-m2x_F10_roi_0.png",20250424,"CbDRC2","p039","m2x","F10",0,228.81980355082,13.6327885119399,"","48h",10,"15hHB101","DMSO",1,"IVERMECTIN",0.0075,NA,NA,"NIC1667","1_N",NA,NA,NA,245.368431288664,202.111885735042,223.473068273205,230.148593577136,244.684194633429,21.6740659735125,261.990690692303,266.151631650104,285.060271556128,0.0883327405228183,15.0312700539617,13.267849602441,13.7273790711232,14.3926323595399,14.5994713205244,1.61043417567272,15.2290563061772,16.1340550710735,20.5203747551825,0.107138929038685,18,"1_N_NIC1667_0.0075",NA,NA,NA,NA,NA,"1_N",-194.910300407317,439.594495040745,23.4147711735005,18.7742383550711,6.61594876513563e-43,168.954730350924,-363.865030758241
"20250424-CbDRC2-p039-m2x_F11_roi_0.png",20250424,"CbDRC2","p039","m2x","F11",0,244.675907882176,14.1763109419477,"","48h",10,"15hHB101","DMSO",1,"IVERMECTIN",0.015,NA,NA,"NIC1667","1_N",NA,NA,NA,236.191556749315,202.666398734279,224.401587738802,226.720846332441,236.302876537653,14.4752808403587,240.918022326064,257.103951926924,266.339450486592,0.0612861909188493,14.4158660266559,13.335882780573,13.9562891084094,13.9983732906692,14.196334480781,0.604582436184248,14.823311458452,15.2592268204601,15.7562230653486,0.0419386830500736,20,"1_N_NIC1667_0.015",NA,NA,NA,NA,NA,"1_N",-203.291618503092,439.594495040745,23.4147711735005,18.7742383550711,6.61594876513563e-43,168.954730350924,-372.246348854016
"20250424-CbDRC2-p039-m2x_F12_roi_0.png",20250424,"CbDRC2","p039","m2x","F12",0,202.847648314618,13.493497491402,"","48h",10,"15hHB101","DMSO",1,"IVERMECTIN",0.03,NA,NA,"NIC1667","1_N",NA,NA,NA,213.443821693448,123.664010040474,192.215595803734,205.21829325009,218.526111725648,32.4589282546723,231.266844089564,243.222436440125,267.255520085445,0.152072465706178,14.1443528777628,11.9390676115091,13.5230710023593,13.8329471273647,14.0802986393728,0.738071813469664,14.6052458724008,14.7894731750276,15.744695649293,0.0521813772498586,21,"1_N_NIC1667_0.03",NA,NA,NA,NA,NA,"1_N",-221.068383315098,439.594495040745,23.4147711735005,18.7742383550711,6.61594876513563e-43,168.954730350924,-390.023113666022
"20250424-CbDRC2-p040-m2x_A01_roi_0.png",20250424,"CbDRC2","p040","m2x","A01",0,571.760080756661,35.0730209357027,"","48h",10,"15hHB101","DMSO",1,"IVERMECTIN",0,NA,NA,"PB420","3_A",NA,NA,NA,603.913645922033,133.141063147309,570.939293874831,603.593849644916,620.063994919235,93.5256257682712,639.518327114782,656.914164760469,723.072401588487,0.154865892499382,35.7203281865047,15.5647975998837,30.4500199454494,34.8436011409795,36.4383394449258,4.50576863524184,38.4780349788127,39.7299010207319,42.0005084722063,0.126140180227799,47,"3_A_PB420_0",NA,NA,NA,NA,NA,"3_A",162.826155927457,457.237838991778,25.8910601536029,17.6600663039343,5.86400537459328e-40,188.841855702527,-26.01569977507
"20250424-CbDRC2-p040-m2x_A02_roi_0.png",20250424,"CbDRC2","p040","m2x","A02",0,655.561671004667,34.755917171537,"","48h",10,"15hHB101","DMSO",1,"IVERMECTIN",2.9e-05,NA,NA,"PB420","3_A",NA,NA,NA,630.316394201832,540.273158181689,586.402661705399,615.839813138072,637.321257926222,36.4070356943475,654.329046606515,671.462941904138,690.494819209278,0.0577599377538793,36.0439939984492,25.6667036124103,32.4163102797686,34.7238811140301,37.0011872896042,2.92528159834129,38.017303114264,38.7725856598307,39.4587764295284,0.081158641810537,34,"3_A_PB420_2.9e-05",NA,NA,NA,NA,NA,"3_A",180.083418934444,457.237838991778,25.8910601536029,17.6600663039343,5.86400537459328e-40,188.841855702527,-8.75843676808296
"20250424-CbDRC2-p040-m2x_A03_roi_0.png",20250424,"CbDRC2","p040","m2x","A03",0,604.286096998202,35.5318078777765,"","48h",10,"15hHB101","DMSO",1,"IVERMECTIN",5.8e-05,NA,NA,"PB420","3_A",NA,NA,NA,621.154560110173,470.855696264366,574.397416493154,604.286096998202,625.719687971504,46.5522290340962,644.688605704611,668.625228380426,696.989659661948,0.0749446788667854,35.1144212309672,26.1430688955978,31.7580029373269,33.7281418751611,35.6486359710781,3.04851103504287,37.1175434058172,38.0676471143068,40.4724994474318,0.0868164967034799,37,"3_A_PB420_5.8e-05",NA,NA,NA,NA,NA,"3_A",168.481848979726,457.237838991778,25.8910601536029,17.6600663039343,5.86400537459328e-40,188.841855702527,-20.3600067228011
"20250424-CbDRC2-p040-m2x_A04_roi_0.png",20250424,"CbDRC2","p040","m2x","A04",0,623.624729514813,33.9668327389441,"","48h",10,"15hHB101","DMSO",1,"IVERMECTIN",0.00011,NA,NA,"PB420","3_A",NA,NA,NA,621.15096481866,488.064315037422,559.300248064341,607.844833128987,624.726628592891,51.2648303001985,642.372388206844,660.23864655217,746.227808679371,0.0825319981836699,34.8875989792139,25.2689698890177,30.89051959998,33.3101615784806,35.9028259003018,3.3939399099395,36.8050546606767,38.449548169337,39.8602009808886,0.0972821291588914,29,"3_A_PB420_0.00011",NA,NA,NA,NA,NA,"3_A",167.488789601112,457.237838991778,25.8910601536029,17.6600663039343,5.86400537459328e-40,188.841855702527,-21.3530661014144
"20250424-CbDRC2-p040-m2x_A05_roi_0.png",20250424,"CbDRC2","p040","m2x","A05",0,669.750622938157,35.700148227687,"","48h",10,"15hHB101","DMSO",1,"IVERMECTIN",0.00023,NA,NA,"PB420","3_A",NA,NA,NA,606.054172850454,147.484939943447,538.037324603199,572.868470644957,619.928267232571,120.844851004489,647.330467431458,666.433379839884,1058.07498873639,0.199396120706702,33.5615415043018,14.1834984284753,26.3511945237083,33.7071106338199,35.2541670897203,5.47650329025264,35.8779379904047,37.027336971448,40.2626056294707,0.163177942513477,37,"3_A_PB420_0.00023",NA,NA,NA,NA,NA,"3_A",162.690428240793,457.237838991778,25.8910601536029,17.6600663039343,5.86400537459328e-40,188.841855702527,-26.151427461734
"20250424-CbDRC2-p040-m2x_A06_roi_0.png",20250424,"CbDRC2","p040","m2x","A06",0,640.918607258698,34.6507742849773,"","48h",10,"15hHB101","DMSO",1,"IVERMECTIN",0.00046,NA,NA,"PB420","3_A",NA,NA,NA,566.815617920724,370.22550108665,429.538335936721,529.96164798794,587.046588479944,89.6845331598015,629.803889889576,667.427043808875,675.269748979008,0.158225232905183,32.219071584263,20.8032948736112,25.6111101712119,28.2792687980021,32.1177898918338,5.48063895635978,34.7298452476493,37.7586484120837,45.7752087443597,0.170105427837242,25,"3_A_PB420_0.00046",NA,NA,NA,NA,NA,"3_A",129.808749488166,457.237838991778,25.8910601536029,17.6600663039343,5.86400537459328e-40,188.841855702527,-59.0331062143611
"20250424-CbDRC2-p040-m2x_A07_roi_0.png",20250424,"CbDRC2","p040","m2x","A07",0,380.388203199237,19.3333939889246,"","48h",10,"15hHB101","DMSO",1,"IVERMECTIN",0.00093,NA,NA,"PB420","3_A",NA,NA,NA,358.054019976459,269.038920019187,330.647223683936,341.888546719154,360.403172904534,31.4435476743156,373.681610081689,382.904263151999,482.800720944303,0.0878178875812732,18.6929782626012,16.6458209741426,17.1514408768989,17.6919600367874,18.3402433060438,2.22449051283457,19.2712070847455,19.6381099659994,30.5580607793612,0.119001396224007,37,"3_A_PB420_0.00093",NA,NA,NA,NA,NA,"3_A",-96.8346660872447,457.237838991778,25.8910601536029,17.6600663039343,5.86400537459328e-40,188.841855702527,-285.676521789771
"20250424-CbDRC2-p040-m2x_A08_roi_1.png",20250424,"CbDRC2","p040","m2x","A08",1,326.810424018948,10.4947107272757,"","48h",10,"15hHB101","DMSO",1,"IVERMECTIN",0.0018,NA,NA,"PB420","3_A",NA,NA,NA,272.465985765393,228.72995241665,233.749395684194,253.827778138086,270.114062304359,27.3720905443771,293.963655852492,309.48349953134,326.810424018948,0.100460578473622,16.0756207480419,10.4947107272757,14.8429893674297,15.4815792207957,16.1996636637474,1.51180324722548,16.7959675849971,17.8262448372301,18.290099364468,0.0940432267543774,28,"3_A_PB420_0.0018",NA,NA,NA,"outlier","outlier","3_A",-187.123776687419,457.237838991778,25.8910601536029,17.6600663039343,5.86400537459328e-40,188.841855702527,-375.965632389946
"20250424-CbDRC2-p040-m2x_A09_roi_0.png",20250424,"CbDRC2","p040","m2x","A09",0,297.972741160949,14.608793074999,"","48h",10,"15hHB101","DMSO",1,"IVERMECTIN",0.0037,NA,NA,"PB420","3_A",NA,NA,NA,260.410540571875,202.790276047862,235.897781372691,240.856522277948,251.39758554209,26.0302853266515,280.089454545774,296.978534729857,302.269043079437,0.0999586471019479,15.2511828517564,13.8766130647169,14.2524503819081,14.5958333441599,15.123012353094,0.984776237633887,15.7523752939008,16.2672621618399,17.8427349342482,0.0645704826442676,25,"3_A_PB420_0.0037",NA,NA,NA,NA,NA,"3_A",-205.840253449688,457.237838991778,25.8910601536029,17.6600663039343,5.86400537459328e-40,188.841855702527,-394.682109152215
"20250424-CbDRC2-p040-m2x_A10_roi_1.png",20250424,"CbDRC2","p040","m2x","A10",1,446.994451308335,20.493577606163,"","48h",10,"15hHB101","DMSO",1,"IVERMECTIN",0.0075,NA,NA,"PB420","3_A",NA,NA,NA,249.505437193002,208.571102547826,219.993924444339,225.522402908576,248.342278417442,44.6224150365985,254.047966357586,274.262095232159,446.994451308335,0.178843457435684,14.951577037522,11.6995760035885,13.5984969921374,14.2534961368111,15.1726402114417,1.53962436412053,15.4523916812699,15.8693126974266,20.493577606163,0.102974044828632,26,"3_A_PB420_0.0075",NA,NA,NA,NA,NA,"3_A",-208.895560574336,457.237838991778,25.8910601536029,17.6600663039343,5.86400537459328e-40,188.841855702527,-397.737416276863
"20250424-CbDRC2-p040-m2x_A12_roi_0.png",20250424,"CbDRC2","p040","m2x","A12",0,238.138765772515,13.4404723658695,"","48h",10,"15hHB101","DMSO",1,"IVERMECTIN",0.03,NA,NA,"PB420","3_A",NA,NA,NA,230.686439454679,138.593589073451,204.653062717229,218.735710048966,228.26340542721,39.6324331216796,239.334522089037,258.203456143037,349.719788311362,0.17180217968324,14.3796006880985,10.0380774186025,13.1760115849621,13.5894127412541,14.3592924140108,1.59619732280629,14.7478063149951,15.2159622135646,19.3046546303689,0.111004287075051,30,"3_A_PB420_0.03",NA,NA,NA,NA,NA,"3_A",-228.974433564569,457.237838991778,25.8910601536029,17.6600663039343,5.86400537459328e-40,188.841855702527,-417.816289267095
"20250424-CbDRC2-p040-m2x_B01_roi_0.png",20250424,"CbDRC2","p040","m2x","B01",0,669.487353156221,36.7578379344038,"","48h",10,"15hHB101","DMSO",1,"IVERMECTIN",0,NA,NA,"JU3237","3_A",NA,NA,NA,629.790982537082,495.827059394315,585.250901548788,615.700611623444,639.221578883234,36.1658583094417,649.241904181716,662.612010459238,679.628304516467,0.0574251764668801,35.0681305525655,26.6520315411087,32.1349792971527,33.8251760677757,35.1190929100194,3.18956244507141,36.2343048566877,36.9745401045032,45.6017398070975,0.0909533070287396,33,"3_A_JU3237_0",NA,NA,NA,NA,NA,"3_A",193.028007708193,446.193571175041,24.5659312291378,18.1631043013671,1.26730634373717e-40,185.742269212847,7.28573849534587
"20250424-CbDRC2-p040-m2x_B02_roi_0.png",20250424,"CbDRC2","p040","m2x","B02",0,583.246447234647,32.6530133612323,"","48h",10,"15hHB101","DMSO",1,"IVERMECTIN",2.9e-05,NA,NA,"JU3237","3_A",NA,NA,NA,624.942196275087,468.170468921368,581.960770589452,609.190390860399,638.582235180121,48.6733781873361,655.768397758439,668.169240608263,694.422973036815,0.0778846083324979,34.9471830454521,30.2345889866835,32.1382718988145,32.7269424512225,35.3939246064348,2.74419624523097,36.4771630754833,37.3972245902507,44.6056777129178,0.0785241042650529,40,"3_A_JU3237_2.9e-05",NA,NA,NA,NA,NA,"3_A",192.38866400508,446.193571175041,24.5659312291378,18.1631043013671,1.26730634373717e-40,185.742269212847,6.64639479223342
"20250424-CbDRC2-p040-m2x_B03_roi_0.png",20250424,"CbDRC2","p040","m2x","B03",0,607.852184087346,33.4013186613614,"","48h",10,"15hHB101","DMSO",1,"IVERMECTIN",5.8e-05,NA,NA,"JU3237","3_A",NA,NA,NA,621.049264895485,538.776528238479,589.062354749482,607.609818217841,623.968510987818,27.0344107375574,634.617495307519,654.732820476049,671.358516354837,0.0435302193652977,33.5235133743563,25.0759109015612,31.284973963324,32.4122255477195,34.1488979618507,2.08818988041273,34.9710275975862,35.4745863945156,36.4852879922099,0.0622903052282725,48,"3_A_JU3237_5.8e-05",NA,NA,NA,NA,NA,"3_A",177.774939812777,446.193571175041,24.5659312291378,18.1631043013671,1.26730634373717e-40,185.742269212847,-7.96732940006962
"20250424-CbDRC2-p040-m2x_B04_roi_0.png",20250424,"CbDRC2","p040","m2x","B04",0,674.923171925591,35.8521687085027,"","48h",10,"15hHB101","DMSO",1,"IVERMECTIN",0.00011,NA,NA,"JU3237","3_A",NA,NA,NA,639.731878497165,557.12723843092,588.641183608129,615.500085469278,642.528908732577,32.719831409127,661.009465104187,675.702640113702,700.676909636941,0.0511461637428344,34.5496393751571,24.4876788985612,32.2062865333088,33.373908465857,34.7700760239536,2.81693106556441,36.096184025171,37.3570968146098,39.9522509837496,0.0815328644961174,40,"3_A_JU3237_0.00011",NA,NA,NA,NA,NA,"3_A",196.335337557536,446.193571175041,24.5659312291378,18.1631043013671,1.26730634373717e-40,185.742269212847,10.5930683446888
"20250424-CbDRC2-p040-m2x_B05_roi_0.png",20250424,"CbDRC2","p040","m2x","B05",0,672.891127597554,34.8167759200241,"","48h",10,"15hHB101","DMSO",1,"IVERMECTIN",0.00023,NA,NA,"JU3237","3_A",NA,NA,NA,608.93210449195,173.108691177116,547.611306482624,619.216432932642,634.641659000987,96.0840620941987,653.073131215085,666.287978185511,679.494097628651,0.157791092611818,33.337370417279,16.0937308282435,31.2544696191277,31.9655868288681,33.7171110793695,3.39914559846388,34.9523627999348,36.2367728875373,38.3753492131157,0.101962019077008,39,"3_A_JU3237_0.00023",NA,NA,NA,NA,NA,"3_A",188.448087825946,446.193571175041,24.5659312291378,18.1631043013671,1.26730634373717e-40,185.742269212847,2.70581861309938
"20250424-CbDRC2-p040-m2x_B06_roi_0.png",20250424,"CbDRC2","p040","m2x","B06",0,618.738982386127,32.2642966935072,"","48h",10,"15hHB101","DMSO",1,"IVERMECTIN",0.00046,NA,NA,"JU3237","3_A",NA,NA,NA,613.59795053453,516.60374450659,556.665586871912,577.609624848912,601.981310805951,109.256037451147,620.728701616865,634.939669369761,1249.78788449333,0.178058022123394,31.0684471014847,15.6905537094163,28.2740113202867,29.8699685768939,31.5416120966007,3.34178599089699,32.4752567343976,33.9641592917559,36.099499618068,0.107562054195405,39,"3_A_JU3237_0.00046",NA,NA,NA,NA,NA,"3_A",155.787739630911,446.193571175041,24.5659312291378,18.1631043013671,1.26730634373717e-40,185.742269212847,-29.9545295819363
"20250424-CbDRC2-p040-m2x_B07_roi_0.png",20250424,"CbDRC2","p040","m2x","B07",0,634.234633227773,21.6288567183797,"","48h",10,"15hHB101","DMSO",1,"IVERMECTIN",0.00093,NA,NA,"JU3237","3_A",NA,NA,NA,400.240129973709,236.144730662639,348.275532043225,371.396552937872,392.458984363532,65.478891539522,416.792015530189,467.775230146745,634.234633227773,0.163599016280109,19.1040779026706,14.8940565480717,17.4705780325564,17.8203947522886,18.7218768084233,2.15380968545978,19.5283881697907,22.0880750601186,25.3190236899973,0.112740834518828,38,"3_A_JU3237_0.00093",NA,NA,NA,NA,NA,"3_A",-53.7345868115084,446.193571175041,24.5659312291378,18.1631043013671,1.26730634373717e-40,185.742269212847,-239.476856024355
"20250424-CbDRC2-p040-m2x_B08_roi_0.png",20250424,"CbDRC2","p040","m2x","B08",0,342.08110905403,15.7802207479548,"","48h",10,"15hHB101","DMSO",1,"IVERMECTIN",0.0018,NA,NA,"JU3237","3_A",NA,NA,NA,302.374640019826,253.235667718846,277.203882509263,283.79363728403,293.922518538474,29.559611018286,318.687245140043,333.397831369241,396.839152519956,0.0977582346732114,16.1520822613018,14.6569645180086,15.1262816191622,15.6226671853737,16.1034950593691,0.858184299475152,16.4720677759445,17.2051963825162,18.9416915101468,0.0531314963353824,34,"3_A_JU3237_0.0018",NA,NA,NA,NA,NA,"3_A",-152.271052636566,446.193571175041,24.5659312291378,18.1631043013671,1.26730634373717e-40,185.742269212847,-338.013321849413
"20250424-CbDRC2-p040-m2x_B09_roi_0.png",20250424,"CbDRC2","p040","m2x","B09",0,247.139953438005,15.3992061284538,"","48h",10,"15hHB101","DMSO",1,"IVERMECTIN",0.0037,NA,NA,"JU3237","3_A",NA,NA,NA,259.524668373779,214.173752370713,229.309587246859,247.10306353251,261.091275482602,22.7877459043322,268.932021288147,291.28611069641,300.401955118352,0.0878057028147794,15.107527284778,12.8605356681959,14.3704803230736,14.5188104247037,15.0902677253921,0.89467167627327,15.5057132094151,15.8688484136773,17.7519088299476,0.0592202588424065,27,"3_A_JU3237_0.0037",NA,NA,NA,NA,NA,"3_A",-185.102295692439,446.193571175041,24.5659312291378,18.1631043013671,1.26730634373717e-40,185.742269212847,-370.844564905286
"20250424-CbDRC2-p040-m2x_B10_roi_0.png",20250424,"CbDRC2","p040","m2x","B10",0,238.430945761314,15.7940720005773,"","48h",10,"15hHB101","DMSO",1,"IVERMECTIN",0.0075,NA,NA,"JU3237","3_A",NA,NA,NA,239.335660663365,171.996409510917,212.431028357877,226.014961268406,239.277361571153,25.5851522867405,256.917873906517,265.699159280818,291.602944703691,0.10690071097565,14.8341703843073,13.3743910501568,14.0186198542523,14.3895382958358,14.762560877333,0.703626487573546,15.1770021774655,15.76697090101,16.1976889572993,0.0474328168913238,30,"3_A_JU3237_0.0075",NA,NA,NA,NA,NA,"3_A",-206.916209603888,446.193571175041,24.5659312291378,18.1631043013671,1.26730634373717e-40,185.742269212847,-392.658478816735
"20250424-CbDRC2-p040-m2x_B11_roi_1.png",20250424,"CbDRC2","p040","m2x","B11",1,227.474140937371,16.114297781493,"","48h",10,"15hHB101","DMSO",1,"IVERMECTIN",0.015,NA,NA,"JU3237","3_A",NA,NA,NA,228.113562580271,166.960129470787,196.418603104219,214.578135097337,234.589209257689,26.0491451357295,245.103425366152,254.112358712629,273.790526592821,0.114193758762428,14.9427301145218,11.0907600764431,14.2228560830499,14.6676717014516,14.9502365735259,1.06811161344263,15.5022322093059,15.8337929735853,17.4472868704817,0.0714803523356556,28,"3_A_JU3237_0.015",NA,NA,NA,NA,NA,"3_A",-211.604361917351,446.193571175041,24.5659312291378,18.1631043013671,1.26730634373717e-40,185.742269212847,-397.346631130198
"20250424-CbDRC2-p040-m2x_B12_roi_0.png",20250424,"CbDRC2","p040","m2x","B12",0,258.475979087853,17.6875215253722,"","48h",10,"15hHB101","DMSO",1,"IVERMECTIN",0.03,NA,NA,"JU3237","3_A",NA,NA,NA,233.979307645007,160.206088602871,190.875063772381,219.615864884368,233.925705623508,35.352604106858,253.897052796235,269.170744316296,339.121004506063,0.151092865701162,15.6442800330902,12.3788255826613,13.899246668312,14.2182728391823,15.4256355436793,2.70442614995349,16.3484257213035,17.2597037530462,27.9430176559181,0.172869965523066,30,"3_A_JU3237_0.03",NA,NA,NA,"outlier","outlier","3_A",-212.267865551533,446.193571175041,24.5659312291378,18.1631043013671,1.26730634373717e-40,185.742269212847,-398.01013476438
"20250424-CbDRC2-p040-m2x_C01_roi_0.png",20250424,"CbDRC2","p040","m2x","C01",0,616.92914941697,29.0587091600359,"","48h",10,"15hHB101","DMSO",1,"IVERMECTIN",0,NA,NA,"NIC1667","3_A",NA,NA,NA,617.027132802682,479.945424944778,557.907648314677,581.615124491126,618.154077411757,54.4397278189842,642.089069572213,687.526612505027,777.636547866097,0.0882290663162675,31.6924727173722,28.4346158463572,29.0514986394763,30.3043648899119,31.1631552212055,2.48265995932278,32.5257025210226,34.4288252503028,43.8147492078097,0.0783359500365498,60,"3_A_NIC1667_0",NA,NA,NA,NA,NA,"3_A",163.19464781786,454.959429593897,22.8011769965811,19.9533309031422,5.88828783048315e-46,168.954730350924,-5.76008253306415
"20250424-CbDRC2-p040-m2x_C02_roi_0.png",20250424,"CbDRC2","p040","m2x","C02",0,652.499366462965,30.2041589376465,"","48h",10,"15hHB101","DMSO",1,"IVERMECTIN",2.9e-05,NA,NA,"NIC1667","3_A",NA,NA,NA,606.083016540575,128.115779288407,545.363770308546,602.549485260659,629.135170780872,104.206460017954,657.117295555092,674.139823807183,721.391115849216,0.171934301364767,30.8219654559926,18.9080858794532,27.8695495925289,29.8125423570821,31.1894823338891,3.29372127379648,32.9028237607497,33.8470761696174,35.4650663742142,0.106862791683393,49,"3_A_NIC1667_2.9e-05",NA,NA,NA,NA,NA,"3_A",174.175741186974,454.959429593897,22.8011769965811,19.9533309031422,5.88828783048315e-46,168.954730350924,5.22101083604994
"20250424-CbDRC2-p040-m2x_C03_roi_0.png",20250424,"CbDRC2","p040","m2x","C03",0,701.315818955529,35.1377449077528,"","48h",10,"15hHB101","DMSO",1,"IVERMECTIN",5.8e-05,NA,NA,"NIC1667","3_A",NA,NA,NA,611.434649828402,250.8802845022,559.353929543029,581.008518516649,627.041125715735,73.3373727473363,652.91846980777,671.481786755995,701.315818955529,0.119943108830876,30.9538892436119,14.9329861263541,29.5886009796549,30.209885658117,31.2309396674346,3.0193217836779,32.2902798939669,33.028997708508,35.1377449077528,0.097542565973386,40,"3_A_NIC1667_5.8e-05",NA,NA,NA,NA,NA,"3_A",172.081696121837,454.959429593897,22.8011769965811,19.9533309031422,5.88828783048315e-46,168.954730350924,3.1269657709129
"20250424-CbDRC2-p040-m2x_C04_roi_0.png",20250424,"CbDRC2","p040","m2x","C04",0,703.997245856599,36.1107085260357,"","48h",10,"15hHB101","DMSO",1,"IVERMECTIN",0.00011,NA,NA,"NIC1667","3_A",NA,NA,NA,584.931829408925,211.432506477627,524.442881794187,558.686773682866,599.511071651282,93.7404517385925,638.063441654458,663.698811867572,709.182128986917,0.16025876354398,30.3519286235532,14.3528899218608,26.9724778885358,29.1384553578797,30.1881797085281,4.15465628401444,32.0680518783347,34.7486597502768,41.2063549086066,0.136882777221294,64,"3_A_NIC1667_0.00011",NA,NA,NA,"outlier","outlier","3_A",144.551642057384,454.959429593897,22.8011769965811,19.9533309031422,5.88828783048315e-46,168.954730350924,-24.4030882935399
"20250424-CbDRC2-p040-m2x_C05_roi_0.png",20250424,"CbDRC2","p040","m2x","C05",0,644.365885953699,30.3873606620852,"","48h",10,"15hHB101","DMSO",1,"IVERMECTIN",0.00023,NA,NA,"NIC1667","3_A",NA,NA,NA,611.922019817933,230.530361766724,528.884543225478,572.064894823484,606.112717712486,108.952835961448,648.539020560419,678.733936774197,972.353000072948,0.178050196647386,31.2698650376995,17.2138767705975,27.3811357880085,29.4844091570889,31.5384764660235,4.87502005426849,32.7392838420103,35.0469165152621,43.2360283108257,0.155901538058801,54,"3_A_NIC1667_0.00023",NA,NA,NA,NA,NA,"3_A",151.153288118589,454.959429593897,22.8011769965811,19.9533309031422,5.88828783048315e-46,168.954730350924,-17.8014422323356
"20250424-CbDRC2-p040-m2x_C06_roi_0.png",20250424,"CbDRC2","p040","m2x","C06",0,562.917032585033,37.1424593857482,"","48h",10,"15hHB101","DMSO",1,"IVERMECTIN",0.00046,NA,NA,"NIC1667","3_A",NA,NA,NA,543.456623167127,152.014093108085,483.444233981818,517.594873936453,552.839082334849,80.518030086445,580.430629291285,632.425319061562,660.010133932892,0.148159074071462,31.0413330586565,21.4086707633939,25.8318865414678,26.9215060148321,27.9379207452717,18.4545229262282,29.5799735670523,31.7769719289356,158.911353860058,0.594514510422477,52,"3_A_NIC1667_0.00046",NA,NA,NA,NA,NA,"3_A",97.8796527409518,454.959429593897,22.8011769965811,19.9533309031422,5.88828783048315e-46,168.954730350924,-71.0750776099723
"20250424-CbDRC2-p040-m2x_C07_roi_0.png",20250424,"CbDRC2","p040","m2x","C07",0,424.943927252387,19.2431590586277,"","48h",10,"15hHB101","DMSO",1,"IVERMECTIN",0.00093,NA,NA,"NIC1667","3_A",NA,NA,NA,369.026763639292,280.319750047912,340.84105748322,357.910512127288,367.156571930743,28.4780105982877,396.310402988943,400.200881253047,424.943927252387,0.0771705832862673,18.7471830831546,16.6835788877317,17.5516595997836,18.1442033620442,18.6554159493173,1.00847635159059,19.3264502002958,20.1281572098487,21.2028165145281,0.0537934871130992,40,"3_A_NIC1667_0.00093",NA,NA,NA,NA,NA,"3_A",-87.8028576631547,454.959429593897,22.8011769965811,19.9533309031422,5.88828783048315e-46,168.954730350924,-256.757588014079
"20250424-CbDRC2-p040-m2x_C08_roi_1.png",20250424,"CbDRC2","p040","m2x","C08",1,289.806079353984,19.3325587805817,"","48h",10,"15hHB101","DMSO",1,"IVERMECTIN",0.0018,NA,NA,"NIC1667","3_A",NA,NA,NA,289.806079353984,289.806079353984,289.806079353984,289.806079353984,289.806079353984,NA,289.806079353984,289.806079353984,289.806079353984,NA,19.3325587805817,19.3325587805817,19.3325587805817,19.3325587805817,19.3325587805817,NA,19.3325587805817,19.3325587805817,19.3325587805817,NA,1,"3_A_NIC1667_0.0018",NA,"n<5",NA,NA,NA,"3_A",-165.153350239914,454.959429593897,22.8011769965811,19.9533309031422,5.88828783048315e-46,168.954730350924,-334.108080590838
"20250424-CbDRC2-p040-m2x_C09_roi_1.png",20250424,"CbDRC2","p040","m2x","C09",1,276.98910494655,15.508716208787,"","48h",10,"15hHB101","DMSO",1,"IVERMECTIN",0.0037,NA,NA,"NIC1667","3_A",NA,NA,NA,281.268630239927,256.485303524183,262.114019885516,267.928359494161,279.610248418726,15.9285575739797,290.219571204326,304.409140796073,319.528275017198,0.0566311200804453,15.5685290081183,14.1170564976884,14.6306132705344,15.2043948567124,15.6153841557986,0.691540838968351,15.8992500541123,16.3737353339774,17.7773728753133,0.0444191508785284,54,"3_A_NIC1667_0.0037",NA,NA,NA,NA,NA,"3_A",-175.349181175172,454.959429593897,22.8011769965811,19.9533309031422,5.88828783048315e-46,168.954730350924,-344.303911526096
"20250424-CbDRC2-p040-m2x_C10_roi_1.png",20250424,"CbDRC2","p040","m2x","C10",1,239.672998021137,14.2397802727214,"","48h",10,"15hHB101","DMSO",1,"IVERMECTIN",0.0075,NA,NA,"NIC1667","3_A",NA,NA,NA,270.660165183901,239.672998021137,252.066238571119,259.489639264938,271.925215662372,15.1373087857268,281.85396137822,286.431671716748,302.762432447048,0.0559273610708162,14.9045458057481,13.6855482945723,14.2563103865882,14.4375842957801,14.8035943238584,0.68699331239143,15.0431254849381,15.921708263795,16.7338570923332,0.0460928713524759,29,"3_A_NIC1667_0.0075",NA,NA,NA,NA,NA,"3_A",-183.034213931525,454.959429593897,22.8011769965811,19.9533309031422,5.88828783048315e-46,168.954730350924,-351.988944282449
"20250424-CbDRC2-p040-m2x_C11_roi_0.png",20250424,"CbDRC2","p040","m2x","C11",0,246.600700723832,16.6808701996886,"","48h",10,"15hHB101","DMSO",1,"IVERMECTIN",0.015,NA,NA,"NIC1667","3_A",NA,NA,NA,257.969781572964,218.833748259851,239.70740303034,246.395517942182,256.703945181719,17.1637202916596,267.966713563117,278.954651029882,295.447785878578,0.0665338404638102,14.6901702638965,12.221044625925,13.7193971411662,14.19005306636,14.5785819119829,0.979888051775851,14.9372410744762,16.2103918707717,17.0426108767291,0.0667036551771006,41,"3_A_NIC1667_0.015",NA,NA,NA,NA,NA,"3_A",-198.255484412178,454.959429593897,22.8011769965811,19.9533309031422,5.88828783048315e-46,168.954730350924,-367.210214763102
"20250424-CbDRC2-p040-m2x_C12_roi_1.png",20250424,"CbDRC2","p040","m2x","C12",1,249.847033477888,14.2570635411289,"","48h",10,"15hHB101","DMSO",1,"IVERMECTIN",0.03,NA,NA,"NIC1667","3_A",NA,NA,NA,239.855374110705,132.249015685483,210.898911668676,224.008953844822,248.472895709907,29.5688985857121,258.789855715598,268.17333524099,287.053866506063,0.123278032419922,14.9521590680307,11.9482665348387,13.6101283609292,14.1100679376566,14.6211033849304,1.46605968977919,15.4356048741895,16.3192259404998,18.7865269750002,0.0980500329824462,37,"3_A_NIC1667_0.03",NA,NA,NA,NA,NA,"3_A",-206.486533883991,454.959429593897,22.8011769965811,19.9533309031422,5.88828783048315e-46,168.954730350924,-375.441264234915
"20250424-CbDRC2-p040-m2x_D01_roi_0.png",20250424,"CbDRC2","p040","m2x","D01",0,753.60102143714,36.8259808046163,"","48h",10,"15hHB101","DMSO",1,"IVERMECTIN",0,NA,NA,"VX34","3_A",NA,NA,NA,729.795648597985,576.883888720048,679.549830147213,710.426813640664,738.979004062355,53.2632988787626,755.845493853342,770.603715770814,914.285034314573,0.0729838537419167,37.2514939534479,22.8217641341179,34.8297067936307,35.9871325835273,37.4430897137995,3.17660495048365,39.052389521117,40.1085478125642,43.3618681413713,0.0852745652148437,43,"3_A_VX34_0",NA,NA,NA,NA,NA,"3_A",244.242380088457,494.736623973898,31.0634991733245,15.9266224713907,9.46799627912495e-35,239.366746355374,4.87563373308359
"20250424-CbDRC2-p040-m2x_D02_roi_0.png",20250424,"CbDRC2","p040","m2x","D02",0,753.134822289234,36.186490174138,"","48h",10,"15hHB101","DMSO",1,"IVERMECTIN",2.9e-05,NA,NA,"VX34","3_A",NA,NA,NA,719.169137912511,487.52131804844,670.983398159171,693.560016241517,713.754271499511,62.7869371332743,751.013499052501,790.311765400401,860.812652138875,0.0873048269500582,37.7157532603155,30.2904449865386,35.1322849347462,36.7111775210308,37.932025418524,2.82367028252822,38.9204136476085,40.2092737508941,43.7740844929393,0.0748671321248485,35,"3_A_VX34_2.9e-05",NA,NA,NA,NA,NA,"3_A",219.017647525613,494.736623973898,31.0634991733245,15.9266224713907,9.46799627912495e-35,239.366746355374,-20.3490988297606
"20250424-CbDRC2-p040-m2x_D03_roi_0.png",20250424,"CbDRC2","p040","m2x","D03",0,577.757110118297,41.1353261105219,"","48h",10,"15hHB101","DMSO",1,"IVERMECTIN",5.8e-05,NA,NA,"VX34","3_A",NA,NA,NA,708.508033237346,289.190734581099,633.856569116155,695.825461031696,717.361999678597,82.9662920459499,752.821188287976,778.290975175762,843.522385179282,0.117100001910856,37.4655143445603,19.7935922872995,34.5890507089904,36.6547273084391,37.5453895280367,3.85296166707464,38.5249731780842,40.428548314293,52.0482644389966,0.102840218117386,47,"3_A_VX34_5.8e-05",NA,NA,NA,NA,NA,"3_A",222.625375704699,494.736623973898,31.0634991733245,15.9266224713907,9.46799627912495e-35,239.366746355374,-16.7413706506745
"20250424-CbDRC2-p040-m2x_D04_roi_0.png",20250424,"CbDRC2","p040","m2x","D04",0,787.559951048904,36.6949931483614,"","48h",10,"15hHB101","DMSO",1,"IVERMECTIN",0.00011,NA,NA,"VX34","3_A",NA,NA,NA,740.137051597514,284.689220180579,675.03349480103,717.666538855654,733.499223917087,108.593075233851,778.26731744563,803.812260919856,1233.03358357406,0.146720225665589,36.8799850171026,21.2976954086567,33.4150521689204,35.321918057027,37.3869370005849,4.62744813938885,38.4336710374628,39.1374064488875,59.0688578061496,0.125473156706624,47,"3_A_VX34_0.00011",NA,NA,NA,NA,NA,"3_A",238.762599943189,494.736623973898,31.0634991733245,15.9266224713907,9.46799627912495e-35,239.366746355374,-0.604146412184434
"20250424-CbDRC2-p040-m2x_D05_roi_0.png",20250424,"CbDRC2","p040","m2x","D05",0,717.782800079412,38.1570213035143,"","48h",10,"15hHB101","DMSO",1,"IVERMECTIN",0.00023,NA,NA,"VX34","3_A",NA,NA,NA,652.8099074107,163.616203955562,507.569834479332,606.54416435005,694.001764640192,132.354383532753,728.206658562281,759.723591857736,813.679355180512,0.202745672255071,35.7534420773303,14.560950287551,30.5241020101089,35.0993369937241,36.9298208922416,4.80403191277727,38.0803818785455,38.9901778435161,46.5215898782922,0.134365578071805,42,"3_A_VX34_0.00023",NA,NA,NA,NA,NA,"3_A",199.265140666294,494.736623973898,31.0634991733245,15.9266224713907,9.46799627912495e-35,239.366746355374,-40.10160568908
"20250424-CbDRC2-p040-m2x_D06_roi_0.png",20250424,"CbDRC2","p040","m2x","D06",0,740.756348734447,37.6150174786978,"","48h",10,"15hHB101","DMSO",1,"IVERMECTIN",0.00046,NA,NA,"VX34","3_A",NA,NA,NA,647.88099794359,323.329428884304,546.424947319414,599.270474353872,651.652137932149,118.040009221703,681.297356359422,726.980603382513,1068.28358489696,0.182193967096378,30.2893405160584,19.0342439330639,22.2826426726538,28.0972426449536,30.1573926032961,5.22535727007297,34.1140992412393,36.3334806973807,41.7475287803172,0.172514725677261,39,"3_A_VX34_0.00046",NA,NA,NA,NA,NA,"3_A",156.915513958251,494.736623973898,31.0634991733245,15.9266224713907,9.46799627912495e-35,239.366746355374,-82.4512323971227
"20250424-CbDRC2-p040-m2x_D07_roi_0.png",20250424,"CbDRC2","p040","m2x","D07",0,591.002084817831,14.0810648342693,"","48h",10,"15hHB101","DMSO",1,"IVERMECTIN",0.00093,NA,NA,"VX34","3_A",NA,NA,NA,420.054138947212,276.583178219525,323.954866940061,362.430558120017,397.410335391742,94.5155957978735,476.661837627678,572.565018772211,648.08619055002,0.225008128796824,19.4970674818484,10.2899990430244,14.3492295143522,17.7639934175184,18.8144447115884,4.2549432681102,21.1013276020134,25.2197545118388,28.948943842352,0.218235038272885,37,"3_A_VX34_0.00093",NA,NA,NA,NA,NA,"3_A",-97.3262885821559,494.736623973898,31.0634991733245,15.9266224713907,9.46799627912495e-35,239.366746355374,-336.69303493753
"20250424-CbDRC2-p040-m2x_D08_roi_1.png",20250424,"CbDRC2","p040","m2x","D08",1,299.566223966573,15.0215479442166,"","48h",10,"15hHB101","DMSO",1,"IVERMECTIN",0.0018,NA,NA,"VX34","3_A",NA,NA,NA,298.62833613123,184.654359970531,255.447594581791,270.092458764009,289.713255389425,65.9054808745324,314.982570973078,339.980207172723,599.81436327471,0.220693996183841,16.4472949406687,8.34746045868637,14.2621455911723,15.4626213321843,16.48054160722,2.10719977035488,17.3800911728767,18.5609493025669,22.1609059271852,0.128118318419917,46,"3_A_VX34_0.0018",NA,NA,NA,NA,NA,"3_A",-205.023368584473,494.736623973898,31.0634991733245,15.9266224713907,9.46799627912495e-35,239.366746355374,-444.390114939846
"20250424-CbDRC2-p040-m2x_D09_roi_0.png",20250424,"CbDRC2","p040","m2x","D09",0,271.664814753665,15.4505502662308,"","48h",10,"15hHB101","DMSO",1,"IVERMECTIN",0.0037,NA,NA,"VX34","3_A",NA,NA,NA,272.144945638132,243.245407314716,247.048094114275,254.713095063495,271.343163148067,19.7441021424148,286.093818461549,296.981511204755,316.429196980946,0.072549949792815,15.608136963202,13.2522635149522,14.3014230512391,15.125017253533,15.4492958081242,1.08225022213821,16.0291471160376,16.7708545245868,19.4364650374866,0.0693388470827584,46,"3_A_VX34_0.0037",NA,NA,NA,NA,NA,"3_A",-223.393460825831,494.736623973898,31.0634991733245,15.9266224713907,9.46799627912495e-35,239.366746355374,-462.760207181204
"20250424-CbDRC2-p040-m2x_D10_roi_1.png",20250424,"CbDRC2","p040","m2x","D10",1,254.058366200578,15.4298816275845,"","48h",10,"15hHB101","DMSO",1,"IVERMECTIN",0.0075,NA,NA,"VX34","3_A",NA,NA,NA,256.999555356975,218.550505961909,234.714504551909,245.030619428038,259.079972391113,17.0965471882956,263.863784022554,277.658619663687,295.957454407666,0.0665236450100016,15.1334697436039,13.555834612201,14.1575554651127,14.4276060263918,14.9874301550109,1.03443449590172,15.6784645144698,16.5673756810615,17.647857800137,0.0683540862358361,32,"3_A_VX34_0.0075",NA,NA,NA,NA,NA,"3_A",-235.656651582785,494.736623973898,31.0634991733245,15.9266224713907,9.46799627912495e-35,239.366746355374,-475.023397938159
"20250424-CbDRC2-p040-m2x_D11_roi_0.png",20250424,"CbDRC2","p040","m2x","D11",0,249.449661503339,14.7236037635598,"","48h",10,"15hHB101","DMSO",1,"IVERMECTIN",0.015,NA,NA,"VX34","3_A",NA,NA,NA,242.756850074861,142.78675257177,216.867158786599,236.928099743337,245.340799380871,23.6531333456298,255.264464381073,266.081471145222,278.773818929591,0.097435492915383,14.848838931013,11.8898998644919,13.8054420131837,14.455941409859,14.9207585709433,0.842313840151956,15.3532209072294,15.8181392612373,16.3411641088516,0.0567259059152913,41,"3_A_VX34_0.015",NA,NA,NA,NA,NA,"3_A",-249.395824593027,494.736623973898,31.0634991733245,15.9266224713907,9.46799627912495e-35,239.366746355374,-488.762570948401
"20250424-CbDRC2-p040-m2x_D12_roi_0.png",20250424,"CbDRC2","p040","m2x","D12",0,256.617844890188,15.5503907461406,"","48h",10,"15hHB101","DMSO",1,"IVERMECTIN",0.03,NA,NA,"VX34","3_A",NA,NA,NA,259.298915339557,208.99505270558,216.751711233337,233.004180574693,252.674949425623,51.5580120298113,266.757645302896,273.422023061382,480.585432705565,0.198836204009164,15.1596355985526,13.7965959112866,14.2319111144943,14.5482715232142,14.7361743068792,1.53098479248617,15.1859180493411,15.5234208164522,21.7938753773891,0.100990870297195,33,"3_A_VX34_0.03",NA,NA,NA,NA,NA,"3_A",-242.061674548275,494.736623973898,31.0634991733245,15.9266224713907,9.46799627912495e-35,239.366746355374,-481.428420903649
"20250424-CbDRC2-p040-m2x_E01_roi_0.png",20250424,"CbDRC2","p040","m2x","E01",0,663.727579219724,25.5830107508388,"","48h",10,"15hHB101","DMSO",1,"IVERMECTIN",0,NA,NA,"ECA2666","3_A",NA,NA,NA,608.612217436703,383.873712332219,536.56432597189,572.224216440073,591.267987392021,75.7334437914151,663.727579219724,681.862525954433,833.261667192477,0.124436285736067,28.2598211212018,21.6338713196834,24.0552022461951,25.3605016922873,28.4096852366011,3.60657065459618,30.4848235709343,32.5006197436741,37.8078774610866,0.127621850086318,45,"3_A_ECA2666_0",NA,NA,NA,NA,NA,"3_A",169.653398456605,421.614588935416,22.7760643635003,18.5113012593638,5.09787153788909e-42,208.851864384434,-39.1984659278289
"20250424-CbDRC2-p040-m2x_E02_roi_0.png",20250424,"CbDRC2","p040","m2x","E02",0,593.383882303174,29.8941723104484,"","48h",10,"15hHB101","DMSO",1,"IVERMECTIN",2.9e-05,NA,NA,"ECA2666","3_A",NA,NA,NA,585.567227625251,118.218060680703,510.633399803362,543.519094086626,592.511879832774,106.50301553428,652.098601260754,678.965678221194,728.234175382885,0.181880082268605,28.1212209292921,19.5978868136161,23.9355825717168,24.8661935160413,27.2176048956324,4.79094085535788,30.3441516311229,33.6464135803727,46.3738020590798,0.170367455502882,40,"3_A_ECA2666_2.9e-05",NA,NA,NA,NA,NA,"3_A",170.897290897358,421.614588935416,22.7760643635003,18.5113012593638,5.09787153788909e-42,208.851864384434,-37.9545734870758
"20250424-CbDRC2-p040-m2x_E03_roi_0.png",20250424,"CbDRC2","p040","m2x","E03",0,630.510601196095,26.7357585489324,"","48h",10,"15hHB101","DMSO",1,"IVERMECTIN",5.8e-05,NA,NA,"ECA2666","3_A",NA,NA,NA,589.871395323262,146.332592684916,532.770498026674,556.388520019483,577.226196962149,138.568506233178,630.510601196095,704.493603478681,1093.09626698578,0.234913079921836,26.1930308642353,12.399979988481,21.6089030652736,23.2506423596587,27.0309410817266,5.06766200333502,29.6862402687406,30.4266861009526,34.1573953280866,0.19347367739159,41,"3_A_ECA2666_5.8e-05",NA,NA,NA,NA,NA,"3_A",155.611608026733,421.614588935416,22.7760643635003,18.5113012593638,5.09787153788909e-42,208.851864384434,-53.2402563577006
"20250424-CbDRC2-p040-m2x_E04_roi_0.png",20250424,"CbDRC2","p040","m2x","E04",0,704.245555851124,33.8908496438008,"","48h",10,"15hHB101","DMSO",1,"IVERMECTIN",0.00011,NA,NA,"ECA2666","3_A",NA,NA,NA,586.254486103638,385.173968767394,497.171323728326,558.617007993956,580.076893726202,83.3342348447651,611.354769639905,691.568838287577,890.428868139436,0.142146860825954,26.6279091785105,14.9037767868541,22.4231653089488,23.8551635622608,26.3504105296419,4.13814050438066,29.2945331178087,31.0648727680526,37.5205809294627,0.155406137096196,45,"3_A_ECA2666_0.00011",NA,NA,NA,NA,NA,"3_A",158.462304790787,421.614588935416,22.7760643635003,18.5113012593638,5.09787153788909e-42,208.851864384434,-50.3895595936473
"20250424-CbDRC2-p040-m2x_E05_roi_0.png",20250424,"CbDRC2","p040","m2x","E05",0,567.565474459337,28.1408933435529,"","48h",10,"15hHB101","DMSO",1,"IVERMECTIN",0.00023,NA,NA,"ECA2666","3_A",NA,NA,NA,543.786835160274,361.047129734953,469.488448060575,517.548933421132,549.423225279104,72.0412145513548,583.281109781541,631.932972273084,670.437718648855,0.13248061536856,25.673439023546,18.3607643734806,20.6618801721444,22.6670131606255,25.4916858093399,4.54147766829223,27.0716180063012,29.1371667466506,41.8224752391062,0.176894013463762,38,"3_A_ECA2666_0.00023",NA,NA,NA,NA,NA,"3_A",127.808636343688,421.614588935416,22.7760643635003,18.5113012593638,5.09787153788909e-42,208.851864384434,-81.0432280407457
"20250424-CbDRC2-p040-m2x_E06_roi_0.png",20250424,"CbDRC2","p040","m2x","E06",0,489.485583977321,23.9600355699393,"","48h",10,"15hHB101","DMSO",1,"IVERMECTIN",0.00046,NA,NA,"ECA2666","3_A",NA,NA,NA,465.468631871636,250.548673414283,375.008548333149,433.295962699993,483.846145523749,66.1005036989345,506.901898083968,532.380926853813,549.30244635161,0.142008503200627,21.7443971182357,17.8845750256214,18.8011665891318,19.4314923707193,21.4949981741839,2.66397196338795,23.9176263067727,24.821380511054,27.9628325673065,0.122513029397989,34,"3_A_ECA2666_0.00046",NA,NA,NA,NA,NA,"3_A",62.231556588333,421.614588935416,22.7760643635003,18.5113012593638,5.09787153788909e-42,208.851864384434,-146.620307796101
"20250424-CbDRC2-p040-m2x_E07_roi_0.png",20250424,"CbDRC2","p040","m2x","E07",0,420.711340867644,20.2881670069656,"","48h",10,"15hHB101","DMSO",1,"IVERMECTIN",0.00093,NA,NA,"ECA2666","3_A",NA,NA,NA,381.572033734526,288.682493005214,320.572364895363,369.078963547247,392.724669820055,37.7648966888597,406.487598399129,417.715799875647,438.226023690968,0.0989718673018216,18.4182829984582,15.2177768782179,15.6590642743561,17.4649720829891,18.5195587334121,1.72989955791291,19.7243759543079,20.7758470534502,21.1586265045837,0.093922954602105,34,"3_A_ECA2666_0.00093",NA,NA,NA,NA,NA,"3_A",-28.8899191153608,421.614588935416,22.7760643635003,18.5113012593638,5.09787153788909e-42,208.851864384434,-237.741783499795
"20250424-CbDRC2-p040-m2x_E08_roi_4.png",20250424,"CbDRC2","p040","m2x","E08",4,302.048319010939,21.1556895001822,"","48h",10,"15hHB101","DMSO",1,"IVERMECTIN",0.0018,NA,NA,"ECA2666","3_A",NA,NA,NA,308.174272551581,272.385208464188,278.317830573538,287.216763737563,302.048319010939,39.2125816402861,326.068804595278,340.481095945881,350.089290179617,0.127241580926334,19.2760739144069,17.2870282795472,17.706723416336,18.3362661215192,19.3855039634912,1.93665074593827,20.2705967318367,20.801652392844,21.1556895001822,0.100469149191778,3,"3_A_ECA2666_0.0018",NA,"n<5",NA,NA,NA,"3_A",-119.566269924477,421.614588935416,22.7760643635003,18.5113012593638,5.09787153788909e-42,208.851864384434,-328.418134308911
"20250424-CbDRC2-p040-m2x_E09_roi_0.png",20250424,"CbDRC2","p040","m2x","E09",0,274.137260452964,14.3794846651185,"","48h",10,"15hHB101","DMSO",1,"IVERMECTIN",0.0037,NA,NA,"ECA2666","3_A",NA,NA,NA,262.672301312979,107.363138838251,233.189940916434,255.690796222101,271.456517987762,40.5309779971106,283.769551378457,296.003913513811,309.16521354974,0.154302443746504,15.6204200951238,14.0633043001108,14.3291792269189,14.542419798383,15.3914526668271,1.3007188780097,16.16353278394,17.4376600318153,19.0972637514988,0.0832704159099886,24,"3_A_ECA2666_0.0037",NA,NA,NA,NA,NA,"3_A",-150.158070947654,421.614588935416,22.7760643635003,18.5113012593638,5.09787153788909e-42,208.851864384434,-359.009935332087
"20250424-CbDRC2-p040-m2x_E10_roi_0.png",20250424,"CbDRC2","p040","m2x","E10",0,227.533037975674,13.1161342165327,"","48h",10,"15hHB101","DMSO",1,"IVERMECTIN",0.0075,NA,NA,"ECA2666","3_A",NA,NA,NA,243.536540732137,218.55886373283,226.786192668431,230.097948502825,239.977488881943,16.3153985065719,254.98274360618,265.053523609667,274.955067367871,0.0669936365915495,14.3153909207983,12.8761594469215,13.261187438694,13.7475990084006,14.3772400648386,0.852360205484987,14.6898357287116,15.443282427025,16.4405692842727,0.0595415249363974,27,"3_A_ECA2666_0.0075",NA,NA,NA,NA,NA,"3_A",-181.637100053473,421.614588935416,22.7760643635003,18.5113012593638,5.09787153788909e-42,208.851864384434,-390.488964437907
"20250424-CbDRC2-p040-m2x_E11_roi_0.png",20250424,"CbDRC2","p040","m2x","E11",0,234.273912689743,14.028797750736,"","48h",10,"15hHB101","DMSO",1,"IVERMECTIN",0.015,NA,NA,"ECA2666","3_A",NA,NA,NA,231.115661696831,112.1180261738,206.418508636119,219.906324011563,234.273912689743,32.0461788915018,252.158363488804,262.857414935569,268.473276173459,0.138658620779836,14.4613679985887,12.6880256164647,13.4860602333962,13.7654563053491,14.0714481688496,1.34699796058856,14.8085429517225,15.9088196104816,19.7234120031839,0.093144573924128,27,"3_A_ECA2666_0.015",NA,NA,NA,NA,NA,"3_A",-187.340676245672,421.614588935416,22.7760643635003,18.5113012593638,5.09787153788909e-42,208.851864384434,-396.192540630106
"20250424-CbDRC2-p040-m2x_E12_roi_0.png",20250424,"CbDRC2","p040","m2x","E12",0,231.695852628543,13.9989333391954,"","48h",10,"15hHB101","DMSO",1,"IVERMECTIN",0.03,NA,NA,"ECA2666","3_A",NA,NA,NA,227.896237395933,152.058067484304,214.515941360383,224.392137192739,230.854470171262,21.1102476183994,238.283331674444,245.020078327644,263.151941668364,0.092630961614885,14.308773610719,13.2431958581718,13.4320309701594,13.8224332405564,14.0828198984,1.16557893383171,14.4143039618229,14.88286029246,20.089577922615,0.0814590380379313,32,"3_A_ECA2666_0.03",NA,NA,NA,NA,NA,"3_A",-190.760118764154,421.614588935416,22.7760643635003,18.5113012593638,5.09787153788909e-42,208.851864384434,-399.611983148587
"20250424-CbDRC2-p040-m2x_F01_roi_0.png",20250424,"CbDRC2","p040","m2x","F01",0,696.581780887059,36.7982197280046,"","48h",10,"15hHB101","DMSO",1,"IVERMECTIN",0,NA,NA,"ED3102","3_A",NA,NA,NA,681.888304713912,307.63125673312,620.860022190497,658.539409822608,685.6368899782,112.338816556276,701.871954303828,718.038619705427,1305.30988368672,0.164746653930965,34.6605837754312,17.6083903913608,31.7928723974589,34.8186018111327,35.5879982550629,4.20432273096378,36.6005138143255,37.0718196324627,41.6546377653317,0.121299824555868,50,"3_A_ED3102_0",NA,NA,NA,NA,NA,"3_A",222.087263253449,463.549626724751,27.2332814868386,17.0214385272952,4.46313528048551e-38,224.962051368695,-2.87478811524537
"20250424-CbDRC2-p040-m2x_F02_roi_0.png",20250424,"CbDRC2","p040","m2x","F02",0,650.153449794552,35.1113870268293,"","48h",10,"15hHB101","DMSO",1,"IVERMECTIN",2.9e-05,NA,NA,"ED3102","3_A",NA,NA,NA,684.66306392226,501.064791465192,646.008409623663,666.441636393095,683.594814426191,41.5816836448211,712.179511987232,724.289156898535,765.459211476034,0.0607330610280191,34.8102510243262,19.1093789533605,31.9548451126698,34.0961927508139,35.2118401690831,3.24938844587907,36.6589853473338,37.4603472994838,38.6640008335644,0.0933457343817578,43,"3_A_ED3102_2.9e-05",NA,NA,NA,NA,NA,"3_A",220.04518770144,463.549626724751,27.2332814868386,17.0214385272952,4.46313528048551e-38,224.962051368695,-4.91686366725438
"20250424-CbDRC2-p040-m2x_F03_roi_0.png",20250424,"CbDRC2","p040","m2x","F03",0,682.641074569137,35.0810577432034,"","48h",10,"15hHB101","DMSO",1,"IVERMECTIN",5.8e-05,NA,NA,"ED3102","3_A",NA,NA,NA,663.323409905935,151.474016830303,620.673812144678,659.484481251971,682.641074569137,83.9662949190252,696.956241674961,711.680062685313,747.799616986797,0.126584247842138,34.3320017798449,21.1200179120741,32.4798667314256,33.6169192305418,34.6381983949616,2.83678025285987,35.7944350180605,36.8747905536656,38.5424323153765,0.0826278721249877,53,"3_A_ED3102_5.8e-05",NA,NA,NA,"outlier","outlier","3_A",219.091447844386,463.549626724751,27.2332814868386,17.0214385272952,4.46313528048551e-38,224.962051368695,-5.87060352430868
"20250424-CbDRC2-p040-m2x_F04_roi_0.png",20250424,"CbDRC2","p040","m2x","F04",0,699.509105083235,35.0570506971932,"","48h",10,"15hHB101","DMSO",1,"IVERMECTIN",0.00011,NA,NA,"ED3102","3_A",NA,NA,NA,664.529928102662,460.425483626566,615.066359441155,647.513118959528,672.372937986028,49.3325349712551,688.859157243223,714.794628186192,759.336029908731,0.0742367392121937,33.5038934547383,23.2689172797876,30.9061597956614,32.1300443326656,34.1867854330617,2.66472798838129,35.0412962523359,36.409850743126,37.4806186175307,0.0795348753117655,47,"3_A_ED3102_0.00011",NA,NA,NA,NA,NA,"3_A",208.823311261277,463.549626724751,27.2332814868386,17.0214385272952,4.46313528048551e-38,224.962051368695,-16.1387401074177
"20250424-CbDRC2-p040-m2x_F05_roi_0.png",20250424,"CbDRC2","p040","m2x","F05",0,642.096310277953,31.1284656084235,"","48h",10,"15hHB101","DMSO",1,"IVERMECTIN",0.00023,NA,NA,"ED3102","3_A",NA,NA,NA,638.937533564824,35.4269885869383,565.958061095709,614.303508840725,639.161874617639,119.64612804166,670.420166668421,692.428568317937,1058.16886296893,0.18725794268826,34.0102775066889,15.3042576965183,24.8933978985139,28.7629908628053,31.41341580958,29.8780725759958,33.1314344533235,34.729367833481,257.188522605329,0.878501287445233,59,"3_A_ED3102_0.00023",NA,NA,NA,NA,NA,"3_A",175.612247892889,463.549626724751,27.2332814868386,17.0214385272952,4.46313528048551e-38,224.962051368695,-49.3498034758058
"20250424-CbDRC2-p040-m2x_F06_roi_0.png",20250424,"CbDRC2","p040","m2x","F06",0,549.919267539506,26.7161428259771,"","48h",10,"15hHB101","DMSO",1,"IVERMECTIN",0.00046,NA,NA,"ED3102","3_A",NA,NA,NA,482.506305761736,14.5206771771024,407.207389395239,457.847784047513,484.084187300071,107.317170645443,544.164998327134,567.816743628644,684.105188010146,0.222416099777227,33.5822690356431,15.8833407103443,19.9451616910325,20.9544798744012,23.5532355989108,63.7089866409338,26.2482957890088,29.9730455132956,435.903914068507,1.89710190735817,42,"3_A_ED3102_0.00046",NA,NA,NA,NA,NA,"3_A",20.5345605753202,463.549626724751,27.2332814868386,17.0214385272952,4.46313528048551e-38,224.962051368695,-204.427490793375
"20250424-CbDRC2-p040-m2x_F07_roi_0.png",20250424,"CbDRC2","p040","m2x","F07",0,357.513272792792,18.7548650018311,"","48h",10,"15hHB101","DMSO",1,"IVERMECTIN",0.00093,NA,NA,"ED3102","3_A",NA,NA,NA,350.246016141646,179.384484388562,285.65301528212,341.348271893692,365.94047650106,53.9181422067174,380.950998664226,394.5937492379,430.735308615687,0.153943627398496,18.0898812197185,15.3417670156553,16.6831087055653,17.3128117401731,18.1568555724403,1.14765096105815,18.8920331795487,19.408031936371,20.4387175873657,0.0634415973835788,47,"3_A_ED3102_0.00093",NA,NA,NA,NA,NA,"3_A",-97.6091502236904,463.549626724751,27.2332814868386,17.0214385272952,4.46313528048551e-38,224.962051368695,-322.571201592385
"20250424-CbDRC2-p040-m2x_F08_roi_0.png",20250424,"CbDRC2","p040","m2x","F08",0,338.461972257027,16.8300689006464,"","48h",10,"15hHB101","DMSO",1,"IVERMECTIN",0.0018,NA,NA,"ED3102","3_A",NA,NA,NA,297.432122297962,232.53060174949,269.890458046759,282.403485454386,298.194696352612,24.74214597541,310.493193149904,326.469770526396,358.375331611251,0.0831858569419203,16.3680566587838,14.8587415948162,15.2692159771005,15.8877485480449,16.4249415072168,0.739929370576925,16.9758451529882,17.303649962782,17.7828326127401,0.0452056946039373,43,"3_A_ED3102_0.0018",NA,NA,NA,NA,NA,"3_A",-165.354930372139,463.549626724751,27.2332814868386,17.0214385272952,4.46313528048551e-38,224.962051368695,-390.316981740834
"20250424-CbDRC2-p040-m2x_F09_roi_0.png",20250424,"CbDRC2","p040","m2x","F09",0,179.921433714072,17.0475571464932,"","48h",10,"15hHB101","DMSO",1,"IVERMECTIN",0.0037,NA,NA,"ED3102","3_A",NA,NA,NA,265.702436272001,179.921433714072,232.515186606957,252.029898967539,267.468514759369,27.1799266227689,282.886831986271,298.454900179514,308.59657049305,0.102294608224611,15.665624823147,13.6492050604509,14.5558083131373,14.9632025003655,15.6822474463066,0.934028629602404,16.356009459323,16.6500360097416,18.0863400394114,0.0596228136539001,47,"3_A_ED3102_0.0037",NA,NA,NA,NA,NA,"3_A",-196.081111965382,463.549626724751,27.2332814868386,17.0214385272952,4.46313528048551e-38,224.962051368695,-421.043163334077
"20250424-CbDRC2-p040-m2x_F10_roi_0.png",20250424,"CbDRC2","p040","m2x","F10",0,227.353399344169,17.2990255717889,"","48h",10,"15hHB101","DMSO",1,"IVERMECTIN",0.0075,NA,NA,"ED3102","3_A",NA,NA,NA,242.673284862339,137.611886759954,219.120420240369,227.214549370049,245.24583085661,28.7148969096766,261.883439306998,272.111830042443,296.392490873969,0.118327392015836,15.3295278476269,13.2088278556124,14.1854683936094,14.755913704747,15.0850532176118,1.13824153457104,15.8817041377005,16.7850519415527,18.6568840170544,0.0742515715999206,40,"3_A_ED3102_0.0075",NA,NA,NA,NA,NA,"3_A",-218.30379586814,463.549626724751,27.2332814868386,17.0214385272952,4.46313528048551e-38,224.962051368695,-443.265847236835
"20250424-CbDRC2-p040-m2x_F11_roi_1.png",20250424,"CbDRC2","p040","m2x","F11",1,257.806435555357,15.1748972491266,"","48h",10,"15hHB101","DMSO",1,"IVERMECTIN",0.015,NA,NA,"ED3102","3_A",NA,NA,NA,242.282766997119,204.108587685231,215.649351714089,224.560305989183,245.733564872554,20.153603863655,259.663230528257,262.908013963229,278.559055902932,0.0831821598929266,15.2505941682802,13.531345013062,14.3555642137458,14.805871911388,15.1766472234539,0.827985054575064,15.5928119131735,16.0940099451479,17.6141836173247,0.0542919866228683,33,"3_A_ED3102_0.015",NA,NA,NA,NA,NA,"3_A",-217.816061852197,463.549626724751,27.2332814868386,17.0214385272952,4.46313528048551e-38,224.962051368695,-442.778113220892
"20250424-CbDRC2-p040-m2x_F12_roi_0.png",20250424,"CbDRC2","p040","m2x","F12",0,229.287429555219,14.4378032685216,"","48h",10,"15hHB101","DMSO",1,"IVERMECTIN",0.03,NA,NA,"ED3102","3_A",NA,NA,NA,238.58171036111,180.480632958043,219.599851090087,228.921032383925,238.05251342141,20.0023605271616,250.678833123928,259.894705625438,283.484209418393,0.0838386165347152,15.131580230818,14.1262862809236,14.4108352697098,14.624553979074,15.100946019349,0.604788036324763,15.6015231944172,15.8861928245873,16.5375584342322,0.039968597271355,46,"3_A_ED3102_0.03",NA,NA,NA,NA,NA,"3_A",-225.49711330334,463.549626724751,27.2332814868386,17.0214385272952,4.46313528048551e-38,224.962051368695,-450.459164672035
"20250424-CbDRC2-p041-m2x_A01_roi_0.png",20250424,"CbDRC2","p041","m2x","A01",0,880.111743440172,38.5643350525107,"","48h",10,"15hHB101","DMSO",1,"IVERMECTIN",0,NA,NA,"VX34","1_N",NA,NA,NA,712.809292154417,143.066903375175,643.152741531117,687.550761966174,764.058782118642,163.303035264861,793.912124049847,839.991250865983,880.111743440172,0.229097792442195,36.541938502682,14.16496239095,32.6804951454194,36.7266073602188,37.6123248208467,5.71389621105596,39.1142650620356,40.9238132485829,42.8847213381841,0.156365437773275,41,"1_N_VX34_0",NA,NA,NA,NA,NA,"1_N",263.368766434657,500.690015683985,30.5037506382767,16.4140476238915,4.75390497503238e-36,239.366746355374,24.0020200792829
"20250424-CbDRC2-p041-m2x_A02_roi_0.png",20250424,"CbDRC2","p041","m2x","A02",0,772.453348608399,39.1726890550682,"","48h",10,"15hHB101","DMSO",1,"IVERMECTIN",2.9e-05,NA,NA,"VX34","1_N",NA,NA,NA,764.344101764678,684.835746519764,704.885178395968,740.311999907771,766.989216559618,40.607358937864,791.668804865326,818.696816344718,849.818843744585,0.0531270652106975,38.0368763596661,33.9471214613686,36.4428326831591,37.1805155522571,38.0204292723669,1.65232396674542,39.1701231839387,39.8058317203976,41.2054519011557,0.0434400540970163,34,"1_N_VX34_2.9e-05",NA,NA,NA,NA,NA,"1_N",266.299200875633,500.690015683985,30.5037506382767,16.4140476238915,4.75390497503238e-36,239.366746355374,26.932454520259
"20250424-CbDRC2-p041-m2x_A03_roi_0.png",20250424,"CbDRC2","p041","m2x","A03",0,737.317185106953,39.5257452488868,"","48h",10,"15hHB101","DMSO",1,"IVERMECTIN",5.8e-05,NA,NA,"VX34","1_N",NA,NA,NA,750.428284730588,610.565740906573,680.40819316283,698.312837885523,751.537082093902,61.1236460364984,799.323892920679,812.607718359607,886.191719018434,0.0814516820330706,37.1647683621093,27.6304804838587,32.7679517162534,36.374964812077,37.8477570053657,2.94025354634674,38.8726468853128,39.5837259980312,41.7410364144061,0.0791140016721971,43,"1_N_VX34_5.8e-05",NA,NA,NA,NA,NA,"1_N",250.847066409916,500.690015683985,30.5037506382767,16.4140476238915,4.75390497503238e-36,239.366746355374,11.4803200545426
"20250424-CbDRC2-p041-m2x_A04_roi_0.png",20250424,"CbDRC2","p041","m2x","A04",0,779.226428634425,39.2276494763128,"","48h",10,"15hHB101","DMSO",1,"IVERMECTIN",0.00011,NA,NA,"VX34","1_N",NA,NA,NA,761.741728861548,659.206565242225,708.670500554414,733.168941782073,764.545707850382,42.3864410178415,790.295511463719,810.557952903197,852.764221651351,0.0556441106110724,37.0576264162889,30.7053339819449,34.3229312010515,36.1462219128533,36.8840662021196,2.12379840010066,39.0026548265088,39.4878175182601,40.2035547183773,0.0573106970274581,46,"1_N_VX34_0.00011",NA,NA,NA,NA,NA,"1_N",263.855692166397,500.690015683985,30.5037506382767,16.4140476238915,4.75390497503238e-36,239.366746355374,24.4889458110231
"20250424-CbDRC2-p041-m2x_A05_roi_0.png",20250424,"CbDRC2","p041","m2x","A05",0,719.510252001156,34.1008136993695,"","48h",10,"15hHB101","DMSO",1,"IVERMECTIN",0.00023,NA,NA,"VX34","1_N",NA,NA,NA,723.367548109113,442.398222884233,614.571719993749,680.883153547522,727.379982764423,115.426904809957,768.627241628023,796.707997991231,1216.30212310421,0.159568818246939,35.9393959802203,19.4360082597698,30.7980063126896,34.0743956568762,36.6771617146075,5.24158116087221,38.4459899901354,40.2523299223262,50.7489463370451,0.145844998723879,46,"1_N_VX34_0.00023",NA,NA,NA,NA,NA,"1_N",226.689967080438,500.690015683985,30.5037506382767,16.4140476238915,4.75390497503238e-36,239.366746355374,-12.6767792749362
"20250424-CbDRC2-p041-m2x_A06_roi_0.png",20250424,"CbDRC2","p041","m2x","A06",0,735.628836930687,33.308753955401,"","48h",10,"15hHB101","DMSO",1,"IVERMECTIN",0.00046,NA,NA,"VX34","1_N",NA,NA,NA,669.457529204174,427.981327999229,549.275688976827,608.436007393307,675.840409987169,113.570425273506,720.094114940071,751.792915998315,1028.96023921907,0.169645452204435,31.231070256161,16.4275836567909,23.8806919577881,28.821367914979,32.6379729668409,5.66045084646035,35.104383644225,37.1289679726139,38.0252036797239,0.181244216097388,25,"1_N_VX34_0.00046",NA,NA,NA,NA,NA,"1_N",175.150394303184,500.690015683985,30.5037506382767,16.4140476238915,4.75390497503238e-36,239.366746355374,-64.2163520521902
"20250424-CbDRC2-p041-m2x_A07_roi_0.png",20250424,"CbDRC2","p041","m2x","A07",0,425.307459896869,21.8476365237236,"","48h",10,"15hHB101","DMSO",1,"IVERMECTIN",0.00093,NA,NA,"VX34","1_N",NA,NA,NA,384.302116018589,166.536798644136,304.460932390746,344.022308474259,377.967458246416,75.6586574719512,426.733792085598,461.237876269476,564.128869278495,0.1968728620487,18.89488472155,14.1382777619713,15.7452421764934,17.4508462610702,18.2911374736556,3.25119333065945,19.6413064227555,21.6839352875847,34.4147887510397,0.172067381123072,38,"1_N_VX34_0.00093",NA,NA,NA,NA,NA,"1_N",-122.722557437569,500.690015683985,30.5037506382767,16.4140476238915,4.75390497503238e-36,239.366746355374,-362.089303792943
"20250424-CbDRC2-p041-m2x_A08_roi_0.png",20250424,"CbDRC2","p041","m2x","A08",0,278.676616727726,15.1530406714056,"","48h",10,"15hHB101","DMSO",1,"IVERMECTIN",0.0018,NA,NA,"VX34","1_N",NA,NA,NA,276.243787247125,156.116401986415,219.279775324148,270.766653803771,287.23610488966,38.7787611796726,297.505356090679,312.270977208452,321.544962332136,0.140378763142939,16.3483615761641,13.9071057663937,14.5921633419531,15.4719973105838,16.4549375631505,1.42543681826099,17.0496152694852,17.6420592772202,21.3824971757366,0.087191417416365,36,"1_N_VX34_0.0018",NA,NA,NA,NA,NA,"1_N",-213.453910794325,500.690015683985,30.5037506382767,16.4140476238915,4.75390497503238e-36,239.366746355374,-452.820657149699
"20250424-CbDRC2-p041-m2x_A09_roi_0.png",20250424,"CbDRC2","p041","m2x","A09",0,246.485680848907,15.7497550205376,"","48h",10,"15hHB101","DMSO",1,"IVERMECTIN",0.0037,NA,NA,"VX34","1_N",NA,NA,NA,269.995785225987,192.170524655404,244.751763199917,256.059671428139,275.007856058804,24.7091703972602,280.706447534364,300.194490593113,308.081336378081,0.0915168745192768,15.6082092320739,12.4835970708248,14.5579202532868,14.9120677508183,15.5137502450874,1.17856714719731,16.1664755652017,17.3231932950426,18.6048745192157,0.0755094405561545,31,"1_N_VX34_0.0037",NA,NA,NA,NA,NA,"1_N",-225.682159625182,500.690015683985,30.5037506382767,16.4140476238915,4.75390497503238e-36,239.366746355374,-465.048905980555
"20250424-CbDRC2-p041-m2x_A10_roi_0.png",20250424,"CbDRC2","p041","m2x","A10",0,224.320850345908,15.9072092120456,"","48h",10,"15hHB101","DMSO",1,"IVERMECTIN",0.0075,NA,NA,"VX34","1_N",NA,NA,NA,245.136931868448,197.409855560033,227.195942131624,235.451307880037,244.277515690044,17.4366307067561,255.344445775714,268.622069564769,273.65227710872,0.0711301662048763,15.1701421689187,13.9070927218377,13.9839309012128,14.509422494416,14.7901024924769,0.939793796687335,16.1387398619522,16.4006884899899,16.5889431769218,0.0619502300125327,24,"1_N_VX34_0.0075",NA,NA,NA,NA,NA,"1_N",-256.412499993941,500.690015683985,30.5037506382767,16.4140476238915,4.75390497503238e-36,239.366746355374,-495.779246349315
"20250424-CbDRC2-p041-m2x_A11_roi_0.png",20250424,"CbDRC2","p041","m2x","A11",0,272.415913160718,17.5098931671719,"","48h",10,"15hHB101","DMSO",1,"IVERMECTIN",0.015,NA,NA,"VX34","1_N",NA,NA,NA,232.391994803796,171.752189736974,204.535821371864,220.679545033059,231.646626507845,24.0972712492418,247.028468835156,254.436955321723,286.989699639349,0.103692346500948,15.9607463984324,13.2006451950803,13.5233391191906,14.491019067594,15.3074584362286,2.21178508695448,17.4286883594802,19.522794001597,20.763155999037,0.138576544714207,32,"1_N_VX34_0.015",NA,NA,NA,NA,NA,"1_N",-269.043389176141,500.690015683985,30.5037506382767,16.4140476238915,4.75390497503238e-36,239.366746355374,-508.410135531514
"20250424-CbDRC2-p041-m2x_A12_roi_0.png",20250424,"CbDRC2","p041","m2x","A12",0,245.097072199814,14.000932532905,"","48h",10,"15hHB101","DMSO",1,"IVERMECTIN",0.03,NA,NA,"VX34","1_N",NA,NA,NA,249.82750446963,203.566388086372,224.576508422305,237.0296513412,247.479165024571,25.7857402351461,262.963475780365,273.730891611734,297.459981900246,0.103214176877313,15.0547351962222,12.6189106646956,13.2671175497143,14.1477353629483,15.0701521185645,1.54637939935623,15.7629909878909,17.02322086347,17.6632339056079,0.102717143755825,10,"1_N_VX34_0.03",NA,NA,NA,NA,NA,"1_N",-253.210850659415,500.690015683985,30.5037506382767,16.4140476238915,4.75390497503238e-36,239.366746355374,-492.577597014788
"20250424-CbDRC2-p041-m2x_B01_roi_0.png",20250424,"CbDRC2","p041","m2x","B01",0,649.924614210128,37.9227300149237,"","48h",10,"15hHB101","DMSO",1,"IVERMECTIN",0,NA,NA,"JU3237","1_N",NA,NA,NA,594.622029125272,143.298854169335,563.634121252042,624.618094422366,634.130927452814,142.191754034786,647.22944614543,667.505457862363,694.308810325248,0.239129643824262,36.5446429564241,14.2513595970735,32.3626272924262,35.0323360327139,38.079661376273,5.99729477149667,39.6336400996422,41.1545543421231,42.4952549691032,0.164108725282878,20,"1_N_JU3237_0",NA,NA,NA,NA,NA,"1_N",196.008885423502,438.122042029312,25.2646278053809,17.3413218434985,1.71414202456419e-38,185.742269212847,10.2666162106554
"20250424-CbDRC2-p041-m2x_B02_roi_0.png",20250424,"CbDRC2","p041","m2x","B02",0,620.774785980426,40.6655263833423,"","48h",10,"15hHB101","DMSO",1,"IVERMECTIN",2.9e-05,NA,NA,"JU3237","1_N",NA,NA,NA,625.452498667697,522.314201082142,598.252180185359,614.007331349569,634.008857447004,40.4656416853211,647.297683443852,660.197749355279,670.823045316502,0.0646981853482377,36.6014917906307,26.2701646258419,30.1980271301539,35.4799416746043,38.4118887355409,4.66984906251106,39.2348858376436,40.6655263833423,41.5488291908739,0.127586304110874,11,"1_N_JU3237_2.9e-05",NA,NA,NA,NA,NA,"1_N",195.886815417693,438.122042029312,25.2646278053809,17.3413218434985,1.71414202456419e-38,185.742269212847,10.1445462048458
"20250424-CbDRC2-p041-m2x_B04_roi_0.png",20250424,"CbDRC2","p041","m2x","B04",0,665.020016882458,37.3371577064023,"","48h",10,"15hHB101","DMSO",1,"IVERMECTIN",0.00011,NA,NA,"JU3237","1_N",NA,NA,NA,600.322494902722,109.773429209632,562.084752420132,623.342840981682,629.397814581803,126.40564101883,654.283348698871,669.780955780613,687.84797406841,0.210562892598775,33.4271276400348,9.48901738594109,28.6685105690945,32.5716579356481,34.7394636441763,6.86476058508269,37.3509493356992,39.0259263668101,40.0366225957743,0.20536495564342,21,"1_N_JU3237_0.00011",NA,NA,NA,NA,NA,"1_N",191.275772552492,438.122042029312,25.2646278053809,17.3413218434985,1.71414202456419e-38,185.742269212847,5.53350333964497
"20250424-CbDRC2-p041-m2x_B05_roi_0.png",20250424,"CbDRC2","p041","m2x","B05",0,611.666787389008,31.0702604286937,"","48h",10,"15hHB101","DMSO",1,"IVERMECTIN",0.00023,NA,NA,"JU3237","1_N",NA,NA,NA,596.008057248521,390.78140533938,513.134861695922,582.052296209978,602.544010304052,70.4486892953718,636.772205929598,664.13194300943,703.435636624095,0.118200900874728,33.9409193407545,25.5887811162591,31.0702604286937,31.3797276420814,34.0158041531116,3.91582880290611,36.7395355482231,38.3635025823801,42.3302644546513,0.11537191328239,21,"1_N_JU3237_0.00023",NA,NA,NA,NA,NA,"1_N",164.42196827474,438.122042029312,25.2646278053809,17.3413218434985,1.71414202456419e-38,185.742269212847,-21.320300938107
"20250424-CbDRC2-p041-m2x_B06_roi_0.png",20250424,"CbDRC2","p041","m2x","B06",0,607.146150818071,33.5277106984633,"","48h",10,"15hHB101","DMSO",1,"IVERMECTIN",0.00046,NA,NA,"JU3237","1_N",NA,NA,NA,592.821673222613,451.047990418709,489.488402185797,586.539995950606,599.969826077087,61.8373224900448,616.728729842388,656.024872896806,705.863307937133,0.10431015815244,31.8699158438649,22.8197401305353,26.4509699395695,28.8938015487551,32.0198625990828,4.37019170611963,34.9718330390455,36.7453128461692,40.1657479667229,0.137125925513258,25,"1_N_JU3237_0.00046",NA,NA,NA,NA,NA,"1_N",161.847784047775,438.122042029312,25.2646278053809,17.3413218434985,1.71414202456419e-38,185.742269212847,-23.8944851650719
"20250424-CbDRC2-p041-m2x_B07_roi_0.png",20250424,"CbDRC2","p041","m2x","B07",0,379.237291897366,17.7027100645855,"","48h",10,"15hHB101","DMSO",1,"IVERMECTIN",0.00093,NA,NA,"JU3237","1_N",NA,NA,NA,362.579280491745,272.190458493078,337.322365650319,346.655914501694,363.669786519236,33.8310693015921,380.916550679946,397.516267128394,421.711130794813,0.0933066811090502,17.8571040032485,14.9982126664079,16.5716175628618,17.0040536999712,17.8364376060132,1.23922046845576,18.6993112327905,19.3528042760394,19.6093174421391,0.0693964972276763,16,"1_N_JU3237_0.00093",NA,NA,NA,NA,NA,"1_N",-74.4522555100757,438.122042029312,25.2646278053809,17.3413218434985,1.71414202456419e-38,185.742269212847,-260.194524722923
"20250424-CbDRC2-p041-m2x_B08_roi_0.png",20250424,"CbDRC2","p041","m2x","B08",0,284.25641119929,15.4943431220397,"","48h",10,"15hHB101","DMSO",1,"IVERMECTIN",0.0018,NA,NA,"JU3237","1_N",NA,NA,NA,276.812175083358,130.82118260643,254.927891444801,265.386174445964,280.65325834397,46.3141506093804,306.292095811646,316.245857337782,325.137936541383,0.167312549007042,15.3727113730708,10.4159032368774,14.7450475721709,15.2259115181473,15.4943431220397,1.57317796126105,15.7975020099769,16.5910086688217,17.7887428394283,0.102335750869353,15,"1_N_JU3237_0.0018",NA,NA,NA,NA,NA,"1_N",-157.468783685342,438.122042029312,25.2646278053809,17.3413218434985,1.71414202456419e-38,185.742269212847,-343.211052898189
"20250424-CbDRC2-p041-m2x_B09_roi_0.png",20250424,"CbDRC2","p041","m2x","B09",0,251.528665153803,15.3646650047443,"","48h",10,"15hHB101","DMSO",1,"IVERMECTIN",0.0037,NA,NA,"JU3237","1_N",NA,NA,NA,263.534820473815,238.694547322845,244.315344009347,251.303870120182,264.095560145494,15.0190300696216,274.793416855291,280.529416779664,291.742315283925,0.0569906854912703,14.9920527061225,14.0685564622673,14.3218486358736,14.5799510937642,14.7877902728823,0.742274049614201,15.365970898202,15.7495583453517,17.0756499193519,0.0495111686281003,16,"1_N_JU3237_0.0037",NA,NA,NA,NA,NA,"1_N",-174.026481883818,438.122042029312,25.2646278053809,17.3413218434985,1.71414202456419e-38,185.742269212847,-359.768751096665
"20250424-CbDRC2-p041-m2x_B11_roi_0.png",20250424,"CbDRC2","p041","m2x","B11",0,228.08482724252,14.1375280273725,"","48h",10,"15hHB101","DMSO",1,"IVERMECTIN",0.015,NA,NA,"JU3237","1_N",NA,NA,NA,218.86035649208,191.675805151844,199.881628922632,204.857975218927,209.91521314915,21.7973678782297,230.41860764442,243.262748773059,271.855945557073,0.0995948660031474,14.1899739925746,12.8238673437035,13.1739619911474,13.8529253632171,14.3791318221786,0.690432776618986,14.574914440297,14.8948298847802,15.2196421463413,0.0486563806938815,14,"1_N_JU3237_0.015",NA,NA,NA,NA,NA,"1_N",-228.206828880161,438.122042029312,25.2646278053809,17.3413218434985,1.71414202456419e-38,185.742269212847,-413.949098093008
"20250424-CbDRC2-p041-m2x_B12_roi_0.png",20250424,"CbDRC2","p041","m2x","B12",0,222.990622149661,14.4482302526855,"","48h",10,"15hHB101","DMSO",1,"IVERMECTIN",0.03,NA,NA,"JU3237","1_N",NA,NA,NA,215.031146070181,133.886702173741,193.925636866214,198.356600080447,226.513878901664,24.6294714789669,233.892627491248,237.896105727112,241.033215302941,0.114539088541752,14.6113003187225,12.4209962447997,13.5185389975284,14.0811386360609,14.6034052966173,1.1138857478752,15.1487133089054,15.5553966186728,18.2190502393218,0.0762345392660159,24,"1_N_JU3237_0.03",NA,NA,NA,NA,NA,"1_N",-211.608163127647,438.122042029312,25.2646278053809,17.3413218434985,1.71414202456419e-38,185.742269212847,-397.350432340494
"20250424-CbDRC2-p041-m2x_C02_roi_0.png",20250424,"CbDRC2","p041","m2x","C02",0,743.941665677795,34.0784314636134,"","48h",10,"15hHB101","DMSO",1,"IVERMECTIN",2.9e-05,NA,NA,"ED3102","1_N",NA,NA,NA,663.080549012001,12.0085932054553,624.648099650761,662.162310532057,676.160559369736,107.136066574307,702.650509663221,720.076298678616,762.345356888121,0.161573230784618,76.1214769338994,25.7293314945337,33.8919746296654,35.3521416259329,36.431818801462,280.183987017167,37.8054009003194,38.9010985422537,1997.30192634875,3.68074817124826,49,"1_N_ED3102_2.9e-05",NA,NA,NA,NA,NA,"1_N",231.118264385415,445.042294984321,26.7335457936937,16.6473350904804,4.52577064691679e-37,224.962051368695,6.15621301672019
"20250424-CbDRC2-p041-m2x_C03_roi_0.png",20250424,"CbDRC2","p041","m2x","C03",0,686.106454231897,37.1053603083203,"","48h",10,"15hHB101","DMSO",1,"IVERMECTIN",5.8e-05,NA,NA,"ED3102","1_N",NA,NA,NA,640.804480003569,280.31402971461,511.866517292325,641.216835194064,664.128115495285,99.1678667310879,689.26111837832,718.103096802985,745.608796513658,0.154755264399112,34.2995550329406,16.8397559833667,30.7814166212852,33.3786440296492,34.8336393329542,3.7441906957463,36.2842893568066,37.2441050269146,40.8600289052268,0.109161494723487,45,"1_N_ED3102_5.8e-05",NA,NA,NA,NA,NA,"1_N",219.085820510964,445.042294984321,26.7335457936937,16.6473350904804,4.52577064691679e-37,224.962051368695,-5.87623085773083
"20250424-CbDRC2-p041-m2x_C04_roi_0.png",20250424,"CbDRC2","p041","m2x","C04",0,669.984854984448,34.8634828638411,"","48h",10,"15hHB101","DMSO",1,"IVERMECTIN",0.00011,NA,NA,"ED3102","1_N",NA,NA,NA,663.537153192556,215.492454143442,599.666173719345,645.077480921788,681.137257735158,85.2347888668595,709.602372205252,730.999446223606,778.340587258675,0.128455186656481,34.372802369877,14.262344425235,31.4903470851755,33.5298924055466,34.9881799435275,4.10966060876075,36.5827673998121,37.511436023003,39.2826645474344,0.1195614068512,50,"1_N_ED3102_0.00011",NA,NA,NA,NA,NA,"1_N",236.094962750837,445.042294984321,26.7335457936937,16.6473350904804,4.52577064691679e-37,224.962051368695,11.1329113821418
"20250424-CbDRC2-p041-m2x_C05_roi_0.png",20250424,"CbDRC2","p041","m2x","C05",0,630.85362010712,33.5019983580369,"","48h",10,"15hHB101","DMSO",1,"IVERMECTIN",0.00023,NA,NA,"ED3102","1_N",NA,NA,NA,607.496570747554,202.853746365156,505.360914800166,578.336005897054,627.000904527875,107.474342556936,675.073476332034,701.580887019754,785.805956630067,0.176913496688028,32.9370736300097,16.3199630772783,25.7857488985059,30.1628008930754,32.4552177725751,7.61867997576161,34.217810957412,37.7597738989129,71.0283772893659,0.231310166207968,52,"1_N_ED3102_0.00023",NA,NA,NA,NA,NA,"1_N",181.958609543554,445.042294984321,26.7335457936937,16.6473350904804,4.52577064691679e-37,224.962051368695,-43.0034418251407
"20250424-CbDRC2-p041-m2x_C06_roi_0.png",20250424,"CbDRC2","p041","m2x","C06",0,512.216848454544,26.4540929000587,"","48h",10,"15hHB101","DMSO",1,"IVERMECTIN",0.00046,NA,NA,"ED3102","1_N",NA,NA,NA,516.556585057407,171.334441239534,451.455339205632,477.614843496212,522.292700382189,79.2209992604627,577.44495888507,585.986934125984,618.988174349609,0.153363642149017,23.5569372499527,13.8531167755742,20.2403263305645,21.2504322768526,22.8778575387641,3.88162036985229,25.8565147069012,28.6589185777729,30.9895321521761,0.164776105173014,35,"1_N_ED3102_0.00046",NA,NA,NA,NA,NA,"1_N",77.2504053978674,445.042294984321,26.7335457936937,16.6473350904804,4.52577064691679e-37,224.962051368695,-147.711645970827
"20250424-CbDRC2-p041-m2x_C07_roi_0.png",20250424,"CbDRC2","p041","m2x","C07",0,411.852083667542,19.2698894713906,"","48h",10,"15hHB101","DMSO",1,"IVERMECTIN",0.00093,NA,NA,"ED3102","1_N",NA,NA,NA,331.459630627927,160.239449168136,268.626480059016,315.345267993049,341.736661449242,44.5183066998059,357.134042882762,372.798168164943,411.852083667542,0.13430989051508,17.4573271078932,14.3817295904649,15.9630199180123,16.5901840417793,17.722916440494,1.26824343398019,18.3068295854121,19.0916728754937,19.4912966343039,0.0726482024505782,46,"1_N_ED3102_0.00093",NA,NA,NA,NA,NA,"1_N",-103.305633535079,445.042294984321,26.7335457936937,16.6473350904804,4.52577064691679e-37,224.962051368695,-328.267684903774
"20250424-CbDRC2-p041-m2x_C08_roi_1.png",20250424,"CbDRC2","p041","m2x","C08",1,339.456324474488,17.2170318276399,"","48h",10,"15hHB101","DMSO",1,"IVERMECTIN",0.0018,NA,NA,"ED3102","1_N",NA,NA,NA,278.841035820227,227.393639806725,252.748381642208,263.201693765884,276.784800520528,24.674620725398,294.897495727904,310.028027414369,339.456324474488,0.0884899191857329,15.9076375572417,14.1463514428865,14.735441025019,15.4333077018862,15.8867749965132,0.871479779210225,16.5059235930411,16.9183520890082,18.627227348952,0.0547837336671967,59,"1_N_ED3102_0.0018",NA,NA,NA,NA,NA,"1_N",-168.257494463794,445.042294984321,26.7335457936937,16.6473350904804,4.52577064691679e-37,224.962051368695,-393.219545832488
"20250424-CbDRC2-p041-m2x_C09_roi_0.png",20250424,"CbDRC2","p041","m2x","C09",0,246.148297035164,15.2128720288726,"","48h",10,"15hHB101","DMSO",1,"IVERMECTIN",0.0037,NA,NA,"ED3102","1_N",NA,NA,NA,257.424259931345,214.577396060977,225.858258653785,240.901258942046,257.461742996792,23.9698543120891,271.82999562172,286.674990555955,313.578136080194,0.0931142011187363,15.0726039105911,14.1208532862628,14.2125491107704,14.4416213876067,14.9735885443937,0.789470984924607,15.3460453213092,16.1828104921866,17.0736572934736,0.0523778764178808,36,"1_N_ED3102_0.0037",NA,NA,NA,NA,NA,"1_N",-187.58055198753,445.042294984321,26.7335457936937,16.6473350904804,4.52577064691679e-37,224.962051368695,-412.542603356225
"20250424-CbDRC2-p041-m2x_C10_roi_0.png",20250424,"CbDRC2","p041","m2x","C10",0,248.311845739405,15.8452586532264,"","48h",10,"15hHB101","DMSO",1,"IVERMECTIN",0.0075,NA,NA,"ED3102","1_N",NA,NA,NA,229.659872463249,138.032338593116,201.122756476717,216.825072321362,232.033632471774,26.895710119834,244.514398851625,257.530799422926,293.364216959869,0.117111055716266,15.1552836324192,13.7935377692385,14.2189232755846,14.5054235213042,15.0237747410849,0.832437440203841,15.7226403246157,16.0135121691168,18.2015550704081,0.0549272095721881,46,"1_N_ED3102_0.0075",NA,NA,NA,NA,NA,"1_N",-213.008662512547,445.042294984321,26.7335457936937,16.6473350904804,4.52577064691679e-37,224.962051368695,-437.970713881242
"20250424-CbDRC2-p041-m2x_C11_roi_0.png",20250424,"CbDRC2","p041","m2x","C11",0,213.753073876275,14.4796174474007,"","48h",10,"15hHB101","DMSO",1,"IVERMECTIN",0.015,NA,NA,"ED3102","1_N",NA,NA,NA,228.110231023138,169.862406940782,205.385591761386,219.890662928591,228.584265420824,19.3932907326586,238.19359266851,251.204605287594,265.888222144218,0.0850171894775361,15.0433101371107,11.1805451371865,13.7511956607975,14.5628319810333,15.1175712832834,1.20680328338807,15.517666087727,16.0284573613035,17.8094037623459,0.0802219240571914,34,"1_N_ED3102_0.015",NA,NA,NA,NA,NA,"1_N",-216.458029563497,445.042294984321,26.7335457936937,16.6473350904804,4.52577064691679e-37,224.962051368695,-441.420080932192
"20250424-CbDRC2-p041-m2x_C12_roi_0.png",20250424,"CbDRC2","p041","m2x","C12",0,220.581007500441,15.7245814883164,"","48h",10,"15hHB101","DMSO",1,"IVERMECTIN",0.03,NA,NA,"ED3102","1_N",NA,NA,NA,226.351021868556,204.243149189453,208.691740263643,214.429587054489,225.767375286692,16.0738122946089,234.29455294021,243.059084166344,270.821118399927,0.0710127666396978,14.8866271221285,13.8578029649101,14.2968675156735,14.3836626547986,14.7271533704729,0.640225431778824,15.3111611553403,15.7626206200108,16.2157379190087,0.0430067487098637,30,"1_N_ED3102_0.03",NA,NA,NA,NA,NA,"1_N",-219.274919697629,445.042294984321,26.7335457936937,16.6473350904804,4.52577064691679e-37,224.962051368695,-444.236971066324
"20250424-CbDRC2-p041-m2x_D01_roi_0.png",20250424,"CbDRC2","p041","m2x","D01",0,690.430145263092,27.8956599062927,"","48h",10,"15hHB101","DMSO",1,"IVERMECTIN",0,NA,NA,"ECA2666","1_N",NA,NA,NA,639.52129497368,437.004291037131,534.905264226884,577.575115937512,669.07092564579,82.3661281548816,696.621652546497,715.585695146718,729.231566134483,0.128793409699159,27.7459569106371,21.3184714446328,23.2194659117893,25.0442107983923,27.1179213885629,3.80408849314252,31.0614730796716,32.6890518513467,33.8441377262063,0.137104245688644,25,"1_N_ECA2666_0",NA,NA,NA,NA,NA,"1_N",237.959717018965,431.111208626825,22.5753902811972,19.0965118767356,1.54498937647466e-43,208.851864384434,29.1078526345309
"20250424-CbDRC2-p041-m2x_D02_roi_0.png",20250424,"CbDRC2","p041","m2x","D02",0,686.305978021749,29.4461760900981,"","48h",10,"15hHB101","DMSO",1,"IVERMECTIN",2.9e-05,NA,NA,"ECA2666","1_N",NA,NA,NA,611.000988547579,118.019523268151,520.370231543956,605.207833328476,678.951846873617,166.016843096245,686.695250044101,695.6864710572,724.364987927229,0.271712887880733,26.8364740288454,12.2530547203731,22.5850859609525,24.3339941088421,26.8993172452973,6.19617983727855,30.4670233982485,34.0381317675105,34.7812548633635,0.230886510300069,12,"1_N_ECA2666_2.9e-05",NA,NA,NA,NA,NA,"1_N",247.840638246792,431.111208626825,22.5753902811972,19.0965118767356,1.54498937647466e-43,208.851864384434,38.9887738623579
"20250424-CbDRC2-p041-m2x_D03_roi_0.png",20250424,"CbDRC2","p041","m2x","D03",0,493.971836954898,29.9995922662174,"","48h",10,"15hHB101","DMSO",1,"IVERMECTIN",5.8e-05,NA,NA,"ECA2666","1_N",NA,NA,NA,616.555046077936,301.152988578053,515.509601595125,612.269565168888,644.559512747715,97.3992257508531,676.857787789434,680.38101297521,695.774016943476,0.157973284576024,28.4173418668822,20.719889436228,23.2731142381074,25.3110716893317,28.012896092353,4.66636934384313,31.3070144564597,33.5923823365082,38.9555160251452,0.164208509216035,18,"1_N_ECA2666_5.8e-05",NA,NA,NA,"outlier","outlier","1_N",213.44830412089,431.111208626825,22.5753902811972,19.0965118767356,1.54498937647466e-43,208.851864384434,4.59643973645609
"20250424-CbDRC2-p041-m2x_D04_roi_0.png",20250424,"CbDRC2","p041","m2x","D04",0,726.436542088862,35.6004063677738,"","48h",10,"15hHB101","DMSO",1,"IVERMECTIN",0.00011,NA,NA,"ECA2666","1_N",NA,NA,NA,605.189012555361,367.615278864141,485.763239761038,537.041492652438,626.871380062359,101.927772819254,681.935053578386,722.04618951012,726.436542088862,0.168423039256565,26.6687790038233,18.2023773026319,21.7348233925814,23.9624359835788,25.6009733109406,4.74616703741872,29.7253588516855,32.6742741034749,36.1825288977658,0.177967166653498,19,"1_N_ECA2666_0.00011",NA,NA,NA,"outlier","outlier","1_N",195.760171435534,431.111208626825,22.5753902811972,19.0965118767356,1.54498937647466e-43,208.851864384434,-13.0916929489003
"20250424-CbDRC2-p041-m2x_D05_roi_0.png",20250424,"CbDRC2","p041","m2x","D05",0,492.923307346524,24.1191464106033,"fallback_a","48h",10,"15hHB101","DMSO",1,"IVERMECTIN",0.00023,NA,NA,"ECA2666","1_N",NA,NA,NA,574.399807640912,292.211221258563,473.816538105215,512.234562574955,608.648382495345,99.6287675339791,652.654222744085,663.530516486012,719.771178425452,0.173448469530586,25.0047497813818,20.358072955247,21.3136861445957,23.020508162035,24.4463746408674,3.43656615269667,26.0956156030824,28.3178391797655,33.8570058110264,0.137436534368182,23,"1_N_ECA2666_0.00023",NA,NA,NA,NA,NA,"1_N",177.53717386852,431.111208626825,22.5753902811972,19.0965118767356,1.54498937647466e-43,208.851864384434,-31.3146905159143
"20250424-CbDRC2-p041-m2x_D06_roi_0.png",20250424,"CbDRC2","p041","m2x","D06",0,591.812952545454,26.4312427054069,"","48h",10,"15hHB101","DMSO",1,"IVERMECTIN",0.00046,NA,NA,"ECA2666","1_N",NA,NA,NA,494.205830927071,404.531046007445,434.439006029666,469.063930036819,499.979098868751,47.0652460864904,510.348992244095,551.905354425189,591.812952545454,0.0952340970931113,21.1372786655086,17.5781580164211,18.1744438630576,18.9700481469251,20.061169666797,2.66116424314173,23.4965222476549,24.0976789800351,26.4312427054069,0.125899094450799,18,"1_N_ECA2666_0.00046",NA,NA,NA,NA,NA,"1_N",68.8678902419258,431.111208626825,22.5753902811972,19.0965118767356,1.54498937647466e-43,208.851864384434,-139.983974142508
"20250424-CbDRC2-p041-m2x_D07_roi_1.png",20250424,"CbDRC2","p041","m2x","D07",1,402.992342518416,19.380441883934,"","48h",10,"15hHB101","DMSO",1,"IVERMECTIN",0.00093,NA,NA,"ECA2666","1_N",NA,NA,NA,382.762714601938,322.098745870879,338.903859232087,372.16974835671,386.199407797805,29.2222116166712,405.212510481123,412.306846732047,426.956215377169,0.0763455020614051,18.4579556328291,15.753096484107,17.187709832297,17.5154424158221,18.2248424160862,1.272196482769,19.3313405782822,19.7862875605922,20.9257731229785,0.0689240188933104,19,"1_N_ECA2666_0.00093",NA,NA,NA,NA,NA,"1_N",-44.9118008290197,431.111208626825,22.5753902811972,19.0965118767356,1.54498937647466e-43,208.851864384434,-253.763665213454
"20250424-CbDRC2-p041-m2x_D08_roi_0.png",20250424,"CbDRC2","p041","m2x","D08",0,301.852337513184,15.7627131606287,"","48h",10,"15hHB101","DMSO",1,"IVERMECTIN",0.0018,NA,NA,"ECA2666","1_N",NA,NA,NA,303.016185849258,252.256640958195,268.805063668513,293.113453447279,303.201817032614,23.9749134165226,321.829102687412,328.709196444975,332.030062653368,0.0791209002559667,16.2012784705576,13.6860478729924,14.7837130550645,15.7779942141794,16.1095957540695,1.11984543570785,16.8191803309924,17.4186138845643,18.3906225981224,0.0691208065920806,18,"1_N_ECA2666_0.0018",NA,NA,NA,NA,NA,"1_N",-127.909391594211,431.111208626825,22.5753902811972,19.0965118767356,1.54498937647466e-43,208.851864384434,-336.761255978645
"20250424-CbDRC2-p041-m2x_D09_roi_1.png",20250424,"CbDRC2","p041","m2x","D09",1,264.608026604966,16.8295644621333,"","48h",10,"15hHB101","DMSO",1,"IVERMECTIN",0.0037,NA,NA,"ECA2666","1_N",NA,NA,NA,264.572993014801,222.183211982041,246.098527773858,257.311205730901,264.671629710121,17.8944166097028,273.89509096549,283.691516867088,307.39910358518,0.0676350840113969,15.4660204197616,13.694558389349,14.4255244653331,14.6211725240471,15.1237788044327,1.28126285191178,15.9409952003497,16.7603957570377,20.0896504364692,0.0828437320743905,25,"1_N_ECA2666_0.0037",NA,NA,NA,NA,NA,"1_N",-166.439578916704,431.111208626825,22.5753902811972,19.0965118767356,1.54498937647466e-43,208.851864384434,-375.291443301138
"20250424-CbDRC2-p041-m2x_D10_roi_0.png",20250424,"CbDRC2","p041","m2x","D10",0,233.84726930129,14.7664124672511,"","48h",10,"15hHB101","DMSO",1,"IVERMECTIN",0.0075,NA,NA,"ECA2666","1_N",NA,NA,NA,241.300909599335,194.432989564462,213.246092895845,230.014979818133,243.214187260853,20.6843221340925,255.46493487148,262.867516067452,276.300993850876,0.0857200338301148,14.2785869606794,13.0670895209482,13.2729714045672,13.9224291719149,14.3051383934235,0.645780330013801,14.7048532374448,14.9432779614649,15.6191337640534,0.0452271875215775,22,"1_N_ECA2666_0.0075",NA,NA,NA,NA,NA,"1_N",-187.897021365972,431.111208626825,22.5753902811972,19.0965118767356,1.54498937647466e-43,208.851864384434,-396.748885750406
"20250424-CbDRC2-p041-m2x_D11_roi_0.png",20250424,"CbDRC2","p041","m2x","D11",0,225.547732940543,15.912650196531,"","48h",10,"15hHB101","DMSO",1,"IVERMECTIN",0.015,NA,NA,"ECA2666","1_N",NA,NA,NA,228.87518156128,195.551851191752,207.870757251296,214.728811795935,226.722339869522,19.7221992753365,244.061963115448,251.117707162579,273.184797110085,0.0861701087064172,14.2163367331886,12.0532070957479,13.4613458040985,13.6959529806548,14.1383468054217,0.873361106861836,14.8747130832322,15.2414028078008,15.912650196531,0.0614336255009308,20,"1_N_ECA2666_0.015",NA,NA,NA,NA,NA,"1_N",-204.388868757304,431.111208626825,22.5753902811972,19.0965118767356,1.54498937647466e-43,208.851864384434,-413.240733141738
"20250424-CbDRC2-p041-m2x_D12_roi_0.png",20250424,"CbDRC2","p041","m2x","D12",0,244.823135068487,14.4056278190466,"","48h",10,"15hHB101","DMSO",1,"IVERMECTIN",0.03,NA,NA,"ECA2666","1_N",NA,NA,NA,223.664867268281,184.794992296311,202.97941578288,209.350068583084,222.982181849446,22.0430807887947,238.177701623726,246.431507380018,260.906858183793,0.0985540601794852,13.8072261849579,12.956900725114,12.9824023545587,13.3736691945133,13.8312519145811,0.655583312595156,14.0687654393434,14.4761599393019,15.110949021599,0.0474811742643407,10,"1_N_ECA2666_0.03",NA,NA,NA,NA,NA,"1_N",-208.129026777379,431.111208626825,22.5753902811972,19.0965118767356,1.54498937647466e-43,208.851864384434,-416.980891161813
"20250424-CbDRC2-p041-m2x_E01_roi_0.png",20250424,"CbDRC2","p041","m2x","E01",0,635.492289510461,37.2007959709616,"","48h",10,"15hHB101","DMSO",1,"IVERMECTIN",0,NA,NA,"PB420","1_N",NA,NA,NA,605.490450638543,165.739720508109,530.327713766814,602.716959052121,627.217347460897,94.2756702091538,648.381326292486,663.647529752595,738.57086873789,0.155701332877722,34.8961875851857,15.3038807742955,29.049549223455,34.3354947566588,35.9502671333726,5.40984671117226,38.2396484498214,39.6009810709653,41.2264324047334,0.155026869280955,38,"1_N_PB420_0",NA,NA,NA,NA,NA,"1_N",191.29919266475,435.918154796147,25.8910601536029,16.8366282496735,9.64883936917006e-38,188.841855702527,2.45733696222308
"20250424-CbDRC2-p041-m2x_E02_roi_0.png",20250424,"CbDRC2","p041","m2x","E02",0,666.000221316447,38.0833673806324,"","48h",10,"15hHB101","DMSO",1,"IVERMECTIN",2.9e-05,NA,NA,"PB420","1_N",NA,NA,NA,618.33455659498,180.631711413833,575.091747233346,616.858177512654,635.466300036756,99.8030888614197,657.001390133751,677.217891783614,725.470858357264,0.161406293400471,35.6619334576715,14.290906967722,31.7426627422123,34.8351801953339,36.3194187038972,5.52397467973984,38.4428915275083,40.04710087753,43.582128475419,0.154898350822634,26,"1_N_PB420_2.9e-05",NA,NA,NA,NA,NA,"1_N",199.548145240609,435.918154796147,25.8910601536029,16.8366282496735,9.64883936917006e-38,188.841855702527,10.7062895380818
"20250424-CbDRC2-p041-m2x_E04_roi_0.png",20250424,"CbDRC2","p041","m2x","E04",0,651.373304675424,34.1083736470049,"","48h",10,"15hHB101","DMSO",1,"IVERMECTIN",0.00011,NA,NA,"PB420","1_N",NA,NA,NA,594.335443556264,269.214020675433,517.931418646258,533.372063595943,619.020472977662,90.8919553140759,651.373304675424,673.784106524053,691.757405805653,0.152930396966089,36.9242003829857,30.2088311403278,32.8678199683516,34.9314867814054,36.5754616783486,3.45224072446063,38.4757764646619,40.3349227729287,46.6005397607658,0.093495341501055,25,"1_N_PB420_0.00011",NA,NA,NA,NA,NA,"1_N",183.102318181515,435.918154796147,25.8910601536029,16.8366282496735,9.64883936917006e-38,188.841855702527,-5.73953752101167
"20250424-CbDRC2-p041-m2x_E05_roi_0.png",20250424,"CbDRC2","p041","m2x","E05",0,638.569911343081,38.6820669773751,"","48h",10,"15hHB101","DMSO",1,"IVERMECTIN",0.00023,NA,NA,"PB420","1_N",NA,NA,NA,637.519447975436,535.23414170077,586.74904587194,598.360340645393,619.71710417908,66.6858163701353,653.439957727804,700.259742648905,899.075475278569,0.104602011094577,34.8620934761701,26.0033147202248,29.4422550070708,31.2576831171181,36.2075347996815,3.98015505950941,38.3194979791466,38.7304178056261,42.048713789402,0.114168561398358,27,"1_N_PB420_0.00023",NA,NA,NA,NA,NA,"1_N",183.798949382933,435.918154796147,25.8910601536029,16.8366282496735,9.64883936917006e-38,188.841855702527,-5.04290631959404
"20250424-CbDRC2-p041-m2x_E06_roi_0.png",20250424,"CbDRC2","p041","m2x","E06",0,715.494311216853,37.8571839539878,"","48h",10,"15hHB101","DMSO",1,"IVERMECTIN",0.00046,NA,NA,"PB420","1_N",NA,NA,NA,625.26069324483,258.617215248178,382.40259355718,610.563757049191,653.848418367578,151.570382744172,690.001976767355,802.066307780803,864.669108252644,0.242411500325709,31.7467977355423,15.9658697016815,19.2042668116225,29.2771493357079,35.0327831170872,7.47977217868471,36.8098025724822,37.8646895311525,40.8496995921238,0.235607138741767,29,"1_N_PB420_0.00046",NA,NA,NA,NA,NA,"1_N",217.930263571431,435.918154796147,25.8910601536029,16.8366282496735,9.64883936917006e-38,188.841855702527,29.0884078689042
"20250424-CbDRC2-p041-m2x_E08_roi_0.png",20250424,"CbDRC2","p041","m2x","E08",0,226.962662282791,17.3057633149338,"","48h",10,"15hHB101","DMSO",1,"IVERMECTIN",0.0018,NA,NA,"PB420","1_N",NA,NA,NA,244.580744739184,163.993931487521,215.110873146015,240.340165360337,249.104845338679,26.1968861397206,259.333878826412,268.851471290727,276.214480316924,0.107109356329978,15.7768540475901,13.9330535813967,14.1799950627822,14.7777106464189,15.3116067027103,1.65506041572623,16.3729416468451,17.3057633149338,20.1654370652885,0.104904337121572,21,"1_N_PB420_0.0018",NA,NA,NA,NA,NA,"1_N",-186.813309457468,435.918154796147,25.8910601536029,16.8366282496735,9.64883936917006e-38,188.841855702527,-375.655165159994
"20250424-CbDRC2-p041-m2x_E09_roi_0.png",20250424,"CbDRC2","p041","m2x","E09",0,247.23313606089,14.5050796596621,"","48h",10,"15hHB101","DMSO",1,"IVERMECTIN",0.0037,NA,NA,"PB420","1_N",NA,NA,NA,234.263244736192,186.512395382522,215.140077106265,225.318200566457,235.811876396571,18.1273530942286,246.995042482679,251.970593540615,264.664812546666,0.0773802698525846,14.8696914480396,13.254792153127,13.9939880134391,14.5349566983434,14.8293586773903,0.765821464490527,15.12112234735,15.620918625225,16.9025760522861,0.0515021758969647,23,"1_N_PB420_0.0037",NA,NA,NA,NA,NA,"1_N",-200.106278399576,435.918154796147,25.8910601536029,16.8366282496735,9.64883936917006e-38,188.841855702527,-388.948134102102
"20250424-CbDRC2-p041-m2x_E10_roi_0.png",20250424,"CbDRC2","p041","m2x","E10",0,238.856356823169,15.1594517050282,"","48h",10,"15hHB101","DMSO",1,"IVERMECTIN",0.0075,NA,NA,"PB420","1_N",NA,NA,NA,225.190390228601,195.718756573685,199.417541110951,206.623094230407,226.305790988836,22.6882975497917,237.151336624554,246.183391597529,277.495032572998,0.100751624111312,14.2028736183685,12.7372343059632,13.2953059067777,13.6196530161053,14.0238585023564,0.887427469979857,14.9796519495424,15.222866918296,15.8471595100541,0.0624822478763843,14,"1_N_PB420_0.0075",NA,NA,NA,NA,NA,"1_N",-209.612363807311,435.918154796147,25.8910601536029,16.8366282496735,9.64883936917006e-38,188.841855702527,-398.454219509838
"20250424-CbDRC2-p041-m2x_E11_roi_0.png",20250424,"CbDRC2","p041","m2x","E11",0,164.565313116314,13.3578412284087,"","48h",10,"15hHB101","DMSO",1,"IVERMECTIN",0.015,NA,NA,"PB420","1_N",NA,NA,NA,202.49994107102,141.260340691605,157.58666134241,185.691687602203,211.462219844461,33.233186613417,222.305677353794,235.544340189436,243.114310848304,0.164114549553185,14.6133064708407,13.3578412284087,13.8987884343921,14.0386289105372,14.6019045655621,0.910018175843018,14.8767961066491,15.5507936691548,16.6749137409876,0.0622732560669184,11,"1_N_PB420_0.015",NA,NA,NA,NA,NA,"1_N",-224.455934951686,435.918154796147,25.8910601536029,16.8366282496735,9.64883936917006e-38,188.841855702527,-413.297790654213
"20250424-CbDRC2-p041-m2x_E12_roi_0.png",20250424,"CbDRC2","p041","m2x","E12",0,225.333291144933,14.4824116285157,"","48h",10,"15hHB101","DMSO",1,"IVERMECTIN",0.03,NA,NA,"PB420","1_N",NA,NA,NA,215.905207506749,192.938773778337,200.677172481503,203.293623999779,210.617548833464,14.1943297852311,228.532235631314,232.719448683971,243.221506577581,0.0657433414837269,14.2063255915046,13.1196173226883,13.3006298781574,13.5574280233665,14.14847947236,0.775538506407933,14.714134517954,14.9475481956396,16.2039486774817,0.0545910694086659,23,"1_N_PB420_0.03",NA,NA,NA,NA,NA,"1_N",-225.300605962683,435.918154796147,25.8910601536029,16.8366282496735,9.64883936917006e-38,188.841855702527,-414.14246166521
"20250424-CbDRC2-p041-m2x_F02_roi_0.png",20250424,"CbDRC2","p041","m2x","F02",0,662.175590789095,32.6905198919601,"","48h",10,"15hHB101","DMSO",1,"IVERMECTIN",2.9e-05,NA,NA,"NIC1667","1_N",NA,NA,NA,614.372743742253,467.546171728088,554.667792576033,588.956563729555,615.018538950595,53.7684629996629,642.110900689155,667.064835645997,737.478833107979,0.0875176569067008,32.1563379531035,22.7664583672223,28.9055191684606,30.703843686383,32.2119205823964,2.90722569855915,33.2351154596719,35.9252791110871,37.2937075290169,0.0904091038848711,30,"1_N_NIC1667_2.9e-05",NA,NA,NA,NA,NA,"1_N",175.42404390985,439.594495040745,23.4147711735005,18.7742383550711,6.61594876513563e-43,168.954730350924,6.46931355892596
"20250424-CbDRC2-p041-m2x_F03_roi_1.png",20250424,"CbDRC2","p041","m2x","F03",1,679.594939767232,34.8643597973537,"","48h",10,"15hHB101","DMSO",1,"IVERMECTIN",5.8e-05,NA,NA,"NIC1667","1_N",NA,NA,NA,637.948300682072,530.280246637656,611.920553420633,621.523421625339,642.749355108611,31.4832624096716,660.678811498101,667.691339936979,679.594939767232,0.049350805348977,32.6590644422002,27.0243612325056,29.7857141320854,31.5747764521034,32.8685649858575,2.5155664005876,34.6136628082001,34.9556327997659,36.8425932107264,0.0770250600729739,30,"1_N_NIC1667_5.8e-05",NA,NA,NA,NA,NA,"1_N",203.154860067866,439.594495040745,23.4147711735005,18.7742383550711,6.61594876513563e-43,168.954730350924,34.2001297169421
"20250424-CbDRC2-p041-m2x_F04_roi_0.png",20250424,"CbDRC2","p041","m2x","F04",0,612.535322632007,32.7011631119661,"","48h",10,"15hHB101","DMSO",1,"IVERMECTIN",0.00011,NA,NA,"NIC1667","1_N",NA,NA,NA,618.927839689777,241.724575189869,560.749133431318,609.039598814016,639.548771878561,101.712231552588,654.511980191206,673.595042355584,828.651732008757,0.164336171408235,32.3745518402989,14.7438755556006,28.6023094145878,30.5153476447448,31.9828987067019,4.2187147085682,33.9970684222936,36.37978936405,40.927159638871,0.130309594071874,42,"1_N_NIC1667_0.00011",NA,NA,NA,NA,NA,"1_N",199.954276837816,439.594495040745,23.4147711735005,18.7742383550711,6.61594876513563e-43,168.954730350924,30.9995464868919
"20250424-CbDRC2-p041-m2x_F05_roi_0.png",20250424,"CbDRC2","p041","m2x","F05",0,625.565984883455,30.5519734144989,"","48h",10,"15hHB101","DMSO",1,"IVERMECTIN",0.00023,NA,NA,"NIC1667","1_N",NA,NA,NA,624.874467430119,549.154780368338,573.925782397149,611.866886179465,625.78851676869,34.4350679253764,647.814387514592,658.515145575035,704.25824641572,0.0551071770734933,30.9457229342644,27.5149254871123,27.8031278292392,29.6531031865021,30.960625309414,2.14758503148154,32.1909596145363,32.8974441428528,36.6099133546852,0.0693984443680144,24,"1_N_NIC1667_0.00023",NA,NA,NA,NA,NA,"1_N",186.194021727945,439.594495040745,23.4147711735005,18.7742383550711,6.61594876513563e-43,168.954730350924,17.2392913770207
"20250424-CbDRC2-p041-m2x_F06_roi_0.png",20250424,"CbDRC2","p041","m2x","F06",0,583.738123061377,28.2682240530951,"","48h",10,"15hHB101","DMSO",1,"IVERMECTIN",0.00046,NA,NA,"NIC1667","1_N",NA,NA,NA,538.0998513569,51.2681060182868,439.331131020955,488.873488996176,570.506757700788,135.892611639392,597.016405432622,629.679328795539,894.514707801401,0.252541626422529,36.8817428009229,14.0955026035045,21.3746300368536,25.1828568161675,27.0205348573783,53.3431881599041,30.4627579206772,31.9574423304113,327.71387959308,1.44633046349885,32,"1_N_NIC1667_0.00046",NA,NA,NA,NA,NA,"1_N",130.912262660043,439.594495040745,23.4147711735005,18.7742383550711,6.61594876513563e-43,168.954730350924,-38.0424676908814
"20250424-CbDRC2-p041-m2x_F07_roi_0.png",20250424,"CbDRC2","p041","m2x","F07",0,380.237421940689,17.6320049042037,"","48h",10,"15hHB101","DMSO",1,"IVERMECTIN",0.00093,NA,NA,"NIC1667","1_N",NA,NA,NA,357.187709120168,316.677938685643,327.297583053845,345.328527775975,363.90177513662,20.4807340264146,368.57386935801,379.576159904736,393.282275030532,0.0573388543431777,18.4891148685365,17.0963021768729,17.4996089903625,17.8180309583986,18.3969599916604,0.878489472407019,18.9575793223011,19.7095368488093,20.4891866879829,0.0475138739011228,28,"1_N_NIC1667_0.00093",NA,NA,NA,NA,NA,"1_N",-75.6927199041253,439.594495040745,23.4147711735005,18.7742383550711,6.61594876513563e-43,168.954730350924,-244.647450255049
"20250424-CbDRC2-p041-m2x_F08_roi_0.png",20250424,"CbDRC2","p041","m2x","F08",0,279.554838727411,14.8700589295511,"","48h",10,"15hHB101","DMSO",1,"IVERMECTIN",0.0018,NA,NA,"NIC1667","1_N",NA,NA,NA,283.691091287593,249.872630726833,258.201710543595,275.703056848419,282.420759968863,19.6635245436134,290.278923560749,314.167927371763,326.541333026327,0.0693131548627993,15.9479793159307,14.6013977878521,14.6882768429056,15.347910963259,15.9047603948988,0.888134549995864,16.7006935716457,17.1613915432291,17.2704723781801,0.0556894721520421,20,"1_N_NIC1667_0.0018",NA,NA,NA,NA,NA,"1_N",-157.173735071882,439.594495040745,23.4147711735005,18.7742383550711,6.61594876513563e-43,168.954730350924,-326.128465422806
"20250424-CbDRC2-p041-m2x_F09_roi_0.png",20250424,"CbDRC2","p041","m2x","F09",0,271.64470867035,17.9872562087924,"","48h",10,"15hHB101","DMSO",1,"IVERMECTIN",0.0037,NA,NA,"NIC1667","1_N",NA,NA,NA,265.252782198756,253.88232765686,256.552123651286,257.844457374626,262.866769322617,9.82952032701432,271.70221737347,275.30135484164,283.29678134553,0.0370571808730322,17.3089757997613,14.5956238723715,14.8273274534737,15.3930316102854,18.1073658909711,1.98755755138875,18.5974587000682,19.1134111518639,19.8610472037924,0.114828143177377,8,"1_N_NIC1667_0.0037",NA,NA,NA,"outlier","outlier","1_N",-176.727725718128,439.594495040745,23.4147711735005,18.7742383550711,6.61594876513563e-43,168.954730350924,-345.682456069052
"20250424-CbDRC2-p041-m2x_F10_roi_1.png",20250424,"CbDRC2","p041","m2x","F10",1,267.213198691149,15.6856177990879,"","48h",10,"15hHB101","DMSO",1,"IVERMECTIN",0.0075,NA,NA,"NIC1667","1_N",NA,NA,NA,249.406381134346,225.93921955314,232.675709078843,236.571743793501,248.95840341896,15.6093831765862,261.305499424869,267.694966871832,280.920449291878,0.06258614196474,14.7149649431057,13.3553441737837,13.6832118587458,13.9682795515655,14.8464533409552,0.779125748244778,15.189724954903,15.5996893224711,15.9943417900853,0.0529478494347225,19,"1_N_NIC1667_0.0075",NA,NA,NA,NA,NA,"1_N",-190.636091621785,439.594495040745,23.4147711735005,18.7742383550711,6.61594876513563e-43,168.954730350924,-359.590821972709
"20250424-CbDRC2-p041-m2x_F11_roi_1.png",20250424,"CbDRC2","p041","m2x","F11",1,224.190360153961,14.9319907787203,"","48h",10,"15hHB101","DMSO",1,"IVERMECTIN",0.015,NA,NA,"NIC1667","1_N",NA,NA,NA,236.114403200841,202.52761544847,220.256436938151,227.888913768203,240.197292615791,13.7315705700574,247.352907104842,248.810675873583,251.351836476602,0.0581564291881726,14.7716115898991,13.6467920872986,13.8151622195352,14.0200050778449,14.4521721236556,1.07404462224534,15.0028897928636,16.1645602052094,17.5315033889463,0.0727100503359957,23,"1_N_NIC1667_0.015",NA,NA,NA,NA,NA,"1_N",-199.397202424954,439.594495040745,23.4147711735005,18.7742383550711,6.61594876513563e-43,168.954730350924,-368.351932775878
"20250424-CbDRC2-p041-m2x_F12_roi_0.png",20250424,"CbDRC2","p041","m2x","F12",0,215.369651851826,14.7248569204723,"","48h",10,"15hHB101","DMSO",1,"IVERMECTIN",0.03,NA,NA,"NIC1667","1_N",NA,NA,NA,228.386989570496,127.067628792285,202.839402648687,212.282805560637,232.267140944299,32.5886970432998,243.339860891054,253.9633230132,309.387733090142,0.142690689625473,14.4129330254878,11.494596536587,13.6466480966499,13.9768641332621,14.2310630120954,1.42390106647847,14.5775065764701,14.9485209003564,20.4038450357613,0.0987932896073584,26,"1_N_NIC1667_0.03",NA,NA,NA,NA,NA,"1_N",-207.327354096446,439.594495040745,23.4147711735005,18.7742383550711,6.61594876513563e-43,168.954730350924,-376.28208444737
"20250424-CbDRC2-p042-m2x_A01_roi_0.png",20250424,"CbDRC2","p042","m2x","A01",0,647.243856140431,32.6704533737624,"","48h",10,"15hHB101","DMSO",1,"IVERMECTIN",0,NA,NA,"JU3237","2_M",NA,NA,NA,622.562458032251,176.284439486155,576.26125638089,617.064928164876,644.409528027149,114.715997220716,666.083188843394,686.892362452204,879.16900741535,0.184264238456174,35.6607677336018,16.3373130625157,30.2873771557615,33.6260732510839,35.9386775255816,7.20659345970938,38.103199365062,41.0735361619573,67.4876605369579,0.202087445608157,67,"2_M_JU3237_0",NA,NA,NA,NA,NA,"2_M",188.561193014993,455.848335012156,24.5659312291378,18.5561186653275,1.24613423832017e-41,185.742269212847,2.818923802146
"20250424-CbDRC2-p042-m2x_A02_roi_0.png",20250424,"CbDRC2","p042","m2x","A02",0,602.581153918289,34.9592115213351,"","48h",10,"15hHB101","DMSO",1,"IVERMECTIN",2.9e-05,NA,NA,"JU3237","2_M",NA,NA,NA,609.350359314282,113.708646599551,439.053951532262,623.331421849083,639.210355937528,135.883995149242,660.821583644317,687.270204368761,894.718455279537,0.222998137396941,33.5910691042832,14.7219822187959,19.2177243167133,33.5836018988643,35.3184214298,6.91021959350314,37.7317969299828,39.2037600279493,40.9546213009359,0.205715976828556,53,"2_M_JU3237_2.9e-05",NA,NA,NA,NA,NA,"2_M",183.362020925373,455.848335012156,24.5659312291378,18.5561186653275,1.24613423832017e-41,185.742269212847,-2.38024828747433
"20250424-CbDRC2-p042-m2x_A03_roi_0.png",20250424,"CbDRC2","p042","m2x","A03",0,702.490761013559,39.5354268323069,"","48h",10,"15hHB101","DMSO",1,"IVERMECTIN",5.8e-05,NA,NA,"JU3237","2_M",NA,NA,NA,626.848235229757,167.90601902196,587.497539806517,615.383289856752,632.287358355448,79.0571951042595,648.328236804184,666.69672249828,921.402576381251,0.126118557349504,35.3737177262325,14.8330311338411,33.0709855879405,34.0868925518622,35.7922326586295,3.9762854953001,37.386822797707,38.9413492318477,42.0957480974579,0.112407904820006,58,"2_M_JU3237_5.8e-05",NA,NA,NA,NA,NA,"2_M",176.439023343292,455.848335012156,24.5659312291378,18.5561186653275,1.24613423832017e-41,185.742269212847,-9.30324586955481
"20250424-CbDRC2-p042-m2x_A04_roi_0.png",20250424,"CbDRC2","p042","m2x","A04",0,671.713348398649,34.1422161523792,"","48h",10,"15hHB101","DMSO",1,"IVERMECTIN",0.00011,NA,NA,"JU3237","2_M",NA,NA,NA,625.881868656511,119.208364606266,599.935155952292,613.622939346522,638.426648111786,76.0674192285448,659.354628348972,672.561934204823,716.698586407745,0.121536384161164,35.7726132058467,19.5893531522875,32.0921327180804,34.0981880423437,36.4093519642954,3.33004412287326,37.9990162627244,39.2368737563023,40.5296031970329,0.0930892049655739,62,"2_M_JU3237_0.00011",NA,NA,NA,NA,NA,"2_M",182.578313099631,455.848335012156,24.5659312291378,18.5561186653275,1.24613423832017e-41,185.742269212847,-3.16395611321644
"20250424-CbDRC2-p042-m2x_A05_roi_0.png",20250424,"CbDRC2","p042","m2x","A05",0,641.691886947288,31.7808224578821,"","48h",10,"15hHB101","DMSO",1,"IVERMECTIN",0.00023,NA,NA,"JU3237","2_M",NA,NA,NA,615.596174774226,332.065729407164,592.266334991862,603.656230531736,620.253608591266,66.9968104222419,643.216867659813,671.309067702567,731.076667941445,0.108832402096737,34.3633465812906,16.3734266525365,30.8875868312448,32.9800158984712,35.0166048552394,4.34979845244899,36.4900944465005,38.3142549143347,41.6396872715376,0.126582503894346,57,"2_M_JU3237_0.00023",NA,NA,NA,NA,NA,"2_M",164.40527357911,455.848335012156,24.5659312291378,18.5561186653275,1.24613423832017e-41,185.742269212847,-21.3369956337371
"20250424-CbDRC2-p042-m2x_A06_roi_0.png",20250424,"CbDRC2","p042","m2x","A06",0,636.497109879799,37.6139059386012,"","48h",10,"15hHB101","DMSO",1,"IVERMECTIN",0.00046,NA,NA,"JU3237","2_M",NA,NA,NA,584.989693038579,181.157475588,490.778866075906,550.754360621915,593.930410975528,84.0842688246817,635.350276731017,651.607930491762,796.014900774449,0.143736325315285,31.5179833876068,14.2736544036603,25.8772862661053,27.8492562605012,32.0425046643244,5.61572421218562,34.5439513052548,37.5983460552571,47.4064287828159,0.178175238660535,73,"2_M_JU3237_0.00046",NA,NA,NA,NA,NA,"2_M",138.082075963373,455.848335012156,24.5659312291378,18.5561186653275,1.24613423832017e-41,185.742269212847,-47.6601932494744
"20250424-CbDRC2-p042-m2x_A07_roi_0.png",20250424,"CbDRC2","p042","m2x","A07",0,404.267524011446,24.938864188626,"fallback_a","48h",10,"15hHB101","DMSO",1,"IVERMECTIN",0.00093,NA,NA,"JU3237","2_M",NA,NA,NA,383.16903178688,337.219696463247,349.57904378125,360.546748468002,372.826660169054,36.5945450232744,394.010339269781,431.289565198377,507.831489006555,0.0955049651393239,18.3877411330251,14.4649929468883,16.804628229177,17.4389817524299,18.0948799879276,1.67277558529522,18.975323820339,20.3587535998558,24.938864188626,0.0909723262467973,55,"2_M_JU3237_0.00093",NA,NA,NA,NA,NA,"2_M",-83.0216748431017,455.848335012156,24.5659312291378,18.5561186653275,1.24613423832017e-41,185.742269212847,-268.763944055949
"20250424-CbDRC2-p042-m2x_A08_roi_0.png",20250424,"CbDRC2","p042","m2x","A08",0,267.697716701845,15.2666840063146,"","48h",10,"15hHB101","DMSO",1,"IVERMECTIN",0.0018,NA,NA,"JU3237","2_M",NA,NA,NA,287.504370577618,227.722082128125,262.049275513826,273.973473055077,289.074594940596,23.6151793026301,303.33085802076,312.363590166343,343.684409022548,0.082138505425797,15.903954108072,13.582541484404,14.6014812462088,15.321569260164,15.8593058728743,1.01094733125426,16.6001290161806,17.2896833233072,18.1738930439093,0.0635657852370917,62,"2_M_JU3237_0.0018",NA,NA,NA,NA,NA,"2_M",-166.77374007156,455.848335012156,24.5659312291378,18.5561186653275,1.24613423832017e-41,185.742269212847,-352.516009284407
"20250424-CbDRC2-p042-m2x_A09_roi_0.png",20250424,"CbDRC2","p042","m2x","A09",0,235.091181072801,14.8451645798123,"","48h",10,"15hHB101","DMSO",1,"IVERMECTIN",0.0037,NA,NA,"JU3237","2_M",NA,NA,NA,255.982067149727,117.245709452223,236.87671539334,242.817295457036,260.205557044651,25.511769834836,270.849900653406,280.107713177528,291.981372773148,0.0996623322832759,15.3559482202749,13.6714841245273,14.5013960160666,14.8574722505496,15.3195628945908,0.896150716455794,15.7055881550336,16.0835378612469,18.891352402195,0.0583585398700798,53,"2_M_JU3237_0.0037",NA,NA,NA,NA,NA,"2_M",-195.642777967505,455.848335012156,24.5659312291378,18.5561186653275,1.24613423832017e-41,185.742269212847,-381.385047180352
"20250424-CbDRC2-p042-m2x_A10_roi_0.png",20250424,"CbDRC2","p042","m2x","A10",0,262.821802927314,14.7677226573323,"","48h",10,"15hHB101","DMSO",1,"IVERMECTIN",0.0075,NA,NA,"JU3237","2_M",NA,NA,NA,237.118151507963,183.410950970913,213.511176646316,224.426513683449,238.505368013657,20.2121552595332,251.916668370011,262.957382847907,276.619722163607,0.0852408604360024,14.84701401228,13.277432075221,14.1381650068839,14.4243929007881,14.7752387157055,0.809850199271929,15.1514386712172,15.5183008096972,18.8934711476121,0.0545463349466836,50,"2_M_JU3237_0.0075",NA,NA,NA,NA,NA,"2_M",-217.342966998499,455.848335012156,24.5659312291378,18.5561186653275,1.24613423832017e-41,185.742269212847,-403.085236211346
"20250424-CbDRC2-p042-m2x_A12_roi_0.png",20250424,"CbDRC2","p042","m2x","A12",0,222.396439247184,14.6068890307553,"","48h",10,"15hHB101","DMSO",1,"IVERMECTIN",0.03,NA,NA,"JU3237","2_M",NA,NA,NA,229.378987317725,171.756418832309,192.049114563344,209.908096420907,224.818792809481,32.9115440402828,245.369926497872,267.280215619365,348.933887207103,0.143481076558662,15.5174359691611,11.8418886372103,13.5566544031719,14.3337431097206,15.6260080688136,1.73840049578337,16.4408212193708,16.9875487522666,20.4619734809817,0.112028849304628,46,"2_M_JU3237_0.03",NA,NA,NA,"outlier","outlier","2_M",-231.029542202675,455.848335012156,24.5659312291378,18.5561186653275,1.24613423832017e-41,185.742269212847,-416.771811415522
"20250424-CbDRC2-p042-m2x_B01_roi_0.png",20250424,"CbDRC2","p042","m2x","B01",0,742.086188347088,38.496419571416,"","48h",10,"15hHB101","DMSO",1,"IVERMECTIN",0,NA,NA,"ED3102","2_M",NA,NA,NA,683.414788568899,533.589287474865,620.386096310477,655.809649942144,674.346578732544,81.3618892337086,700.526461335955,737.284264907172,1071.46933923592,0.119051988038017,35.4104248497588,17.4568276586309,31.9174639875525,33.3213595220362,35.5653691208898,4.21530061464744,37.4312759125974,38.6750644424494,49.83886784593,0.119041232420462,49,"2_M_ED3102_0",NA,NA,NA,NA,NA,"2_M",226.312265607888,448.034313124656,25.8114203763036,17.3579875339204,5.6223286839813e-39,224.962051368695,1.35021423919315
"20250424-CbDRC2-p042-m2x_B02_roi_0.png",20250424,"CbDRC2","p042","m2x","B02",0,704.581988299229,36.5546197748837,"","48h",10,"15hHB101","DMSO",1,"IVERMECTIN",2.9e-05,NA,NA,"ED3102","2_M",NA,NA,NA,669.617187175312,422.048365657295,627.132165987571,656.773359355652,676.308234526325,49.4023028506342,697.959705759239,711.562659085681,734.346325441878,0.0737769337418459,35.3324765253028,22.1684783293638,32.7455558663209,34.027027044802,35.932700466477,3.09954455600425,37.165492015562,38.1287849802647,40.2204270762491,0.0877250864027197,45,"2_M_ED3102_2.9e-05",NA,NA,NA,NA,NA,"2_M",228.273921401668,448.034313124656,25.8114203763036,17.3579875339204,5.6223286839813e-39,224.962051368695,3.31187003297347
"20250424-CbDRC2-p042-m2x_B03_roi_0.png",20250424,"CbDRC2","p042","m2x","B03",0,667.207687215136,32.9192202280471,"","48h",10,"15hHB101","DMSO",1,"IVERMECTIN",5.8e-05,NA,NA,"ED3102","2_M",NA,NA,NA,652.279919880676,242.697599614552,615.266575125825,638.106736091441,663.966840653133,106.239401791708,692.683907447415,713.445441288659,909.178008863878,0.162873941928402,33.667916993099,16.1645753115298,31.3061985283454,32.4191807047425,34.2146675256349,5.07529745259528,35.624784061356,38.4536499928376,44.4418832212215,0.150745811023461,36,"2_M_ED3102_5.8e-05",NA,NA,NA,NA,NA,"2_M",215.932527528476,448.034313124656,25.8114203763036,17.3579875339204,5.6223286839813e-39,224.962051368695,-9.02952384021845
"20250424-CbDRC2-p042-m2x_B04_roi_0.png",20250424,"CbDRC2","p042","m2x","B04",0,722.321388713597,33.9134024316196,"","48h",10,"15hHB101","DMSO",1,"IVERMECTIN",0.00011,NA,NA,"ED3102","2_M",NA,NA,NA,640.425790382887,233.591155371689,476.364587310902,653.218303749206,671.795389836443,100.599763426889,693.061200702486,705.703158198227,733.871645062174,0.157082623681885,33.9443344250845,13.5455036801341,29.6099392230372,31.9814745325576,34.2783449386133,6.26645671452771,35.5591297575227,36.6575430833253,66.8916659898682,0.184609797795795,52,"2_M_ED3102_0.00011",NA,NA,NA,NA,NA,"2_M",223.761076711786,448.034313124656,25.8114203763036,17.3579875339204,5.6223286839813e-39,224.962051368695,-1.20097465690847
"20250424-CbDRC2-p042-m2x_B05_roi_0.png",20250424,"CbDRC2","p042","m2x","B05",0,707.865063699911,33.8129835942735,"","48h",10,"15hHB101","DMSO",1,"IVERMECTIN",0.00023,NA,NA,"ED3102","2_M",NA,NA,NA,640.120403601774,473.224316343545,568.174251628995,601.382989338141,641.959288687108,67.2598045441306,667.100021842023,705.939799335817,832.878945621538,0.105073677023383,31.7703637793138,22.9973802464802,27.3936636180714,29.4525239811578,31.7821486181804,3.81080854775741,34.0211899769142,35.6768578601149,41.9908300683225,0.119948533615428,48,"2_M_ED3102_0.00023",NA,NA,NA,NA,NA,"2_M",193.924975562452,448.034313124656,25.8114203763036,17.3579875339204,5.6223286839813e-39,224.962051368695,-31.0370758062432
"20250424-CbDRC2-p042-m2x_B06_roi_0.png",20250424,"CbDRC2","p042","m2x","B06",0,577.325026847382,25.5377894227124,"","48h",10,"15hHB101","DMSO",1,"IVERMECTIN",0.00046,NA,NA,"ED3102","2_M",NA,NA,NA,552.054258591788,360.976754390423,426.936642131114,483.890016712304,551.573886697557,112.770295068581,602.023167881165,616.80726619836,976.084777820558,0.204273933790932,24.3439608072,11.8154684500505,18.8208063844401,22.2511241749477,24.4430384374445,4.94930572449756,26.5932439676367,31.1501568634735,34.4581061284791,0.203307332101592,42,"2_M_ED3102_0.00046",NA,NA,NA,NA,NA,"2_M",103.5395735729,448.034313124656,25.8114203763036,17.3579875339204,5.6223286839813e-39,224.962051368695,-121.422477795794
"20250424-CbDRC2-p042-m2x_B07_roi_0.png",20250424,"CbDRC2","p042","m2x","B07",0,355.321174428005,18.0903203501521,"","48h",10,"15hHB101","DMSO",1,"IVERMECTIN",0.00093,NA,NA,"ED3102","2_M",NA,NA,NA,344.038885690664,165.649249131353,304.819178734042,337.374061504224,353.556998650703,55.9458373301008,369.053151477313,383.405750298071,496.020975017325,0.162614866100931,17.9682276600006,14.4642756521815,16.7303256391565,17.4003529410577,18.1327917174614,1.29252643644135,18.3964398354707,19.261335554798,21.9582532307615,0.0719339971030459,50,"2_M_ED3102_0.00093",NA,NA,NA,NA,NA,"2_M",-94.4773144739537,448.034313124656,25.8114203763036,17.3579875339204,5.6223286839813e-39,224.962051368695,-319.439365842649
"20250424-CbDRC2-p042-m2x_B08_roi_0.png",20250424,"CbDRC2","p042","m2x","B08",0,313.403171148562,16.9649727930174,"","48h",10,"15hHB101","DMSO",1,"IVERMECTIN",0.0018,NA,NA,"ED3102","2_M",NA,NA,NA,291.536157842302,235.351288855709,257.971869488873,272.838165935138,288.307118217622,28.6401494547534,313.403171148562,325.037791153112,362.039147905077,0.0982387559290173,16.051727598319,14.6318567195247,14.9669526519642,15.1335676211087,15.8886164136447,1.00989542471382,16.5927627877978,17.8372149256242,18.0939463201404,0.0629150612311404,41,"2_M_ED3102_0.0018",NA,NA,NA,NA,NA,"2_M",-159.727194907034,448.034313124656,25.8114203763036,17.3579875339204,5.6223286839813e-39,224.962051368695,-384.689246275729
"20250424-CbDRC2-p042-m2x_B09_roi_0.png",20250424,"CbDRC2","p042","m2x","B09",0,293.697227037757,15.1350783756977,"","48h",10,"15hHB101","DMSO",1,"IVERMECTIN",0.0037,NA,NA,"ED3102","2_M",NA,NA,NA,260.446847590977,220.700051805265,228.104725446309,243.545352267938,256.260099120453,23.5754110614893,277.81267381237,293.697227037757,307.41076691086,0.0905190877891279,15.1972285763989,13.1828104198746,14.1409274513376,14.5851168451019,15.1350783756977,0.896970351646216,15.7936140466989,16.2816278002927,17.138303896184,0.0590219688502414,51,"2_M_ED3102_0.0037",NA,NA,NA,NA,NA,"2_M",-191.774214004203,448.034313124656,25.8114203763036,17.3579875339204,5.6223286839813e-39,224.962051368695,-416.736265372898
"20250424-CbDRC2-p042-m2x_B10_roi_0.png",20250424,"CbDRC2","p042","m2x","B10",0,222.358319259113,15.2729319529884,"","48h",10,"15hHB101","DMSO",1,"IVERMECTIN",0.0075,NA,NA,"ED3102","2_M",NA,NA,NA,229.066323594505,193.386644772515,205.935730488606,215.840604455402,231.819536942695,18.1641377375329,240.931408455415,250.918293991911,268.629102359698,0.0792964127266788,16.0853426708676,13.163251192849,14.1438849615261,14.3278103383534,14.7698531599829,6.33506067208977,15.3309371617922,15.699940170104,50.4472965793639,0.393840579073476,34,"2_M_ED3102_0.0075",NA,NA,NA,"outlier","outlier","2_M",-216.214776181961,448.034313124656,25.8114203763036,17.3579875339204,5.6223286839813e-39,224.962051368695,-441.176827550656
"20250424-CbDRC2-p042-m2x_B11_roi_0.png",20250424,"CbDRC2","p042","m2x","B11",0,244.766467574845,15.7416743586358,"","48h",10,"15hHB101","DMSO",1,"IVERMECTIN",0.015,NA,NA,"ED3102","2_M",NA,NA,NA,227.780707471478,171.937456749908,203.234762232993,215.905234307209,229.794983499168,22.1212147180282,242.159142437911,262.39853573757,268.322748192979,0.0971162789139994,15.1760963072184,14.0705242970616,14.2151824976804,14.3584094882126,14.7534491434454,1.55969965043424,15.5117797206747,16.0290430517106,22.4626767713542,0.102773441790323,29,"2_M_ED3102_0.015",NA,NA,NA,NA,NA,"2_M",-218.239329625488,448.034313124656,25.8114203763036,17.3579875339204,5.6223286839813e-39,224.962051368695,-443.201380994183
"20250424-CbDRC2-p042-m2x_B12_roi_0.png",20250424,"CbDRC2","p042","m2x","B12",0,244.680009624442,14.8240629326643,"","48h",10,"15hHB101","DMSO",1,"IVERMECTIN",0.03,NA,NA,"ED3102","2_M",NA,NA,NA,225.035543543757,183.493438439212,196.446139131683,216.554857518076,225.095294294744,19.6937405739228,239.17382354089,247.609134457116,255.765788439644,0.0875139111972924,14.8465568626119,13.6678407185898,14.2457729848644,14.6100895364094,14.8108607934651,0.615818439352705,15.0674051977714,15.4494858441138,16.864299703148,0.0414788725124223,23,"2_M_ED3102_0.03",NA,NA,NA,NA,NA,"2_M",-222.939018829912,448.034313124656,25.8114203763036,17.3579875339204,5.6223286839813e-39,224.962051368695,-447.901070198607
"20250424-CbDRC2-p042-m2x_C01_roi_0.png",20250424,"CbDRC2","p042","m2x","C01",0,621.760482196432,30.5877248638498,"","48h",10,"15hHB101","DMSO",1,"IVERMECTIN",0,NA,NA,"NIC1667","2_M",NA,NA,NA,605.111005678111,217.79074103545,546.326857814543,586.282895118401,614.938288726551,71.0628109441803,638.590322863366,654.900456502182,825.794695461608,0.117437644130344,31.4919337119536,14.1904890628778,29.0644517800268,30.118280784701,31.6485541570263,3.86797702233417,33.6075738289548,35.2666887387963,39.7217595065539,0.122824373305027,66,"2_M_NIC1667_0",NA,NA,NA,NA,NA,"2_M",166.186903827433,448.751384899118,23.2047689837157,19.3387568397701,2.24376724869859e-44,168.954730350924,-2.76782652349073
"20250424-CbDRC2-p042-m2x_C02_roi_0.png",20250424,"CbDRC2","p042","m2x","C02",0,684.636658022344,32.998373282227,"","48h",10,"15hHB101","DMSO",1,"IVERMECTIN",2.9e-05,NA,NA,"NIC1667","2_M",NA,NA,NA,604.408027975183,190.427040940474,509.758603730609,564.562747833998,615.794576089668,103.334421940305,648.399804383216,676.008589967449,1094.13089533826,0.17096798380803,31.888990731821,15.3597506587911,28.7336412123739,30.1618603587273,31.0638565972456,6.61573298894203,33.1942772934569,34.7768897209125,85.4435808619235,0.207461347540874,96,"2_M_NIC1667_2.9e-05",NA,"n>75",NA,NA,NA,"2_M",167.04319119055,448.751384899118,23.2047689837157,19.3387568397701,2.24376724869859e-44,168.954730350924,-1.91153916037399
"20250424-CbDRC2-p042-m2x_C03_roi_1.png",20250424,"CbDRC2","p042","m2x","C03",1,671.157365315765,34.3085714178179,"","48h",10,"15hHB101","DMSO",1,"IVERMECTIN",5.8e-05,NA,NA,"NIC1667","2_M",NA,NA,NA,612.284528417409,480.43848555363,537.162631607466,588.562801130453,613.202923584425,69.3915948512083,636.928577079324,660.319679455957,1001.59660642255,0.113332268954381,30.7114565846472,17.0372085363316,28.6803492546147,29.5109363089679,30.641046672806,3.06523266366726,32.7035995104083,34.2471276671922,36.7411095378025,0.0998074661557924,58,"2_M_NIC1667_5.8e-05",NA,NA,NA,NA,NA,"2_M",164.451538685307,448.751384899118,23.2047689837157,19.3387568397701,2.24376724869859e-44,168.954730350924,-4.5031916656169
"20250424-CbDRC2-p042-m2x_C04_roi_0.png",20250424,"CbDRC2","p042","m2x","C04",0,712.167002720403,32.9871245956473,"","48h",10,"15hHB101","DMSO",1,"IVERMECTIN",0.00011,NA,NA,"NIC1667","2_M",NA,NA,NA,601.040476592596,179.182232204093,524.352803688571,585.458816076613,618.800530660477,93.1381849110309,654.645095898012,678.555864833048,712.167002720403,0.154961585015118,31.4280459269745,13.8997819940305,26.7164136903016,29.9597313853172,31.8741022693575,4.14085036598476,33.3655749909742,36.3472773406656,37.8423570237599,0.131756532862601,68,"2_M_NIC1667_0.00011",NA,NA,NA,NA,NA,"2_M",170.049145761359,448.751384899118,23.2047689837157,19.3387568397701,2.24376724869859e-44,168.954730350924,1.09441541043532
"20250424-CbDRC2-p042-m2x_C05_roi_0.png",20250424,"CbDRC2","p042","m2x","C05",0,622.308312386858,32.6530925570361,"","48h",10,"15hHB101","DMSO",1,"IVERMECTIN",0.00023,NA,NA,"NIC1667","2_M",NA,NA,NA,599.65747069573,347.532792158671,549.618337836548,576.271182733511,605.293080023151,64.1246665082103,630.237246648834,656.486837527417,788.596268256261,0.106935491746333,31.3286554047417,25.5355562501147,28.6144216739636,30.099716289758,30.9331910857494,2.67402081405203,32.5716442517658,35.4130372372226,37.950166764915,0.085353832761278,48,"2_M_NIC1667_0.00023",NA,NA,NA,"outlier","outlier","2_M",156.541695124033,448.751384899118,23.2047689837157,19.3387568397701,2.24376724869859e-44,168.954730350924,-12.4130352268909
"20250424-CbDRC2-p042-m2x_C06_roi_0.png",20250424,"CbDRC2","p042","m2x","C06",0,592.061032679509,32.6518030791,"","48h",10,"15hHB101","DMSO",1,"IVERMECTIN",0.00046,NA,NA,"NIC1667","2_M",NA,NA,NA,575.800702474013,280.458785583786,530.617307358767,558.699632000805,584.118674046628,61.7637037874165,605.853118340918,629.050029835807,687.374947398365,0.107265766648147,29.5464170049822,20.9781981609258,25.6212975198219,27.8822622940396,28.8462999446517,4.84940388683554,30.5470841972449,33.2394118848682,56.9834774248709,0.164128323445033,55,"2_M_NIC1667_0.00046",NA,NA,NA,NA,NA,"2_M",135.367289147511,448.751384899118,23.2047689837157,19.3387568397701,2.24376724869859e-44,168.954730350924,-33.5874412034134
"20250424-CbDRC2-p042-m2x_C07_roi_0.png",20250424,"CbDRC2","p042","m2x","C07",0,324.080420309043,18.1822236200062,"","48h",10,"15hHB101","DMSO",1,"IVERMECTIN",0.00093,NA,NA,"NIC1667","2_M",NA,NA,NA,377.063806670762,274.453648112575,325.151835681067,352.501948075918,365.002244243251,66.1695793555518,384.33487783798,415.057731224601,687.745615314682,0.17548642480377,19.2074006478521,16.4012360142329,17.4437155650855,17.9193804083701,18.255170443604,4.47644690197154,18.7745723956714,20.0053940080902,44.1701586236976,0.233058443671926,37,"2_M_NIC1667_0.00093",NA,NA,NA,NA,NA,"2_M",-83.7491406558664,448.751384899118,23.2047689837157,19.3387568397701,2.24376724869859e-44,168.954730350924,-252.703871006791
"20250424-CbDRC2-p042-m2x_C08_roi_0.png",20250424,"CbDRC2","p042","m2x","C08",0,304.504903863884,15.9781447553631,"","48h",10,"15hHB101","DMSO",1,"IVERMECTIN",0.0018,NA,NA,"NIC1667","2_M",NA,NA,NA,298.75102284467,257.909123496255,268.462193790545,282.347511312255,297.723680377208,23.5836010867941,319.694059691225,323.485557954728,353.892956343242,0.0789406538670029,16.595864043491,14.7610400659473,15.4673176799032,15.8521533408394,16.4774909765953,1.08848540697477,16.9941167936617,18.0907308248193,19.3227877179986,0.0655877515097915,34,"2_M_NIC1667_0.0018",NA,NA,NA,NA,NA,"2_M",-151.02770452191,448.751384899118,23.2047689837157,19.3387568397701,2.24376724869859e-44,168.954730350924,-319.982434872834
"20250424-CbDRC2-p042-m2x_C09_roi_10.png",20250424,"CbDRC2","p042","m2x","C09",10,268.881505562563,14.5044819691984,"","48h",10,"15hHB101","DMSO",1,"IVERMECTIN",0.0037,NA,NA,"NIC1667","2_M",NA,NA,NA,262.209331448009,179.903088374592,246.857216612811,251.737969734563,261.600892666229,19.1640163723877,272.330355277005,283.031498190863,296.581167014233,0.0730867062074318,15.2711668212321,12.3616111682067,14.3598554821994,14.8307066679713,15.3639026948314,0.874180288136583,15.6978948964045,16.2255178923792,17.0292129727254,0.0572438437985744,45,"2_M_NIC1667_0.0037",NA,NA,NA,NA,NA,"2_M",-187.150492232888,448.751384899118,23.2047689837157,19.3387568397701,2.24376724869859e-44,168.954730350924,-356.105222583812
"20250424-CbDRC2-p042-m2x_C10_roi_0.png",20250424,"CbDRC2","p042","m2x","C10",0,279.674228414962,15.1142718175069,"","48h",10,"15hHB101","DMSO",1,"IVERMECTIN",0.0075,NA,NA,"NIC1667","2_M",NA,NA,NA,248.699705892296,135.143887413097,233.512029855686,238.601135162337,244.937635130519,27.0595339771641,263.873362999312,279.14672589017,309.877287794604,0.10880404494279,14.9368455268811,12.7867051181797,13.8431358058607,14.2017271741442,14.7575746904148,1.33616022465178,15.4573556695626,15.7719809253359,21.42001294539,0.0894539762259144,40,"2_M_NIC1667_0.0075",NA,NA,NA,NA,NA,"2_M",-203.813749768599,448.751384899118,23.2047689837157,19.3387568397701,2.24376724869859e-44,168.954730350924,-372.768480119523
"20250424-CbDRC2-p042-m2x_C11_roi_0.png",20250424,"CbDRC2","p042","m2x","C11",0,201.075679229024,15.2128648223434,"","48h",10,"15hHB101","DMSO",1,"IVERMECTIN",0.015,NA,NA,"NIC1667","2_M",NA,NA,NA,243.980374005721,201.075679229024,218.075539610072,232.83527399567,241.337163448668,22.8214357943488,253.799536896342,268.835043108074,334.200260477481,0.0935379982400292,14.5854422640237,12.0282070507242,13.7088882313934,14.1753890573252,14.5078158690445,0.832940988128188,15.1933052101086,15.4578410219283,16.6278890263403,0.0571076949913759,45,"2_M_NIC1667_0.015",NA,NA,NA,"outlier","outlier","2_M",-207.41422145045,448.751384899118,23.2047689837157,19.3387568397701,2.24376724869859e-44,168.954730350924,-376.368951801374
"20250424-CbDRC2-p042-m2x_C12_roi_0.png",20250424,"CbDRC2","p042","m2x","C12",0,554.80534425142,41.6062358747763,"","48h",10,"15hHB101","DMSO",1,"IVERMECTIN",0.03,NA,NA,"NIC1667","2_M",NA,NA,NA,237.934301031542,177.596429997792,210.292783421646,221.421273506725,229.803507365457,57.3854924042276,238.752523617278,251.015053486858,554.80534425142,0.241182091675887,15.6346189610647,12.8748872343299,13.5783463178543,14.0123068175092,14.5530287328089,5.04340394880284,14.9530386657086,15.7020876799762,41.6062358747763,0.322579268568205,36,"2_M_NIC1667_0.03",NA,NA,NA,NA,NA,"2_M",-218.94787753366,448.751384899118,23.2047689837157,19.3387568397701,2.24376724869859e-44,168.954730350924,-387.902607884585
"20250424-CbDRC2-p042-m2x_D01_roi_0.png",20250424,"CbDRC2","p042","m2x","D01",0,729.580707496581,33.9189609917006,"","48h",10,"15hHB101","DMSO",1,"IVERMECTIN",0,NA,NA,"ECA2666","2_M",NA,NA,NA,653.889520526111,277.406732491736,503.210949019185,579.701027240282,682.975921118979,162.853647953177,734.76251604608,826.495894773036,988.25652327741,0.249053766486648,28.7762690570951,19.6962339740125,21.3989771308442,22.6945852292161,28.3081506145949,7.12671884218796,33.7675922209124,36.0947826788418,50.8421255096921,0.247659584640657,24,"2_M_ECA2666_0",NA,NA,NA,"outlier","outlier","2_M",254.929429688104,428.046491430875,23.1940086619837,18.4550457693184,7.14951711570053e-42,208.851864384434,46.0775653036704
"20250424-CbDRC2-p042-m2x_D02_roi_0.png",20250424,"CbDRC2","p042","m2x","D02",0,713.325768551237,33.9840809389583,"","48h",10,"15hHB101","DMSO",1,"IVERMECTIN",2.9e-05,NA,NA,"ECA2666","2_M",NA,NA,NA,685.482049490151,554.239753571631,611.588701670976,643.988147827926,668.178847708629,110.963424968884,699.168505008382,725.841473548297,1107.15753284512,0.161876485389247,27.5636394592268,16.4137438694036,22.2528279034377,24.6073920806921,28.109838860743,4.43195104577323,31.232206101246,32.3804593473137,33.9840809389583,0.160789762626562,20,"2_M_ECA2666_2.9e-05",NA,NA,NA,NA,NA,"2_M",240.132356277754,428.046491430875,23.1940086619837,18.4550457693184,7.14951711570053e-42,208.851864384434,31.2804918933196
"20250424-CbDRC2-p042-m2x_D03_roi_0.png",20250424,"CbDRC2","p042","m2x","D03",0,688.768787103254,33.312800895395,"","48h",10,"15hHB101","DMSO",1,"IVERMECTIN",5.8e-05,NA,NA,"ECA2666","2_M",NA,NA,NA,624.306500671082,403.35240887461,528.819897208579,591.942226186795,644.332927737318,84.3713539353193,688.65136659871,709.965895016311,727.96437459201,0.13514412206925,28.0318009810441,22.5305259202901,23.0835827369019,26.0626038913419,27.7617717262934,3.52594948624308,30.9019295919863,32.0665821987717,35.6649764227613,0.12578390837704,24,"2_M_ECA2666_5.8e-05",NA,NA,NA,NA,NA,"2_M",216.286436306443,428.046491430875,23.1940086619837,18.4550457693184,7.14951711570053e-42,208.851864384434,7.43457192200876
"20250424-CbDRC2-p042-m2x_D05_roi_0.png",20250424,"CbDRC2","p042","m2x","D05",0,700.346670519091,29.9532025769724,"","48h",10,"15hHB101","DMSO",1,"IVERMECTIN",0.00023,NA,NA,"ECA2666","2_M",NA,NA,NA,581.79015581895,269.491561692269,466.264891639097,519.680862882558,588.5407352156,104.590839519437,653.939274688861,707.979439281001,730.835538040992,0.179774165089147,26.2758917442568,20.510871520152,22.1739268142998,23.1640044001392,25.0195171213621,4.68659038316303,27.5909035832389,31.1316683678746,42.3392449084274,0.178360849891513,34,"2_M_ECA2666_0.00023",NA,NA,NA,NA,NA,"2_M",160.494243784725,428.046491430875,23.1940086619837,18.4550457693184,7.14951711570053e-42,208.851864384434,-48.3576205997089
"20250424-CbDRC2-p042-m2x_D06_roi_0.png",20250424,"CbDRC2","p042","m2x","D06",0,510.230204100613,22.2966160874804,"","48h",10,"15hHB101","DMSO",1,"IVERMECTIN",0.00046,NA,NA,"ECA2666","2_M",NA,NA,NA,449.315262690285,62.2682523435233,333.741868567552,426.879774492944,491.289106561435,109.378383052134,510.131227859225,534.856836826682,542.886328459534,0.243433491213338,33.8081612791329,17.5830198353461,18.3714991024252,19.0817379292273,20.1081019646732,53.3848672333402,21.4880195073903,42.3896182502901,292.954360832078,1.57905266697513,27,"2_M_ECA2666_0.00046",NA,NA,NA,NA,NA,"2_M",63.2426151305601,428.046491430875,23.1940086619837,18.4550457693184,7.14951711570053e-42,208.851864384434,-145.609249253874
"20250424-CbDRC2-p042-m2x_D07_roi_0.png",20250424,"CbDRC2","p042","m2x","D07",0,384.481768352762,19.01708217258,"","48h",10,"15hHB101","DMSO",1,"IVERMECTIN",0.00093,NA,NA,"ECA2666","2_M",NA,NA,NA,374.333534431137,326.125652832404,342.675074571781,363.806639077734,378.709177206838,21.3276722680064,387.482053897619,392.937686328416,421.944670129632,0.0569750511410027,18.8835670981098,16.9545651889031,17.5001054712773,18.2820466128948,18.9068317555302,1.0362068556313,19.6500114726778,20.1099302785273,21.4680030237038,0.0548734701578189,28,"2_M_ECA2666_0.00093",NA,NA,NA,NA,NA,"2_M",-49.3373142240367,428.046491430875,23.1940086619837,18.4550457693184,7.14951711570053e-42,208.851864384434,-258.189178608471
"20250424-CbDRC2-p042-m2x_D08_roi_0.png",20250424,"CbDRC2","p042","m2x","D08",0,364.979844173459,17.1481270453597,"","48h",10,"15hHB101","DMSO",1,"IVERMECTIN",0.0018,NA,NA,"ECA2666","2_M",NA,NA,NA,308.381129805821,265.039344299698,277.369598723603,286.438149131956,308.873944928767,27.6395986408161,322.370060764861,335.933254324158,374.906329687171,0.0896280477933912,16.6920199520416,14.8836134518163,15.3943331158618,16.1651268751958,16.88452366084,0.965099004516851,17.1756263587453,18.0026332527171,18.4841771699046,0.0578179877144713,25,"2_M_ECA2666_0.0018",NA,NA,NA,NA,NA,"2_M",-119.172546502108,428.046491430875,23.1940086619837,18.4550457693184,7.14951711570053e-42,208.851864384434,-328.024410886542
"20250424-CbDRC2-p042-m2x_D09_roi_0.png",20250424,"CbDRC2","p042","m2x","D09",0,286.843666326986,14.5848996785827,"","48h",10,"15hHB101","DMSO",1,"IVERMECTIN",0.0037,NA,NA,"ECA2666","2_M",NA,NA,NA,267.338757190686,214.838401548296,238.193162045618,258.688232066813,269.997267173728,20.7965275974488,282.403029235549,288.308468483467,299.76881283012,0.0777909189673353,14.9249065043339,12.6358330618551,14.074895343658,14.4478914608063,15.0583951635799,0.754301885687844,15.3235025983017,15.9338041607242,16.0820894248069,0.0505398064281884,29,"2_M_ECA2666_0.0037",NA,NA,NA,NA,NA,"2_M",-158.049224257147,428.046491430875,23.1940086619837,18.4550457693184,7.14951711570053e-42,208.851864384434,-366.901088641581
"20250424-CbDRC2-p042-m2x_D10_roi_0.png",20250424,"CbDRC2","p042","m2x","D10",0,248.333260711245,14.4803420398765,"","48h",10,"15hHB101","DMSO",1,"IVERMECTIN",0.0075,NA,NA,"ECA2666","2_M",NA,NA,NA,239.710462929948,188.347585464368,214.892750923555,229.978794266567,240.160622837473,19.2491435885714,255.526510720665,261.301822901257,269.575610593184,0.0803016412103659,14.3632657612237,12.7612554593735,13.5070320368973,14.1060495638998,14.3968807476966,0.651928325076701,14.7779593102417,15.0945428724915,15.5375597140083,0.0453885861275854,28,"2_M_ECA2666_0.0075",NA,NA,NA,NA,NA,"2_M",-187.885868593402,428.046491430875,23.1940086619837,18.4550457693184,7.14951711570053e-42,208.851864384434,-396.737732977836
"20250424-CbDRC2-p042-m2x_D11_roi_0.png",20250424,"CbDRC2","p042","m2x","D11",0,246.981987555198,15.2746031989656,"","48h",10,"15hHB101","DMSO",1,"IVERMECTIN",0.015,NA,NA,"ECA2666","2_M",NA,NA,NA,238.455093856317,183.86713255451,217.399208557285,228.448714762931,239.559438225546,23.1733661033504,256.037538082404,262.671279077265,269.411482638017,0.0971812584440473,14.3246683705629,11.8700480601255,13.1061721816363,13.5504978317077,14.3444488778,1.29604940526366,14.746043318838,15.3738700506156,17.8850144077972,0.0904767476451344,20,"2_M_ECA2666_0.015",NA,NA,NA,NA,NA,"2_M",-188.487053205329,428.046491430875,23.1940086619837,18.4550457693184,7.14951711570053e-42,208.851864384434,-397.338917589763
"20250424-CbDRC2-p042-m2x_D12_roi_0.png",20250424,"CbDRC2","p042","m2x","D12",0,226.099923532005,13.3199035743737,"","48h",10,"15hHB101","DMSO",1,"IVERMECTIN",0.03,NA,NA,"ECA2666","2_M",NA,NA,NA,216.451512381336,152.59033443622,199.677959265348,212.003822193024,217.722980879933,19.2090444593261,225.857221176005,229.059464676314,264.215593776779,0.0887452540663444,14.4190562181691,12.2706247587339,13.1923120450203,13.4981225546213,14.3223413431942,1.34092981036472,14.8827054018749,15.7766507615769,18.9862675980988,0.0929970582037845,26,"2_M_ECA2666_0.03",NA,NA,NA,NA,NA,"2_M",-210.323510550942,428.046491430875,23.1940086619837,18.4550457693184,7.14951711570053e-42,208.851864384434,-419.175374935376
"20250424-CbDRC2-p042-m2x_E01_roi_0.png",20250424,"CbDRC2","p042","m2x","E01",0,810.225986335499,35.5902436669169,"","48h",10,"15hHB101","DMSO",1,"IVERMECTIN",0,NA,NA,"VX34","2_M",NA,NA,NA,654.811815539589,69.8537243591974,462.342664337311,652.067022898133,721.669254195785,194.101422368666,777.730100579055,796.062788297927,815.636621482574,0.296423213146695,115.311188022208,13.888413223514,32.1262292240938,33.6327258616447,35.5001241940485,378.375656762608,37.3540296853023,41.1271695787555,1809.19666368224,3.28134384227951,22,"2_M_VX34_0",NA,NA,NA,"outlier","outlier","2_M",246.02225347534,475.647000720446,31.6552380427125,15.0258544914006,2.52031100987692e-32,239.366746355374,6.6555071199657
"20250424-CbDRC2-p042-m2x_E02_roi_0.png",20250424,"CbDRC2","p042","m2x","E02",0,773.798590727388,35.8261738470907,"","48h",10,"15hHB101","DMSO",1,"IVERMECTIN",2.9e-05,NA,NA,"VX34","2_M",NA,NA,NA,723.943078837909,627.965204726901,649.126252531763,706.149669021217,717.5702125199,48.8136658904568,757.404181917593,777.519892690153,829.10308623532,0.0674274916320957,36.1223148406814,30.6313841835989,33.6197377995789,34.9424998625609,35.8942066834731,2.63565060193403,37.3763121450774,38.9686076091427,42.3402198693107,0.072964609648043,24,"2_M_VX34_2.9e-05",NA,NA,NA,NA,NA,"2_M",241.923211799455,475.647000720446,31.6552380427125,15.0258544914006,2.52031100987692e-32,239.366746355374,2.55646544408114
"20250424-CbDRC2-p042-m2x_E03_roi_0.png",20250424,"CbDRC2","p042","m2x","E03",0,799.284679725893,36.8752585682499,"","48h",10,"15hHB101","DMSO",1,"IVERMECTIN",5.8e-05,NA,NA,"VX34","2_M",NA,NA,NA,736.233166587143,501.629699250619,712.679361276081,719.551355233021,748.00428485918,80.2738040414256,784.446211580875,797.503596498361,799.284679725893,0.109033126575294,38.4460285875355,32.8540051106041,34.2039708082734,36.3042622237044,36.7232626675216,6.54726891604994,38.6374539750184,39.3047831114071,58.3729604244742,0.170297665496004,12,"2_M_VX34_5.8e-05",NA,NA,NA,NA,NA,"2_M",272.357284138734,475.647000720446,31.6552380427125,15.0258544914006,2.52031100987692e-32,239.366746355374,32.9905377833607
"20250424-CbDRC2-p042-m2x_E04_roi_0.png",20250424,"CbDRC2","p042","m2x","E04",0,767.387773652987,38.8160953912258,"","48h",10,"15hHB101","DMSO",1,"IVERMECTIN",0.00011,NA,NA,"VX34","2_M",NA,NA,NA,734.216218290669,669.086452050097,679.800217976296,697.225548141044,729.903080435575,45.1105886491849,767.387773652987,787.036544883177,826.359403670366,0.0614404687957002,35.8251569829051,29.7562334949094,33.1732462617127,33.8611275822395,36.3842239221221,2.60808440302146,38.0733758444334,38.6153418776,39.9293332680622,0.0728003621663397,17,"2_M_VX34_0.00011",NA,NA,NA,NA,NA,"2_M",254.25607971513,475.647000720446,31.6552380427125,15.0258544914006,2.52031100987692e-32,239.366746355374,14.8893333597562
"20250424-CbDRC2-p042-m2x_E05_roi_0.png",20250424,"CbDRC2","p042","m2x","E05",0,656.970790706121,36.7836914673554,"","48h",10,"15hHB101","DMSO",1,"IVERMECTIN",0.00023,NA,NA,"VX34","2_M",NA,NA,NA,653.522446953281,153.442253989118,617.324424482174,656.210511046611,689.456953566057,138.24506614807,707.367955536714,727.390765943386,744.783895801554,0.211538359229385,34.2775513107034,16.3724355907651,30.5443927080031,33.3003056582481,35.54189433583,5.49104366556403,37.4993065766578,38.1982678122664,39.4316199927752,0.160193580217891,16,"2_M_VX34_0.00023",NA,NA,NA,NA,NA,"2_M",213.809952845611,475.647000720446,31.6552380427125,15.0258544914006,2.52031100987692e-32,239.366746355374,-25.5567935097624
"20250424-CbDRC2-p042-m2x_E06_roi_0.png",20250424,"CbDRC2","p042","m2x","E06",0,573.162872696621,37.8590092039289,"","48h",10,"15hHB101","DMSO",1,"IVERMECTIN",0.00046,NA,NA,"VX34","2_M",NA,NA,NA,615.36130213239,440.131411923312,552.862440539575,574.08667974791,630.014023075188,70.795083355977,655.958121340653,695.692026700216,709.359793805896,0.115046368874112,30.302084234029,22.5393484138547,24.0162746687065,26.9337170326357,28.6929461932536,5.13072155790804,35.2120691155831,36.4335932192639,37.8590092039289,0.169319097600101,14,"2_M_VX34_0.00046",NA,NA,NA,NA,NA,"2_M",154.367022354742,475.647000720446,31.6552380427125,15.0258544914006,2.52031100987692e-32,239.366746355374,-84.9997240006317
"20250424-CbDRC2-p042-m2x_E07_roi_0.png",20250424,"CbDRC2","p042","m2x","E07",0,497.805953418966,21.7753261705203,"","48h",10,"15hHB101","DMSO",1,"IVERMECTIN",0.00093,NA,NA,"VX34","2_M",NA,NA,NA,385.554861029104,329.229528042159,334.605767323643,342.206248285325,380.802383395299,48.8612789634799,414.131253472002,438.342842104268,497.805953418966,0.126729770266835,18.3433970286615,14.3897237634928,16.7428873411966,17.447220716645,18.4362362211971,1.83826088621757,18.904372268085,20.6678472611543,21.7753261705203,0.100213765386274,14,"2_M_VX34_0.00093",NA,NA,NA,NA,NA,"2_M",-94.8446173251467,475.647000720446,31.6552380427125,15.0258544914006,2.52031100987692e-32,239.366746355374,-334.21136368052
"20250424-CbDRC2-p042-m2x_E08_roi_0.png",20250424,"CbDRC2","p042","m2x","E08",0,300.522046234887,16.018316048319,"","48h",10,"15hHB101","DMSO",1,"IVERMECTIN",0.0018,NA,NA,"VX34","2_M",NA,NA,NA,303.506225051159,269.628787192541,270.931540234634,279.573453818954,283.615858590884,49.0002420057203,300.522046234887,345.865738093078,425.865840204891,0.161447238841512,15.4880361165633,9.09764236552783,14.3945625527621,15.9863138594488,16.018316048319,2.43061646743357,16.477568677241,16.7895945147587,17.0012400612674,0.156935098106738,9,"2_M_VX34_0.0018",NA,NA,NA,NA,NA,"2_M",-192.031142129562,475.647000720446,31.6552380427125,15.0258544914006,2.52031100987692e-32,239.366746355374,-431.397888484935
"20250424-CbDRC2-p042-m2x_E09_roi_0.png",20250424,"CbDRC2","p042","m2x","E09",0,268.035909834508,15.4592499062526,"","48h",10,"15hHB101","DMSO",1,"IVERMECTIN",0.0037,NA,NA,"VX34","2_M",NA,NA,NA,244.326214008402,153.464825327473,219.588490096467,230.978339536363,254.645090455557,37.4749417632445,269.493757637505,274.551566408749,276.440502339791,0.153380765610177,15.0916104245366,13.7969388223223,13.8676261544121,14.7191205584634,15.3550968557029,0.769074764323514,15.4717715317427,15.7166803167263,16.1293329443759,0.0509604172575989,10,"2_M_VX34_0.0037",NA,NA,NA,NA,NA,"2_M",-221.001910264889,475.647000720446,31.6552380427125,15.0258544914006,2.52031100987692e-32,239.366746355374,-460.368656620263
"20250424-CbDRC2-p042-m2x_E10_roi_0.png",20250424,"CbDRC2","p042","m2x","E10",0,211.421261310293,14.878254167965,"","48h",10,"15hHB101","DMSO",1,"IVERMECTIN",0.0075,NA,NA,"VX34","2_M",NA,NA,NA,228.314868653321,118.111515761382,212.143019432889,222.992097861942,229.911402952183,39.0050302515069,252.76693720946,257.75946504848,268.990004077209,0.170838765261202,15.4104361311114,13.5122774501259,14.0931491180813,14.1674191311173,14.9683061623524,2.7547438085181,15.2417726543283,15.2500139110909,23.9535831232658,0.178758328776736,12,"2_M_VX34_0.0075",NA,NA,NA,NA,NA,"2_M",-245.735597768262,475.647000720446,31.6552380427125,15.0258544914006,2.52031100987692e-32,239.366746355374,-485.102344123636
"20250424-CbDRC2-p042-m2x_E11_roi_0.png",20250424,"CbDRC2","p042","m2x","E11",0,225.322189410086,14.6700852261482,"","48h",10,"15hHB101","DMSO",1,"IVERMECTIN",0.015,NA,NA,"VX34","2_M",NA,NA,NA,228.048953193717,213.701770697458,219.20350137592,221.822745345588,226.209829831998,9.50977235289827,232.453921747689,237.899473327693,247.676032824677,0.0417005744587661,14.5506479820908,13.8379107053662,13.9437975947754,14.3857390541991,14.6048168931049,0.413611329597056,14.8463448509489,15.0582146560398,15.0702539489567,0.0284256295737576,11,"2_M_VX34_0.015",NA,NA,NA,NA,NA,"2_M",-249.437170888448,475.647000720446,31.6552380427125,15.0258544914006,2.52031100987692e-32,239.366746355374,-488.803917243822
"20250424-CbDRC2-p042-m2x_E12_roi_0.png",20250424,"CbDRC2","p042","m2x","E12",0,234.217711620535,14.79964672597,"","48h",10,"15hHB101","DMSO",1,"IVERMECTIN",0.03,NA,NA,"VX34","2_M",NA,NA,NA,231.803633443912,214.308495593601,215.646265756764,222.237383952049,237.105291203044,11.8705463370267,240.690297049797,241.817213041293,243.91440734217,0.0512094921061663,14.5282319654407,13.9737774308101,13.975302807629,13.987600532741,14.4838802429587,0.556703305373713,14.9682740539841,15.169472070792,15.2768901687271,0.0383187236201886,8,"2_M_VX34_0.03",NA,NA,NA,NA,NA,"2_M",-238.541709517401,475.647000720446,31.6552380427125,15.0258544914006,2.52031100987692e-32,239.366746355374,-477.908455872775
"20250424-CbDRC2-p042-m2x_F01_roi_0.png",20250424,"CbDRC2","p042","m2x","F01",0,647.812971695732,37.0295227538272,"","48h",10,"15hHB101","DMSO",1,"IVERMECTIN",0,NA,NA,"PB420","2_M",NA,NA,NA,635.777281805266,555.957823487279,577.486542056424,627.651221146932,641.533273406644,41.8751506417643,656.852522435957,669.275409595046,713.66052904842,0.065864496640807,33.6266526301613,24.7512617197638,28.8849084342676,30.6279308398492,34.8980804965133,4.12504934571289,37.0295227538272,37.7808654320818,38.154831095762,0.122672018267228,13,"2_M_PB420_0",NA,NA,NA,NA,NA,"2_M",207.201187657278,434.332085749366,24.9979947579738,17.3746770472789,3.4105731271898e-39,188.841855702527,18.3593319547512
"20250424-CbDRC2-p042-m2x_F02_roi_0.png",20250424,"CbDRC2","p042","m2x","F02",0,674.505803840401,39.9062676417143,"","48h",10,"15hHB101","DMSO",1,"IVERMECTIN",2.9e-05,NA,NA,"PB420","2_M",NA,NA,NA,619.83582160687,445.106533849624,518.118553301287,593.144329646321,639.344814790525,72.4666843248634,664.231879096353,686.916637222621,735.2367016499,0.116912707847378,34.5802889181073,24.6160383967718,29.1083006910779,31.3591483678317,35.8913842019729,4.46246702204952,38.0911919795748,38.3613776450195,39.9062676417143,0.129046551132568,21,"2_M_PB420_2.9e-05",NA,NA,NA,NA,NA,"2_M",205.012729041159,434.332085749366,24.9979947579738,17.3746770472789,3.4105731271898e-39,188.841855702527,16.1708733386324
"20250424-CbDRC2-p042-m2x_F03_roi_0.png",20250424,"CbDRC2","p042","m2x","F03",0,646.768265251849,35.0126559596861,"","48h",10,"15hHB101","DMSO",1,"IVERMECTIN",5.8e-05,NA,NA,"PB420","2_M",NA,NA,NA,626.54686858402,572.286635734356,588.385005648148,615.668411887169,626.107794858073,29.6698322297287,640.006052254492,654.956199054032,715.144086739114,0.0473545295929445,35.0992342753901,25.98529222622,31.0568258382868,32.9472803527292,35.9528307389266,3.52364935239548,37.1478870667274,38.9458574945963,41.4082837730793,0.1003910605214,27,"2_M_PB420_5.8e-05",NA,NA,NA,NA,NA,"2_M",191.775709108707,434.332085749366,24.9979947579738,17.3746770472789,3.4105731271898e-39,188.841855702527,2.93385340618048
"20250424-CbDRC2-p042-m2x_F04_roi_0.png",20250424,"CbDRC2","p042","m2x","F04",0,650.344992433519,36.7357710774044,"","48h",10,"15hHB101","DMSO",1,"IVERMECTIN",0.00011,NA,NA,"PB420","2_M",NA,NA,NA,626.094001521971,154.815911350512,605.483018712193,627.088878677914,643.357161731115,95.6770940638506,662.621596120703,669.936861899871,696.939571610189,0.152815861246505,35.6510643840194,14.0343459784895,33.1304370570732,34.9631213120945,36.3415478501403,4.84462412941077,37.6440485598861,39.3750698753349,41.8784337465673,0.135890027776628,28,"2_M_PB420_0.00011",NA,NA,NA,NA,NA,"2_M",209.025075981749,434.332085749366,24.9979947579738,17.3746770472789,3.4105731271898e-39,188.841855702527,20.1832202792226
"20250424-CbDRC2-p042-m2x_F05_roi_0.png",20250424,"CbDRC2","p042","m2x","F05",0,654.131005700554,39.7273948078435,"","48h",10,"15hHB101","DMSO",1,"IVERMECTIN",0.00023,NA,NA,"PB420","2_M",NA,NA,NA,609.541157358523,397.700981633058,546.72265025115,575.890124939213,614.700742730239,61.5998687838681,653.541047415003,676.972832002605,699.769713071635,0.101059408442269,36.4470227384688,30.8637856415382,32.2637008079408,33.6425646163146,35.7478054305141,5.0857766185142,37.620031860055,39.540883199272,59.4635394282426,0.139538876879134,31,"2_M_PB420_0.00023",NA,NA,NA,NA,NA,"2_M",180.368656980873,434.332085749366,24.9979947579738,17.3746770472789,3.4105731271898e-39,188.841855702527,-8.4731987216538
"20250424-CbDRC2-p042-m2x_F06_roi_0.png",20250424,"CbDRC2","p042","m2x","F06",0,607.096478015442,31.6054405548718,"","48h",10,"15hHB101","DMSO",1,"IVERMECTIN",0.00046,NA,NA,"PB420","2_M",NA,NA,NA,582.118607206106,235.360101911168,535.118131044389,579.740538874342,606.632736034652,101.980442157055,629.108936617294,653.707499459999,677.561738469399,0.175188425339146,29.9173392133157,15.8767325486316,23.5994869665489,28.5984046410087,30.8422476276651,5.31897377240247,32.8040121424957,35.8821743146255,37.1572995902665,0.177788998362364,30,"2_M_PB420_0.00046",NA,NA,NA,"outlier","outlier","2_M",172.300650285286,434.332085749366,24.9979947579738,17.3746770472789,3.4105731271898e-39,188.841855702527,-16.5412054172408
"20250424-CbDRC2-p042-m2x_F07_roi_0.png",20250424,"CbDRC2","p042","m2x","F07",0,322.055021033469,17.2496852590368,"","48h",10,"15hHB101","DMSO",1,"IVERMECTIN",0.00093,NA,NA,"PB420","2_M",NA,NA,NA,331.753795710589,186.744814844368,282.175308726026,321.893139866628,338.515709799823,46.0304691509721,357.162946317091,372.435048173169,397.662440109213,0.138748884703425,18.126670381227,13.3631201897958,16.5853511106538,17.3260907889286,17.9728383232722,1.85474594989653,19.150790525129,19.8646064030876,23.0983558721979,0.102321381196263,24,"2_M_PB420_0.00093",NA,NA,NA,NA,NA,"2_M",-95.8163759495427,434.332085749366,24.9979947579738,17.3746770472789,3.4105731271898e-39,188.841855702527,-284.658231652069
"20250424-CbDRC2-p042-m2x_F08_roi_0.png",20250424,"CbDRC2","p042","m2x","F08",0,265.63873822445,15.8520901066218,"","48h",10,"15hHB101","DMSO",1,"IVERMECTIN",0.0018,NA,NA,"PB420","2_M",NA,NA,NA,257.476399867309,207.500180991067,228.063699918182,243.74230441872,265.63873822445,22.5609682469786,268.557752413117,281.113773276914,286.554887344063,0.087623441443975,15.6246431117933,13.8525637304252,14.3128433230628,15.3754419794308,15.8520901066218,0.878528838244557,16.2040074576019,16.5294068842745,16.7914860973073,0.0562271299228239,17,"2_M_PB420_0.0018",NA,NA,NA,NA,NA,"2_M",-168.693347524916,434.332085749366,24.9979947579738,17.3746770472789,3.4105731271898e-39,188.841855702527,-357.535203227443
"20250424-CbDRC2-p042-m2x_F09_roi_0.png",20250424,"CbDRC2","p042","m2x","F09",0,231.273888726069,14.062790050708,"","48h",10,"15hHB101","DMSO",1,"IVERMECTIN",0.0037,NA,NA,"PB420","2_M",NA,NA,NA,247.115956987774,197.522327240666,219.520374022416,231.699609131311,247.929852411046,23.4882006121525,264.692377097534,268.643419337377,302.063444283963,0.0950493076143789,15.2187424058982,13.2588678531185,14.1948045819093,14.6091914460219,15.2527979175273,0.858245411319883,15.9100484177925,16.3080388041252,16.8270497226332,0.0563939771388246,26,"2_M_PB420_0.0037",NA,NA,NA,NA,NA,"2_M",-186.40223333832,434.332085749366,24.9979947579738,17.3746770472789,3.4105731271898e-39,188.841855702527,-375.244089040847
"20250424-CbDRC2-p042-m2x_F10_roi_0.png",20250424,"CbDRC2","p042","m2x","F10",0,240.342504911528,15.6097728106194,"","48h",10,"15hHB101","DMSO",1,"IVERMECTIN",0.0075,NA,NA,"PB420","2_M",NA,NA,NA,220.795306739367,176.332677200075,200.803369511713,212.635506155082,221.187216719787,17.4875840651951,233.336255736545,240.38787270643,244.863772806644,0.0792026982975591,15.1612755160929,13.6299552421865,14.2091018323807,14.3554861445635,15.3614525607964,0.819857527177281,15.6534593528518,15.8822388721995,16.8950488084172,0.0540757620496407,20,"2_M_PB420_0.0075",NA,NA,NA,"outlier","outlier","2_M",-213.144869029579,434.332085749366,24.9979947579738,17.3746770472789,3.4105731271898e-39,188.841855702527,-401.986724732106
"20250424-CbDRC2-p042-m2x_F11_roi_0.png",20250424,"CbDRC2","p042","m2x","F11",0,175.742892981734,14.5757650389518,"","48h",10,"15hHB101","DMSO",1,"IVERMECTIN",0.015,NA,NA,"PB420","2_M",NA,NA,NA,211.810675161113,155.111906471704,179.264185980082,197.357878174483,213.067727837883,25.3452238556895,228.106630990475,239.987614707926,255.269391450906,0.119659803909367,14.1090777071817,13.0647203265561,13.3465827797281,13.7335123459719,14.1740292063595,0.581314278927367,14.5637761447348,14.8664125097884,15.0573368629734,0.0412014371875966,19,"2_M_PB420_0.015",NA,NA,NA,NA,NA,"2_M",-221.264357911483,434.332085749366,24.9979947579738,17.3746770472789,3.4105731271898e-39,188.841855702527,-410.10621361401
"20250424-CbDRC2-p042-m2x_F12_roi_0.png",20250424,"CbDRC2","p042","m2x","F12",0,207.740917512052,15.3665630198396,"","48h",10,"15hHB101","DMSO",1,"IVERMECTIN",0.03,NA,NA,"PB420","2_M",NA,NA,NA,208.557913184811,170.199625536426,175.177454660078,204.387093769532,210.340466570138,19.6707464274597,217.742212761878,232.471937681147,246.325015423649,0.094317909721453,14.2868025527687,13.0763362659075,13.3994220027205,13.7547352726208,14.0660335477793,0.814600323164728,14.7243641519262,15.2998473537303,16.3661989987847,0.0570176790892141,25,"2_M_PB420_0.03",NA,NA,NA,NA,NA,"2_M",-223.991619179228,434.332085749366,24.9979947579738,17.3746770472789,3.4105731271898e-39,188.841855702527,-412.833474881755
"20250424-CbDRC2-p043-m2x_A01_roi_0.png",20250424,"CbDRC2","p043","m2x","A01",0,645.893479127838,40.6790173586875,"","48h",10,"15hHB101","DMSO",1,"IVERMECTIN",0,NA,NA,"JU3237","2_M",NA,NA,NA,637.076531924194,517.312248587134,603.532924111882,615.947372481715,636.259569419807,37.6663627855624,658.172650062655,679.580372747353,757.058703396471,0.0591237644114701,35.4783523613898,26.5551063398292,31.7245417275525,33.4332658025681,35.6142455980249,3.65145121633154,37.231126584078,39.6425305476134,45.1925493115375,0.102920540929779,72,"2_M_JU3237_0",NA,NA,NA,NA,NA,"2_M",180.411234407651,455.848335012156,24.5659312291378,18.5561186653275,1.24613423832017e-41,185.742269212847,-5.33103480519566
"20250424-CbDRC2-p043-m2x_A02_roi_0.png",20250424,"CbDRC2","p043","m2x","A02",0,665.818484324091,36.8556270579832,"","48h",10,"15hHB101","DMSO",1,"IVERMECTIN",2.9e-05,NA,NA,"JU3237","2_M",NA,NA,NA,620.270524989589,235.831699413718,567.856792304068,615.46550589033,635.146889956669,82.2867028506418,653.859353834219,672.053290498916,800.83529485644,0.132662603711539,33.4449679404594,19.6498940738389,28.9935243873706,31.9426347018391,33.6972564144962,3.74171513982658,36.0790606816668,37.2829876342242,41.9239996174674,0.111876774601423,70,"2_M_JU3237_2.9e-05",NA,NA,NA,NA,NA,"2_M",179.298554944514,455.848335012156,24.5659312291378,18.5561186653275,1.24613423832017e-41,185.742269212847,-6.44371426833328
"20250424-CbDRC2-p043-m2x_A03_roi_0.png",20250424,"CbDRC2","p043","m2x","A03",0,673.319493455948,32.9518963118367,"","48h",10,"15hHB101","DMSO",1,"IVERMECTIN",5.8e-05,NA,NA,"JU3237","2_M",NA,NA,NA,627.91745822312,231.870368727229,565.87898607611,617.702034055401,641.808848051131,70.812339604808,658.448374066545,676.737963991704,797.043006596331,0.112773325024586,34.4362453034375,14.2233629124111,30.5936874735735,32.9349991670177,34.8938869546465,4.45285098042955,36.4162173200877,38.5422903187537,44.3218025404788,0.129307098993892,76,"2_M_JU3237_5.8e-05",NA,"n>75",NA,NA,NA,"2_M",185.960513038975,455.848335012156,24.5659312291378,18.5561186653275,1.24613423832017e-41,185.742269212847,0.218243826128457
"20250424-CbDRC2-p043-m2x_A04_roi_0.png",20250424,"CbDRC2","p043","m2x","A04",0,677.974740659957,35.9276386736301,"","48h",10,"15hHB101","DMSO",1,"IVERMECTIN",0.00011,NA,NA,"JU3237","2_M",NA,NA,NA,625.930355348976,272.777569923682,593.401340767455,609.185790148044,636.844674448428,66.7468646886784,655.395701979269,677.944592843975,696.894803553838,0.106636248135729,33.5264977212191,16.9100647634118,30.8957204894237,32.3764609953948,33.8096347319348,3.29222794243759,35.5694900792253,36.6563178063072,37.4221303915744,0.0981977888001681,61,"2_M_JU3237_0.00011",NA,NA,NA,"outlier","outlier","2_M",180.996339436272,455.848335012156,24.5659312291378,18.5561186653275,1.24613423832017e-41,185.742269212847,-4.74592977657511
"20250424-CbDRC2-p043-m2x_A05_roi_0.png",20250424,"CbDRC2","p043","m2x","A05",0,639.335123634067,33.2907007135573,"","48h",10,"15hHB101","DMSO",1,"IVERMECTIN",0.00023,NA,NA,"JU3237","2_M",NA,NA,NA,628.590158379348,227.426411888976,557.270217167665,603.464056002387,635.966411629294,120.638578373763,653.329444996371,685.187697918286,1286.13253957015,0.191919292349083,34.3313581172497,15.1490440331534,29.488854254673,32.7912553915007,34.1466106142046,5.68933138279416,36.2984520431809,37.7569209918454,57.9548975127171,0.165718214914882,78,"2_M_JU3237_0.00023",NA,"n>75",NA,NA,NA,"2_M",180.118076617138,455.848335012156,24.5659312291378,18.5561186653275,1.24613423832017e-41,185.742269212847,-5.62419259570919
"20250424-CbDRC2-p043-m2x_A06_roi_0.png",20250424,"CbDRC2","p043","m2x","A06",0,573.278737629234,36.19243082302,"","48h",10,"15hHB101","DMSO",1,"IVERMECTIN",0.00046,NA,NA,"JU3237","2_M",NA,NA,NA,592.318423806533,355.793261157005,505.388126611752,564.563494094994,602.470645927842,81.6290693264855,632.372232292672,647.831358523785,1005.08438822414,0.137812814941491,31.2875019705024,20.13817920586,25.4298525567962,28.3897195307178,31.6465894176269,4.15736603026246,34.5113487856819,36.1726320531406,38.970358579662,0.13287625308604,58,"2_M_JU3237_0.00046",NA,NA,NA,NA,NA,"2_M",146.622310915687,455.848335012156,24.5659312291378,18.5561186653275,1.24613423832017e-41,185.742269212847,-39.1199582971603
"20250424-CbDRC2-p043-m2x_A07_roi_0.png",20250424,"CbDRC2","p043","m2x","A07",0,418.26170619718,18.0564929572928,"","48h",10,"15hHB101","DMSO",1,"IVERMECTIN",0.00093,NA,NA,"JU3237","2_M",NA,NA,NA,395.451010098797,291.142967597429,342.345815256995,360.763501139605,383.795968554926,53.6845002388198,427.414244994841,460.969470517995,629.939558246591,0.135755122297975,18.3083424377247,14.4572717136189,16.5514007182475,17.0790708044854,17.8493762781308,2.05002308434418,18.9156103234411,20.5064838681153,24.9766369624973,0.111972074551111,66,"2_M_JU3237_0.00093",NA,NA,NA,NA,NA,"2_M",-72.0523664572302,455.848335012156,24.5659312291378,18.5561186653275,1.24613423832017e-41,185.742269212847,-257.794635670077
"20250424-CbDRC2-p043-m2x_A08_roi_0.png",20250424,"CbDRC2","p043","m2x","A08",0,321.409574720538,16.524811495002,"","48h",10,"15hHB101","DMSO",1,"IVERMECTIN",0.0018,NA,NA,"JU3237","2_M",NA,NA,NA,290.232347174022,226.334897552583,266.03482687858,277.647397815797,286.635536410303,22.8649731026962,300.593611332498,324.022060425576,348.901589123825,0.0787816152311459,16.2638783711342,13.3382936517889,15.1853925633239,15.6050555760007,16.1781393605702,1.05489471403274,16.8655019705749,17.461206096547,18.6146094173509,0.0648612028423068,49,"2_M_JU3237_0.0018",NA,NA,NA,NA,NA,"2_M",-169.212798601853,455.848335012156,24.5659312291378,18.5561186653275,1.24613423832017e-41,185.742269212847,-354.9550678147
"20250424-CbDRC2-p043-m2x_A09_roi_0.png",20250424,"CbDRC2","p043","m2x","A09",0,248.214143933683,15.0852622850447,"","48h",10,"15hHB101","DMSO",1,"IVERMECTIN",0.0037,NA,NA,"JU3237","2_M",NA,NA,NA,264.84439685858,232.81973576135,240.954318755332,251.833334850162,264.998043439895,17.574826885582,273.597683705711,284.298439421663,320.068068910655,0.0663590662821028,15.4818082681018,14.2737824129314,14.5532257824376,14.9330263672394,15.5958760132077,0.689967582303015,16.0164060256308,16.4236806586368,16.8934407791741,0.044566343307881,60,"2_M_JU3237_0.0037",NA,NA,NA,"outlier","outlier","2_M",-190.850291572261,455.848335012156,24.5659312291378,18.5561186653275,1.24613423832017e-41,185.742269212847,-376.592560785108
"20250424-CbDRC2-p043-m2x_A10_roi_0.png",20250424,"CbDRC2","p043","m2x","A10",0,237.737392659933,14.4545555593951,"","48h",10,"15hHB101","DMSO",1,"IVERMECTIN",0.0075,NA,NA,"JU3237","2_M",NA,NA,NA,239.399751374141,167.284901055151,213.104824825664,227.013078365609,239.711705576771,23.1694518314701,254.598782978304,266.281146494511,289.699737109939,0.0967814364821966,14.7982570833847,11.4233229833078,13.8030590397216,14.1383436823366,14.641498779745,0.963115500454008,15.5770833736868,15.9441954180706,17.2068053601451,0.0650830361323688,55,"2_M_JU3237_0.0075",NA,NA,NA,NA,NA,"2_M",-216.136629435385,455.848335012156,24.5659312291378,18.5561186653275,1.24613423832017e-41,185.742269212847,-401.878898648232
"20250424-CbDRC2-p043-m2x_A11_roi_0.png",20250424,"CbDRC2","p043","m2x","A11",0,245.411062250845,14.957983432112,"","48h",10,"15hHB101","DMSO",1,"IVERMECTIN",0.015,NA,NA,"JU3237","2_M",NA,NA,NA,224.7630543189,153.05715009194,187.841703017021,212.828061868411,227.027372881268,24.786141274379,245.486985199825,248.259951859112,272.393477904277,0.110276759450028,14.6959950503797,11.9954914632313,13.4553850898513,14.1662568254912,14.8511095261463,1.0148290239399,15.271151462997,15.8412158747437,16.7711259454536,0.0690548016967165,53,"2_M_JU3237_0.015",NA,NA,NA,NA,NA,"2_M",-228.820962130888,455.848335012156,24.5659312291378,18.5561186653275,1.24613423832017e-41,185.742269212847,-414.563231343735
"20250424-CbDRC2-p043-m2x_A12_roi_0.png",20250424,"CbDRC2","p043","m2x","A12",0,201.668512360347,15.3242960509316,"","48h",10,"15hHB101","DMSO",1,"IVERMECTIN",0.03,NA,NA,"JU3237","2_M",NA,NA,NA,224.293681609634,166.661569709659,191.275727789973,204.638963535959,223.838336148851,36.4717375785821,235.115655007204,251.672905786696,407.545409122418,0.162607066399928,14.6512881610458,11.8854987560765,13.2578787440421,13.7719064899617,14.4600493629853,1.38684365485892,15.302683887294,16.2489618600916,19.3369939480959,0.094656772811704,48,"2_M_JU3237_0.03",NA,NA,NA,NA,NA,"2_M",-232.009998863305,455.848335012156,24.5659312291378,18.5561186653275,1.24613423832017e-41,185.742269212847,-417.752268076152
"20250424-CbDRC2-p043-m2x_B01_roi_0.png",20250424,"CbDRC2","p043","m2x","B01",0,716.189172674135,29.3469310708448,"","48h",10,"15hHB101","DMSO",1,"IVERMECTIN",0,NA,NA,"ED3102","2_M",NA,NA,NA,678.976792615508,232.533580726157,622.670971842407,649.461596543979,683.706791665946,118.022875028869,701.142017979989,720.883764023935,1231.57718993308,0.173824608311323,33.1914497085321,16.9900505182614,29.4110905957717,32.3154845827694,34.0859504684381,3.48856836665321,34.9917411024127,35.9567793650942,39.1253765575545,0.105104428920333,42,"2_M_ED3102_0",NA,NA,NA,"outlier","outlier","2_M",235.67247854129,448.034313124656,25.8114203763036,17.3579875339204,5.6223286839813e-39,224.962051368695,10.7104271725951
"20250424-CbDRC2-p043-m2x_B03_roi_0.png",20250424,"CbDRC2","p043","m2x","B03",0,692.920019920095,33.8920141821319,"","48h",10,"15hHB101","DMSO",1,"IVERMECTIN",5.8e-05,NA,NA,"ED3102","2_M",NA,NA,NA,650.243433518313,191.156065920893,588.255688414744,634.411431000288,664.88351197088,80.7591549759426,692.900632118065,708.884391207693,735.641387640984,0.124198339903217,32.8956264712026,14.2582243697515,28.8138454038611,31.7198605180502,33.8483821916171,4.05210782089318,35.3127094945571,36.1905007635985,38.7472365395461,0.123180746365796,49,"2_M_ED3102_5.8e-05",NA,NA,NA,NA,NA,"2_M",216.849198846224,448.034313124656,25.8114203763036,17.3579875339204,5.6223286839813e-39,224.962051368695,-8.11285252247072
"20250424-CbDRC2-p043-m2x_B04_roi_0.png",20250424,"CbDRC2","p043","m2x","B04",0,709.57913519879,34.7280145589629,"","48h",10,"15hHB101","DMSO",1,"IVERMECTIN",0.00011,NA,NA,"ED3102","2_M",NA,NA,NA,647.992600561301,133.954652468318,586.280019594613,635.796856853003,671.387959819644,95.9002752542941,690.875099489283,716.460160386949,753.927121757371,0.147995941884558,35.6063292013478,24.0743726484966,28.0915416246989,32.3146047539364,33.5768036727143,16.8693138518183,35.3141034810055,37.1808128155406,148.497430625428,0.473772900217408,49,"2_M_ED3102_0.00011",NA,NA,NA,NA,NA,"2_M",223.353646694987,448.034313124656,25.8114203763036,17.3579875339204,5.6223286839813e-39,224.962051368695,-1.60840467370738
"20250424-CbDRC2-p043-m2x_B05_roi_0.png",20250424,"CbDRC2","p043","m2x","B05",0,638.610087638668,31.4436047422129,"","48h",10,"15hHB101","DMSO",1,"IVERMECTIN",0.00023,NA,NA,"ED3102","2_M",NA,NA,NA,640.880468312736,156.9216366775,571.071560624838,631.094311365092,656.736921078178,85.2225560779231,686.967383326489,702.955154817041,718.837492241612,0.132977302775806,31.8032796883158,13.6244859032058,26.8101687735853,30.0017848226058,32.9646072225541,4.28813817448455,34.2768149240603,35.5783293771732,39.5988296525335,0.134833206402293,52,"2_M_ED3102_0.00023",NA,NA,NA,NA,NA,"2_M",208.702607953521,448.034313124656,25.8114203763036,17.3579875339204,5.6223286839813e-39,224.962051368695,-16.2594434151735
"20250424-CbDRC2-p043-m2x_B06_roi_0.png",20250424,"CbDRC2","p043","m2x","B06",0,557.981026889004,23.6839601835895,"","48h",10,"15hHB101","DMSO",1,"IVERMECTIN",0.00046,NA,NA,"ED3102","2_M",NA,NA,NA,587.977651715303,366.910526575266,484.845241185269,533.59202289028,595.403934365957,95.540205472224,636.695811030652,676.737633243335,1033.72799067548,0.162489518425582,26.0013714585728,17.1341235240793,21.1221980058314,22.9461957112234,24.2749505563329,6.06631740544477,28.1270016051236,31.9214216553965,58.76011929398,0.233307593605593,53,"2_M_ED3102_0.00046",NA,NA,NA,NA,NA,"2_M",147.3696212413,448.034313124656,25.8114203763036,17.3579875339204,5.6223286839813e-39,224.962051368695,-77.5924301273945
"20250424-CbDRC2-p043-m2x_B07_roi_0.png",20250424,"CbDRC2","p043","m2x","B07",0,395.292658060645,19.2086446451994,"","48h",10,"15hHB101","DMSO",1,"IVERMECTIN",0.00093,NA,NA,"ED3102","2_M",NA,NA,NA,353.86626477608,256.650478248017,311.29598884628,338.444877200282,358.917548138777,33.9371186038473,368.935606432039,388.406390576508,449.823367585662,0.0959037975132275,18.4490499835229,15.8303557820498,17.2657266291234,17.577657897236,18.3271216955637,1.18659500235836,18.9954329790016,19.6431275299573,23.3060658660769,0.0643174040624379,47,"2_M_ED3102_0.00093",NA,NA,NA,NA,NA,"2_M",-89.1167649858792,448.034313124656,25.8114203763036,17.3579875339204,5.6223286839813e-39,224.962051368695,-314.078816354574
"20250424-CbDRC2-p043-m2x_B08_roi_0.png",20250424,"CbDRC2","p043","m2x","B08",0,258.135352841955,16.7704732076761,"","48h",10,"15hHB101","DMSO",1,"IVERMECTIN",0.0018,NA,NA,"ED3102","2_M",NA,NA,NA,292.226895143247,252.182601738566,263.331834578735,276.83068163394,288.724342888953,23.4533796209218,310.394797043473,320.603837165337,345.348397071291,0.0802574301363505,16.2733883060145,14.6607819147068,15.4427071646851,15.7470942919506,16.21089246208,0.76686574450576,16.7695151841758,17.2260052918038,18.2611417615671,0.047123913599624,38,"2_M_ED3102_0.0018",NA,NA,NA,NA,NA,"2_M",-159.309970235703,448.034313124656,25.8114203763036,17.3579875339204,5.6223286839813e-39,224.962051368695,-384.272021604398
"20250424-CbDRC2-p043-m2x_B09_roi_0.png",20250424,"CbDRC2","p043","m2x","B09",0,281.254155312308,15.5580781863446,"","48h",10,"15hHB101","DMSO",1,"IVERMECTIN",0.0037,NA,NA,"ED3102","2_M",NA,NA,NA,255.725034034108,213.092584885169,229.749898776535,242.709156621643,253.972993504223,20.1179535866883,272.412273486279,280.733233514814,304.841491431232,0.0786702548019021,15.2426557115785,13.4746581318983,14.2534112721965,14.7219434183821,15.2510596333869,0.771594765852095,15.7235113389752,16.1759694027963,16.9552853452469,0.0506207566747035,50,"2_M_ED3102_0.0037",NA,NA,NA,NA,NA,"2_M",-194.061319620433,448.034313124656,25.8114203763036,17.3579875339204,5.6223286839813e-39,224.962051368695,-419.023370989128
"20250424-CbDRC2-p043-m2x_B10_roi_0.png",20250424,"CbDRC2","p043","m2x","B10",0,222.345518620414,16.5198963666404,"","48h",10,"15hHB101","DMSO",1,"IVERMECTIN",0.0075,NA,NA,"ED3102","2_M",NA,NA,NA,246.925499890837,192.712790664179,217.767426937393,233.413065342183,249.557208698729,23.3651322719085,258.823653406211,272.16288315608,300.318550321956,0.0946242177589513,15.1611180550367,13.4914512459267,13.8106345247345,14.3739587620208,15.0183995795581,1.40795774640409,15.5038207302614,16.4964339501392,21.3869251475825,0.0928663533449862,35,"2_M_ED3102_0.0075",NA,NA,NA,NA,NA,"2_M",-198.477104425927,448.034313124656,25.8114203763036,17.3579875339204,5.6223286839813e-39,224.962051368695,-423.439155794622
"20250424-CbDRC2-p043-m2x_B11_roi_0.png",20250424,"CbDRC2","p043","m2x","B11",0,217.798823284329,14.7392699090621,"","48h",10,"15hHB101","DMSO",1,"IVERMECTIN",0.015,NA,NA,"ED3102","2_M",NA,NA,NA,234.285511233028,151.751008433721,215.357160053784,220.351872047505,234.939502195833,23.4583556249188,244.057170143256,259.524645813998,292.589797907981,0.100127214446421,14.9758732275885,13.4726622023348,13.7807769050216,14.2628773761901,14.7392699090621,1.31362778580097,15.3338679005993,15.9475758687194,21.0951251172708,0.0877162730905739,35,"2_M_ED3102_0.015",NA,NA,NA,NA,NA,"2_M",-213.094810928823,448.034313124656,25.8114203763036,17.3579875339204,5.6223286839813e-39,224.962051368695,-438.056862297518
"20250424-CbDRC2-p043-m2x_B12_roi_0.png",20250424,"CbDRC2","p043","m2x","B12",0,253.403495859694,15.1144236040879,"","48h",10,"15hHB101","DMSO",1,"IVERMECTIN",0.03,NA,NA,"ED3102","2_M",NA,NA,NA,234.181026238089,192.979559698547,211.675394961923,220.261109256248,232.214273433693,21.0062177889404,247.298007908139,256.787506325738,285.219363193653,0.0897007675061755,14.8366373362005,13.3921583374829,14.0773817003646,14.3124167243966,14.8613581515959,0.698191047463107,15.2024140573609,15.6916730467535,16.7260480836096,0.047058577468869,33,"2_M_ED3102_0.03",NA,NA,NA,NA,NA,"2_M",-215.820039690964,448.034313124656,25.8114203763036,17.3579875339204,5.6223286839813e-39,224.962051368695,-440.782091059659
"20250424-CbDRC2-p043-m2x_C01_roi_0.png",20250424,"CbDRC2","p043","m2x","C01",0,635.166137379399,36.7800704636663,"","48h",10,"15hHB101","DMSO",1,"IVERMECTIN",0,NA,NA,"NIC1667","2_M",NA,NA,NA,614.727350049497,484.665601172766,553.076103332507,590.294312883706,622.476624090983,48.3730814832874,640.150744645759,658.258594078548,843.141379572845,0.0786903030740254,31.5019629745539,23.8041954602216,28.9100953055158,29.9422444290796,30.928349121634,3.25289017831499,32.241980995952,35.1870726904976,47.7743387063383,0.103259920054587,76,"2_M_NIC1667_0",NA,"n>75",NA,NA,NA,"2_M",173.725239191865,448.751384899118,23.2047689837157,19.3387568397701,2.24376724869859e-44,168.954730350924,4.77050884094081
"20250424-CbDRC2-p043-m2x_C02_roi_0.png",20250424,"CbDRC2","p043","m2x","C02",0,551.988988829962,44.1289553640752,"","48h",10,"15hHB101","DMSO",1,"IVERMECTIN",2.9e-05,NA,NA,"NIC1667","2_M",NA,NA,NA,597.040402230257,92.0066144693319,523.475346387847,556.723952374339,614.683652267003,86.236078609188,641.440110939,666.137789421181,779.612689653074,0.144439267907249,31.1953544243059,19.1451298925651,28.1113950150816,30.1164983657352,31.1854436865169,3.34271240558058,32.8331959112204,34.6648141273539,44.1289553640752,0.107154173025715,90,"2_M_NIC1667_2.9e-05",NA,"n>75",NA,NA,NA,"2_M",165.932267367885,448.751384899118,23.2047689837157,19.3387568397701,2.24376724869859e-44,168.954730350924,-3.02246298303896
"20250424-CbDRC2-p043-m2x_C03_roi_0.png",20250424,"CbDRC2","p043","m2x","C03",0,671.390163893068,34.6357482324916,"","48h",10,"15hHB101","DMSO",1,"IVERMECTIN",5.8e-05,NA,NA,"NIC1667","2_M",NA,NA,NA,612.458570868911,225.150311459968,578.909243507993,599.268413251411,630.006726390055,84.1179911987648,653.819047800535,668.31649974941,688.437460359983,0.137344785753303,30.5243322616049,14.4352742392836,26.5082493878814,29.6573757921123,31.2104888781474,4.31768781095107,32.4329532247378,33.8934025498802,43.2023485179792,0.141450688386788,71,"2_M_NIC1667_5.8e-05",NA,NA,NA,NA,NA,"2_M",181.255341490938,448.751384899118,23.2047689837157,19.3387568397701,2.24376724869859e-44,168.954730350924,12.3006111400136
"20250424-CbDRC2-p043-m2x_C04_roi_0.png",20250424,"CbDRC2","p043","m2x","C04",0,697.522789250143,33.9425453826118,"","48h",10,"15hHB101","DMSO",1,"IVERMECTIN",0.00011,NA,NA,"NIC1667","2_M",NA,NA,NA,630.15933814789,274.643295251096,556.822549120277,608.542821583936,630.216750622919,105.804109010234,653.991708820885,677.358828898502,1202.57327104856,0.167900565151036,31.0125470283886,14.8206725755143,28.7211643654711,29.7796336791318,31.0581587806822,4.0623618484972,32.663112584662,33.9036557122929,43.487729707574,0.130990912961085,85,"2_M_NIC1667_0.00011",NA,"n>75",NA,NA,NA,"2_M",181.465365723801,448.751384899118,23.2047689837157,19.3387568397701,2.24376724869859e-44,168.954730350924,12.5106353728773
"20250424-CbDRC2-p043-m2x_C05_roi_0.png",20250424,"CbDRC2","p043","m2x","C05",0,662.641957713017,30.9975355795571,"","48h",10,"15hHB101","DMSO",1,"IVERMECTIN",0.00023,NA,NA,"NIC1667","2_M",NA,NA,NA,644.109261682093,466.678071632621,563.972345620568,618.643756765635,646.226731586344,77.9778163962256,667.90938949873,688.925179370857,1036.82500428052,0.121063026158926,31.0325327425267,17.3570126788597,28.3684439284878,29.8596296064168,31.0998438510813,3.01558770220028,32.4194644994448,34.1782073803233,37.1591099416937,0.0971750429531568,46,"2_M_NIC1667_0.00023",NA,NA,NA,NA,NA,"2_M",197.475346687227,448.751384899118,23.2047689837157,19.3387568397701,2.24376724869859e-44,168.954730350924,28.5206163363024
"20250424-CbDRC2-p043-m2x_C06_roi_0.png",20250424,"CbDRC2","p043","m2x","C06",0,579.459694699483,29.6746885541056,"","48h",10,"15hHB101","DMSO",1,"IVERMECTIN",0.00046,NA,NA,"NIC1667","2_M",NA,NA,NA,592.294401147555,472.873936592293,526.749638082539,550.839409181737,585.896407151861,74.9203169980811,616.589541447963,661.524879741089,976.119086021139,0.126491685305356,29.0343937925745,18.5833550217971,25.8164391510842,27.2932071591414,29.3840312636201,3.40878361870126,30.7581655530293,31.5126370112549,42.5309927898313,0.117405021198447,55,"2_M_NIC1667_0.00046",NA,NA,NA,NA,NA,"2_M",137.145022252743,448.751384899118,23.2047689837157,19.3387568397701,2.24376724869859e-44,168.954730350924,-31.809708098181
"20250424-CbDRC2-p043-m2x_C07_roi_0.png",20250424,"CbDRC2","p043","m2x","C07",0,595.905059554196,47.9323738021197,"","48h",10,"15hHB101","DMSO",1,"IVERMECTIN",0.00093,NA,NA,"NIC1667","2_M",NA,NA,NA,349.161660567993,149.609973334632,250.59638942491,337.675877422274,361.771090228801,73.1720357983592,379.158722244606,395.111721385105,595.905059554196,0.20956492095761,18.8028025106933,13.6178172303541,15.3954850528092,17.6877756942883,18.6698164841551,4.62389090772311,19.2147351489504,20.0085864749673,47.9323738021197,0.245914985550345,47,"2_M_NIC1667_0.00093",NA,NA,NA,"outlier","outlier","2_M",-86.980294670317,448.751384899118,23.2047689837157,19.3387568397701,2.24376724869859e-44,168.954730350924,-255.935025021241
"20250424-CbDRC2-p043-m2x_C08_roi_0.png",20250424,"CbDRC2","p043","m2x","C08",0,274.834771769759,16.7022651855877,"","48h",10,"15hHB101","DMSO",1,"IVERMECTIN",0.0018,NA,NA,"NIC1667","2_M",NA,NA,NA,295.649650573655,226.448484100946,271.339691716929,275.932659974258,293.927371063296,25.4009176639202,312.255786792516,327.986596851511,355.699800112905,0.085915601843717,16.6172017966134,14.99209760828,15.4747970675082,16.0422803933055,16.492628288854,1.00409717922754,17.0119335176344,17.5855161180341,20.2526411424987,0.0604251661330957,35,"2_M_NIC1667_0.0018",NA,NA,NA,NA,NA,"2_M",-154.824013835822,448.751384899118,23.2047689837157,19.3387568397701,2.24376724869859e-44,168.954730350924,-323.778744186746
"20250424-CbDRC2-p043-m2x_C09_roi_0.png",20250424,"CbDRC2","p043","m2x","C09",0,276.488806283812,15.2555429329628,"","48h",10,"15hHB101","DMSO",1,"IVERMECTIN",0.0037,NA,NA,"NIC1667","2_M",NA,NA,NA,266.683468739749,191.204896339071,250.137390210042,257.286399923349,268.723603012861,20.8727684120971,279.64991464506,287.694063378344,310.340042868363,0.0782679500560507,15.7267561060941,14.2450378963094,14.748169131145,15.016857774734,15.691409482811,0.856237240543059,16.3563150304251,16.6668968844792,17.8306972983143,0.0544446187609706,54,"2_M_NIC1667_0.0037",NA,NA,NA,"outlier","outlier","2_M",-180.027781886257,448.751384899118,23.2047689837157,19.3387568397701,2.24376724869859e-44,168.954730350924,-348.982512237181
"20250424-CbDRC2-p043-m2x_C11_roi_10.png",20250424,"CbDRC2","p043","m2x","C11",10,263.324286186344,13.0523097384925,"","48h",10,"15hHB101","DMSO",1,"IVERMECTIN",0.015,NA,NA,"NIC1667","2_M",NA,NA,NA,241.33017542394,198.545205101414,221.194231834814,230.84358760419,241.528384095628,15.8077908933524,253.810480689934,261.364586671709,268.04188843677,0.0655027530874792,14.4331983527599,13.0523097384925,13.6360570795229,14.0620952225037,14.4335999856308,0.637316295191907,14.8240534246241,15.2246111218842,15.9160809961665,0.0441562763578346,39,"2_M_NIC1667_0.015",NA,NA,NA,NA,NA,"2_M",-207.223000803489,448.751384899118,23.2047689837157,19.3387568397701,2.24376724869859e-44,168.954730350924,-376.177731154413
"20250424-CbDRC2-p043-m2x_C12_roi_10.png",20250424,"CbDRC2","p043","m2x","C12",10,260.80983396601,14.3144556037418,"","48h",10,"15hHB101","DMSO",1,"IVERMECTIN",0.03,NA,NA,"NIC1667","2_M",NA,NA,NA,226.177372441585,138.520393214825,197.03476668906,222.424453793708,226.887348789402,23.8094965512248,237.843104939887,252.429790281584,260.80983396601,0.105269135874209,14.3919498007198,12.1273072870936,13.3004685947417,13.9000985811627,14.4699346728255,0.9121469890464,14.8787821084459,15.591184866372,15.9319883777066,0.063378972389188,37,"2_M_NIC1667_0.03",NA,NA,NA,NA,NA,"2_M",-221.864036109716,448.751384899118,23.2047689837157,19.3387568397701,2.24376724869859e-44,168.954730350924,-390.81876646064
"20250424-CbDRC2-p043-m2x_D01_roi_0.png",20250424,"CbDRC2","p043","m2x","D01",0,754.486004036044,33.044056547797,"","48h",10,"15hHB101","DMSO",1,"IVERMECTIN",0,NA,NA,"ECA2666","2_M",NA,NA,NA,659.525130811157,526.925484240701,571.311140260447,590.239367878788,670.431003245455,75.3406738342376,701.64190288081,747.543235319848,856.661543330998,0.114234727858778,27.7431420622041,14.3590729963558,22.8329314726955,25.1499425963042,27.102094514655,4.65439259235467,30.6947038549373,33.102017570218,40.176400077174,0.167767320007188,30,"2_M_ECA2666_0",NA,NA,NA,NA,NA,"2_M",242.38451181458,428.046491430875,23.1940086619837,18.4550457693184,7.14951711570053e-42,208.851864384434,33.5326474301456
"20250424-CbDRC2-p043-m2x_D02_roi_0.png",20250424,"CbDRC2","p043","m2x","D02",0,750.047567603326,34.6800922269744,"","48h",10,"15hHB101","DMSO",1,"IVERMECTIN",2.9e-05,NA,NA,"ECA2666","2_M",NA,NA,NA,634.064727749463,294.315294509375,530.965751374968,579.54798169867,648.645392973316,122.869550467146,680.904716667902,712.157703564469,1093.23986329887,0.193780768886573,26.9073782158421,17.0700099550934,21.831706994674,22.9801101769393,25.785883877265,5.42578700016368,30.2018385065921,32.1533872356515,46.237203833314,0.201646810649474,40,"2_M_ECA2666_2.9e-05",NA,NA,NA,NA,NA,"2_M",220.598901542441,428.046491430875,23.1940086619837,18.4550457693184,7.14951711570053e-42,208.851864384434,11.7470371580074
"20250424-CbDRC2-p043-m2x_D03_roi_0.png",20250424,"CbDRC2","p043","m2x","D03",0,564.41549048781,29.6819829459542,"","48h",10,"15hHB101","DMSO",1,"IVERMECTIN",5.8e-05,NA,NA,"ECA2666","2_M",NA,NA,NA,618.911822771916,275.749664365529,514.843736631294,581.739843720222,641.924534354641,94.3624030892579,676.697032173682,705.742900838312,730.492679017255,0.152465019437886,27.8546965687908,21.7039597718119,23.1171587309641,24.8101127194892,26.5665836374159,4.86717387507663,29.7727810078746,34.1342248702637,44.7783822559186,0.174734406567902,32,"2_M_ECA2666_5.8e-05",NA,NA,NA,NA,NA,"2_M",213.878042923766,428.046491430875,23.1940086619837,18.4550457693184,7.14951711570053e-42,208.851864384434,5.02617853933234
"20250424-CbDRC2-p043-m2x_D04_roi_0.png",20250424,"CbDRC2","p043","m2x","D04",0,664.906489782256,31.2688079074374,"","48h",10,"15hHB101","DMSO",1,"IVERMECTIN",0.00011,NA,NA,"ECA2666","2_M",NA,NA,NA,604.594213077945,168.236782624665,498.956671496859,577.677747479775,644.810665645502,114.58853422977,665.701049511043,690.772498626561,756.008390913068,0.189529657663126,27.7237687748623,13.3040047895993,22.7399168911892,24.8066065528539,28.758065891467,4.70062244453357,30.6294518347449,33.1262733988022,34.5928523394596,0.169552072184201,27,"2_M_ECA2666_0.00011",NA,NA,NA,NA,NA,"2_M",216.764174214627,428.046491430875,23.1940086619837,18.4550457693184,7.14951711570053e-42,208.851864384434,7.91230983019258
"20250424-CbDRC2-p043-m2x_D05_roi_0.png",20250424,"CbDRC2","p043","m2x","D05",0,667.27725803842,31.3103283626274,"","48h",10,"15hHB101","DMSO",1,"IVERMECTIN",0.00023,NA,NA,"ECA2666","2_M",NA,NA,NA,600.027789908595,182.310325524794,516.848000967708,553.583146851391,593.3584859489,104.280290467512,667.819890721254,708.708393196458,776.803117312809,0.173792434652731,25.1869099564889,15.026541083079,21.3554833538621,22.3217606351411,24.4798829313074,4.38988954802045,28.7853558233868,30.7963747430146,33.5724824114996,0.174292501763976,36,"2_M_ECA2666_0.00023",NA,NA,NA,NA,NA,"2_M",165.311994518025,428.046491430875,23.1940086619837,18.4550457693184,7.14951711570053e-42,208.851864384434,-43.539869866409
"20250424-CbDRC2-p043-m2x_D06_roi_0.png",20250424,"CbDRC2","p043","m2x","D06",0,548.707080905149,26.0242457477319,"","48h",10,"15hHB101","DMSO",1,"IVERMECTIN",0.00046,NA,NA,"ECA2666","2_M",NA,NA,NA,489.896113162982,317.587741766841,408.168962894733,443.228238178257,503.073958632415,68.7766571771045,520.124959306886,550.09606580371,651.867384804865,0.140390289551498,22.7521313018051,17.9212239044451,18.9819902006326,20.3641077986529,22.3842178773243,3.82530887276721,23.7719052447406,25.7334138405915,35.9230536435687,0.168129693962504,23,"2_M_ECA2666_0.00046",NA,NA,NA,NA,NA,"2_M",75.0274672015401,428.046491430875,23.1940086619837,18.4550457693184,7.14951711570053e-42,208.851864384434,-133.824397182894
"20250424-CbDRC2-p043-m2x_D07_roi_0.png",20250424,"CbDRC2","p043","m2x","D07",0,359.51451148938,18.7367957341265,"","48h",10,"15hHB101","DMSO",1,"IVERMECTIN",0.00093,NA,NA,"ECA2666","2_M",NA,NA,NA,372.284023825637,194.218023854926,356.568508211853,367.452800408611,375.909239566077,47.4239573093,393.768671906207,405.128421456545,420.489371985876,0.12738649599294,18.2055607284848,13.6610041884305,17.0728175026793,17.7248059153421,18.7046725585649,1.35787595634053,18.9835058565725,19.4480877473474,19.6203095639801,0.0745857804981512,19,"2_M_ECA2666_0.00093",NA,NA,NA,NA,NA,"2_M",-52.1372518647981,428.046491430875,23.1940086619837,18.4550457693184,7.14951711570053e-42,208.851864384434,-260.989116249232
"20250424-CbDRC2-p043-m2x_D08_roi_0.png",20250424,"CbDRC2","p043","m2x","D08",0,280.049762173631,14.1116471029674,"","48h",10,"15hHB101","DMSO",1,"IVERMECTIN",0.0018,NA,NA,"ECA2666","2_M",NA,NA,NA,302.744205076439,258.126784253447,271.887229198045,280.654486925721,299.211949503998,27.5074269433311,323.223972428879,338.588497897099,357.074215552404,0.0908602922271818,16.1301772157704,14.1116471029674,15.1150231824489,15.6253285253051,16.1431903003594,0.931991065789642,16.6409883841706,17.2670332736377,18.0266720220336,0.0577793444748045,27,"2_M_ECA2666_0.0018",NA,NA,NA,NA,NA,"2_M",-128.834541926877,428.046491430875,23.1940086619837,18.4550457693184,7.14951711570053e-42,208.851864384434,-337.686406311311
"20250424-CbDRC2-p043-m2x_D09_roi_0.png",20250424,"CbDRC2","p043","m2x","D09",0,238.298759116873,14.6560690646864,"","48h",10,"15hHB101","DMSO",1,"IVERMECTIN",0.0037,NA,NA,"ECA2666","2_M",NA,NA,NA,264.143411728418,214.632240497602,238.905461802375,253.954248469698,264.298695954871,21.6723218128026,275.502215135248,293.299106616221,310.406585970333,0.0820475576922025,14.9008917184963,12.0292079369487,14.1889896498595,14.6600415104723,15.0145652024902,0.877990534014948,15.4460840088979,15.7490048933426,16.1936585383116,0.0589220128970609,26,"2_M_ECA2666_0.0037",NA,NA,NA,NA,NA,"2_M",-163.747795476004,428.046491430875,23.1940086619837,18.4550457693184,7.14951711570053e-42,208.851864384434,-372.599659860438
"20250424-CbDRC2-p043-m2x_D10_roi_0.png",20250424,"CbDRC2","p043","m2x","D10",0,267.650430068699,15.6398495237565,"","48h",10,"15hHB101","DMSO",1,"IVERMECTIN",0.0075,NA,NA,"ECA2666","2_M",NA,NA,NA,240.164977185835,189.819207909553,215.328152633055,229.090188884517,243.120935020984,19.6265751163519,252.431414287279,266.89873602063,272.448954663179,0.0817212207472084,14.5724834178688,13.3392411677378,13.8057898838629,14.2382801675871,14.4343282455205,0.729179408298807,14.8634792199372,15.4104684145516,16.6110078471503,0.0500381017695781,29,"2_M_ECA2666_0.0075",NA,NA,NA,NA,NA,"2_M",-184.925556409891,428.046491430875,23.1940086619837,18.4550457693184,7.14951711570053e-42,208.851864384434,-393.777420794325
"20250424-CbDRC2-p043-m2x_D11_roi_0.png",20250424,"CbDRC2","p043","m2x","D11",0,193.079566369196,13.4160592028724,"","48h",10,"15hHB101","DMSO",1,"IVERMECTIN",0.015,NA,NA,"ECA2666","2_M",NA,NA,NA,226.055248879018,146.882395982729,199.992777859364,210.648136276146,227.195551710571,27.9218887956662,245.50930241814,261.612386085421,269.435567802762,0.123517984802953,14.1369658711172,13.2338960281568,13.6037666245963,13.9514208712212,14.122891288059,0.4468869410841,14.2673632125984,14.7798851930944,15.1009618323753,0.03161123434535,23,"2_M_ECA2666_0.015",NA,NA,NA,NA,NA,"2_M",-200.850939720304,428.046491430875,23.1940086619837,18.4550457693184,7.14951711570053e-42,208.851864384434,-409.702804104738
"20250424-CbDRC2-p043-m2x_D12_roi_0.png",20250424,"CbDRC2","p043","m2x","D12",0,231.309029822485,13.92604961887,"","48h",10,"15hHB101","DMSO",1,"IVERMECTIN",0.03,NA,NA,"ECA2666","2_M",NA,NA,NA,218.495131494797,198.616161053266,204.887383397531,209.769976914877,217.218678456337,10.6522514432728,225.934854114405,232.269544720276,234.556963250141,0.0487528091376556,13.5788355870373,11.6654440597907,12.0658448294277,13.4284161264283,13.8714675894088,0.856015315338041,14.1835478177877,14.3531680796512,14.6934312574754,0.0630404065099084,25,"2_M_ECA2666_0.03",NA,NA,NA,NA,NA,"2_M",-210.827812974538,428.046491430875,23.1940086619837,18.4550457693184,7.14951711570053e-42,208.851864384434,-419.679677358972
"20250424-CbDRC2-p043-m2x_E02_roi_0.png",20250424,"CbDRC2","p043","m2x","E02",0,794.004949529146,38.1809258100163,"","48h",10,"15hHB101","DMSO",1,"IVERMECTIN",2.9e-05,NA,NA,"VX34","2_M",NA,NA,NA,743.383921148775,694.34511506843,700.095989262826,709.155893110185,738.468461328909,37.6844822782677,770.125523887586,789.777444785787,822.575728716887,0.0506931629890953,36.4635260261054,28.5174411895593,33.697583083121,35.8359501137035,36.6999835106015,2.73495403099199,38.2317611960284,38.9297849779333,40.8965797866253,0.0750051991415737,28,"2_M_VX34_2.9e-05",NA,NA,NA,NA,NA,"2_M",262.821460608463,475.647000720446,31.6552380427125,15.0258544914006,2.52031100987692e-32,239.366746355374,23.4547142530895
"20250424-CbDRC2-p043-m2x_E03_roi_0.png",20250424,"CbDRC2","p043","m2x","E03",0,790.877413698135,36.2978007113186,"","48h",10,"15hHB101","DMSO",1,"IVERMECTIN",5.8e-05,NA,NA,"VX34","2_M",NA,NA,NA,730.028029244629,685.373629129861,694.889211182466,699.526518180854,736.594486395265,31.5708532758365,748.724695051538,753.599330575459,790.877413698135,0.0432460837270911,35.7894526555322,33.6122748734521,33.9079180512529,34.3866053485907,35.8910649406453,1.52856243427867,36.9944621408456,37.6038707942826,38.2036342810017,0.042709857817353,12,"2_M_VX34_5.8e-05",NA,NA,NA,"outlier","outlier","2_M",260.947485674819,475.647000720446,31.6552380427125,15.0258544914006,2.52031100987692e-32,239.366746355374,21.5807393194454
"20250424-CbDRC2-p043-m2x_E04_roi_0.png",20250424,"CbDRC2","p043","m2x","E04",0,741.300944659111,35.7745501176243,"","48h",10,"15hHB101","DMSO",1,"IVERMECTIN",0.00011,NA,NA,"VX34","2_M",NA,NA,NA,706.898117934858,433.124979584569,670.983072452123,694.841148862329,727.523302334702,85.4489163785892,751.592718977982,763.251001878177,780.656286091265,0.120878687056376,35.3586913267211,32.7259418944609,33.1020112624268,34.0361174532579,35.3908052191673,1.71939477411747,36.5042373508284,37.6059936238487,37.9984421101669,0.0486272175129427,14,"2_M_VX34_0.00011",NA,NA,NA,NA,NA,"2_M",251.876301614256,475.647000720446,31.6552380427125,15.0258544914006,2.52031100987692e-32,239.366746355374,12.5095552588823
"20250424-CbDRC2-p043-m2x_E05_roi_0.png",20250424,"CbDRC2","p043","m2x","E05",0,711.806216847874,26.9850291099454,"","48h",10,"15hHB101","DMSO",1,"IVERMECTIN",0.00023,NA,NA,"VX34","2_M",NA,NA,NA,712.786162706113,674.552679718205,686.318671095492,696.79376800463,712.74889928453,22.3735989415104,729.609977103064,740.948096143089,748.335870618136,0.031388935577212,33.6588543677624,26.9850291099454,28.6543270347235,32.078051261928,34.789228769897,3.42530042230686,36.4114771089246,36.6041537869364,37.6860512673116,0.101765211164986,14,"2_M_VX34_0.00023",NA,NA,NA,NA,NA,"2_M",237.101898564084,475.647000720446,31.6552380427125,15.0258544914006,2.52031100987692e-32,239.366746355374,-2.26484779128941
"20250424-CbDRC2-p043-m2x_E06_roi_0.png",20250424,"CbDRC2","p043","m2x","E06",0,728.044387540741,35.2387151245296,"","48h",10,"15hHB101","DMSO",1,"IVERMECTIN",0.00046,NA,NA,"VX34","2_M",NA,NA,NA,614.367988258991,254.598937775319,559.861058016211,607.489870850024,633.495526230027,113.702557233013,670.383572093731,694.695757245488,728.044387540741,0.185072398637216,29.8198340781299,22.8687006282741,24.6723090007798,27.4755703899226,30.2851434053043,4.20275552971141,31.9398143718687,35.0187959166704,37.3910246119773,0.140938260041954,14,"2_M_VX34_0.00046",NA,NA,NA,NA,NA,"2_M",157.848525509582,475.647000720446,31.6552380427125,15.0258544914006,2.52031100987692e-32,239.366746355374,-81.518220845792
"20250424-CbDRC2-p043-m2x_E07_roi_0.png",20250424,"CbDRC2","p043","m2x","E07",0,461.798776217521,21.1052377397952,"","48h",10,"15hHB101","DMSO",1,"IVERMECTIN",0.00093,NA,NA,"VX34","2_M",NA,NA,NA,369.385343637315,204.829100840825,306.016542439444,340.331779766428,374.390799447179,72.8911726778084,414.003716777741,458.621427570088,471.195232951623,0.1973309822205,19.1913636331291,14.6304633575855,17.0404779880265,17.844843740043,18.5734571150075,2.79679065475157,20.7903859505827,21.4325433649747,25.7618948904306,0.145731731638059,12,"2_M_VX34_0.00093",NA,NA,NA,NA,NA,"2_M",-101.256201273266,475.647000720446,31.6552380427125,15.0258544914006,2.52031100987692e-32,239.366746355374,-340.62294762864
"20250424-CbDRC2-p043-m2x_E08_roi_0.png",20250424,"CbDRC2","p043","m2x","E08",0,262.311381292681,15.4649921388104,"","48h",10,"15hHB101","DMSO",1,"IVERMECTIN",0.0018,NA,NA,"VX34","2_M",NA,NA,NA,285.152377243971,262.311381292681,267.729485096526,275.856640802292,276.098281190793,24.2681765973794,285.532241263967,309.79090150766,325.963341670122,0.0851059943176136,15.8184436160069,15.4649921388104,15.5801433945009,15.7528702780368,15.7722917002799,0.251849890345065,15.9668863788515,16.0678611019742,16.135177584056,0.015921281287763,5,"2_M_VX34_0.0018",NA,NA,NA,NA,NA,"2_M",-199.548719529653,475.647000720446,31.6552380427125,15.0258544914006,2.52031100987692e-32,239.366746355374,-438.915465885027
"20250424-CbDRC2-p043-m2x_E09_roi_0.png",20250424,"CbDRC2","p043","m2x","E09",0,258.460889695295,15.4975766153308,"","48h",10,"15hHB101","DMSO",1,"IVERMECTIN",0.0037,NA,NA,"VX34","2_M",NA,NA,NA,267.293008878347,244.850969492987,252.564173884826,258.083599920673,273.446041634392,13.8879437870213,276.370332173598,280.485616697724,283.846186832505,0.0519577517021486,15.0444090533568,14.1120986845167,14.4648394017333,14.8346517712101,15.1528795010292,0.504998345052853,15.4382194307841,15.4986030827837,15.500142783963,0.0335671772325398,7,"2_M_VX34_0.0037",NA,NA,NA,NA,NA,"2_M",-202.200959086054,475.647000720446,31.6552380427125,15.0258544914006,2.52031100987692e-32,239.366746355374,-441.567705441427
"20250424-CbDRC2-p043-m2x_E10_roi_0.png",20250424,"CbDRC2","p043","m2x","E10",0,208.686707056013,14.7471257295322,"","48h",10,"15hHB101","DMSO",1,"IVERMECTIN",0.0075,NA,NA,"VX34","2_M",NA,NA,NA,230.227921243328,194.774150758349,209.966935521982,225.10082119242,228.633307884308,18.3600445400751,236.72927949012,248.636768151323,265.826949796388,0.079747254116369,15.0292388399372,13.9223055755863,14.3610108039665,14.8407089788593,14.9816029648501,0.573352503854935,15.3060547081119,15.5798259696622,16.1053047343129,0.0381491378213624,12,"2_M_VX34_0.0075",NA,NA,NA,NA,NA,"2_M",-247.013692836137,475.647000720446,31.6552380427125,15.0258544914006,2.52031100987692e-32,239.366746355374,-486.380439191511
"20250424-CbDRC2-p043-m2x_E11_roi_0.png",20250424,"CbDRC2","p043","m2x","E11",0,218.939192677087,14.5141786782907,"","48h",10,"15hHB101","DMSO",1,"IVERMECTIN",0.015,NA,NA,"VX34","2_M",NA,NA,NA,232.998233700013,216.781415781079,217.998561931063,218.83444350665,233.961400588554,14.0595330404593,245.016013127246,247.853526097206,250.716576923478,0.0603418009535689,14.6858297090202,14.4608920216753,14.4981926813061,14.5772608922986,14.6228986081858,0.195852649786592,14.7788763916856,14.9163184071338,15.0588135684069,0.0133361651106643,8,"2_M_VX34_0.015",NA,NA,NA,NA,NA,"2_M",-241.685600131892,475.647000720446,31.6552380427125,15.0258544914006,2.52031100987692e-32,239.366746355374,-481.052346487265
"20250424-CbDRC2-p043-m2x_E12_roi_0.png",20250424,"CbDRC2","p043","m2x","E12",0,227.594004897302,14.9963158713015,"","48h",10,"15hHB101","DMSO",1,"IVERMECTIN",0.03,NA,NA,"VX34","2_M",NA,NA,NA,223.392662624134,180.953008762018,195.448295625448,207.207404861403,214.189134608261,29.8842060485431,234.346893382968,247.696472746301,328.964507124179,0.133774340202141,14.4254581500075,8.42277781524423,13.8609837262823,14.1325170827987,14.6058794043086,1.43879462939303,15.0045528007479,15.6127484051703,16.4141888187294,0.0997399607299322,24,"2_M_VX34_0.03",NA,NA,NA,NA,NA,"2_M",-261.457866112184,475.647000720446,31.6552380427125,15.0258544914006,2.52031100987692e-32,239.366746355374,-500.824612467558
"20250424-CbDRC2-p043-m2x_F01_roi_0.png",20250424,"CbDRC2","p043","m2x","F01",0,673.696911254087,38.0206905629402,"","48h",10,"15hHB101","DMSO",1,"IVERMECTIN",0,NA,NA,"PB420","2_M",NA,NA,NA,614.238767831671,219.042439749003,584.246021510395,635.989426531497,644.691445094287,116.958390604847,659.56708160676,672.890572089393,676.483576167449,0.19041193218351,33.5857695364751,15.0082062633332,30.1575204923429,32.5500026248468,34.8050577382873,6.1580931232294,36.2156642855159,39.2391638046716,40.2062252324965,0.183354236279789,14,"2_M_PB420_0",NA,NA,NA,NA,NA,"2_M",210.359359344921,434.332085749366,24.9979947579738,17.3746770472789,3.4105731271898e-39,188.841855702527,21.5175036423946
"20250424-CbDRC2-p043-m2x_F02_roi_0.png",20250424,"CbDRC2","p043","m2x","F02",0,653.69163927614,36.3770301460174,"","48h",10,"15hHB101","DMSO",1,"IVERMECTIN",2.9e-05,NA,NA,"PB420","2_M",NA,NA,NA,616.774432562374,332.203013712265,535.104801855648,590.639363900982,636.436022441563,81.9414465125289,666.662470187358,700.227342778131,731.796969469861,0.132854804263052,35.668212250193,27.7194951027616,32.185869455195,34.2064850981617,36.0293974681577,2.6528073394983,37.4933375208963,38.8336096786553,40.0075468839609,0.0743745529181645,31,"2_M_PB420_2.9e-05",NA,NA,NA,NA,NA,"2_M",202.103936692197,434.332085749366,24.9979947579738,17.3746770472789,3.4105731271898e-39,188.841855702527,13.2620809896703
"20250424-CbDRC2-p043-m2x_F03_roi_0.png",20250424,"CbDRC2","p043","m2x","F03",0,660.015493367731,38.4837086338377,"","48h",10,"15hHB101","DMSO",1,"IVERMECTIN",5.8e-05,NA,NA,"PB420","2_M",NA,NA,NA,640.531927437112,493.621618124572,571.468023466402,616.037332316512,630.304633881934,105.307376636505,657.118145789852,662.640176705393,1108.73913731683,0.164406132037569,35.3244203604723,17.7139632630724,32.1377067919615,34.5969145741392,36.5377913964572,4.30973978131612,37.5736347581456,38.5706085540854,39.5789063746346,0.122004543523626,26,"2_M_PB420_5.8e-05",NA,NA,NA,NA,NA,"2_M",195.972548132568,434.332085749366,24.9979947579738,17.3746770472789,3.4105731271898e-39,188.841855702527,7.13069243004136
"20250424-CbDRC2-p043-m2x_F04_roi_0.png",20250424,"CbDRC2","p043","m2x","F04",0,648.220510993898,36.6760211276468,"","48h",10,"15hHB101","DMSO",1,"IVERMECTIN",0.00011,NA,NA,"PB420","2_M",NA,NA,NA,619.013514892992,344.460252152217,527.380382632714,603.604660730937,633.86950473288,74.6030155452598,657.905836631376,683.814509498212,763.343662172497,0.120519203135906,34.4854782154896,27.0086975757864,29.2344495934175,32.6485345346807,34.7338144294567,3.72127714441932,36.7560231593899,38.4936431303857,43.7856701776331,0.107908526631591,43,"2_M_PB420_0.00011",NA,NA,NA,"outlier","outlier","2_M",199.537418983514,434.332085749366,24.9979947579738,17.3746770472789,3.4105731271898e-39,188.841855702527,10.6955632809875
"20250424-CbDRC2-p043-m2x_F05_roi_0.png",20250424,"CbDRC2","p043","m2x","F05",0,681.411558328265,39.8116622597089,"","48h",10,"15hHB101","DMSO",1,"IVERMECTIN",0.00023,NA,NA,"PB420","2_M",NA,NA,NA,598.144508373349,117.043672851789,402.364045619119,561.486581084172,654.504883772493,191.689104906438,687.602602627657,701.562804790284,1126.81087352707,0.320472899479986,32.9772771130091,14.0043528690946,17.525171384905,31.9951013768963,35.4431031284059,7.95327180616445,38.420007270719,38.9308479676462,40.6662017590008,0.241174302502585,30,"2_M_PB420_0.00023",NA,NA,NA,NA,NA,"2_M",220.172798023127,434.332085749366,24.9979947579738,17.3746770472789,3.4105731271898e-39,188.841855702527,31.3309423206005
"20250424-CbDRC2-p043-m2x_F06_roi_0.png",20250424,"CbDRC2","p043","m2x","F06",0,661.238675418284,33.5393530600532,"","48h",10,"15hHB101","DMSO",1,"IVERMECTIN",0.00046,NA,NA,"PB420","2_M",NA,NA,NA,587.337897782266,169.513851071208,485.837508888906,544.036219436413,622.103113767652,99.3724597966774,644.828729746153,664.447714729568,667.716520235449,0.169191295456838,31.1825514261004,12.2827313786713,23.8406676557003,30.5429311665863,33.0756628266516,5.35772155656071,34.0718286448659,35.82534885571,37.0615383741756,0.171817933797303,31,"2_M_PB420_0.00046",NA,NA,NA,NA,NA,"2_M",187.771028018286,434.332085749366,24.9979947579738,17.3746770472789,3.4105731271898e-39,188.841855702527,-1.07082768424104
"20250424-CbDRC2-p043-m2x_F07_roi_0.png",20250424,"CbDRC2","p043","m2x","F07",0,336.779876970205,18.5491983673493,"","48h",10,"15hHB101","DMSO",1,"IVERMECTIN",0.00093,NA,NA,"PB420","2_M",NA,NA,NA,344.68968051698,246.791312586176,285.026113513632,322.406807789849,344.69752455907,49.7745658098437,363.142825837507,390.985009766329,479.489847794046,0.144403991831695,18.5424530244727,15.6969731975199,17.0099866313945,17.4475583953451,17.9083361976011,2.15946859857436,19.0431389891512,19.7172816004362,26.1547189311331,0.11646078303255,25,"2_M_PB420_0.00093",NA,NA,NA,NA,NA,"2_M",-89.6345611902954,434.332085749366,24.9979947579738,17.3746770472789,3.4105731271898e-39,188.841855702527,-278.476416892822
"20250424-CbDRC2-p043-m2x_F08_roi_0.png",20250424,"CbDRC2","p043","m2x","F08",0,267.080257114346,15.6187275668358,"","48h",10,"15hHB101","DMSO",1,"IVERMECTIN",0.0018,NA,NA,"PB420","2_M",NA,NA,NA,253.073061745271,213.7131786342,237.343806244089,244.529243592834,253.331092538852,14.3630404728554,265.644519369591,269.844732042226,279.822959188055,0.0567545212983292,15.8078182279614,14.5721725143589,14.8196443902527,15.1393873564271,15.7328459061467,0.79580897805136,16.4977412516648,16.8023354325848,17.3669962193009,0.0503427460118251,28,"2_M_PB420_0.0018",NA,NA,NA,NA,NA,"2_M",-181.000993210514,434.332085749366,24.9979947579738,17.3746770472789,3.4105731271898e-39,188.841855702527,-369.84284891304
"20250424-CbDRC2-p043-m2x_F09_roi_0.png",20250424,"CbDRC2","p043","m2x","F09",0,237.299158883316,13.9244161591001,"","48h",10,"15hHB101","DMSO",1,"IVERMECTIN",0.0037,NA,NA,"PB420","2_M",NA,NA,NA,242.127170307332,168.091833466966,211.629896162218,234.557845540412,240.367371862299,25.7818843541554,258.594533115989,272.829885562686,285.954295530824,0.106480756874293,15.1585906162202,13.6910675233994,14.2122526886329,14.5374357984148,15.0490599004958,0.842591406913398,15.7771028607464,16.2323797835571,17.1195025727973,0.055585075700362,26,"2_M_PB420_0.0037",NA,NA,NA,NA,NA,"2_M",-193.964713887066,434.332085749366,24.9979947579738,17.3746770472789,3.4105731271898e-39,188.841855702527,-382.806569589593
"20250424-CbDRC2-p043-m2x_F10_roi_0.png",20250424,"CbDRC2","p043","m2x","F10",0,214.502946626931,14.5515927704242,"","48h",10,"15hHB101","DMSO",1,"IVERMECTIN",0.0075,NA,NA,"PB420","2_M",NA,NA,NA,211.039530015288,173.408073447634,181.154542973481,203.095156144834,215.95424348956,18.0544193502335,224.645008906437,231.149482143509,232.725802794262,0.0855499410414989,14.8362420387027,13.9966820503971,14.2630965000751,14.3399942632457,14.824585654497,0.497642282334682,15.2172553226808,15.3741600514632,15.719590889683,0.0335423405089039,20,"2_M_PB420_0.0075",NA,NA,NA,NA,NA,"2_M",-218.377842259806,434.332085749366,24.9979947579738,17.3746770472789,3.4105731271898e-39,188.841855702527,-407.219697962333
"20250424-CbDRC2-p043-m2x_F11_roi_0.png",20250424,"CbDRC2","p043","m2x","F11",0,244.795546638745,14.0014290228974,"","48h",10,"15hHB101","DMSO",1,"IVERMECTIN",0.015,NA,NA,"PB420","2_M",NA,NA,NA,218.622483425151,183.488422150871,197.514576178944,201.489438574945,218.717460715509,19.1260032698318,230.00432627818,241.662627174111,263.109536679321,0.0874841551984289,14.3743230452282,12.3318944867799,13.8875507439591,14.1201186704076,14.4725610559505,0.750750147501591,14.8114622774877,15.0877868763723,15.573890442198,0.052228556791119,24,"2_M_PB420_0.015",NA,NA,NA,NA,NA,"2_M",-215.614625033857,434.332085749366,24.9979947579738,17.3746770472789,3.4105731271898e-39,188.841855702527,-404.456480736384
"20250424-CbDRC2-p043-m2x_F12_roi_0.png",20250424,"CbDRC2","p043","m2x","F12",0,201.535888411897,14.2620102219827,"","48h",10,"15hHB101","DMSO",1,"IVERMECTIN",0.03,NA,NA,"PB420","2_M",NA,NA,NA,208.644190006286,160.287297439096,188.802493671862,197.798464672366,208.152876940703,19.8317956149555,221.124669155832,232.066347523598,252.074009307472,0.0950507925207884,14.0688094414144,12.3705649066845,13.3167945330379,13.7597515286387,14.1440887366664,0.68039756468117,14.5498064955846,14.7247700621713,15.3422749735368,0.0483621281185516,25,"2_M_PB420_0.03",NA,NA,NA,NA,NA,"2_M",-226.179208808663,434.332085749366,24.9979947579738,17.3746770472789,3.4105731271898e-39,188.841855702527,-415.021064511189
"20250424-CbDRC2-p044-m2x_A01_roi_0.png",20250424,"CbDRC2","p044","m2x","A01",0,632.445663332674,36.9788415019896,"","48h",10,"15hHB101","DMSO",1,"IVERMECTIN",0,NA,NA,"PB420","3_A",NA,NA,NA,625.686387240644,172.827129363636,609.920843363156,621.321314783203,636.688514870715,84.5468503663345,651.531019987476,672.496182613304,718.808485820848,0.135126561949345,36.4089105087091,21.0762382946808,33.5324550943517,35.8983659686262,36.9862652846076,3.71643219575925,38.2625227826884,39.8395332787541,40.5516621916875,0.102074798279676,38,"3_A_PB420_0",NA,NA,NA,NA,NA,"3_A",179.450675878937,457.237838991778,25.8910601536029,17.6600663039343,5.86400537459328e-40,188.841855702527,-9.39117982358954
"20250424-CbDRC2-p044-m2x_A02_roi_0.png",20250424,"CbDRC2","p044","m2x","A02",0,670.869358710966,41.0073167681957,"","48h",10,"15hHB101","DMSO",1,"IVERMECTIN",2.9e-05,NA,NA,"PB420","3_A",NA,NA,NA,606.192188373967,147.840930046865,523.964206827252,591.35588122009,623.275885614113,107.039130968454,660.569477400276,673.035914354182,849.689003833753,0.176576229488495,36.7260691810815,16.55837159095,33.4211700298362,34.97254209719,37.3432278775912,4.46118088093559,38.8501893923748,40.9758574571427,44.3545448161457,0.121471776871609,52,"3_A_PB420_2.9e-05",NA,NA,NA,NA,NA,"3_A",166.038046622335,457.237838991778,25.8910601536029,17.6600663039343,5.86400537459328e-40,188.841855702527,-22.8038090801916
"20250424-CbDRC2-p044-m2x_A03_roi_0.png",20250424,"CbDRC2","p044","m2x","A03",0,657.345827248398,35.0526284085615,"","48h",10,"15hHB101","DMSO",1,"IVERMECTIN",5.8e-05,NA,NA,"PB420","3_A",NA,NA,NA,637.950914944708,406.219530648297,600.024924003503,617.550999281685,635.223954122144,62.119102546307,664.2043619016,688.842481274569,858.653560557716,0.0973728559534881,36.1029088436571,22.8198043354849,31.9939056217656,34.6682873104068,37.0434622050332,3.60438451592997,38.4203451192573,39.357848734477,43.0856731862953,0.0998364018683004,41,"3_A_PB420_5.8e-05",NA,NA,NA,NA,NA,"3_A",177.986115130365,457.237838991778,25.8910601536029,17.6600663039343,5.86400537459328e-40,188.841855702527,-10.8557405721613
"20250424-CbDRC2-p044-m2x_A04_roi_0.png",20250424,"CbDRC2","p044","m2x","A04",0,659.529743775449,38.0659567321188,"","48h",10,"15hHB101","DMSO",1,"IVERMECTIN",0.00011,NA,NA,"PB420","3_A",NA,NA,NA,643.688869731586,550.776078247496,575.587497534424,605.619056274949,641.99640244339,82.2741667269061,661.397252088159,674.753287656461,996.415878760894,0.127816668262749,36.1566883491732,20.5565639605208,33.4315165254112,35.521157013789,37.1076104198462,3.79584649235652,38.0659567321188,39.1937792665872,39.8165066357024,0.104983245580988,25,"3_A_PB420_0.00011",NA,NA,NA,NA,NA,"3_A",184.758563451612,457.237838991778,25.8910601536029,17.6600663039343,5.86400537459328e-40,188.841855702527,-4.08329225091489
"20250424-CbDRC2-p044-m2x_A05_roi_0.png",20250424,"CbDRC2","p044","m2x","A05",0,633.392515124722,34.9401946488777,"","48h",10,"15hHB101","DMSO",1,"IVERMECTIN",0.00023,NA,NA,"PB420","3_A",NA,NA,NA,634.018384277507,499.903132890053,588.560366052077,620.729446491563,638.211965680317,41.9175354348695,658.944808822226,675.892583430613,688.805059452988,0.066114069361942,36.1206602304922,31.983350500893,32.2639087356875,34.0181029317447,34.9852846749073,3.45267307373865,38.0166842135118,39.5068311942845,45.7677504084706,0.0955872083097746,32,"3_A_PB420_0.00023",NA,NA,NA,NA,NA,"3_A",180.974126688538,457.237838991778,25.8910601536029,17.6600663039343,5.86400537459328e-40,188.841855702527,-7.86772901398837
"20250424-CbDRC2-p044-m2x_A06_roi_0.png",20250424,"CbDRC2","p044","m2x","A06",0,608.148632772542,33.3455744581929,"","48h",10,"15hHB101","DMSO",1,"IVERMECTIN",0.00046,NA,NA,"PB420","3_A",NA,NA,NA,610.023088051983,466.254181208269,561.950577803633,596.260457781271,617.141686150819,54.5537107099782,627.85679148408,653.880446831761,791.522466081828,0.089428927820072,33.1718087446084,15.6970117801474,29.8088486861026,32.6897630139034,33.5206595696328,4.22590810131919,35.855582624048,36.9295482529177,38.3467300465003,0.127394563674676,39,"3_A_PB420_0.00046",NA,NA,NA,NA,NA,"3_A",159.90384715904,457.237838991778,25.8910601536029,17.6600663039343,5.86400537459328e-40,188.841855702527,-28.9380085434863
"20250424-CbDRC2-p044-m2x_A07_roi_0.png",20250424,"CbDRC2","p044","m2x","A07",0,379.664815003058,19.8245945230342,"","48h",10,"15hHB101","DMSO",1,"IVERMECTIN",0.00093,NA,NA,"PB420","3_A",NA,NA,NA,354.24437707096,112.336024607993,324.35359115955,337.510130746333,361.902056331108,54.7323571121931,378.036922260948,405.820120493433,432.71568087253,0.15450451906885,18.2713515449452,15.8918032477763,16.8782711212188,17.4876508721877,18.1567273260506,1.38044570063665,18.7869869699596,19.8245945230342,21.9427930684408,0.0755524678752382,31,"3_A_PB420_0.00093",NA,NA,NA,NA,NA,"3_A",-95.3357826606698,457.237838991778,25.8910601536029,17.6600663039343,5.86400537459328e-40,188.841855702527,-284.177638363196
"20250424-CbDRC2-p044-m2x_A08_roi_0.png",20250424,"CbDRC2","p044","m2x","A08",0,254.374120628734,16.4004434711327,"","48h",10,"15hHB101","DMSO",1,"IVERMECTIN",0.0018,NA,NA,"PB420","3_A",NA,NA,NA,276.154548830513,166.242418330649,227.288487371617,235.757747554903,263.77004261989,120.253265543117,273.983676545327,302.340694642757,1020.97028179644,0.435456399513886,17.4192035013826,12.9946177928234,14.6140251300265,15.2035445366727,16.0222770661679,7.94007405095131,16.7377771579102,17.5260383402452,66.6984844463634,0.455823026025334,43,"3_A_PB420_0.0018",NA,NA,NA,NA,NA,"3_A",-193.467796371889,457.237838991778,25.8910601536029,17.6600663039343,5.86400537459328e-40,188.841855702527,-382.309652074415
"20250424-CbDRC2-p044-m2x_A10_roi_0.png",20250424,"CbDRC2","p044","m2x","A10",0,206.407571768702,15.0156095787476,"","48h",10,"15hHB101","DMSO",1,"IVERMECTIN",0.0075,NA,NA,"PB420","3_A",NA,NA,NA,233.488455158215,194.196032180738,214.906681199409,223.902631425281,233.797807697579,17.6015916154808,243.387189685497,255.326765601074,273.492597609613,0.0753852759167631,14.6750177413497,12.847159757007,13.9146035804617,14.166631563048,14.5654829466678,0.7236498746364,15.0643864482767,15.3585899667459,16.6209724295764,0.049311686526782,35,"3_A_PB420_0.0075",NA,NA,NA,NA,NA,"3_A",-223.440031294199,457.237838991778,25.8910601536029,17.6600663039343,5.86400537459328e-40,188.841855702527,-412.281886996726
"20250424-CbDRC2-p044-m2x_A11_roi_0.png",20250424,"CbDRC2","p044","m2x","A11",0,238.969403349662,15.5273278845564,"","48h",10,"15hHB101","DMSO",1,"IVERMECTIN",0.015,NA,NA,"PB420","3_A",NA,NA,NA,231.306532957183,206.381576452878,212.899695666806,220.766590646736,233.018936528087,14.6657787808763,238.969403349662,246.484334300759,268.395180218517,0.0634040837211939,14.3579723881377,12.4662526253086,13.0881383780503,13.856391351759,14.4531400211833,0.978899000917089,15.1190770107714,15.5512536462624,15.7963269248186,0.0681780807522543,29,"3_A_PB420_0.015",NA,NA,NA,NA,NA,"3_A",-224.218902463691,457.237838991778,25.8910601536029,17.6600663039343,5.86400537459328e-40,188.841855702527,-413.060758166218
"20250424-CbDRC2-p044-m2x_B01_roi_0.png",20250424,"CbDRC2","p044","m2x","B01",0,562.678405129733,30.1758416666312,"","48h",10,"15hHB101","DMSO",1,"IVERMECTIN",0,NA,NA,"JU3237","3_A",NA,NA,NA,631.496102461887,527.364798957831,590.573755285516,620.939855773712,640.419022920399,33.5259355406656,649.912539023096,661.906603194734,682.852746455591,0.0530896951065332,35.1615452737881,29.789491583734,30.1837317934402,33.4704594186325,35.6354841075684,2.86666338865134,37.1561267607,38.448389845307,39.4056239213735,0.0815283676052871,34,"3_A_JU3237_0",NA,NA,NA,NA,NA,"3_A",194.225451745359,446.193571175041,24.5659312291378,18.1631043013671,1.26730634373717e-40,185.742269212847,8.48318253251159
"20250424-CbDRC2-p044-m2x_B02_roi_0.png",20250424,"CbDRC2","p044","m2x","B02",0,599.869733505789,37.8855988691425,"","48h",10,"15hHB101","DMSO",1,"IVERMECTIN",2.9e-05,NA,NA,"JU3237","3_A",NA,NA,NA,627.682578142593,548.282714896417,577.486768919517,601.970027285813,631.041494112338,36.4393704136643,653.273770467272,664.844656773047,700.289299742735,0.0580538184148648,35.5943587300873,29.9394031086394,32.5695046347531,34.4620130253026,35.5824809119569,2.30180493062092,36.9703297580739,38.4148460975391,40.7578471222464,0.0646676892840112,46,"3_A_JU3237_2.9e-05",NA,NA,NA,NA,NA,"3_A",184.847922937297,446.193571175041,24.5659312291378,18.1631043013671,1.26730634373717e-40,185.742269212847,-0.894346275549992
"20250424-CbDRC2-p044-m2x_B03_roi_0.png",20250424,"CbDRC2","p044","m2x","B03",0,720.99111558697,39.0070946313182,"","48h",10,"15hHB101","DMSO",1,"IVERMECTIN",5.8e-05,NA,NA,"JU3237","3_A",NA,NA,NA,632.456288285736,538.992826268699,592.122118820703,613.76005256077,631.810355517994,37.302162596525,657.075668897963,671.460680817818,720.99111558697,0.0589798272029707,34.4087784552181,29.8628858463121,31.9231414235429,32.992624391476,34.3593189517614,2.07594832332202,35.6057721662311,36.718577532108,39.0070946313182,0.0603319390144524,33,"3_A_JU3237_5.8e-05",NA,NA,NA,NA,NA,"3_A",185.616784342953,446.193571175041,24.5659312291378,18.1631043013671,1.26730634373717e-40,185.742269212847,-0.125484869894194
"20250424-CbDRC2-p044-m2x_B04_roi_1.png",20250424,"CbDRC2","p044","m2x","B04",1,655.016457213931,32.1083233275192,"","48h",10,"15hHB101","DMSO",1,"IVERMECTIN",0.00011,NA,NA,"JU3237","3_A",NA,NA,NA,633.130745079022,568.938751845238,592.250213608673,608.784430858502,632.82382364842,33.4837519910688,657.617168977116,681.654759757966,699.854999376113,0.0528859990630997,34.2770210596841,30.2368087481941,31.5192316139821,32.1565764768029,34.8650497931668,2.25065113664758,36.207909900021,37.1080275965994,37.556213142869,0.0656606399000861,31,"3_A_JU3237_0.00011",NA,NA,NA,NA,NA,"3_A",186.630252473379,446.193571175041,24.5659312291378,18.1631043013671,1.26730634373717e-40,185.742269212847,0.887983260531996
"20250424-CbDRC2-p044-m2x_B05_roi_10.png",20250424,"CbDRC2","p044","m2x","B05",10,624.349938535187,34.5615086013212,"","48h",10,"15hHB101","DMSO",1,"IVERMECTIN",0.00023,NA,NA,"JU3237","3_A",NA,NA,NA,621.205441936404,461.416757291444,578.171333998764,604.56305133228,624.349938535187,41.0497156804221,648.776968430972,653.899479583583,696.018677301367,0.066080740620145,33.7199349054774,19.3853217990995,31.307315312827,33.2196353254569,33.9371940858826,3.4597038816796,35.0892089972421,36.0583482365495,43.9514534252894,0.1026011435484,41,"3_A_JU3237_0.00023",NA,NA,NA,NA,NA,"3_A",178.156367360147,446.193571175041,24.5659312291378,18.1631043013671,1.26730634373717e-40,185.742269212847,-7.58590185270043
"20250424-CbDRC2-p044-m2x_B06_roi_0.png",20250424,"CbDRC2","p044","m2x","B06",0,604.091934193155,34.0803795947342,"","48h",10,"15hHB101","DMSO",1,"IVERMECTIN",0.00046,NA,NA,"JU3237","3_A",NA,NA,NA,595.573371649044,137.826303644478,492.507043108337,552.418617641925,582.401731276903,146.716116689062,609.646130459252,660.398472267451,1019.13644217027,0.24634431905985,29.2407681266263,18.0274373678276,23.6008628470796,27.4534749666649,30.3610091954828,4.69377493221637,32.4933416382032,34.5529664660285,35.9916139819045,0.16052160161765,32,"3_A_JU3237_0.00046",NA,NA,NA,NA,NA,"3_A",136.208160101862,446.193571175041,24.5659312291378,18.1631043013671,1.26730634373717e-40,185.742269212847,-49.5341091109849
"20250424-CbDRC2-p044-m2x_B07_roi_0.png",20250424,"CbDRC2","p044","m2x","B07",0,440.656226177389,19.0478771775745,"","48h",10,"15hHB101","DMSO",1,"IVERMECTIN",0.00093,NA,NA,"JU3237","3_A",NA,NA,NA,402.089105637156,315.328520375098,371.394482129002,379.744326375572,393.696342725716,37.1366539360591,416.78782018103,451.162526119046,499.861840918287,0.0923592641914827,18.3291126949788,16.0931249565849,17.0149212281803,17.3196270616728,18.1805205530406,1.26396014911325,19.1367016016337,19.5300243414245,21.760169088227,0.0689591564058367,33,"3_A_JU3237_0.00093",NA,NA,NA,NA,NA,"3_A",-52.4972284493245,446.193571175041,24.5659312291378,18.1631043013671,1.26730634373717e-40,185.742269212847,-238.239497662172
"20250424-CbDRC2-p044-m2x_B08_roi_0.png",20250424,"CbDRC2","p044","m2x","B08",0,276.066512519752,17.4797616697712,"","48h",10,"15hHB101","DMSO",1,"IVERMECTIN",0.0018,NA,NA,"JU3237","3_A",NA,NA,NA,299.397172892692,252.755006729665,270.017502964508,285.916144085191,295.932715950938,24.9114450944941,310.018925022468,326.306050962821,365.263974451085,0.0832053451066576,16.2634632947978,14.1669220619808,15.0988482490466,15.5519365849083,16.1626587324137,1.03702622663133,16.8504719196628,17.6083888868128,19.1323248230143,0.0637641692814008,38,"3_A_JU3237_0.0018",NA,NA,NA,NA,NA,"3_A",-150.260855224102,446.193571175041,24.5659312291378,18.1631043013671,1.26730634373717e-40,185.742269212847,-336.003124436949
"20250424-CbDRC2-p044-m2x_B09_roi_1.png",20250424,"CbDRC2","p044","m2x","B09",1,223.4467661186,14.3442205856277,"","48h",10,"15hHB101","DMSO",1,"IVERMECTIN",0.0037,NA,NA,"JU3237","3_A",NA,NA,NA,263.572373465491,213.628149635934,225.508094855726,250.159367479549,264.576585880638,24.02788948099,283.194447041047,289.727102256317,312.232393581641,0.0911623975042134,15.3123383453988,13.9202618293093,14.3289788316533,14.8488624469794,15.1963039930988,0.865887181455046,15.7407639052665,16.3675307642009,17.7203613749598,0.0565483312818279,34,"3_A_JU3237_0.0037",NA,NA,NA,NA,NA,"3_A",-181.616985294402,446.193571175041,24.5659312291378,18.1631043013671,1.26730634373717e-40,185.742269212847,-367.359254507249
"20250424-CbDRC2-p044-m2x_B10_roi_0.png",20250424,"CbDRC2","p044","m2x","B10",0,255.373611744802,15.4635697046533,"","48h",10,"15hHB101","DMSO",1,"IVERMECTIN",0.0075,NA,NA,"JU3237","3_A",NA,NA,NA,236.397810453705,200.062377454059,215.028930006864,224.109078467158,232.728366263264,22.0062888404258,245.666323618046,254.287819179087,324.43905907883,0.093090070496805,14.7134609740005,11.9942825583963,13.4567802683701,14.1830847748232,14.8018781264626,1.05518214793672,15.3198072135504,15.9490158853776,16.5916548139044,0.0717154277842095,33,"3_A_JU3237_0.0075",NA,NA,NA,NA,NA,"3_A",-213.465204911777,446.193571175041,24.5659312291378,18.1631043013671,1.26730634373717e-40,185.742269212847,-399.207474124624
"20250424-CbDRC2-p044-m2x_B11_roi_0.png",20250424,"CbDRC2","p044","m2x","B11",0,244.712102503448,14.0749478693476,"","48h",10,"15hHB101","DMSO",1,"IVERMECTIN",0.015,NA,NA,"JU3237","3_A",NA,NA,NA,213.947871913857,130.231168869963,150.670819812784,207.400868783382,220.003949042904,45.220583118405,231.794490083518,237.726186418683,342.600369272929,0.211362621716623,14.5758928336862,8.24170146972192,12.9574239720036,13.842986774661,14.4644113195061,2.15095836138108,15.3377477650299,17.6085775435722,18.6527204745855,0.147569578476183,20,"3_A_JU3237_0.015",NA,NA,NA,NA,NA,"3_A",-226.189622132137,446.193571175041,24.5659312291378,18.1631043013671,1.26730634373717e-40,185.742269212847,-411.931891344984
"20250424-CbDRC2-p044-m2x_B12_roi_0.png",20250424,"CbDRC2","p044","m2x","B12",0,216.652346670216,15.3079225944662,"","48h",10,"15hHB101","DMSO",1,"IVERMECTIN",0.03,NA,NA,"JU3237","3_A",NA,NA,NA,236.141181983319,148.656522115437,210.57157242821,224.851010284021,237.814668513156,39.028375806711,243.303936384423,249.413892042268,397.719461737289,0.16527560114215,14.2106037006486,11.3864350396552,12.6816779149736,13.7707899483159,14.2771602119385,1.10423045292297,14.7958900017721,15.4595881581398,16.0396793199415,0.0777046827977175,32,"3_A_JU3237_0.03",NA,NA,NA,"outlier","outlier","3_A",-208.378902661884,446.193571175041,24.5659312291378,18.1631043013671,1.26730634373717e-40,185.742269212847,-394.121171874731
"20250424-CbDRC2-p044-m2x_C01_roi_0.png",20250424,"CbDRC2","p044","m2x","C01",0,605.702937212689,30.8104604121239,"","48h",10,"15hHB101","DMSO",1,"IVERMECTIN",0,NA,NA,"NIC1667","3_A",NA,NA,NA,627.856832464656,395.977207273476,565.875013917966,589.882576686024,621.387301310969,86.4785290532747,651.253254739245,676.96794835356,1028.78898701345,0.137736064309124,31.9959427463288,19.9325645376952,29.8484256178288,30.8738753714434,32.3848413460268,2.7862475192419,33.454510088203,34.7311524351446,37.318542575538,0.0870812759396376,55,"3_A_NIC1667_0",NA,NA,NA,NA,NA,"3_A",166.427871717072,454.959429593897,22.8011769965811,19.9533309031422,5.88828783048315e-46,168.954730350924,-2.52685863385258
"20250424-CbDRC2-p044-m2x_C02_roi_0.png",20250424,"CbDRC2","p044","m2x","C02",0,639.770608450885,31.1026458340959,"","48h",10,"15hHB101","DMSO",1,"IVERMECTIN",2.9e-05,NA,NA,"NIC1667","3_A",NA,NA,NA,623.139846180695,530.752268604643,571.826589119843,606.373858297176,625.265828222734,37.5979062818326,647.140581959484,663.739248232426,703.929304809686,0.0603362255074443,31.6418465341411,27.6400650398787,29.5764642278518,30.5221961797277,31.4065288262353,1.75685163603992,32.8234243488301,33.361744822249,36.410930827335,0.0555230439583955,52,"3_A_NIC1667_2.9e-05",NA,NA,NA,NA,NA,"3_A",170.306398628836,454.959429593897,22.8011769965811,19.9533309031422,5.88828783048315e-46,168.954730350924,1.3516682779123
"20250424-CbDRC2-p044-m2x_C03_roi_0.png",20250424,"CbDRC2","p044","m2x","C03",0,625.000876044473,31.093661643179,"","48h",10,"15hHB101","DMSO",1,"IVERMECTIN",5.8e-05,NA,NA,"NIC1667","3_A",NA,NA,NA,624.098793087004,322.624711760524,548.335332027936,586.733123982424,631.60756101862,94.4614183818219,660.921921966466,676.409887525121,1141.93399061383,0.15135651507125,33.0639728301956,16.5687682057118,30.0435721206451,31.0430735078542,32.0775933251952,6.2559355985104,33.3519739271188,35.6692342316147,71.2158837663279,0.189207014856883,65,"3_A_NIC1667_5.8e-05",NA,NA,NA,NA,NA,"3_A",176.648131424722,454.959429593897,22.8011769965811,19.9533309031422,5.88828783048315e-46,168.954730350924,7.69340107379801
"20250424-CbDRC2-p044-m2x_C04_roi_0.png",20250424,"CbDRC2","p044","m2x","C04",0,617.222440801177,30.7050003388715,"","48h",10,"15hHB101","DMSO",1,"IVERMECTIN",0.00011,NA,NA,"NIC1667","3_A",NA,NA,NA,613.781266962183,250.676932199749,552.538673425603,601.758688172609,629.078709528599,75.2348576789732,653.415961770934,669.206633254017,753.934538032129,0.12257600830885,31.485066441047,14.6012677453997,29.7626502561,30.5330851200288,31.7298486428335,4.51053759783403,32.3749253418744,33.1365443946218,58.0937265754203,0.14325958645441,59,"3_A_NIC1667_0.00011",NA,NA,NA,NA,NA,"3_A",174.119279934701,454.959429593897,22.8011769965811,19.9533309031422,5.88828783048315e-46,168.954730350924,5.16454958377736
"20250424-CbDRC2-p044-m2x_C05_roi_0.png",20250424,"CbDRC2","p044","m2x","C05",0,631.959603118467,32.4423369231014,"","48h",10,"15hHB101","DMSO",1,"IVERMECTIN",0.00023,NA,NA,"NIC1667","3_A",NA,NA,NA,646.952256574039,513.162294503174,570.092405705484,619.537006812014,632.591253006837,91.9830266871696,654.105754914323,672.689734002171,1048.37354285399,0.142179002781858,30.517750778939,14.376904969181,27.3722892885477,29.7014085017911,31.2650010768738,3.94869059425213,32.5227767646325,34.1929059867159,36.8079458734368,0.129389961365606,47,"3_A_NIC1667_0.00023",NA,NA,NA,NA,NA,"3_A",177.631823412939,454.959429593897,22.8011769965811,19.9533309031422,5.88828783048315e-46,168.954730350924,8.67709306201508
"20250424-CbDRC2-p044-m2x_C06_roi_0.png",20250424,"CbDRC2","p044","m2x","C06",0,635.686531849725,31.4485410084779,"","48h",10,"15hHB101","DMSO",1,"IVERMECTIN",0.00046,NA,NA,"NIC1667","3_A",NA,NA,NA,578.328928524993,179.625316480095,521.647442459657,544.541157345575,576.408137093298,83.7882904124391,613.187299904476,634.59535116476,771.416884382017,0.14487999178277,28.4334421094353,16.4080523465817,25.0526106952153,27.026950008775,28.9111646105739,3.58481952187257,30.1287262710882,32.2465792291823,36.520813008609,0.126077578229018,43,"3_A_NIC1667_0.00046",NA,NA,NA,NA,NA,"3_A",121.4487074994,454.959429593897,22.8011769965811,19.9533309031422,5.88828783048315e-46,168.954730350924,-47.5060228515241
"20250424-CbDRC2-p044-m2x_C07_roi_0.png",20250424,"CbDRC2","p044","m2x","C07",0,356.235769133396,20.3407671860728,"","48h",10,"15hHB101","DMSO",1,"IVERMECTIN",0.00093,NA,NA,"NIC1667","3_A",NA,NA,NA,377.102693199697,175.522625168982,347.43060537435,360.300439188457,378.683435912572,40.4953441552456,390.881593246807,422.335946168321,459.199676007418,0.107385454640073,18.6298965010086,13.133884795747,17.1029938313288,17.9633475740587,18.7995356271498,1.34525581124947,19.4618266950978,20.1323237341125,21.2660569264588,0.0722095160956281,50,"3_A_NIC1667_0.00093",NA,NA,NA,NA,NA,"3_A",-76.2759936813258,454.959429593897,22.8011769965811,19.9533309031422,5.88828783048315e-46,168.954730350924,-245.23072403225
"20250424-CbDRC2-p044-m2x_C08_roi_0.png",20250424,"CbDRC2","p044","m2x","C08",0,334.433877633365,17.6361493551801,"","48h",10,"15hHB101","DMSO",1,"IVERMECTIN",0.0018,NA,NA,"NIC1667","3_A",NA,NA,NA,295.038841175505,172.979949948609,268.588759254542,283.170263004241,294.756271841698,28.6734373574368,309.178121846293,319.582836505672,376.525673542531,0.0971852968347999,16.4473458092722,14.7317309553847,15.2663281650785,15.8533584397391,16.2145420884933,1.0351104903091,16.8349958019748,17.7335963535483,20.169107434998,0.0629348043333262,48,"3_A_NIC1667_0.0018",NA,NA,NA,NA,NA,"3_A",-160.203157752199,454.959429593897,22.8011769965811,19.9533309031422,5.88828783048315e-46,168.954730350924,-329.157888103123
"20250424-CbDRC2-p044-m2x_C09_roi_0.png",20250424,"CbDRC2","p044","m2x","C09",0,293.856404492619,16.2687305167316,"","48h",10,"15hHB101","DMSO",1,"IVERMECTIN",0.0037,NA,NA,"NIC1667","3_A",NA,NA,NA,282.256053337221,259.345673577597,267.371725593648,273.657359117128,279.140756723013,13.5199409520643,287.837984019553,296.910354811662,329.465251656836,0.0478995606727042,15.3781011025531,13.6222983420119,14.426537175722,14.7868688922977,15.4809577397822,0.850081766023417,15.9557359827864,16.1579500491887,18.4271107482262,0.0552787213684193,39,"3_A_NIC1667_0.0037",NA,NA,NA,NA,NA,"3_A",-175.818672870884,454.959429593897,22.8011769965811,19.9533309031422,5.88828783048315e-46,168.954730350924,-344.773403221809
"20250424-CbDRC2-p044-m2x_C10_roi_0.png",20250424,"CbDRC2","p044","m2x","C10",0,263.227679225481,14.8661162493402,"","48h",10,"15hHB101","DMSO",1,"IVERMECTIN",0.0075,NA,NA,"NIC1667","3_A",NA,NA,NA,258.808460364612,156.821207082217,232.075395075016,250.24459161693,264.080359847911,27.6201073470711,273.017977938248,285.044774132258,294.878314098907,0.106720264508199,14.9144979715207,13.9025711812401,14.355708612249,14.4811015070405,14.7978202689718,0.602592234701835,15.3031974809941,15.5513888187955,16.9354806154626,0.0404031188882448,36,"3_A_NIC1667_0.0075",NA,NA,NA,NA,NA,"3_A",-190.879069745986,454.959429593897,22.8011769965811,19.9533309031422,5.88828783048315e-46,168.954730350924,-359.833800096911
"20250424-CbDRC2-p044-m2x_C11_roi_0.png",20250424,"CbDRC2","p044","m2x","C11",0,236.340050443239,16.2704676189492,"","48h",10,"15hHB101","DMSO",1,"IVERMECTIN",0.015,NA,NA,"NIC1667","3_A",NA,NA,NA,249.419070210344,148.351703584424,229.188932681056,240.662912003257,254.467169313067,22.798176032374,263.866683035444,268.537013184361,277.403790954568,0.0914051039206725,14.7446228705575,13.1799918475041,13.6333536530697,14.0963057347682,14.5534178147877,0.981647922611234,15.4654161710589,15.959575190563,17.3463321386595,0.0665766721352647,39,"3_A_NIC1667_0.015",NA,NA,NA,NA,NA,"3_A",-200.49226028083,454.959429593897,22.8011769965811,19.9533309031422,5.88828783048315e-46,168.954730350924,-369.446990631755
"20250424-CbDRC2-p044-m2x_C12_roi_0.png",20250424,"CbDRC2","p044","m2x","C12",0,262.088457521103,14.4436609157392,"","48h",10,"15hHB101","DMSO",1,"IVERMECTIN",0.03,NA,NA,"NIC1667","3_A",NA,NA,NA,241.713319893199,195.650405054599,218.973811187097,228.860793620942,241.076969757194,20.9907466707706,254.195945255124,266.867911601251,309.233567862049,0.0868414975229553,14.4562181611961,11.8561291574919,13.5876406056818,13.9806859055366,14.3667688015772,1.16897678207585,14.7241549607211,15.3892663177556,19.9943801717652,0.080863249920623,49,"3_A_NIC1667_0.03",NA,NA,NA,NA,NA,"3_A",-213.882459836703,454.959429593897,22.8011769965811,19.9533309031422,5.88828783048315e-46,168.954730350924,-382.837190187627
"20250424-CbDRC2-p044-m2x_D01_roi_0.png",20250424,"CbDRC2","p044","m2x","D01",0,751.346544771639,36.6122627349711,"","48h",10,"15hHB101","DMSO",1,"IVERMECTIN",0,NA,NA,"VX34","3_A",NA,NA,NA,739.921113192124,567.780015083899,688.068566300884,713.536117957224,744.961854858947,59.8140020507488,779.622267519475,809.73541379882,834.681333716621,0.0808383501758759,38.3993742971817,30.7941357474512,34.948171509615,36.6603538727838,38.5145085480667,2.83349026987859,40.2351902129169,42.0961591202348,43.9007947064471,0.073790011471269,44,"3_A_VX34_0",NA,NA,NA,NA,NA,"3_A",250.225230885049,494.736623973898,31.0634991733245,15.9266224713907,9.46799627912495e-35,239.366746355374,10.8584845296756
"20250424-CbDRC2-p044-m2x_D02_roi_0.png",20250424,"CbDRC2","p044","m2x","D02",0,752.331532351633,38.7596618363495,"","48h",10,"15hHB101","DMSO",1,"IVERMECTIN",2.9e-05,NA,NA,"VX34","3_A",NA,NA,NA,725.214076561671,625.540896754213,688.691163277725,701.155533961939,721.808461771099,38.8459774138607,752.939124013865,770.729441579475,792.870734513078,0.053564841981604,37.8731192775626,31.8746010554995,35.7329601886864,36.6201173922912,38.3623724551176,2.20829928086201,39.3950804193062,40.5086935824585,41.3199692246864,0.0583078268435705,31,"3_A_VX34_2.9e-05",NA,NA,NA,NA,NA,"3_A",227.071837797201,494.736623973898,31.0634991733245,15.9266224713907,9.46799627912495e-35,239.366746355374,-12.2949085581731
"20250424-CbDRC2-p044-m2x_D03_roi_0.png",20250424,"CbDRC2","p044","m2x","D03",0,982.175267899306,35.9326137319698,"","48h",10,"15hHB101","DMSO",1,"IVERMECTIN",5.8e-05,NA,NA,"VX34","3_A",NA,NA,NA,711.43005979112,324.482259004712,636.806341790266,700.683451674701,727.844867642804,110.954831368262,760.473333831893,796.273393015204,982.175267899306,0.155960280060192,38.7101677830194,33.3654985252865,35.7207604173931,36.5943983846119,37.6929175881989,5.74574216472014,38.9055480600946,40.1406922052942,73.1729061995503,0.148429792320367,48,"3_A_VX34_5.8e-05",NA,NA,NA,NA,NA,"3_A",233.108243668906,494.736623973898,31.0634991733245,15.9266224713907,9.46799627912495e-35,239.366746355374,-6.25850268646758
"20250424-CbDRC2-p044-m2x_D04_roi_0.png",20250424,"CbDRC2","p044","m2x","D04",0,753.076628596605,36.4979307615138,"","48h",10,"15hHB101","DMSO",1,"IVERMECTIN",0.00011,NA,NA,"VX34","3_A",NA,NA,NA,713.7136073612,193.015775393396,674.013835360313,695.93666617914,730.411290129313,111.722448867824,761.045454861818,794.404460294955,820.999617706142,0.156536806522287,35.9105557795443,15.252758099737,33.8603498884649,35.8145371159084,36.9644086761358,4.42113929167802,37.9836346467562,38.457079889056,39.6450427542399,0.123115312356052,45,"3_A_VX34_0.00011",NA,NA,NA,NA,NA,"3_A",235.674666155415,494.736623973898,31.0634991733245,15.9266224713907,9.46799627912495e-35,239.366746355374,-3.69208019995909
"20250424-CbDRC2-p044-m2x_D05_roi_0.png",20250424,"CbDRC2","p044","m2x","D05",0,734.069587935624,35.8946513375326,"","48h",10,"15hHB101","DMSO",1,"IVERMECTIN",0.00023,NA,NA,"VX34","3_A",NA,NA,NA,667.482206526574,129.460794464158,486.585989634223,643.505005118814,723.068013256658,143.130852462091,746.15141743205,759.868042133195,819.051810401167,0.214433959531163,35.434025378089,15.6030442508114,29.4396556832935,33.9934309010206,36.3045367044907,5.38327301991167,37.8113605645766,40.4341623314079,45.9874181175739,0.151923834858471,45,"3_A_VX34_0.00023",NA,NA,NA,NA,NA,"3_A",228.33138928276,494.736623973898,31.0634991733245,15.9266224713907,9.46799627912495e-35,239.366746355374,-11.0353570726139
"20250424-CbDRC2-p044-m2x_D06_roi_0.png",20250424,"CbDRC2","p044","m2x","D06",0,668.269166939398,30.9174075933067,"","48h",10,"15hHB101","DMSO",1,"IVERMECTIN",0.00046,NA,NA,"VX34","3_A",NA,NA,NA,660.843404374473,482.859784293242,536.227648215295,641.8127749002,668.269166939398,78.7631820512714,710.396924516501,753.591254733888,801.992646119646,0.119185848765224,32.3610195192331,18.9539179675153,25.4150369641967,29.3961326869855,32.7266550185985,5.15250585902022,35.5413447972568,36.8466383597598,45.5844538795865,0.159219515811544,35,"3_A_VX34_0.00046",NA,NA,NA,NA,NA,"3_A",173.5325429655,494.736623973898,31.0634991733245,15.9266224713907,9.46799627912495e-35,239.366746355374,-65.8342033898738
"20250424-CbDRC2-p044-m2x_D07_roi_0.png",20250424,"CbDRC2","p044","m2x","D07",0,528.880948729461,26.8655780041346,"","48h",10,"15hHB101","DMSO",1,"IVERMECTIN",0.00093,NA,NA,"VX34","3_A",NA,NA,NA,415.235511949014,253.282077598825,340.627717551758,364.283606582042,400.483688306197,86.2815167828622,462.244503423121,494.592362155002,855.287620765405,0.207789349176514,19.1857249585603,14.7600731669458,16.1276462838626,17.0042372906943,18.408010774913,2.93558536076683,20.5126485922142,22.8660549531475,26.8655780041346,0.153008831676023,56,"3_A_VX34_0.00093",NA,NA,NA,NA,NA,"3_A",-94.2529356677008,494.736623973898,31.0634991733245,15.9266224713907,9.46799627912495e-35,239.366746355374,-333.619682023075
"20250424-CbDRC2-p044-m2x_D08_roi_1.png",20250424,"CbDRC2","p044","m2x","D08",1,274.461642430052,15.1425866107607,"","48h",10,"15hHB101","DMSO",1,"IVERMECTIN",0.0018,NA,NA,"VX34","3_A",NA,NA,NA,305.114884671401,244.346498563459,268.947713965543,275.898467854813,300.003098418649,34.5839876889229,329.378621455837,354.624738758853,391.473704187162,0.113347428874762,17.0886180744014,14.6654539337281,15.065886465005,15.9482262946933,17.0935181419769,1.36989051315873,18.3214838397126,18.7346262533851,19.5317055972894,0.0801639142026829,39,"3_A_VX34_0.0018",NA,NA,NA,"outlier","outlier","3_A",-194.733525555249,494.736623973898,31.0634991733245,15.9266224713907,9.46799627912495e-35,239.366746355374,-434.100271910622
"20250424-CbDRC2-p044-m2x_D09_roi_0.png",20250424,"CbDRC2","p044","m2x","D09",0,272.26388234396,16.0265649188321,"","48h",10,"15hHB101","DMSO",1,"IVERMECTIN",0.0037,NA,NA,"VX34","3_A",NA,NA,NA,276.942722690965,231.914665841187,256.473854230956,265.19315454582,274.603079172013,19.2496676389111,290.750999197307,298.771368953762,329.932279662985,0.0695077576036957,15.7747244312325,14.4990034634049,14.7653923912325,15.2160176256911,15.642848670383,0.793388185666718,16.2363107113995,16.6309502081139,17.9979104972971,0.0502948998649943,41,"3_A_VX34_0.0037",NA,NA,NA,NA,NA,"3_A",-220.133544801885,494.736623973898,31.0634991733245,15.9266224713907,9.46799627912495e-35,239.366746355374,-459.500291157259
"20250424-CbDRC2-p044-m2x_D10_roi_0.png",20250424,"CbDRC2","p044","m2x","D10",0,229.521790319691,14.9682488203128,"","48h",10,"15hHB101","DMSO",1,"IVERMECTIN",0.0075,NA,NA,"VX34","3_A",NA,NA,NA,246.024604804972,145.879378646948,219.999714603666,233.750005573995,251.59578424192,26.073770439308,262.796108225822,272.085637514683,285.599952482374,0.105980336641439,15.0498323601072,13.5271142633963,14.1491011866373,14.5014597852722,14.9315759579344,1.04667748496265,15.326932045287,15.7614789636551,20.6739240467402,0.0695474514212593,46,"3_A_VX34_0.0075",NA,NA,NA,NA,NA,"3_A",-243.140839731978,494.736623973898,31.0634991733245,15.9266224713907,9.46799627912495e-35,239.366746355374,-482.507586087352
"20250424-CbDRC2-p044-m2x_D11_roi_0.png",20250424,"CbDRC2","p044","m2x","D11",0,232.74868237228,15.4971761332376,"","48h",10,"15hHB101","DMSO",1,"IVERMECTIN",0.015,NA,NA,"VX34","3_A",NA,NA,NA,252.877276058045,220.602554741359,233.636682108534,242.363019596208,251.085284737308,16.2481204810591,263.908179213796,272.423944524482,290.436027139234,0.0642529875928017,15.7301237973613,13.2810272511843,14.2577516979919,14.9778175185436,15.3622593373577,1.56769044137924,15.965771395326,17.4507449183086,20.7992973083108,0.0996616721886333,33,"3_A_VX34_0.015",NA,NA,NA,"outlier","outlier","3_A",-243.65133923659,494.736623973898,31.0634991733245,15.9266224713907,9.46799627912495e-35,239.366746355374,-483.018085591964
"20250424-CbDRC2-p044-m2x_D12_roi_1.png",20250424,"CbDRC2","p044","m2x","D12",1,243.972070606808,15.947389704905,"","48h",10,"15hHB101","DMSO",1,"IVERMECTIN",0.03,NA,NA,"VX34","3_A",NA,NA,NA,256.040321248445,213.859915322533,234.558581746356,241.897001115524,254.798384543527,19.2885109024465,267.286176812876,283.010674912582,304.25406580567,0.075333880259157,14.7126515410331,13.0987270806754,13.9320412770221,14.1908444820161,14.7484394028099,0.724716762391584,15.1261906557214,15.5344893119678,16.5821507507657,0.0492580661188349,42,"3_A_VX34_0.03",NA,NA,NA,NA,NA,"3_A",-239.938239430371,494.736623973898,31.0634991733245,15.9266224713907,9.46799627912495e-35,239.366746355374,-479.304985785745
"20250424-CbDRC2-p044-m2x_E01_roi_0.png",20250424,"CbDRC2","p044","m2x","E01",0,730.924685467705,35.2827959036485,"","48h",10,"15hHB101","DMSO",1,"IVERMECTIN",0,NA,NA,"ECA2666","3_A",NA,NA,NA,607.489086431527,229.783112922452,516.311853866572,567.271261375251,620.489885631446,110.092212802859,681.787274479346,711.361776372899,748.42505314468,0.181225005126521,27.7076091839427,13.0667601794257,21.9663952850591,24.2387051745616,28.5162199153641,5.62387297447398,31.2070510407715,33.6758433528626,37.7186784650996,0.202972148810774,41,"3_A_ECA2666_0",NA,NA,NA,NA,NA,"3_A",198.87529669603,421.614588935416,22.7760643635003,18.5113012593638,5.09787153788909e-42,208.851864384434,-9.97656768840375
"20250424-CbDRC2-p044-m2x_E02_roi_0.png",20250424,"CbDRC2","p044","m2x","E02",0,572.241403485925,30.3915137439215,"","48h",10,"15hHB101","DMSO",1,"IVERMECTIN",2.9e-05,NA,NA,"ECA2666","3_A",NA,NA,NA,617.76790233143,354.793263528536,550.756200761112,574.207872220711,615.324164339203,75.1498413354258,674.042600004809,700.885988185776,760.058081094882,0.121647371208205,29.1236586997161,20.5678262160757,24.5188831354545,26.322943825144,29.1688720498775,3.89981631253642,31.4047684457244,34.3686109172965,39.5792264251148,0.133905439311251,47,"3_A_ECA2666_2.9e-05",NA,NA,NA,NA,NA,"3_A",193.709575403787,421.614588935416,22.7760643635003,18.5113012593638,5.09787153788909e-42,208.851864384434,-15.1422889806465
"20250424-CbDRC2-p044-m2x_E03_roi_0.png",20250424,"CbDRC2","p044","m2x","E03",0,668.22584288774,31.5821598024845,"","48h",10,"15hHB101","DMSO",1,"IVERMECTIN",5.8e-05,NA,NA,"ECA2666","3_A",NA,NA,NA,608.590336872618,522.155755827281,552.344139344028,565.836331128144,592.104753588154,54.7946003012848,660.23183828698,686.851565620024,703.981608284933,0.0900352782182832,28.2043160394388,21.8815195837694,23.6212072388062,25.7302485037606,27.252793952355,3.82329146145439,30.9973967506905,32.9419428403024,38.7398865358317,0.135556964264199,42,"3_A_ECA2666_5.8e-05",NA,NA,NA,NA,NA,"3_A",170.490164652738,421.614588935416,22.7760643635003,18.5113012593638,5.09787153788909e-42,208.851864384434,-38.3616997316958
"20250424-CbDRC2-p044-m2x_E04_roi_0.png",20250424,"CbDRC2","p044","m2x","E04",0,717.558841876691,32.2162768269891,"","48h",10,"15hHB101","DMSO",1,"IVERMECTIN",0.00011,NA,NA,"ECA2666","3_A",NA,NA,NA,577.093095139447,179.80115026893,524.983615116063,541.077744570929,573.395175496023,105.025305910446,632.084937699132,665.431893382919,907.882993202528,0.181990231376912,26.795869582577,12.7109107310552,22.052370518146,25.2737581920436,27.1335402827691,4.10574537184627,29.688252483332,30.9031786762677,33.7225864063617,0.153223068920886,44,"3_A_ECA2666_0.00011",NA,NA,NA,NA,NA,"3_A",151.780586560607,421.614588935416,22.7760643635003,18.5113012593638,5.09787153788909e-42,208.851864384434,-57.0712778238267
"20250424-CbDRC2-p044-m2x_E05_roi_0.png",20250424,"CbDRC2","p044","m2x","E05",0,627.662593053957,24.8563847456341,"","48h",10,"15hHB101","DMSO",1,"IVERMECTIN",0.00023,NA,NA,"ECA2666","3_A",NA,NA,NA,552.673956645514,338.309115659181,449.746572423514,526.591771835486,543.12716804988,83.0787987810428,625.642368710299,648.927100556812,683.144422022591,0.150321537286277,25.6861476674966,21.0079506891453,21.2005690277179,22.5703665741684,24.8563847456341,4.55251613495399,26.9849970813954,30.5489862052698,41.5602565288737,0.177236236195697,35,"3_A_ECA2666_0.00023",NA,NA,NA,NA,NA,"3_A",121.512579114464,421.614588935416,22.7760643635003,18.5113012593638,5.09787153788909e-42,208.851864384434,-87.3392852699697
"20250424-CbDRC2-p044-m2x_E06_roi_0.png",20250424,"CbDRC2","p044","m2x","E06",0,580.632041477422,20.1515206763132,"","48h",10,"15hHB101","DMSO",1,"IVERMECTIN",0.00046,NA,NA,"ECA2666","3_A",NA,NA,NA,513.866578393967,385.863015804787,426.826934888197,468.348519300671,521.902413601666,63.7118884879397,551.021267121186,580.462736060812,662.803667620838,0.12398527393446,22.0447430344657,17.6354697690751,18.7346183767238,20.0678871278354,21.2337349731153,3.32041182199798,22.6920202855695,26.9455533155082,31.48047489637,0.150621479996692,42,"3_A_ECA2666_0.00046",NA,NA,NA,NA,NA,"3_A",100.28782466625,421.614588935416,22.7760643635003,18.5113012593638,5.09787153788909e-42,208.851864384434,-108.564039718184
"20250424-CbDRC2-p044-m2x_E07_roi_0.png",20250424,"CbDRC2","p044","m2x","E07",0,354.148705650337,18.7163435771451,"","48h",10,"15hHB101","DMSO",1,"IVERMECTIN",0.00093,NA,NA,"ECA2666","3_A",NA,NA,NA,368.589110221124,310.370334413418,336.235433054585,352.471240761896,364.250959455205,29.028241362543,380.723156835469,398.495760243353,459.897578545266,0.078755016243232,18.5615022312337,15.8076449155627,17.2864097880444,17.6493766346568,18.5461769287682,1.18900233310945,19.215607855288,19.9574875448682,21.1389706322979,0.0640574409494021,33,"3_A_ECA2666_0.00093",NA,NA,NA,NA,NA,"3_A",-57.3636294802109,421.614588935416,22.7760643635003,18.5113012593638,5.09787153788909e-42,208.851864384434,-266.215493864645
"20250424-CbDRC2-p044-m2x_E08_roi_1.png",20250424,"CbDRC2","p044","m2x","E08",1,281.032216603333,15.5937260519409,"","48h",10,"15hHB101","DMSO",1,"IVERMECTIN",0.0018,NA,NA,"ECA2666","3_A",NA,NA,NA,301.367438305509,249.397164084223,276.780121153622,288.027553751711,301.772695282326,20.4758032760224,317.701008456299,325.572853406439,342.426172460944,0.0679429847867812,16.0715875025495,14.3631280557689,15.006426859956,15.5133102849052,16.0494556230263,0.857776241186799,16.6172682021891,17.1005595272405,18.3102848724722,0.0533722160956861,38,"3_A_ECA2666_0.0018",NA,NA,NA,NA,NA,"3_A",-119.84189365309,421.614588935416,22.7760643635003,18.5113012593638,5.09787153788909e-42,208.851864384434,-328.693758037524
"20250424-CbDRC2-p044-m2x_E09_roi_0.png",20250424,"CbDRC2","p044","m2x","E09",0,256.24818035951,14.4254703408934,"","48h",10,"15hHB101","DMSO",1,"IVERMECTIN",0.0037,NA,NA,"ECA2666","3_A",NA,NA,NA,269.021180115067,219.988961976572,253.808124721055,260.795243630205,267.82002752114,19.7890964168279,278.105290432792,295.46880070607,307.338254628258,0.073559622362684,15.3075565520619,13.4799782250209,14.4394193639486,14.664317281002,15.103518940677,0.920193401024209,15.8574266439611,16.5650854448669,17.2112033338825,0.0601136698658978,32,"3_A_ECA2666_0.0037",NA,NA,NA,NA,NA,"3_A",-153.794561414275,421.614588935416,22.7760643635003,18.5113012593638,5.09787153788909e-42,208.851864384434,-362.646425798709
"20250424-CbDRC2-p044-m2x_E10_roi_0.png",20250424,"CbDRC2","p044","m2x","E10",0,214.287706279117,14.9218955288213,"","48h",10,"15hHB101","DMSO",1,"IVERMECTIN",0.0075,NA,NA,"ECA2666","3_A",NA,NA,NA,256.121332954981,214.287706279117,237.154753613788,245.159844817953,256.473783845847,17.396932128094,266.093537750775,273.587211914948,306.954956727483,0.0679245728084348,14.8472567171764,12.3852490242914,13.8570612897224,14.3220856002738,14.8127634021164,0.946033755977163,15.3312155482172,16.0577361044405,17.3011445109834,0.0637177475945924,29,"3_A_ECA2666_0.0075",NA,NA,NA,NA,NA,"3_A",-165.140805089568,421.614588935416,22.7760643635003,18.5113012593638,5.09787153788909e-42,208.851864384434,-373.992669474002
"20250424-CbDRC2-p044-m2x_E12_roi_0.png",20250424,"CbDRC2","p044","m2x","E12",0,212.209179674444,13.3048394093415,"","48h",10,"15hHB101","DMSO",1,"IVERMECTIN",0.03,NA,NA,"ECA2666","3_A",NA,NA,NA,230.909302761872,181.2373743173,202.865079339741,220.570515631735,232.357369852761,19.8569132010799,239.413487394285,256.046133813965,265.934937652897,0.0859944270913915,14.1276218408673,12.3930107488776,13.134907509348,13.3973620752942,13.7309166986799,1.25504657629089,14.5368137040747,15.9274687452293,18.5450741720169,0.0888363654143395,29,"3_A_ECA2666_0.03",NA,NA,NA,NA,NA,"3_A",-189.257219082655,421.614588935416,22.7760643635003,18.5113012593638,5.09787153788909e-42,208.851864384434,-398.109083467088
"20250424-CbDRC2-p044-m2x_F02_roi_0.png",20250424,"CbDRC2","p044","m2x","F02",0,717.966249314089,36.0046587252698,"","48h",10,"15hHB101","DMSO",1,"IVERMECTIN",2.9e-05,NA,NA,"ED3102","3_A",NA,NA,NA,685.92831532816,208.92743622169,648.099187215413,680.336906188521,696.087141619324,86.3493815214564,714.2245710138,729.065510092507,822.463347980084,0.125886888748929,34.6055930224914,16.9518633932928,32.5918442483009,34.0617977599216,34.97521183179,3.44852577370284,36.1129522251618,37.3063351143295,38.6153783593906,0.0996522663680845,39,"3_A_ED3102_2.9e-05",NA,NA,NA,NA,NA,"3_A",232.537514894573,463.549626724751,27.2332814868386,17.0214385272952,4.46313528048551e-38,224.962051368695,7.57546352587835
"20250424-CbDRC2-p044-m2x_F03_roi_0.png",20250424,"CbDRC2","p044","m2x","F03",0,670.664239324086,37.2377055410052,"","48h",10,"15hHB101","DMSO",1,"IVERMECTIN",5.8e-05,NA,NA,"ED3102","3_A",NA,NA,NA,663.877506517024,352.2899875617,600.521427168548,655.759367750137,683.240940523417,66.2082877097497,698.479748470721,712.091046136937,727.861479656967,0.0997296746158877,35.5973529950484,30.1026749207614,32.2682311738687,33.7154189180069,35.1284122856217,4.13589559330278,36.5122660514138,38.1333696782257,56.9922084159586,0.116185481372114,38,"3_A_ED3102_5.8e-05",NA,NA,NA,NA,NA,"3_A",219.691313798666,463.549626724751,27.2332814868386,17.0214385272952,4.46313528048551e-38,224.962051368695,-5.27073757002839
"20250424-CbDRC2-p044-m2x_F04_roi_0.png",20250424,"CbDRC2","p044","m2x","F04",0,701.370772187418,34.4514732172891,"","48h",10,"15hHB101","DMSO",1,"IVERMECTIN",0.00011,NA,NA,"ED3102","3_A",NA,NA,NA,674.62831043464,439.47575308502,594.792955024903,660.554874275737,688.702083780584,73.2867609316585,707.159599452497,719.915213772704,894.681114269033,0.10863279793942,33.816685036174,22.1412558357003,30.9787794689177,32.8107190924551,34.4226627779689,3.63675660345896,35.4823843266098,37.0286611375297,41.1170548167759,0.107543261545852,46,"3_A_ED3102_0.00011",NA,NA,NA,NA,NA,"3_A",225.152457055833,463.549626724751,27.2332814868386,17.0214385272952,4.46313528048551e-38,224.962051368695,0.190405687138622
"20250424-CbDRC2-p044-m2x_F05_roi_0.png",20250424,"CbDRC2","p044","m2x","F05",0,617.159039775392,27.0901760949188,"","48h",10,"15hHB101","DMSO",1,"IVERMECTIN",0.00023,NA,NA,"ED3102","3_A",NA,NA,NA,639.807521596133,404.003030927883,566.689570591517,617.54188598372,637.225951813304,79.9749996803145,673.521872871095,703.178800584114,985.940366794721,0.124998529996647,30.6060221785263,19.3964342471487,23.4051283505836,27.8289283514038,32.2647052982676,4.69442091673962,34.0513419151175,35.2409228974586,38.9921605434485,0.153382262136414,46,"3_A_ED3102_0.00023",NA,NA,NA,NA,NA,"3_A",173.676325088554,463.549626724751,27.2332814868386,17.0214385272952,4.46313528048551e-38,224.962051368695,-51.2857262801408
"20250424-CbDRC2-p044-m2x_F06_roi_0.png",20250424,"CbDRC2","p044","m2x","F06",0,615.070806395069,29.581965730724,"","48h",10,"15hHB101","DMSO",1,"IVERMECTIN",0.00046,NA,NA,"ED3102","3_A",NA,NA,NA,576.906754917556,401.97265380557,493.617001501936,535.889903461288,583.096423335029,71.4679792248472,617.655811119799,644.134430166077,871.727003993148,0.12388133544226,23.7518687004734,18.9797774133467,20.188692812903,21.6465524196973,22.9278567513423,3.31388408933407,24.7715739593236,29.0254596613341,32.7023149844756,0.139520983848653,59,"3_A_ED3102_0.00046",NA,NA,NA,NA,NA,"3_A",119.546796610279,463.549626724751,27.2332814868386,17.0214385272952,4.46313528048551e-38,224.962051368695,-105.415254758416
"20250424-CbDRC2-p044-m2x_F07_roi_0.png",20250424,"CbDRC2","p044","m2x","F07",0,420.048570486051,20.2967686336121,"","48h",10,"15hHB101","DMSO",1,"IVERMECTIN",0.00093,NA,NA,"ED3102","3_A",NA,NA,NA,378.56753367264,292.582632443916,348.743648643596,360.926028078151,381.993291953861,29.9738204854158,396.103258122654,405.05006225397,473.989729023316,0.0791769441891314,18.6054023293582,16.7808120071214,17.3638798818867,17.8795450600358,18.49321996128,1.12032287056506,19.3124333487189,19.7484140276459,22.2832511552418,0.060214923103128,41,"3_A_ED3102_0.00093",NA,NA,NA,NA,NA,"3_A",-81.5563347708892,463.549626724751,27.2332814868386,17.0214385272952,4.46313528048551e-38,224.962051368695,-306.518386139584
"20250424-CbDRC2-p044-m2x_F08_roi_0.png",20250424,"CbDRC2","p044","m2x","F08",0,349.60587019829,17.8150767224427,"","48h",10,"15hHB101","DMSO",1,"IVERMECTIN",0.0018,NA,NA,"ED3102","3_A",NA,NA,NA,302.442590432541,249.795085192125,271.186119397115,284.004970091575,299.081054169286,27.1851328789558,319.476654456269,342.029627668331,361.348539308316,0.0898852666222595,16.5141779197219,14.6317807145277,15.719634154123,16.0477892692673,16.372541381666,0.917146190124024,16.9216836360284,17.8827062965931,18.4448088655666,0.0555368965129491,35,"3_A_ED3102_0.0018",NA,NA,NA,NA,NA,"3_A",-164.468572555464,463.549626724751,27.2332814868386,17.0214385272952,4.46313528048551e-38,224.962051368695,-389.430623924159
"20250424-CbDRC2-p044-m2x_F09_roi_0.png",20250424,"CbDRC2","p044","m2x","F09",0,250.630231462402,17.4451574636116,"","48h",10,"15hHB101","DMSO",1,"IVERMECTIN",0.0037,NA,NA,"ED3102","3_A",NA,NA,NA,275.674960915874,230.648241647966,247.885365367419,264.103055970881,277.472278606739,21.067601552059,294.725457445829,297.486331621319,310.730630413827,0.0764218900478527,16.219934565057,13.3047457012012,14.7205600251141,15.0776395195555,15.7547476992918,1.62105251143201,17.2172224055927,18.6869494371385,19.5495253072759,0.0999419883557536,29,"3_A_ED3102_0.0037",NA,NA,NA,NA,NA,"3_A",-186.077348118011,463.549626724751,27.2332814868386,17.0214385272952,4.46313528048551e-38,224.962051368695,-411.039399486706
"20250424-CbDRC2-p044-m2x_F10_roi_1.png",20250424,"CbDRC2","p044","m2x","F10",1,233.132748580111,17.099486424135,"","48h",10,"15hHB101","DMSO",1,"IVERMECTIN",0.0075,NA,NA,"ED3102","3_A",NA,NA,NA,252.915080195922,193.487504530206,225.505677383557,234.386757314891,251.030982910115,25.0180525111108,267.773783126123,286.953066061843,305.462478393197,0.0989187852765854,15.4485177917909,14.0667567838432,14.612064035388,14.8302292403884,15.3015557228773,0.828297097840263,15.9252373517592,16.4774145066642,17.8894369225437,0.0536166063957544,46,"3_A_ED3102_0.0075",NA,NA,NA,"outlier","outlier","3_A",-212.518643814635,463.549626724751,27.2332814868386,17.0214385272952,4.46313528048551e-38,224.962051368695,-437.48069518333
"20250424-CbDRC2-p044-m2x_F11_roi_0.png",20250424,"CbDRC2","p044","m2x","F11",0,231.525334993731,15.0807238735607,"","48h",10,"15hHB101","DMSO",1,"IVERMECTIN",0.015,NA,NA,"ED3102","3_A",NA,NA,NA,239.338504683214,206.44179940518,217.514908513016,226.026893315495,236.957745353648,18.0623339242601,253.617244493896,260.598865967694,278.510734893444,0.0754677311457561,15.0367472220765,13.1742493220266,14.3966922274943,14.7825779758645,15.0293187513012,0.657441526987177,15.2571508875431,15.6547723513811,16.9987594022153,0.0437223235369642,28,"3_A_ED3102_0.015",NA,NA,NA,NA,NA,"3_A",-226.591881371102,463.549626724751,27.2332814868386,17.0214385272952,4.46313528048551e-38,224.962051368695,-451.553932739797
"20250424-CbDRC2-p044-m2x_F12_roi_1.png",20250424,"CbDRC2","p044","m2x","F12",1,238.906075278752,14.6153841278016,"","48h",10,"15hHB101","DMSO",1,"IVERMECTIN",0.03,NA,NA,"ED3102","3_A",NA,NA,NA,236.41298353783,66.8744370188142,209.435364129821,225.523533936449,237.488937647661,35.3277681046581,253.722259870266,264.628492779797,305.388611524694,0.149432436306973,16.192062678749,13.4871075885383,14.2308213698352,14.6720189052608,15.1679516926814,5.98822844705878,15.6731762724767,17.3448643588481,53.9927716634742,0.369824930020679,43,"3_A_ED3102_0.03",NA,NA,NA,NA,NA,"3_A",-226.060689077089,463.549626724751,27.2332814868386,17.0214385272952,4.46313528048551e-38,224.962051368695,-451.022740445784
"20250424-CbDRC2-p045-m2x_A01_roi_0.png",20250424,"CbDRC2","p045","m2x","A01",0,683.787061368372,39.3117556575701,"","48h",10,"15hHB101","DMSO",1,"IVERMECTIN",0,NA,NA,"PB420","3_A",NA,NA,NA,647.528439394872,545.861076454423,603.660504435159,628.185720056086,654.082004654837,36.9637484778521,676.351720237522,684.498672270306,703.006323112594,0.0570843629855014,36.5805485150063,29.9892913021449,33.8447861134792,35.6852328149485,37.201770782843,2.15328414028413,37.8428863532417,38.7460118364488,40.2173620342123,0.0588641840458132,27,"3_A_PB420_0",NA,NA,NA,NA,NA,"3_A",196.844165663059,457.237838991778,25.8910601536029,17.6600663039343,5.86400537459328e-40,188.841855702527,8.00230996053239
"20250424-CbDRC2-p045-m2x_A03_roi_0.png",20250424,"CbDRC2","p045","m2x","A03",0,701.314965301446,40.1108543082302,"","48h",10,"15hHB101","DMSO",1,"IVERMECTIN",5.8e-05,NA,NA,"PB420","3_A",NA,NA,NA,605.657821801487,149.397253152966,454.439865115766,600.055738654321,629.636314161331,140.165342936085,666.065104353099,702.195777120605,982.162161616744,0.231426620594403,34.940186850714,12.3955824584233,27.0874594290677,33.19081775882,36.3936599000162,7.14749959345139,38.7388309554809,39.5009580904392,52.8879512014859,0.204563862923513,49,"3_A_PB420_5.8e-05",NA,NA,NA,NA,NA,"3_A",172.398475169552,457.237838991778,25.8910601536029,17.6600663039343,5.86400537459328e-40,188.841855702527,-16.4433805329743
"20250424-CbDRC2-p045-m2x_A04_roi_0.png",20250424,"CbDRC2","p045","m2x","A04",0,696.272619541272,38.361154124068,"","48h",10,"15hHB101","DMSO",1,"IVERMECTIN",0.00011,NA,NA,"PB420","3_A",NA,NA,NA,662.809142839511,335.894083311181,577.890711237665,625.341379551043,647.174779096507,137.583848663606,688.204583543447,737.339531738583,1186.14182726029,0.207576872090493,33.8523914971515,18.475758029569,28.1293425467259,31.5098461515453,35.9259729758967,5.34574711562047,36.8559070443171,38.6297343915718,39.1089784406933,0.157913425882195,24,"3_A_PB420_0.00011",NA,NA,NA,NA,NA,"3_A",189.936940104729,457.237838991778,25.8910601536029,17.6600663039343,5.86400537459328e-40,188.841855702527,1.09508440220196
"20250424-CbDRC2-p045-m2x_A05_roi_0.png",20250424,"CbDRC2","p045","m2x","A05",0,659.00123719634,36.5696156498152,"","48h",10,"15hHB101","DMSO",1,"IVERMECTIN",0.00023,NA,NA,"PB420","3_A",NA,NA,NA,631.288327447002,168.576140671709,584.219144773298,618.524451774559,647.464784145291,82.2219370160725,662.766707713094,689.425332937486,717.870308916218,0.130244665458313,35.7207568898918,12.9099157101538,32.6172074785935,34.3117250598675,36.543584580725,4.83067143883379,37.8318509965947,39.3634739942002,47.4346262654417,0.135234296790636,44,"3_A_PB420_0.00023",NA,NA,NA,NA,NA,"3_A",190.226945153512,457.237838991778,25.8910601536029,17.6600663039343,5.86400537459328e-40,188.841855702527,1.38508945098573
"20250424-CbDRC2-p045-m2x_A06_roi_0.png",20250424,"CbDRC2","p045","m2x","A06",0,715.60698841729,38.3187576814167,"","48h",10,"15hHB101","DMSO",1,"IVERMECTIN",0.00046,NA,NA,"PB420","3_A",NA,NA,NA,622.745004294648,266.205209025243,553.309278079566,609.047032938515,638.394911890025,79.5911745509298,665.024635055715,686.437963519656,715.60698841729,0.127807006081211,35.1863222978704,25.2946725022996,29.0606686843564,31.7411877589365,34.3911946379132,10.2099312262967,35.7015083189812,37.3591539305354,86.6756764541165,0.290167615127958,30,"3_A_PB420_0.00046",NA,NA,NA,NA,NA,"3_A",181.157072898247,457.237838991778,25.8910601536029,17.6600663039343,5.86400537459328e-40,188.841855702527,-7.68478280427979
"20250424-CbDRC2-p045-m2x_A07_roi_0.png",20250424,"CbDRC2","p045","m2x","A07",0,367.88174098329,18.0332427975337,"","48h",10,"15hHB101","DMSO",1,"IVERMECTIN",0.00093,NA,NA,"PB420","3_A",NA,NA,NA,362.331669470436,134.002750164696,232.750894322305,343.785260951707,362.521850288661,86.0032583221116,387.680890408147,452.451302103708,592.934776041917,0.2373605885674,18.1969664689451,13.1086627477871,15.2222952200645,17.087208252168,18.0877148672709,2.27792993490169,19.1788158269123,21.062339642018,23.2637993589188,0.125181850435851,37,"3_A_PB420_0.00093",NA,NA,NA,NA,NA,"3_A",-94.715988703117,457.237838991778,25.8910601536029,17.6600663039343,5.86400537459328e-40,188.841855702527,-283.557844405644
"20250424-CbDRC2-p045-m2x_A08_roi_0.png",20250424,"CbDRC2","p045","m2x","A08",0,270.042320259833,17.1435579013423,"","48h",10,"15hHB101","DMSO",1,"IVERMECTIN",0.0018,NA,NA,"PB420","3_A",NA,NA,NA,274.543428730899,248.423389185786,250.458365051038,264.761754278574,270.623041942629,18.9759048602385,283.85906352218,302.429548006494,319.363316884788,0.0691180442670082,16.1889061765989,14.293656926122,14.8597778792832,15.1955241914993,15.9073834818867,1.22383029602929,17.1435579013423,17.9106011539547,18.5322245796843,0.0755968490198764,25,"3_A_PB420_0.0018",NA,NA,NA,NA,NA,"3_A",-186.614797049149,457.237838991778,25.8910601536029,17.6600663039343,5.86400537459328e-40,188.841855702527,-375.456652751676
"20250424-CbDRC2-p045-m2x_A09_roi_0.png",20250424,"CbDRC2","p045","m2x","A09",0,238.486878930845,14.5378397264276,"","48h",10,"15hHB101","DMSO",1,"IVERMECTIN",0.0037,NA,NA,"PB420","3_A",NA,NA,NA,254.845903349057,211.040428318876,234.271048315845,241.121704411811,251.654239306066,23.1993065857103,269.084981888571,276.846548573236,323.909531961488,0.0910326839899588,14.9665716869386,13.8956996728012,14.1237088497405,14.5177690036114,15.0029106966121,0.591300527757239,15.172054472507,15.7406130526894,16.1704419993178,0.0395080810840114,24,"3_A_PB420_0.0037",NA,NA,NA,NA,NA,"3_A",-205.583599685712,457.237838991778,25.8910601536029,17.6600663039343,5.86400537459328e-40,188.841855702527,-394.425455388239
"20250424-CbDRC2-p045-m2x_A10_roi_0.png",20250424,"CbDRC2","p045","m2x","A10",0,265.243278722641,15.7516852711265,"","48h",10,"15hHB101","DMSO",1,"IVERMECTIN",0.0075,NA,NA,"PB420","3_A",NA,NA,NA,258.928972649017,196.250349466809,221.026256039464,238.320231533495,254.265094248791,44.9677612319737,266.861819341556,277.446101912892,413.271716002223,0.173668325996598,15.1495576281512,13.7585482341112,14.0746984675373,14.3302815057803,15.0913050019698,1.08580211447904,15.5202905802086,16.2020807925051,18.1909208080381,0.0716721993559325,33,"3_A_PB420_0.0075",NA,NA,NA,NA,NA,"3_A",-202.972744742987,457.237838991778,25.8910601536029,17.6600663039343,5.86400537459328e-40,188.841855702527,-391.814600445514
"20250424-CbDRC2-p045-m2x_A12_roi_0.png",20250424,"CbDRC2","p045","m2x","A12",0,244.651506057799,15.3529539902944,"","48h",10,"15hHB101","DMSO",1,"IVERMECTIN",0.03,NA,NA,"PB420","3_A",NA,NA,NA,228.799010752204,202.834496268926,209.527940378107,218.031803390301,224.815948711386,15.3179088276475,244.795864906539,249.350278377945,255.112580528163,0.0669491916826388,14.8788828303296,13.4791800486896,13.9024050012391,14.2557988177475,14.7883673332805,0.839609579184458,15.403105183549,15.9675691186092,16.5613236045175,0.056429611601818,24,"3_A_PB420_0.03",NA,NA,NA,NA,NA,"3_A",-232.421890280392,457.237838991778,25.8910601536029,17.6600663039343,5.86400537459328e-40,188.841855702527,-421.263745982919
"20250424-CbDRC2-p045-m2x_B01_roi_0.png",20250424,"CbDRC2","p045","m2x","B01",0,683.212134106625,38.2347028115174,"","48h",10,"15hHB101","DMSO",1,"IVERMECTIN",0,NA,NA,"JU3237","3_A",NA,NA,NA,635.346536320225,206.054638618456,572.922646342593,637.560008651988,655.06900013642,86.2645894063497,671.201494267117,685.214487278775,705.080480979034,0.135775650727512,34.8502193398428,20.348880708021,31.3262688063874,33.2387025864279,34.9919784193233,3.90046455225601,37.5525528523337,38.7091297582768,41.3555844787069,0.111920803545611,33,"3_A_JU3237_0",NA,NA,NA,NA,NA,"3_A",208.875428961379,446.193571175041,24.5659312291378,18.1631043013671,1.26730634373717e-40,185.742269212847,23.1331597485323
"20250424-CbDRC2-p045-m2x_B02_roi_0.png",20250424,"CbDRC2","p045","m2x","B02",0,636.634212251319,39.3253419241674,"","48h",10,"15hHB101","DMSO",1,"IVERMECTIN",2.9e-05,NA,NA,"JU3237","3_A",NA,NA,NA,633.356567302975,328.976425333806,584.350631794538,629.583166692284,645.893654632293,62.8173046653122,666.10083656013,678.386508944069,707.515435997674,0.0991815793950117,35.2997249000078,17.7847126185746,30.6786669478576,33.8336165162926,35.2676542361583,4.35805183461631,38.0062767930119,39.157870958056,44.9216213181867,0.123458521191346,40,"3_A_JU3237_2.9e-05",NA,NA,NA,NA,NA,"3_A",199.700083457252,446.193571175041,24.5659312291378,18.1631043013671,1.26730634373717e-40,185.742269212847,13.9578142444047
"20250424-CbDRC2-p045-m2x_B03_roi_0.png",20250424,"CbDRC2","p045","m2x","B03",0,639.589378077173,36.0671241338663,"","48h",10,"15hHB101","DMSO",1,"IVERMECTIN",5.8e-05,NA,NA,"JU3237","3_A",NA,NA,NA,637.192442334936,469.318009540921,585.715597177046,623.723799785441,642.253845599313,51.29643308734,666.508073656216,685.028894522086,733.642202074683,0.0805038316201125,35.1542063935181,31.4965256808564,32.3545223364781,33.4534961445644,34.785079968993,2.69451069056322,36.0671241338663,37.3590149912489,46.2736251923783,0.0766483151518405,33,"3_A_JU3237_5.8e-05",NA,NA,NA,NA,NA,"3_A",196.060274424272,446.193571175041,24.5659312291378,18.1631043013671,1.26730634373717e-40,185.742269212847,10.3180052114252
"20250424-CbDRC2-p045-m2x_B04_roi_0.png",20250424,"CbDRC2","p045","m2x","B04",0,698.741777095828,35.4232240973394,"","48h",10,"15hHB101","DMSO",1,"IVERMECTIN",0.00011,NA,NA,"JU3237","3_A",NA,NA,NA,639.662182944102,492.239992441545,567.874006294817,620.272531527741,652.466046147783,54.0664344776775,671.854232789743,686.320920658931,728.97180539026,0.0845234186408082,34.5948052185092,28.6066317875772,30.3337855711526,32.5582451206005,34.9310709539179,2.93196512147647,36.72787235607,38.1758702684087,40.0323633111168,0.0847516007954798,37,"3_A_JU3237_0.00011",NA,NA,NA,NA,NA,"3_A",206.272474972742,446.193571175041,24.5659312291378,18.1631043013671,1.26730634373717e-40,185.742269212847,20.5302057598948
"20250424-CbDRC2-p045-m2x_B05_roi_0.png",20250424,"CbDRC2","p045","m2x","B05",0,714.755844169043,34.6909645308631,"","48h",10,"15hHB101","DMSO",1,"IVERMECTIN",0.00023,NA,NA,"JU3237","3_A",NA,NA,NA,623.230151132696,309.396279058026,576.719017941833,603.551797878141,628.835729933173,59.7105101298123,649.938330564666,668.963575930983,764.298348283374,0.0958081216406023,34.2168540706644,16.7605571345322,31.6804178471688,32.9317873146167,34.6296846018294,3.73403951188217,36.5427854848876,37.2514512413133,40.5124024099394,0.109128662271834,51,"3_A_JU3237_0.00023",NA,NA,NA,NA,NA,"3_A",182.642158758132,446.193571175041,24.5659312291378,18.1631043013671,1.26730634373717e-40,185.742269212847,-3.10011045471515
"20250424-CbDRC2-p045-m2x_B06_roi_0.png",20250424,"CbDRC2","p045","m2x","B06",0,639.669055121571,33.88517376875,"","48h",10,"15hHB101","DMSO",1,"IVERMECTIN",0.00046,NA,NA,"JU3237","3_A",NA,NA,NA,597.450229211956,441.405236992706,516.597632696656,579.935883757975,618.446918914415,59.3476161938077,639.744018209986,650.848348755362,672.438978939219,0.0993348287305672,32.7365751532285,24.2464894176744,28.7758886836765,30.5609005193446,32.7508931611917,3.95113857393146,34.816144756951,36.4538823061745,43.034862644409,0.120694927781467,28,"3_A_JU3237_0.00046",NA,NA,NA,NA,NA,"3_A",172.253347739374,446.193571175041,24.5659312291378,18.1631043013671,1.26730634373717e-40,185.742269212847,-13.4889214734732
"20250424-CbDRC2-p045-m2x_B07_roi_0.png",20250424,"CbDRC2","p045","m2x","B07",0,464.857967449422,18.4194273941033,"","48h",10,"15hHB101","DMSO",1,"IVERMECTIN",0.00093,NA,NA,"JU3237","3_A",NA,NA,NA,416.517195564516,349.724142128911,379.758398008945,391.303775652981,401.392154780164,42.9883605403293,440.948715684821,465.492678203665,519.822513802767,0.103209089560075,19.4934344289667,15.7388655260195,16.8646175177468,17.7274790605975,19.2279629961184,2.48734207262733,20.964476201121,22.8905854755815,25.639676915679,0.127598965779535,22,"3_A_JU3237_0.00093",NA,NA,NA,NA,NA,"3_A",-44.8014163948763,446.193571175041,24.5659312291378,18.1631043013671,1.26730634373717e-40,185.742269212847,-230.543685607723
"20250424-CbDRC2-p045-m2x_B09_roi_0.png",20250424,"CbDRC2","p045","m2x","B09",0,271.800236698017,17.8319662016807,"","48h",10,"15hHB101","DMSO",1,"IVERMECTIN",0.0037,NA,NA,"JU3237","3_A",NA,NA,NA,265.507467823863,198.475201654809,227.528307343539,251.079019325855,269.565432921392,26.2067916036825,283.115617291734,292.20864162008,307.651276377097,0.0987045367065457,15.3512178030766,13.7288867398258,14.2438135916684,14.619553799759,15.4580597975607,0.993032685318663,15.6385449049692,16.7975599311588,17.8319662016807,0.0646875510501611,32,"3_A_JU3237_0.0037",NA,NA,NA,"outlier","outlier","3_A",-176.628138253649,446.193571175041,24.5659312291378,18.1631043013671,1.26730634373717e-40,185.742269212847,-362.370407466496
"20250424-CbDRC2-p045-m2x_B10_roi_0.png",20250424,"CbDRC2","p045","m2x","B10",0,257.452228590337,14.9536873527986,"","48h",10,"15hHB101","DMSO",1,"IVERMECTIN",0.0075,NA,NA,"JU3237","3_A",NA,NA,NA,230.689204426154,134.182740470797,188.887378591557,219.430366074784,235.822642092269,33.1264840108272,254.838675036268,264.496261551804,273.352715506824,0.143597894375813,15.3427760205936,13.1206688886659,14.2202427419153,14.3107407867428,14.9000559285503,2.32543729332004,15.4648217249661,15.9783860141267,25.1257373803898,0.151565615648613,35,"3_A_JU3237_0.0075",NA,NA,NA,NA,NA,"3_A",-210.370929082772,446.193571175041,24.5659312291378,18.1631043013671,1.26730634373717e-40,185.742269212847,-396.113198295619
"20250424-CbDRC2-p045-m2x_B11_roi_0.png",20250424,"CbDRC2","p045","m2x","B11",0,230.874141292076,16.6955237111781,"","48h",10,"15hHB101","DMSO",1,"IVERMECTIN",0.015,NA,NA,"JU3237","3_A",NA,NA,NA,223.566790214041,147.860252340146,188.251734159227,205.487892349392,227.999562005998,28.3651808380515,237.941834253585,255.147424012774,277.484050977395,0.126875645577301,14.8039483790926,11.2957539069088,13.569499510832,14.320369245703,14.8319457509488,1.27877675410111,15.3171472756036,16.5859313012493,17.445494188166,0.0863807898646216,32,"3_A_JU3237_0.015",NA,NA,NA,NA,NA,"3_A",-218.194009169043,446.193571175041,24.5659312291378,18.1631043013671,1.26730634373717e-40,185.742269212847,-403.93627838189
"20250424-CbDRC2-p045-m2x_B12_roi_0.png",20250424,"CbDRC2","p045","m2x","B12",0,219.107113050355,13.9835432984907,"","48h",10,"15hHB101","DMSO",1,"IVERMECTIN",0.03,NA,NA,"JU3237","3_A",NA,NA,NA,222.352551578051,165.542419359548,180.596759523744,208.284172984456,222.20270641106,29.6938650086936,240.555712075339,254.885392096195,312.604253334987,0.13354407133156,14.9312130902829,13.5127438600306,13.9403426728703,14.1329549071299,14.8422714998284,0.857575986592924,15.7001538722536,16.081930621413,16.4943090306216,0.0574351180582259,36,"3_A_JU3237_0.03",NA,NA,NA,NA,NA,"3_A",-223.990864763981,446.193571175041,24.5659312291378,18.1631043013671,1.26730634373717e-40,185.742269212847,-409.733133976828
"20250424-CbDRC2-p045-m2x_C01_roi_0.png",20250424,"CbDRC2","p045","m2x","C01",0,623.596730298595,32.0553104608098,"","48h",10,"15hHB101","DMSO",1,"IVERMECTIN",0,NA,NA,"NIC1667","3_A",NA,NA,NA,603.906816861566,24.4568445087147,519.935503568255,579.237285074529,614.831490116235,118.093021370384,645.568513832412,683.728325526259,1005.15657295626,0.195548415870017,143.31146238656,16.3993398175577,29.3103854745435,30.4727796351746,31.6629300335259,928.130884491,33.0433231739777,34.6412028258022,8410.53590798676,6.47631996097783,82,"3_A_NIC1667_0",NA,"n>75",NA,NA,NA,"3_A",159.872060522338,454.959429593897,22.8011769965811,19.9533309031422,5.88828783048315e-46,168.954730350924,-9.08266982858626
"20250424-CbDRC2-p045-m2x_C02_roi_0.png",20250424,"CbDRC2","p045","m2x","C02",0,674.242091873718,27.7787214415197,"","48h",10,"15hHB101","DMSO",1,"IVERMECTIN",2.9e-05,NA,NA,"NIC1667","3_A",NA,NA,NA,617.137043236421,154.362363182112,544.152644834071,607.978478147919,637.75662075298,87.8516730906183,661.966445763151,681.209630778945,696.394942786032,0.142353589131358,31.9079836762422,9.79982713166532,28.7068690978073,30.5296658192405,32.4889546315183,4.14145411760731,33.6714609807817,35.8453424873201,37.5570611350887,0.129793664169727,53,"3_A_NIC1667_2.9e-05",NA,NA,NA,"outlier","outlier","3_A",182.797191159082,454.959429593897,22.8011769965811,19.9533309031422,5.88828783048315e-46,168.954730350924,13.8424608081581
"20250424-CbDRC2-p045-m2x_C03_roi_0.png",20250424,"CbDRC2","p045","m2x","C03",0,673.950656473637,31.4246238518133,"","48h",10,"15hHB101","DMSO",1,"IVERMECTIN",5.8e-05,NA,NA,"NIC1667","3_A",NA,NA,NA,620.475490987218,380.514016531414,553.010437847304,592.102813092161,629.432535558109,57.5310968572185,660.057219076953,680.635021237689,716.606865444771,0.0927209820418253,31.8753659771608,28.3354280319965,30.2863256246296,31.0664377385665,31.5761103758938,1.62752454398611,32.8209146646707,34.0188422355243,36.8858741043327,0.0510590072958616,55,"3_A_NIC1667_5.8e-05",NA,NA,NA,NA,NA,"3_A",174.473105964211,454.959429593897,22.8011769965811,19.9533309031422,5.88828783048315e-46,168.954730350924,5.51837561328719
"20250424-CbDRC2-p045-m2x_C04_roi_0.png",20250424,"CbDRC2","p045","m2x","C04",0,636.223241882966,30.9328100627196,"","48h",10,"15hHB101","DMSO",1,"IVERMECTIN",0.00011,NA,NA,"NIC1667","3_A",NA,NA,NA,623.353561759102,177.636121846587,572.099408655769,598.661292536362,642.551145861045,72.7926129273053,664.209138302038,675.896497935024,691.56716621586,0.116775803320807,31.8635310663871,20.7078886323642,29.73850362666,30.5882956563426,31.5155757618228,2.76510004924283,33.7267163446576,34.5143474318636,38.7920717776434,0.0867794609292296,55,"3_A_NIC1667_0.00011",NA,NA,NA,NA,NA,"3_A",187.591716267147,454.959429593897,22.8011769965811,19.9533309031422,5.88828783048315e-46,168.954730350924,18.636985916223
"20250424-CbDRC2-p045-m2x_C05_roi_0.png",20250424,"CbDRC2","p045","m2x","C05",0,651.369033775017,32.8361129560658,"","48h",10,"15hHB101","DMSO",1,"IVERMECTIN",0.00023,NA,NA,"NIC1667","3_A",NA,NA,NA,617.869599683851,230.457790679685,553.67934081211,608.793465332755,626.528142579233,67.7001927806842,655.608579555699,670.450205288492,681.262005606156,0.10957035726523,31.636446426151,14.0012137690328,28.927565710685,30.8279133470539,32.0273995985586,3.34681571784794,33.0032748639098,34.4880515684567,38.5663221653899,0.105789875157452,55,"3_A_NIC1667_0.00023",NA,NA,NA,NA,NA,"3_A",171.568712985336,454.959429593897,22.8011769965811,19.9533309031422,5.88828783048315e-46,168.954730350924,2.61398263441154
"20250424-CbDRC2-p045-m2x_C06_roi_0.png",20250424,"CbDRC2","p045","m2x","C06",0,659.107909342636,33.0331377733385,"","48h",10,"15hHB101","DMSO",1,"IVERMECTIN",0.00046,NA,NA,"NIC1667","3_A",NA,NA,NA,598.047962476631,418.236464655031,529.546662624374,552.489294420141,596.986799123119,71.6987894365542,636.575678513354,663.173808188586,839.785336631237,0.119888025601886,30.8185435618042,25.2407575612919,27.8947614691192,28.8783966649392,30.2558119305228,3.11922761157709,31.8525222523824,33.848511416971,43.7998077652388,0.101212687268031,59,"3_A_NIC1667_0.00046",NA,NA,NA,NA,NA,"3_A",142.027369529222,454.959429593897,22.8011769965811,19.9533309031422,5.88828783048315e-46,168.954730350924,-26.9273608217023
"20250424-CbDRC2-p045-m2x_C07_roi_0.png",20250424,"CbDRC2","p045","m2x","C07",0,385.572688601662,17.615244431824,"","48h",10,"15hHB101","DMSO",1,"IVERMECTIN",0.00093,NA,NA,"NIC1667","3_A",NA,NA,NA,389.984820122619,364.827435559694,368.976486168088,375.200062080678,385.572688601662,27.6289448227756,402.563512404081,412.758006685532,419.554336206499,0.0708462057935705,19.1617971146609,17.615244431824,17.7241624987707,17.8875395991907,18.1598347665574,2.22381233591511,19.9350734560794,21.0002166697926,21.7103121456013,0.116054476655201,3,"3_A_NIC1667_0.00093",NA,"n<5",NA,NA,NA,"3_A",-69.3867409922353,454.959429593897,22.8011769965811,19.9533309031422,5.88828783048315e-46,168.954730350924,-238.341471343159
"20250424-CbDRC2-p045-m2x_C08_roi_0.png",20250424,"CbDRC2","p045","m2x","C08",0,349.288632476042,17.8270232279925,"","48h",10,"15hHB101","DMSO",1,"IVERMECTIN",0.0018,NA,NA,"NIC1667","3_A",NA,NA,NA,298.983047928985,238.514959369362,267.724909135963,286.636523490309,296.609456779001,28.5488575420965,313.128824116279,336.773878473663,361.307373722411,0.0954865425978183,16.256219318518,13.7401516397804,14.5364492146922,15.433966033698,16.1855918366495,1.35840517003152,16.9698061696142,17.8443209753357,19.2628348212565,0.0835621827815842,33,"3_A_NIC1667_0.0018",NA,NA,NA,NA,NA,"3_A",-158.349972814896,454.959429593897,22.8011769965811,19.9533309031422,5.88828783048315e-46,168.954730350924,-327.30470316582
"20250424-CbDRC2-p045-m2x_C10_roi_0.png",20250424,"CbDRC2","p045","m2x","C10",0,239.62157231237,13.554357820687,"","48h",10,"15hHB101","DMSO",1,"IVERMECTIN",0.0075,NA,NA,"NIC1667","3_A",NA,NA,NA,264.595480040189,206.556005115388,244.861161205601,256.632847445072,266.770782050279,18.3190870259546,275.31645503849,282.603182370361,301.051690262424,0.0692343158060454,14.411153608497,13.3935213743818,13.582667431795,13.7369116627001,14.3391814348944,0.770499966012199,14.7352790058291,15.44088463384,16.5742760561193,0.0534655300293174,28,"3_A_NIC1667_0.0075",NA,NA,NA,"outlier","outlier","3_A",-188.188647543619,454.959429593897,22.8011769965811,19.9533309031422,5.88828783048315e-46,168.954730350924,-357.143377894543
"20250424-CbDRC2-p045-m2x_C11_roi_1.png",20250424,"CbDRC2","p045","m2x","C11",1,260.700173708756,14.8364142376367,"","48h",10,"15hHB101","DMSO",1,"IVERMECTIN",0.015,NA,NA,"NIC1667","3_A",NA,NA,NA,256.112190985942,205.857480144412,230.960430344361,243.100435726577,257.163189375588,20.5054208217962,268.839529240718,280.310781530603,307.190988895695,0.0800642122612654,15.2163534555845,12.8624565931957,13.7203583585255,14.0883818832915,14.4742985945917,2.86056018601353,15.4712209220539,16.7097748628448,32.2693945857622,0.187992490734611,45,"3_A_NIC1667_0.015",NA,NA,NA,NA,NA,"3_A",-197.796240218309,454.959429593897,22.8011769965811,19.9533309031422,5.88828783048315e-46,168.954730350924,-366.750970569233
"20250424-CbDRC2-p045-m2x_C12_roi_0.png",20250424,"CbDRC2","p045","m2x","C12",0,234.383224752064,13.8223571829117,"","48h",10,"15hHB101","DMSO",1,"IVERMECTIN",0.03,NA,NA,"NIC1667","3_A",NA,NA,NA,235.152853632743,165.249307280586,208.603352988502,223.710463538911,237.469499306331,22.6499162636692,248.221563041879,262.368878532684,276.051072098729,0.0963199719406484,14.7260415937124,13.0760106044277,13.6658621501554,13.8600685757509,14.4820970463765,1.21916451039141,14.7834486784664,16.7569901411366,18.0459385334803,0.0827896962420611,45,"3_A_NIC1667_0.03",NA,NA,NA,NA,NA,"3_A",-217.489930287567,454.959429593897,22.8011769965811,19.9533309031422,5.88828783048315e-46,168.954730350924,-386.444660638491
"20250424-CbDRC2-p045-m2x_D01_roi_0.png",20250424,"CbDRC2","p045","m2x","D01",0,821.945691683714,38.5833006535701,"","48h",10,"15hHB101","DMSO",1,"IVERMECTIN",0,NA,NA,"VX34","3_A",NA,NA,NA,732.735333912942,556.124030639481,655.409072696071,700.487778286191,736.596863023153,69.7142025379208,774.622772905147,821.61642332769,880.795269496059,0.095142405874757,37.5605706606719,30.9990815244998,35.0279334737755,35.9755028815672,37.8328402204057,2.61128465351715,38.5946248048914,40.631359007317,45.9254653286065,0.0695219643255131,45,"3_A_VX34_0",NA,NA,NA,NA,NA,"3_A",241.860239049255,494.736623973898,31.0634991733245,15.9266224713907,9.46799627912495e-35,239.366746355374,2.49349269388114
"20250424-CbDRC2-p045-m2x_D03_roi_0.png",20250424,"CbDRC2","p045","m2x","D03",0,744.426052440809,37.748840619777,"","48h",10,"15hHB101","DMSO",1,"IVERMECTIN",5.8e-05,NA,NA,"VX34","3_A",NA,NA,NA,726.688648414199,526.76707933795,685.998214353174,709.91725627284,739.439032188837,46.2993386998179,753.588483290463,762.35999860504,812.682149081666,0.0637127589661042,36.9854027625854,25.6902397001457,34.4699365918848,36.2244504097938,37.2284395368075,2.52099439427171,38.3377764551928,39.4132223924254,41.323566760945,0.0681618748470668,47,"3_A_VX34_5.8e-05",NA,NA,NA,NA,NA,"3_A",244.702408214939,494.736623973898,31.0634991733245,15.9266224713907,9.46799627912495e-35,239.366746355374,5.33566185956505
"20250424-CbDRC2-p045-m2x_D04_roi_0.png",20250424,"CbDRC2","p045","m2x","D04",0,720.053550750407,35.0291491740914,"","48h",10,"15hHB101","DMSO",1,"IVERMECTIN",0.00011,NA,NA,"VX34","3_A",NA,NA,NA,735.829625548981,648.57962170216,697.855744996996,720.053550750407,735.931674482014,33.7116966912498,757.081404218341,776.681311389721,810.809719716826,0.045814541193688,36.232046356482,29.5946337033307,32.993662588166,34.9922452655485,36.9327488441207,2.44596985698572,37.5780168533653,39.0839292982506,40.3887562500821,0.0675084656527585,37,"3_A_VX34_0.00011",NA,NA,NA,NA,NA,"3_A",241.195050508117,494.736623973898,31.0634991733245,15.9266224713907,9.46799627912495e-35,239.366746355374,1.82830415274276
"20250424-CbDRC2-p045-m2x_D05_roi_0.png",20250424,"CbDRC2","p045","m2x","D05",0,689.07499729629,35.5839400249503,"","48h",10,"15hHB101","DMSO",1,"IVERMECTIN",0.00023,NA,NA,"VX34","3_A",NA,NA,NA,725.688924582162,152.339947286069,682.494284151669,700.691262910842,728.174792782086,127.536810560913,755.63466437392,771.849881984057,1219.00132622645,0.175745841283641,34.2761217025015,12.0375080823446,28.8880286528546,33.4395115879544,35.8543526954429,5.45767166449971,36.9007318488642,38.5225198833986,40.5840373714972,0.159226639229181,40,"3_A_VX34_0.00023",NA,NA,NA,NA,NA,"3_A",233.438168808188,494.736623973898,31.0634991733245,15.9266224713907,9.46799627912495e-35,239.366746355374,-5.92857754718608
"20250424-CbDRC2-p045-m2x_D06_roi_0.png",20250424,"CbDRC2","p045","m2x","D06",0,667.316200990818,32.0945721246985,"","48h",10,"15hHB101","DMSO",1,"IVERMECTIN",0.00046,NA,NA,"VX34","3_A",NA,NA,NA,661.438087663838,291.199958665887,580.24241660243,626.101546382468,679.214137288843,79.4904909448861,709.96353483921,730.901067783278,758.441843075778,0.120178278855459,34.9552270569788,24.1764332704779,29.0630283606942,32.8369371561612,34.070405321629,6.91866642022902,36.2334486504865,36.9659434055351,69.5873587257101,0.197929380030954,41,"3_A_VX34_0.00046",NA,NA,NA,NA,NA,"3_A",184.477513314945,494.736623973898,31.0634991733245,15.9266224713907,9.46799627912495e-35,239.366746355374,-54.8892330404286
"20250424-CbDRC2-p045-m2x_D08_roi_0.png",20250424,"CbDRC2","p045","m2x","D08",0,351.158687163235,18.9009228212624,"","48h",10,"15hHB101","DMSO",1,"IVERMECTIN",0.0018,NA,NA,"VX34","3_A",NA,NA,NA,305.568729032881,204.409793994419,273.431664855994,285.700959785752,301.552146343986,31.7013006001484,323.856669450102,344.955892381941,377.249622443,0.103745238265978,16.7750497303689,14.2917569281009,15.3387439136805,15.8160224769304,16.5459782517757,1.25653179790355,17.5569542714964,18.4531838277867,20.0375517359837,0.0749048031511214,42,"3_A_VX34_0.0018",NA,NA,NA,NA,NA,"3_A",-193.184477629911,494.736623973898,31.0634991733245,15.9266224713907,9.46799627912495e-35,239.366746355374,-432.551223985285
"20250424-CbDRC2-p045-m2x_D10_roi_0.png",20250424,"CbDRC2","p045","m2x","D10",0,267.049239593568,14.8440200680522,"","48h",10,"15hHB101","DMSO",1,"IVERMECTIN",0.0075,NA,NA,"VX34","3_A",NA,NA,NA,263.102731026295,222.67590945242,244.224756742658,254.681468380744,263.377210881718,17.038442904157,275.264399601527,283.591765673092,300.893775153302,0.0647596580913262,14.9068978488472,13.6638666750421,14.2326211873334,14.457176442055,14.8811519937929,0.607369762814092,15.3299731506529,15.7671286083491,15.9910578102938,0.0407442090884832,34,"3_A_VX34_0.0075",NA,NA,NA,NA,NA,"3_A",-231.359413092179,494.736623973898,31.0634991733245,15.9266224713907,9.46799627912495e-35,239.366746355374,-470.726159447553
"20250424-CbDRC2-p045-m2x_D11_roi_0.png",20250424,"CbDRC2","p045","m2x","D11",0,253.060832852778,14.7687393262909,"","48h",10,"15hHB101","DMSO",1,"IVERMECTIN",0.015,NA,NA,"VX34","3_A",NA,NA,NA,247.043443280484,205.8828197096,219.252590669743,235.676821234019,250.823982023357,19.5940441948263,259.874833828088,266.603860333626,284.608264178255,0.0793141640783399,14.8535698699331,13.157123790931,13.8462086794562,14.2073324447314,14.9188446347702,0.762346935172759,15.3492794352376,15.7746914008093,16.1967674587392,0.0513241558661204,33,"3_A_VX34_0.015",NA,NA,NA,NA,NA,"3_A",-243.912641950541,494.736623973898,31.0634991733245,15.9266224713907,9.46799627912495e-35,239.366746355374,-483.279388305915
"20250424-CbDRC2-p045-m2x_D12_roi_0.png",20250424,"CbDRC2","p045","m2x","D12",0,242.005347296532,14.4956954470229,"","48h",10,"15hHB101","DMSO",1,"IVERMECTIN",0.03,NA,NA,"VX34","3_A",NA,NA,NA,245.214931146336,210.540504594208,220.956229118147,230.192827756689,244.690452117894,19.4461025886236,259.494115295142,268.111897838987,280.414127572573,0.0793022777924514,14.9015681081906,13.8385310143691,13.9656594210825,14.4103281273902,14.9110919930397,0.705076204108698,15.2211391908988,15.6264217543686,16.7799105183273,0.0473155710184054,26,"3_A_VX34_0.03",NA,NA,NA,NA,NA,"3_A",-250.046171856003,494.736623973898,31.0634991733245,15.9266224713907,9.46799627912495e-35,239.366746355374,-489.412918211377
"20250424-CbDRC2-p045-m2x_E01_roi_0.png",20250424,"CbDRC2","p045","m2x","E01",0,702.911083746374,32.1284547858403,"","48h",10,"15hHB101","DMSO",1,"IVERMECTIN",0,NA,NA,"ECA2666","3_A",NA,NA,NA,583.075866452749,318.84506926604,453.648217251478,525.223938304877,600.655784257831,100.09048041205,652.208849412459,696.104367055894,727.417495981991,0.171659446344383,27.1143404290416,17.7173915113868,22.4352975817679,24.43306646568,27.1017246661154,4.20126823453434,29.53046616778,31.5232455984613,35.9097135907587,0.154946355620528,26,"3_A_ECA2666_0",NA,NA,NA,NA,NA,"3_A",179.041195322415,421.614588935416,22.7760643635003,18.5113012593638,5.09787153788909e-42,208.851864384434,-29.8106690620186
"20250424-CbDRC2-p045-m2x_E02_roi_0.png",20250424,"CbDRC2","p045","m2x","E02",0,660.212551378564,28.4876080444122,"","48h",10,"15hHB101","DMSO",1,"IVERMECTIN",2.9e-05,NA,NA,"ECA2666","3_A",NA,NA,NA,597.966942101741,148.396116241913,511.907801767625,574.378653140532,630.776673144983,104.584548054288,659.395665177034,673.754630827417,694.391550111299,0.174900217203802,27.4993090576174,18.3457873358331,22.0854132336395,24.5181954384466,28.4876080444122,4.44114228908677,30.9551879328924,31.9315027894199,34.8397913213878,0.161500140959235,35,"3_A_ECA2666_2.9e-05",NA,NA,NA,NA,NA,"3_A",209.162084209568,421.614588935416,22.7760643635003,18.5113012593638,5.09787153788909e-42,208.851864384434,0.3102198251338
"20250424-CbDRC2-p045-m2x_E03_roi_0.png",20250424,"CbDRC2","p045","m2x","E03",0,577.917603936896,30.0715757755202,"","48h",10,"15hHB101","DMSO",1,"IVERMECTIN",5.8e-05,NA,NA,"ECA2666","3_A",NA,NA,NA,635.283910766576,534.728232724355,542.941611801785,582.112071563845,631.71970306582,68.5346961850484,693.70897432092,723.21280080231,757.629609504935,0.107880421687919,30.6800830372656,22.1500358738209,27.5621331259042,29.7756464325098,30.8958221943705,2.70079686425329,32.4339019744562,33.4217906432108,35.5536266879362,0.088030950273921,26,"3_A_ECA2666_5.8e-05",NA,NA,NA,"outlier","outlier","3_A",210.105114130405,421.614588935416,22.7760643635003,18.5113012593638,5.09787153788909e-42,208.851864384434,1.25324974597072
"20250424-CbDRC2-p045-m2x_E06_roi_0.png",20250424,"CbDRC2","p045","m2x","E06",0,438.440126613107,20.3212139240021,"","48h",10,"15hHB101","DMSO",1,"IVERMECTIN",0.00046,NA,NA,"ECA2666","3_A",NA,NA,NA,507.063713321763,236.085062324665,379.902833952895,476.725033571148,521.503801912009,84.0691602014728,561.454885580252,575.187297666876,631.458422204954,0.165796048884543,23.0429394250479,18.1439120883674,19.1857627071439,20.4591065174433,23.078361657396,3.10862451569805,25.551778864587,26.7963960128453,29.1584160733081,0.134905727882917,32,"3_A_ECA2666_0.00046",NA,NA,NA,"outlier","outlier","3_A",99.8892129765933,421.614588935416,22.7760643635003,18.5113012593638,5.09787153788909e-42,208.851864384434,-108.962651407841
"20250424-CbDRC2-p045-m2x_E07_roi_0.png",20250424,"CbDRC2","p045","m2x","E07",0,442.620405758326,18.9249324331661,"","48h",10,"15hHB101","DMSO",1,"IVERMECTIN",0.00093,NA,NA,"ECA2666","3_A",NA,NA,NA,398.845737363669,322.256290034299,341.708594529042,374.598468997257,406.813786379922,38.5716462237733,425.766465072777,441.862845593536,478.334880885243,0.096708182162678,18.7845380369392,16.4193291158991,16.9726556598044,17.8613580982176,18.5823635643066,1.46098891690928,19.780401745436,20.6210605576191,22.5372916372992,0.0777761430191303,32,"3_A_ECA2666_0.00093",NA,NA,NA,NA,NA,"3_A",-14.800802555494,421.614588935416,22.7760643635003,18.5113012593638,5.09787153788909e-42,208.851864384434,-223.652666939928
"20250424-CbDRC2-p045-m2x_E09_roi_0.png",20250424,"CbDRC2","p045","m2x","E09",0,252.842138818683,16.7637011834488,"","48h",10,"15hHB101","DMSO",1,"IVERMECTIN",0.0037,NA,NA,"ECA2666","3_A",NA,NA,NA,270.704404807728,224.776701620369,240.416575679063,257.015660157758,269.668123680169,24.232487310811,284.319046953305,295.200094469068,333.910407744999,0.0895164130337019,15.1616692351376,13.0102394422851,14.2238153539635,14.4283937603879,14.758661700445,1.11357231226649,15.6996307287767,16.759486268987,17.4817628595277,0.0734465509698469,33,"3_A_ECA2666_0.0037",NA,NA,NA,NA,NA,"3_A",-151.946465255247,421.614588935416,22.7760643635003,18.5113012593638,5.09787153788909e-42,208.851864384434,-360.798329639681
"20250424-CbDRC2-p045-m2x_E10_roi_0.png",20250424,"CbDRC2","p045","m2x","E10",0,263.782214840386,16.930050783555,"","48h",10,"15hHB101","DMSO",1,"IVERMECTIN",0.0075,NA,NA,"ECA2666","3_A",NA,NA,NA,254.173465635896,205.601744701532,218.827780053907,245.9725688031,261.17877264544,22.7005915024584,269.735312526819,275.866423986109,289.200219114517,0.0893114135484821,14.7473797022979,12.4878092097645,13.3589842651831,13.9969757791053,14.7225722181763,1.22330372694387,15.4886797627437,16.3146610375201,17.0866883500117,0.0829505818415495,28,"3_A_ECA2666_0.0075",NA,NA,NA,NA,NA,"3_A",-160.435816289975,421.614588935416,22.7760643635003,18.5113012593638,5.09787153788909e-42,208.851864384434,-369.287680674409
"20250424-CbDRC2-p045-m2x_E11_roi_0.png",20250424,"CbDRC2","p045","m2x","E11",0,204.561903994412,14.1086974056762,"","48h",10,"15hHB101","DMSO",1,"IVERMECTIN",0.015,NA,NA,"ECA2666","3_A",NA,NA,NA,231.024834415912,129.064371644148,205.164735702474,221.132845675422,232.194500531214,29.242914478784,251.700141956578,257.144764599992,269.621759717939,0.126579095068793,14.430011134403,11.322582483383,13.357073106756,13.5100512414469,13.9950659540394,2.33026141986712,14.738543115967,15.2345114231872,23.7944283107901,0.161487153278175,22,"3_A_ECA2666_0.015",NA,NA,NA,NA,NA,"3_A",-189.420088404202,421.614588935416,22.7760643635003,18.5113012593638,5.09787153788909e-42,208.851864384434,-398.271952788636
"20250424-CbDRC2-p045-m2x_E12_roi_0.png",20250424,"CbDRC2","p045","m2x","E12",0,232.320120455442,13.9835395492286,"","48h",10,"15hHB101","DMSO",1,"IVERMECTIN",0.03,NA,NA,"ECA2666","3_A",NA,NA,NA,253.202693939381,206.765152907399,218.853187340543,225.985312467366,234.498297514718,91.1683652839105,248.578945678371,263.616214656426,728.16801512118,0.360060802930229,14.4835408701388,11.513794830912,13.2490567571863,13.7124517963261,14.2121699805472,2.34667275366041,14.4825009583748,15.2247599433627,26.2355693186415,0.162023415040629,30,"3_A_ECA2666_0.03",NA,NA,NA,NA,NA,"3_A",-187.116291420697,421.614588935416,22.7760643635003,18.5113012593638,5.09787153788909e-42,208.851864384434,-395.968155805131
"20250424-CbDRC2-p045-m2x_F02_roi_0.png",20250424,"CbDRC2","p045","m2x","F02",0,705.810423036343,33.6134359750496,"","48h",10,"15hHB101","DMSO",1,"IVERMECTIN",2.9e-05,NA,NA,"ED3102","3_A",NA,NA,NA,676.488217839993,562.04832541538,641.114609214408,660.064248119745,677.427021620948,33.4462441467458,700.49966419346,709.685634914138,743.982390203608,0.0494409854668846,34.6603781317108,27.8864248030028,31.9354924645437,33.1278961578675,34.870402703687,2.28414759192916,36.1363708291058,37.2219949721522,39.1310917713129,0.0659008272572592,45,"3_A_ED3102_2.9e-05",NA,NA,NA,NA,NA,"3_A",213.877394896197,463.549626724751,27.2332814868386,17.0214385272952,4.46313528048551e-38,224.962051368695,-11.0846564724974
"20250424-CbDRC2-p045-m2x_F03_roi_0.png",20250424,"CbDRC2","p045","m2x","F03",0,720.299875949384,34.1384709056089,"","48h",10,"15hHB101","DMSO",1,"IVERMECTIN",5.8e-05,NA,NA,"ED3102","3_A",NA,NA,NA,691.691425099385,503.180614238716,619.249972238023,663.03920793478,684.44387388074,98.8330084961465,706.449401210934,728.208620370057,1263.72576656664,0.142885981970856,33.8116644289185,18.0670245690271,28.795822910079,32.2262621846819,34.9958186638999,4.07438438305338,36.0120957806911,37.2927585700416,43.7566189133004,0.120502331129509,47,"3_A_ED3102_5.8e-05",NA,NA,NA,NA,NA,"3_A",220.89424715599,463.549626724751,27.2332814868386,17.0214385272952,4.46313528048551e-38,224.962051368695,-4.06780421270494
"20250424-CbDRC2-p045-m2x_F04_roi_0.png",20250424,"CbDRC2","p045","m2x","F04",0,690.724742582969,35.5418981596354,"","48h",10,"15hHB101","DMSO",1,"IVERMECTIN",0.00011,NA,NA,"ED3102","3_A",NA,NA,NA,700.137163268922,602.85919286155,658.02872765126,673.772162558693,697.851271455344,67.5456535450339,710.003572750499,715.991142370805,1140.93874818598,0.0964748867631381,33.4703960787713,17.6566356078769,30.7330936104538,32.48808652592,33.9990645716917,3.17619623265172,35.2877593211779,36.3497132005697,38.096663735429,0.0948956870775197,52,"3_A_ED3102_0.00011",NA,NA,NA,NA,NA,"3_A",234.301644730593,463.549626724751,27.2332814868386,17.0214385272952,4.46313528048551e-38,224.962051368695,9.33959336189864
"20250424-CbDRC2-p045-m2x_F06_roi_0.png",20250424,"CbDRC2","p045","m2x","F06",0,559.887918850065,30.0084580133767,"","48h",10,"15hHB101","DMSO",1,"IVERMECTIN",0.00046,NA,NA,"ED3102","3_A",NA,NA,NA,565.192567570161,373.020317270407,422.794157685199,523.219143717406,589.624411799746,88.6827477055619,627.231538204416,658.164263953594,696.802992535879,0.156907137131723,25.5817277449218,17.2685522911269,20.7070069673348,22.8621672689925,24.8979198860086,4.14149648011189,27.8910841415561,30.7044333983059,37.5834128232054,0.161892758824079,45,"3_A_ED3102_0.00046",NA,NA,NA,NA,NA,"3_A",126.074785074996,463.549626724751,27.2332814868386,17.0214385272952,4.46313528048551e-38,224.962051368695,-98.8872662936989
"20250424-CbDRC2-p045-m2x_F07_roi_1.png",20250424,"CbDRC2","p045","m2x","F07",1,359.628804732229,19.3183142322254,"","48h",10,"15hHB101","DMSO",1,"IVERMECTIN",0.00093,NA,NA,"ED3102","3_A",NA,NA,NA,367.723885977754,171.863603999025,325.860266789002,358.942322133734,367.251693539037,44.8470461086166,386.408972196726,404.180731506081,477.524063336545,0.121958479769056,18.4157612550504,16.4124167551577,17.0126749908901,17.5383898189625,18.3373280866777,1.10063535671897,19.4402592496406,19.8848102148371,20.6025657511687,0.0597659440451926,50,"3_A_ED3102_0.00093",NA,NA,NA,NA,NA,"3_A",-96.2979331857134,463.549626724751,27.2332814868386,17.0214385272952,4.46313528048551e-38,224.962051368695,-321.259984554408
"20250424-CbDRC2-p045-m2x_F08_roi_1.png",20250424,"CbDRC2","p045","m2x","F08",1,282.467258081966,17.3087665731124,"","48h",10,"15hHB101","DMSO",1,"IVERMECTIN",0.0018,NA,NA,"ED3102","3_A",NA,NA,NA,289.473754369859,216.552785753568,261.828856463256,279.663916884723,293.994061327249,23.8136239066729,307.683976225574,317.011736115926,320.075855836085,0.0822652262845437,16.4050440464463,14.6480079788665,15.3970900007807,15.8185363278776,16.3251192981183,0.990290542572908,16.8111434280399,17.4184087770445,19.53941384574,0.0603650035787273,50,"3_A_ED3102_0.0018",NA,NA,NA,NA,NA,"3_A",-169.555565397502,463.549626724751,27.2332814868386,17.0214385272952,4.46313528048551e-38,224.962051368695,-394.517616766197
"20250424-CbDRC2-p045-m2x_F09_roi_1.png",20250424,"CbDRC2","p045","m2x","F09",1,289.323574576378,15.8319196798188,"","48h",10,"15hHB101","DMSO",1,"IVERMECTIN",0.0037,NA,NA,"ED3102","3_A",NA,NA,NA,272.110475043676,238.238257994218,247.41826232845,257.03209252854,274.867785002099,19.1177838313951,288.079152410498,295.179114612785,312.149765705987,0.0702574343318704,15.7626832371346,13.9620688713491,14.346280912438,14.992867098089,15.8102731167314,1.05906740754295,16.4541370042712,16.8731574097981,19.0716125753203,0.0671882693834727,38,"3_A_ED3102_0.0037",NA,NA,NA,NA,NA,"3_A",-188.681841722651,463.549626724751,27.2332814868386,17.0214385272952,4.46313528048551e-38,224.962051368695,-413.643893091346
"20250424-CbDRC2-p045-m2x_F10_roi_0.png",20250424,"CbDRC2","p045","m2x","F10",0,266.257131488394,13.9783310229265,"","48h",10,"15hHB101","DMSO",1,"IVERMECTIN",0.0075,NA,NA,"ED3102","3_A",NA,NA,NA,248.782723142118,203.712629004582,226.395205492806,231.069554363938,244.777021314251,28.4843192636238,260.36234577468,266.229912380372,386.232633608119,0.114494764362524,15.0364916926214,13.7401148804671,14.1239608696914,14.473482734512,14.9759030003904,0.902020393657748,15.5369471086157,15.9321168565201,18.8486911511283,0.059988753500285,43,"3_A_ED3102_0.0075",NA,NA,NA,NA,NA,"3_A",-218.7726054105,463.549626724751,27.2332814868386,17.0214385272952,4.46313528048551e-38,224.962051368695,-443.734656779195
"20250424-CbDRC2-p045-m2x_F11_roi_0.png",20250424,"CbDRC2","p045","m2x","F11",0,261.276408500083,15.2343579385667,"","48h",10,"15hHB101","DMSO",1,"IVERMECTIN",0.015,NA,NA,"ED3102","3_A",NA,NA,NA,257.693917689625,201.191328364796,214.96389290248,236.344794270639,251.431353446552,51.5238118449229,265.248539766519,277.443661012104,506.803698805252,0.199941901255814,15.3379034893251,12.5441611956581,13.5186934457451,14.4988007427526,15.0976004927177,1.64565799628896,16.2971581463745,16.8501223482684,20.6009434787402,0.107293542265037,38,"3_A_ED3102_0.015",NA,NA,NA,NA,NA,"3_A",-212.118273278198,463.549626724751,27.2332814868386,17.0214385272952,4.46313528048551e-38,224.962051368695,-437.080324646893
"20250424-CbDRC2-p045-m2x_F12_roi_1.png",20250424,"CbDRC2","p045","m2x","F12",1,213.871308598944,13.6947391792491,"","48h",10,"15hHB101","DMSO",1,"IVERMECTIN",0.03,NA,NA,"ED3102","3_A",NA,NA,NA,245.571097272421,202.905822998591,214.468846597228,224.202293307057,237.147636266459,46.3661280013454,254.444251874061,268.081235967003,503.568375710308,0.188809385617191,14.9185708621616,12.0762400046439,14.0375222496917,14.3600994880621,14.9502230613746,0.841937932815312,15.4753858433694,15.8698325695582,16.6474363259992,0.0564355621322109,40,"3_A_ED3102_0.03",NA,NA,NA,NA,NA,"3_A",-226.401990458291,463.549626724751,27.2332814868386,17.0214385272952,4.46313528048551e-38,224.962051368695,-451.364041826986
