"well.id","flag_id","Metadata_Experiment","Metadata_Plate","Metadata_Well","Metadata_Date","Metadata_Group","Metadata_Magnification","FileName_RawBF","wo_po_area_frac","assay_type","food_conc_OD","food_type","diluent","diluent_concentration_perc","drug","concentration_um","drug_stock_prep_date","drug_prep_method","strain","bleach","well_censor","well_censor_reason","notes","i.dir","w.lab","mean_wormlength_um","min_wormlength_um","q10_wormlength_um","q25_wormlength_um","median_wormlength_um","sd_wormlength_um","q75_wormlength_um","q90_wormlength_um","max_wormlength_um","cv_wormlength_um","n","assay_bleach","median_wormlength_um_reg","assay_bleach_coeff","assay_bleach_se","assay_bleach_tvalue","assay_bleach_pvalue","control_median_wormlength_um_reg","median_wormlength_um_reg_delta"
"CbDRC2_p031_A01","CbDRC2_1_N_VX34_0","CbDRC2","p031","A01",20250424,"p031_A01","m2x","20250424-CbDRC2-p031-m2x_A01.TIF",0.225881441301821,"48h",10,"15hHB101","DMSO",1,"IVERMECTIN",0,NA,NA,"VX34","1_N",NA,NA,NA,"/vast/eande106/projects/Amanda/projects/cellprofiler-nf/projects/20250424_Cbriggsae_DRC2_IVM/Analysis-20250506/processed_images/","IVERMECTIN_VX34",413.219797874657,249.231141942813,322.160694046695,356.296472493442,386.904474888248,104.414388759825,479.328134113121,488.488603344466,638.864207251838,0.252684864802865,11,"CbDRC2_1_N",91.256476943605,295.647997944643,9.22869425594786,32.0357343894126,3.99535273195856e-67,71.1068038124399,20.1496731311651
"CbDRC2_p031_A02","CbDRC2_1_N_VX34_2.9e-05","CbDRC2","p031","A02",20250424,"p031_A02","m2x","20250424-CbDRC2-p031-m2x_A02.TIF",0.223262032085562,"48h",10,"15hHB101","DMSO",1,"IVERMECTIN",2.9e-05,NA,NA,"VX34","1_N",NA,NA,NA,"/vast/eande106/projects/Amanda/projects/cellprofiler-nf/projects/20250424_Cbriggsae_DRC2_IVM/Analysis-20250506/processed_images/","IVERMECTIN_VX34",370.935810132039,291.250056311648,328.137439110631,350.673774888248,360.88590841553,41.8610477610142,390.666326992131,423.841028318394,460.496094046695,0.112852538411196,17,"CbDRC2_1_N",65.2379104708865,295.647997944643,9.22869425594786,32.0357343894126,3.99535273195856e-67,71.1068038124399,-5.86889334155343
"CbDRC2_p031_A03","CbDRC2_1_N_VX34_5.8e-05","CbDRC2","p031","A03",20250424,"p031_A03","m2x","20250424-CbDRC2-p031-m2x_A03.TIF",0.232956491949298,"48h",10,"15hHB101","DMSO",1,"IVERMECTIN",5.8e-05,NA,NA,"VX34","1_N",NA,NA,NA,"/vast/eande106/projects/Amanda/projects/cellprofiler-nf/projects/20250424_Cbriggsae_DRC2_IVM/Analysis-20250506/processed_images/","IVERMECTIN_VX34",418.205078713486,299.607224521133,313.241943858657,353.711750302633,397.584760519413,93.7822392717481,483.027045568731,546.542271665374,591.250993464849,0.224249403092492,15,"CbDRC2_1_N",101.93676257477,295.647997944643,9.22869425594786,32.0357343894126,3.99535273195856e-67,71.1068038124399,30.82995876233
"CbDRC2_p031_A04","CbDRC2_1_N_VX34_0.00011","CbDRC2","p031","A04",20250424,"p031_A04","m2x","20250424-CbDRC2-p031-m2x_A04.TIF",0.330293819655522,"48h",10,"15hHB101","DMSO",1,"IVERMECTIN",0.00011,NA,NA,"VX34","1_N",NA,NA,NA,"/vast/eande106/projects/Amanda/projects/cellprofiler-nf/projects/20250424_Cbriggsae_DRC2_IVM/Analysis-20250506/processed_images/","IVERMECTIN_VX34",330.902574317485,244.904180259706,258.761127864901,309.355366036333,339.008706311648,44.9062478757131,362.332962007739,378.222153334995,384.506917994754,0.135708366634307,16,"CbDRC2_1_N",43.3607083670043,295.647997944643,9.22869425594786,32.0357343894126,3.99535273195856e-67,71.1068038124399,-27.7460954454356
"CbDRC2_p031_A06","CbDRC2_1_N_VX34_0.00046","CbDRC2","p031","A06",20250424,"p031_A06","m2x","20250424-CbDRC2-p031-m2x_A06.TIF",0.242146134839393,"48h",10,"15hHB101","DMSO",1,"IVERMECTIN",0.00046,NA,NA,"VX34","1_N",NA,NA,NA,"/vast/eande106/projects/Amanda/projects/cellprofiler-nf/projects/20250424_Cbriggsae_DRC2_IVM/Analysis-20250506/processed_images/","IVERMECTIN_VX34",327.794123733488,191.405794628542,237.309278764638,262.290710760481,343.569744046695,83.1148123430691,372.740733124607,392.285568906334,475.834374888248,0.253557969241222,10,"CbDRC2_1_N",47.9217461020516,295.647997944643,9.22869425594786,32.0357343894126,3.99535273195856e-67,71.1068038124399,-23.1850577103883
"CbDRC2_p031_A07","CbDRC2_1_N_VX34_0.00093","CbDRC2","p031","A07",20250424,"p031_A07","m2x","20250424-CbDRC2-p031-m2x_A07.TIF",0.506037321624588,"48h",10,"15hHB101","DMSO",1,"IVERMECTIN",0.00093,NA,NA,"VX34","1_N",NA,NA,NA,"/vast/eande106/projects/Amanda/projects/cellprofiler-nf/projects/20250424_Cbriggsae_DRC2_IVM/Analysis-20250506/processed_images/","IVERMECTIN_VX34",340.943005290735,234.789004207765,264.574788825165,303.17759912723,347.049041360966,59.0368114991053,372.108356033637,409.87976726957,444.45244908323,0.173157420985254,20,"CbDRC2_1_N",51.4010434163225,295.647997944643,9.22869425594786,32.0357343894126,3.99535273195856e-67,71.1068038124399,-19.7057603961174
"CbDRC2_p031_A08","CbDRC2_1_N_VX34_0.0018","CbDRC2","p031","A08",20250424,"p031_A08","m2x","20250424-CbDRC2-p031-m2x_A08.TIF",1.2107969151671,"48h",10,"15hHB101","DMSO",1,"IVERMECTIN",0.0018,NA,NA,"VX34","1_N",NA,NA,NA,"/vast/eande106/projects/Amanda/projects/cellprofiler-nf/projects/20250424_Cbriggsae_DRC2_IVM/Analysis-20250506/processed_images/","IVERMECTIN_VX34",258.296435431592,235.023080259706,238.502377573977,250.37556019478,258.59561110126,15.5192709933327,263.828756166186,270.006523075289,299.831960547644,0.0600831791093103,16,"CbDRC2_1_N",-37.0523868433839,295.647997944643,9.22869425594786,32.0357343894126,3.99535273195856e-67,71.1068038124399,-108.159190655824
"CbDRC2_p031_A09","CbDRC2_1_N_VX34_0.0037","CbDRC2","p031","A09",20250424,"p031_A09","m2x","20250424-CbDRC2-p031-m2x_A09.TIF",1.10526315789474,"48h",10,"15hHB101","DMSO",1,"IVERMECTIN",0.0037,NA,NA,"VX34","1_N",NA,NA,NA,"/vast/eande106/projects/Amanda/projects/cellprofiler-nf/projects/20250424_Cbriggsae_DRC2_IVM/Analysis-20250506/processed_images/","IVERMECTIN_VX34",221.645263458341,175.405446732424,199.026456311648,210.88543983893,222.978499418153,19.6654355309353,234.952952988362,241.941513786989,254.785280259706,0.0887248174136213,31,"CbDRC2_1_N",-72.66949852649,295.647997944643,9.22869425594786,32.0357343894126,3.99535273195856e-67,71.1068038124399,-143.77630233893
"CbDRC2_p031_A10","CbDRC2_1_N_VX34_0.0075","CbDRC2","p031","A10",20250424,"p031_A10","m2x","20250424-CbDRC2-p031-m2x_A10.TIF",1.0791788856305,"48h",10,"15hHB101","DMSO",1,"IVERMECTIN",0.0075,NA,NA,"VX34","1_N",NA,NA,NA,"/vast/eande106/projects/Amanda/projects/cellprofiler-nf/projects/20250424_Cbriggsae_DRC2_IVM/Analysis-20250506/processed_images/","IVERMECTIN_VX34",212.17755287106,172.208704207765,183.688175470095,202.086080259707,212.201256311648,24.0648331347196,220.249908997377,249.328099418153,251.725656311648,0.113418374418447,11,"CbDRC2_1_N",-83.4467416329956,295.647997944643,9.22869425594786,32.0357343894126,3.99535273195856e-67,71.1068038124399,-154.553545445436
"CbDRC2_p031_A11","CbDRC2_1_N_VX34_0.015","CbDRC2","p031","A11",20250424,"p031_A11","m2x","20250424-CbDRC2-p031-m2x_A11.TIF",1.20872274143302,"48h",10,"15hHB101","DMSO",1,"IVERMECTIN",0.015,NA,NA,"VX34","1_N",NA,NA,NA,"/vast/eande106/projects/Amanda/projects/cellprofiler-nf/projects/20250424_Cbriggsae_DRC2_IVM/Analysis-20250506/processed_images/","IVERMECTIN_VX34",190.868152750201,110.927753817132,124.035100751376,166.636244839485,196.745937444124,45.3232990379672,221.934387736206,236.873906124073,255.804835677371,0.237458677023422,12,"CbDRC2_1_N",-98.9020605005193,295.647997944643,9.22869425594786,32.0357343894126,3.99535273195856e-67,71.1068038124399,-170.008864312959
"CbDRC2_p031_A12","CbDRC2_1_N_VX34_0.03","CbDRC2","p031","A12",20250424,"p031_A12","m2x","20250424-CbDRC2-p031-m2x_A12.TIF",1.23404255319149,"48h",10,"15hHB101","DMSO",1,"IVERMECTIN",0.03,NA,NA,"VX34","1_N",NA,NA,NA,"/vast/eande106/projects/Amanda/projects/cellprofiler-nf/projects/20250424_Cbriggsae_DRC2_IVM/Analysis-20250506/processed_images/","IVERMECTIN_VX34",188.895163925356,168.1158185766,173.572999418153,182.323880259706,191.1717185766,11.3977425500708,198.558304207765,200.156675470095,201.520970680483,0.0603389854627236,11,"CbDRC2_1_N",-104.476279368043,295.647997944643,9.22869425594786,32.0357343894126,3.99535273195856e-67,71.1068038124399,-175.583083180483
"CbDRC2_p031_B02","CbDRC2_1_N_JU3237_2.9e-05","CbDRC2","p031","B02",20250424,"p031_B02","m2x","20250424-CbDRC2-p031-m2x_B02.TIF",0.240536277602524,"48h",10,"15hHB101","DMSO",1,"IVERMECTIN",2.9e-05,NA,NA,"JU3237","1_N",NA,NA,NA,"/vast/eande106/projects/Amanda/projects/cellprofiler-nf/projects/20250424_Cbriggsae_DRC2_IVM/Analysis-20250506/processed_images/","IVERMECTIN_JU3237",315.548861307027,193.635617295509,225.41395231663,265.348527864901,336.465713205142,80.4170061721084,359.392325217556,400.643067546865,429.258992483627,0.254848031582225,7,"CbDRC2_1_N",71.7860651391162,264.679648066026,7.66333315233897,34.5384498891636,1.28800366813287e-76,28.6810563137571,43.1050088253591
"CbDRC2_p031_B03","CbDRC2_1_N_JU3237_5.8e-05","CbDRC2","p031","B03",20250424,"p031_B03","m2x","20250424-CbDRC2-p031-m2x_B03.TIF",0.179076693968727,"48h",10,"15hHB101","DMSO",1,"IVERMECTIN",5.8e-05,NA,NA,"JU3237","1_N",NA,NA,NA,"/vast/eande106/projects/Amanda/projects/cellprofiler-nf/projects/20250424_Cbriggsae_DRC2_IVM/Analysis-20250506/processed_images/","IVERMECTIN_JU3237",304.83401099528,276.476885049318,281.683584610624,292.73423842251,300.731563496065,24.3322406392392,309.381681173244,330.669884545418,355.194651522036,0.0798212789963779,8,"CbDRC2_1_N",36.0519154300397,264.679648066026,7.66333315233897,34.5384498891636,1.28800366813287e-76,28.6810563137571,7.37085911628259
"CbDRC2_p031_B04","CbDRC2_1_N_JU3237_0.00011","CbDRC2","p031","B04",20250424,"p031_B04","m2x","20250424-CbDRC2-p031-m2x_B04.TIF",0.236185383244207,"48h",10,"15hHB101","DMSO",1,"IVERMECTIN",0.00011,NA,NA,"JU3237","1_N",NA,NA,NA,"/vast/eande106/projects/Amanda/projects/cellprofiler-nf/projects/20250424_Cbriggsae_DRC2_IVM/Analysis-20250506/processed_images/","IVERMECTIN_JU3237",325.380498229627,266.685582330102,295.908051522036,309.348399980531,320.162729968783,29.6118465030309,346.629367994754,360.53379382634,385.637137153201,0.0910068263591301,16,"CbDRC2_1_N",55.4830819027579,264.679648066026,7.66333315233897,34.5384498891636,1.28800366813287e-76,28.6810563137571,26.8020255890008
"CbDRC2_p031_B05","CbDRC2_1_N_JU3237_0.00023","CbDRC2","p031","B05",20250424,"p031_B05","m2x","20250424-CbDRC2-p031-m2x_B05.TIF",0.646,"48h",10,"15hHB101","DMSO",1,"IVERMECTIN",0.00023,NA,NA,"JU3237","1_N",NA,NA,NA,"/vast/eande106/projects/Amanda/projects/cellprofiler-nf/projects/20250424_Cbriggsae_DRC2_IVM/Analysis-20250506/processed_images/","IVERMECTIN_JU3237",352.586911725207,108.537594566336,174.041151522036,303.17759912723,325.454394046695,139.736055815038,459.433631059383,492.867984467472,585.890277421222,0.396316627668651,11,"CbDRC2_1_N",60.7747459806693,264.679648066026,7.66333315233897,34.5384498891636,1.28800366813287e-76,28.6810563137571,32.0936896669122
"CbDRC2_p031_B06","CbDRC2_1_N_JU3237_0.00046","CbDRC2","p031","B06",20250424,"p031_B06","m2x","20250424-CbDRC2-p031-m2x_B06.TIF",0.140031233732431,"48h",10,"15hHB101","DMSO",1,"IVERMECTIN",0.00046,NA,NA,"JU3237","1_N",NA,NA,NA,"/vast/eande106/projects/Amanda/projects/cellprofiler-nf/projects/20250424_Cbriggsae_DRC2_IVM/Analysis-20250506/processed_images/","IVERMECTIN_JU3237",262.365657819454,114.604539358466,142.168637907227,162.502036411163,291.367094337618,109.300164982646,307.29472412723,387.573863381862,451.167948963038,0.416594785655449,10,"CbDRC2_1_N",26.6874462715927,264.679648066026,7.66333315233897,34.5384498891636,1.28800366813287e-76,28.6810563137571,-1.99361004216442
"CbDRC2_p031_B07","CbDRC2_1_N_JU3237_0.00093","CbDRC2","p031","B07",20250424,"p031_B07","m2x","20250424-CbDRC2-p031-m2x_B07.TIF",1.02130898021309,"48h",10,"15hHB101","DMSO",1,"IVERMECTIN",0.00093,NA,NA,"JU3237","1_N",NA,NA,NA,"/vast/eande106/projects/Amanda/projects/cellprofiler-nf/projects/20250424_Cbriggsae_DRC2_IVM/Analysis-20250506/processed_images/","IVERMECTIN_JU3237",351.486793179155,318.492663452065,331.525852260704,345.406350179171,347.759587153201,19.2930438785103,360.83742967786,371.168264758395,401.540527573977,0.0548898116597983,18,"CbDRC2_1_N",83.0799390871751,264.679648066026,7.66333315233897,34.5384498891636,1.28800366813287e-76,28.6810563137571,54.398882773418
"CbDRC2_p031_B08","CbDRC2_1_N_JU3237_0.0018","CbDRC2","p031","B08",20250424,"p031_B08","m2x","20250424-CbDRC2-p031-m2x_B08.TIF",1.18681318681319,"48h",10,"15hHB101","DMSO",1,"IVERMECTIN",0.0018,NA,NA,"JU3237","1_N",NA,NA,NA,"/vast/eande106/projects/Amanda/projects/cellprofiler-nf/projects/20250424_Cbriggsae_DRC2_IVM/Analysis-20250506/processed_images/","IVERMECTIN_JU3237",251.118356401163,209.706741942813,232.832175702833,239.350041942813,251.725656311648,20.5973096390048,260.807570680483,278.480528764638,283.629394628542,0.0820223178193335,13,"CbDRC2_1_N",-12.953991754378,264.679648066026,7.66333315233897,34.5384498891636,1.28800366813287e-76,28.6810563137571,-41.6350480681351
"CbDRC2_p031_B09","CbDRC2_1_N_JU3237_0.0037","CbDRC2","p031","B09",20250424,"p031_B09","m2x","20250424-CbDRC2-p031-m2x_B09.TIF",1.26298701298701,"48h",10,"15hHB101","DMSO",1,"IVERMECTIN",0.0037,NA,NA,"JU3237","1_N",NA,NA,NA,"/vast/eande106/projects/Amanda/projects/cellprofiler-nf/projects/20250424_Cbriggsae_DRC2_IVM/Analysis-20250506/processed_images/","IVERMECTIN_JU3237",222.959107923085,200.487708997377,206.849065165688,216.391099418153,225.141980259706,15.1543208116512,234.789004207765,236.707049722561,237.985746732424,0.0679690592271255,5,"CbDRC2_1_N",-39.5376678063192,264.679648066026,7.66333315233897,34.5384498891636,1.28800366813287e-76,28.6810563137571,-68.2187241200763
"CbDRC2_p031_B10","CbDRC2_1_N_JU3237_0.0075","CbDRC2","p031","B10",20250424,"p031_B10","m2x","20250424-CbDRC2-p031-m2x_B10.TIF",1.26470588235294,"48h",10,"15hHB101","DMSO",1,"IVERMECTIN",0.0075,NA,NA,"JU3237","1_N",NA,NA,NA,"/vast/eande106/projects/Amanda/projects/cellprofiler-nf/projects/20250424_Cbriggsae_DRC2_IVM/Analysis-20250506/processed_images/","IVERMECTIN_JU3237",209.692832248045,187.546985049318,187.946577864901,194.992089693468,215.77751110126,17.4898329362072,220.966336246721,225.354407777974,228.295425717018,0.0834069183419608,6,"CbDRC2_1_N",-48.9021369647662,264.679648066026,7.66333315233897,34.5384498891636,1.28800366813287e-76,28.6810563137571,-77.5831932785233
"CbDRC2_p031_B11","CbDRC2_1_N_JU3237_0.015","CbDRC2","p031","B11",20250424,"p031_B11","m2x","20250424-CbDRC2-p031-m2x_B11.TIF",1.17405063291139,"48h",10,"15hHB101","DMSO",1,"IVERMECTIN",0.015,NA,NA,"JU3237","1_N",NA,NA,NA,"/vast/eande106/projects/Amanda/projects/cellprofiler-nf/projects/20250424_Cbriggsae_DRC2_IVM/Analysis-20250506/processed_images/","IVERMECTIN_JU3237",191.707427316613,151.838097561194,167.715912164409,178.230994628542,197.311047023348,21.6334251214714,200.780304062304,216.621159359969,223.777685049318,0.112846045791136,10,"CbDRC2_1_N",-67.3686010426781,264.679648066026,7.66333315233897,34.5384498891636,1.28800366813287e-76,28.6810563137571,-96.0496573564352
"CbDRC2_p031_C01","CbDRC2_1_N_ED3102_0","CbDRC2","p031","C01",20250424,"p031_C01","m2x","20250424-CbDRC2-p031-m2x_C01.TIF",0.164021164021164,"48h",10,"15hHB101","DMSO",1,"IVERMECTIN",0,NA,NA,"ED3102","1_N",NA,NA,NA,"/vast/eande106/projects/Amanda/projects/cellprofiler-nf/projects/20250424_Cbriggsae_DRC2_IVM/Analysis-20250506/processed_images/","IVERMECTIN_ED3102",369.359120361597,274.450522784366,290.665555237356,318.632917994754,334.22616031141,84.6381917212809,429.091111194503,486.709047188306,562.033892987975,0.229148779752403,17,"CbDRC2_1_N",59.5780180639571,274.648142247453,7.44940626157245,36.8684607341416,1.07731667091468e-80,71.4019380917064,-11.8239200277492
"CbDRC2_p031_C02","CbDRC2_1_N_ED3102_2.9e-05","CbDRC2","p031","C02",20250424,"p031_C02","m2x","20250424-CbDRC2-p031-m2x_C02.TIF",0.495058014611087,"48h",10,"15hHB101","DMSO",1,"IVERMECTIN",2.9e-05,NA,NA,"ED3102","1_N",NA,NA,NA,"/vast/eande106/projects/Amanda/projects/cellprofiler-nf/projects/20250424_Cbriggsae_DRC2_IVM/Analysis-20250506/processed_images/","IVERMECTIN_ED3102",415.018719800763,164.8221185766,320.09887584617,341.961630386609,426.897026992131,102.830506638842,483.9567417343,536.347772812229,539.61933351851,0.247773176805634,15,"CbDRC2_1_N",152.248884744678,274.648142247453,7.44940626157245,36.8684607341416,1.07731667091468e-80,71.4019380917064,80.8469466529718
"CbDRC2_p031_C03","CbDRC2_1_N_ED3102_5.8e-05","CbDRC2","p031","C03",20250424,"p031_C03","m2x","20250424-CbDRC2-p031-m2x_C03.TIF",0.256523879862137,"48h",10,"15hHB101","DMSO",1,"IVERMECTIN",5.8e-05,NA,NA,"ED3102","1_N",NA,NA,NA,"/vast/eande106/projects/Amanda/projects/cellprofiler-nf/projects/20250424_Cbriggsae_DRC2_IVM/Analysis-20250506/processed_images/","IVERMECTIN_ED3102",313.250184598987,165.621304207765,188.708644033211,299.201751522036,331.12557038956,78.0640217005536,342.629281020725,384.230731898112,449.718850940189,0.249206626328054,14,"CbDRC2_1_N",56.4774281421072,274.648142247453,7.44940626157245,36.8684607341416,1.07731667091468e-80,71.4019380917064,-14.9245099495992
"CbDRC2_p031_C04","CbDRC2_1_N_ED3102_0.00011","CbDRC2","p031","C04",20250424,"p031_C04","m2x","20250424-CbDRC2-p031-m2x_C04.TIF",0.227655310621242,"48h",10,"15hHB101","DMSO",1,"IVERMECTIN",0.00011,NA,NA,"ED3102","1_N",NA,NA,NA,"/vast/eande106/projects/Amanda/projects/cellprofiler-nf/projects/20250424_Cbriggsae_DRC2_IVM/Analysis-20250506/processed_images/","IVERMECTIN_ED3102",317.561916315155,277.60959190832,289.885761101259,309.3906685326,313.272694628542,23.0186100384819,330.023749418153,337.595932363589,362.250203625919,0.0724854236477076,11,"CbDRC2_1_N",38.6245523810891,274.648142247453,7.44940626157245,36.8684607341416,1.07731667091468e-80,71.4019380917064,-32.7773857106173
"CbDRC2_p031_C05","CbDRC2_1_N_ED3102_0.00023","CbDRC2","p031","C05",20250424,"p031_C05","m2x","20250424-CbDRC2-p031-m2x_C05.TIF",0.379260681709073,"48h",10,"15hHB101","DMSO",1,"IVERMECTIN",0.00023,NA,NA,"ED3102","1_N",NA,NA,NA,"/vast/eande106/projects/Amanda/projects/cellprofiler-nf/projects/20250424_Cbriggsae_DRC2_IVM/Analysis-20250506/processed_images/","IVERMECTIN_ED3102",308.980188948408,177.89996110126,198.538807627136,225.043652863106,299.367268285677,100.301009052129,409.726298836307,420.934574583841,433.581384467472,0.324619547270965,8,"CbDRC2_1_N",24.7191260382243,274.648142247453,7.44940626157245,36.8684607341416,1.07731667091468e-80,71.4019380917064,-46.682812053482
"CbDRC2_p031_C06","CbDRC2_1_N_ED3102_0.00046","CbDRC2","p031","C06",20250424,"p031_C06","m2x","20250424-CbDRC2-p031-m2x_C06.TIF",0.85827664399093,"48h",10,"15hHB101","DMSO",1,"IVERMECTIN",0.00046,NA,NA,"ED3102","1_N",NA,NA,NA,"/vast/eande106/projects/Amanda/projects/cellprofiler-nf/projects/20250424_Cbriggsae_DRC2_IVM/Analysis-20250506/processed_images/","IVERMECTIN_ED3102",335.694075222424,180.394475470095,224.36218612361,237.186561101259,349.480876625015,108.814247854306,438.099125135172,448.159841642251,458.534831228127,0.324147060928042,9,"CbDRC2_1_N",74.8327343775627,274.648142247453,7.44940626157245,36.8684607341416,1.07731667091468e-80,71.4019380917064,3.43079628585635
"CbDRC2_p031_C08","CbDRC2_1_N_ED3102_0.0018","CbDRC2","p031","C08",20250424,"p031_C08","m2x","20250424-CbDRC2-p031-m2x_C08.TIF",1.18092909535452,"48h",10,"15hHB101","DMSO",1,"IVERMECTIN",0.0018,NA,NA,"ED3102","1_N",NA,NA,NA,"/vast/eande106/projects/Amanda/projects/cellprofiler-nf/projects/20250424_Cbriggsae_DRC2_IVM/Analysis-20250506/processed_images/","IVERMECTIN_ED3102",233.200924443626,148.684652103883,189.96600610601,209.920737444124,238.978847314271,36.4650092483707,258.291407777974,271.226356544386,276.145851522036,0.156367344320651,15,"CbDRC2_1_N",-35.6692949331818,274.648142247453,7.44940626157245,36.8684607341416,1.07731667091468e-80,71.4019380917064,-107.071233024888
"CbDRC2_p031_C09","CbDRC2_1_N_ED3102_0.0037","CbDRC2","p031","C09",20250424,"p031_C09","m2x","20250424-CbDRC2-p031-m2x_C09.TIF",1.07556675062972,"48h",10,"15hHB101","DMSO",1,"IVERMECTIN",0.0037,NA,NA,"ED3102","1_N",NA,NA,NA,"/vast/eande106/projects/Amanda/projects/cellprofiler-nf/projects/20250424_Cbriggsae_DRC2_IVM/Analysis-20250506/processed_images/","IVERMECTIN_ED3102",211.079943076775,173.807075470095,183.220023366212,199.825641942813,209.23858983893,20.5883083426679,227.4024185766,236.621451522036,245.46928983893,0.0975379661495331,21,"CbDRC2_1_N",-65.4095524085227,274.648142247453,7.44940626157245,36.8684607341416,1.07731667091468e-80,71.4019380917064,-136.811490500229
"CbDRC2_p031_C10","CbDRC2_1_N_ED3102_0.0075","CbDRC2","p031","C10",20250424,"p031_C10","m2x","20250424-CbDRC2-p031-m2x_C10.TIF",1.20364741641337,"48h",10,"15hHB101","DMSO",1,"IVERMECTIN",0.0075,NA,NA,"ED3102","1_N",NA,NA,NA,"/vast/eande106/projects/Amanda/projects/cellprofiler-nf/projects/20250424_Cbriggsae_DRC2_IVM/Analysis-20250506/processed_images/","IVERMECTIN_ED3102",211.914968545261,179.519217786751,188.774850738668,196.463382654512,211.567587444124,19.2761240917552,226.316519337618,231.551815165688,256.149575470095,0.0909615975883182,20,"CbDRC2_1_N",-63.0805548033286,274.648142247453,7.44940626157245,36.8684607341416,1.07731667091468e-80,71.4019380917064,-134.482492895035
"CbDRC2_p031_C12","CbDRC2_1_N_ED3102_0.03","CbDRC2","p031","C12",20250424,"p031_C12","m2x","20250424-CbDRC2-p031-m2x_C12.TIF",1.16025641025641,"48h",10,"15hHB101","DMSO",1,"IVERMECTIN",0.03,NA,NA,"ED3102","1_N",NA,NA,NA,"/vast/eande106/projects/Amanda/projects/cellprofiler-nf/projects/20250424_Cbriggsae_DRC2_IVM/Analysis-20250506/processed_images/","IVERMECTIN_ED3102",189.371951706165,155.175094628542,171.493453249843,177.772882799974,192.77008983893,16.7814639331151,199.123413786989,211.337527502309,217.127605944533,0.0886164174890783,24,"CbDRC2_1_N",-81.8780524085227,274.648142247453,7.44940626157245,36.8684607341416,1.07731667091468e-80,71.4019380917064,-153.279990500229
"CbDRC2_p031_D01","CbDRC2_1_N_ECA2666_0","CbDRC2","p031","D01",20250424,"p031_D01","m2x","20250424-CbDRC2-p031-m2x_D01.TIF",0.255168340224454,"48h",10,"15hHB101","DMSO",1,"IVERMECTIN",0,NA,NA,"ECA2666","1_N",NA,NA,NA,"/vast/eande106/projects/Amanda/projects/cellprofiler-nf/projects/20250424_Cbriggsae_DRC2_IVM/Analysis-20250506/processed_images/","IVERMECTIN_ECA2666",279.985595385464,237.186561101259,238.449193670619,240.343142524659,261.933788473743,46.9687552594393,325.454394046695,331.187812087255,335.010090780962,0.167754184620734,5,"CbDRC2_1_N",4.98630035647476,256.947488117269,11.2012874336268,22.9391031736139,9.32577811032747e-53,20.2234501228379,-15.2371497663631
"CbDRC2_p031_D02","CbDRC2_1_N_ECA2666_2.9e-05","CbDRC2","p031","D02",20250424,"p031_D02","m2x","20250424-CbDRC2-p031-m2x_D02.TIF",0.385633270321361,"48h",10,"15hHB101","DMSO",1,"IVERMECTIN",2.9e-05,NA,NA,"ECA2666","1_N",NA,NA,NA,"/vast/eande106/projects/Amanda/projects/cellprofiler-nf/projects/20250424_Cbriggsae_DRC2_IVM/Analysis-20250506/processed_images/","IVERMECTIN_ECA2666",215.063519283815,108.21594815968,136.329593993379,178.500062743928,248.784177328176,94.6071658243936,268.487304845883,280.309181356506,288.190432363589,0.439903365012559,3,"CbDRC2_1_N",-8.16331078909262,256.947488117269,11.2012874336268,22.9391031736139,9.32577811032747e-53,20.2234501228379,-28.3867609119305
"CbDRC2_p031_D03","CbDRC2_1_N_ECA2666_5.8e-05","CbDRC2","p031","D03",20250424,"p031_D03","m2x","20250424-CbDRC2-p031-m2x_D03.TIF",0.214824120603015,"48h",10,"15hHB101","DMSO",1,"IVERMECTIN",5.8e-05,NA,NA,"ECA2666","1_N",NA,NA,NA,"/vast/eande106/projects/Amanda/projects/cellprofiler-nf/projects/20250424_Cbriggsae_DRC2_IVM/Analysis-20250506/processed_images/","IVERMECTIN_ECA2666",277.438548778404,227.870570680483,238.896324434046,255.43495506439,271.130664902296,46.5047622582262,293.13425861631,321.027080223649,339.622294628542,0.167621848020012,4,"CbDRC2_1_N",14.1831767850274,256.947488117269,11.2012874336268,22.9391031736139,9.32577811032747e-53,20.2234501228379,-6.04027333781045
"CbDRC2_p031_D05","CbDRC2_1_N_ECA2666_0.00023","CbDRC2","p031","D05",20250424,"p031_D05","m2x","20250424-CbDRC2-p031-m2x_D05.TIF",0.269273127753304,"48h",10,"15hHB101","DMSO",1,"IVERMECTIN",0.00023,NA,NA,"ECA2666","1_N",NA,NA,NA,"/vast/eande106/projects/Amanda/projects/cellprofiler-nf/projects/20250424_Cbriggsae_DRC2_IVM/Analysis-20250506/processed_images/","IVERMECTIN_ECA2666",262.133460665635,195.786416719641,226.919556105136,244.756123265107,254.640133935622,42.659562639482,274.645335352918,311.105571718956,340.199741196625,0.162739859807125,8,"CbDRC2_1_N",-2.30735418164676,256.947488117269,11.2012874336268,22.9391031736139,9.32577811032747e-53,20.2234501228379,-22.5308043044846
"CbDRC2_p031_D06","CbDRC2_1_N_ECA2666_0.00046","CbDRC2","p031","D06",20250424,"p031_D06","m2x","20250424-CbDRC2-p031-m2x_D06.TIF",0.683217477656405,"48h",10,"15hHB101","DMSO",1,"IVERMECTIN",0.00046,NA,NA,"ECA2666","1_N",NA,NA,NA,"/vast/eande106/projects/Amanda/projects/cellprofiler-nf/projects/20250424_Cbriggsae_DRC2_IVM/Analysis-20250506/processed_images/","IVERMECTIN_ECA2666",349.526084720223,161.5284185766,206.178965890871,288.393168863137,376.649044293618,109.045814363935,394.505056020724,475.44066225618,504.347455729801,0.311981906732999,11,"CbDRC2_1_N",119.70155617635,256.947488117269,11.2012874336268,22.9391031736139,9.32577811032747e-53,20.2234501228379,99.4781060535117
"CbDRC2_p031_D07","CbDRC2_1_N_ECA2666_0.00093","CbDRC2","p031","D07",20250424,"p031_D07","m2x","20250424-CbDRC2-p031-m2x_D07.TIF",1.05799373040752,"48h",10,"15hHB101","DMSO",1,"IVERMECTIN",0.00093,NA,NA,"ECA2666","1_N",NA,NA,NA,"/vast/eande106/projects/Amanda/projects/cellprofiler-nf/projects/20250424_Cbriggsae_DRC2_IVM/Analysis-20250506/processed_images/","IVERMECTIN_ECA2666",342.796915857433,289.457770098636,297.506422784366,321.911634909711,340.889632363589,34.7293544890401,366.887334294155,372.647934467471,416.547774888248,0.101311747225532,16,"CbDRC2_1_N",83.9421442463201,256.947488117269,11.2012874336268,22.9391031736139,9.32577811032747e-53,20.2234501228379,63.7186941234823
"CbDRC2_p031_D08","CbDRC2_1_N_ECA2666_0.0018","CbDRC2","p031","D08",20250424,"p031_D08","m2x","20250424-CbDRC2-p031-m2x_D08.TIF",1.20183486238532,"48h",10,"15hHB101","DMSO",1,"IVERMECTIN",0.0018,NA,NA,"ECA2666","1_N",NA,NA,NA,"/vast/eande106/projects/Amanda/projects/cellprofiler-nf/projects/20250424_Cbriggsae_DRC2_IVM/Analysis-20250506/processed_images/","IVERMECTIN_ECA2666",252.304535070397,191.1717185766,224.728675586464,236.855527573977,247.632770680483,29.0316057032289,270.2205185766,294.107733088773,301.46218983893,0.115065730765119,17,"CbDRC2_1_N",-9.31471743678583,256.947488117269,11.2012874336268,22.9391031736139,9.32577811032747e-53,20.2234501228379,-29.5381675596237
"CbDRC2_p031_D09","CbDRC2_1_N_ECA2666_0.0037","CbDRC2","p031","D09",20250424,"p031_D09","m2x","20250424-CbDRC2-p031-m2x_D09.TIF",1.14077669902913,"48h",10,"15hHB101","DMSO",1,"IVERMECTIN",0.0037,NA,NA,"ECA2666","1_N",NA,NA,NA,"/vast/eande106/projects/Amanda/projects/cellprofiler-nf/projects/20250424_Cbriggsae_DRC2_IVM/Analysis-20250506/processed_images/","IVERMECTIN_ECA2666",216.717048784964,173.00788983893,185.52394983893,197.097051522036,213.662508997377,26.0362529534353,229.703017994754,250.201523975026,266.030675470095,0.120139384969521,17,"CbDRC2_1_N",-43.284979119892,256.947488117269,11.2012874336268,22.9391031736139,9.32577811032747e-53,20.2234501228379,-63.5084292427298
"CbDRC2_p031_D10","CbDRC2_1_N_ECA2666_0.0075","CbDRC2","p031","D10",20250424,"p031_D10","m2x","20250424-CbDRC2-p031-m2x_D10.TIF",1.19512195121951,"48h",10,"15hHB101","DMSO",1,"IVERMECTIN",0.0075,NA,NA,"ECA2666","1_N",NA,NA,NA,"/vast/eande106/projects/Amanda/projects/cellprofiler-nf/projects/20250424_Cbriggsae_DRC2_IVM/Analysis-20250506/processed_images/","IVERMECTIN_ECA2666",200.569427674646,182.654913786989,184.652877864901,190.031459142839,199.805561392183,13.8077706867397,207.060909903857,220.601023075289,228.201604207765,0.0688428483185284,16,"CbDRC2_1_N",-57.141926725086,256.947488117269,11.2012874336268,22.9391031736139,9.32577811032747e-53,20.2234501228379,-77.3653768479239
"CbDRC2_p031_D11","CbDRC2_1_N_ECA2666_0.015","CbDRC2","p031","D11",20250424,"p031_D11","m2x","20250424-CbDRC2-p031-m2x_D11.TIF",1.18367346938776,"48h",10,"15hHB101","DMSO",1,"IVERMECTIN",0.015,NA,NA,"ECA2666","1_N",NA,NA,NA,"/vast/eande106/projects/Amanda/projects/cellprofiler-nf/projects/20250424_Cbriggsae_DRC2_IVM/Analysis-20250506/processed_images/","IVERMECTIN_ECA2666",183.710140305727,160.963308997377,162.600463249843,172.208704207765,187.8780185766,16.3270177357441,195.430120971406,201.033427081532,201.852004207765,0.0888737971054455,7,"CbDRC2_1_N",-69.0694695406684,256.947488117269,11.2012874336268,22.9391031736139,9.32577811032747e-53,20.2234501228379,-89.2929196635063
"CbDRC2_p031_D12","CbDRC2_1_N_ECA2666_0.03","CbDRC2","p031","D12",20250424,"p031_D12","m2x","20250424-CbDRC2-p031-m2x_D12.TIF",1.24199288256228,"48h",10,"15hHB101","DMSO",1,"IVERMECTIN",0.03,NA,NA,"ECA2666","1_N",NA,NA,NA,"/vast/eande106/projects/Amanda/projects/cellprofiler-nf/projects/20250424_Cbriggsae_DRC2_IVM/Analysis-20250506/processed_images/","IVERMECTIN_ECA2666",171.60368548351,146.264577206862,148.768199559599,152.523633088704,171.926149418153,24.8447178633093,191.006201812959,194.181200259706,196.297865890871,0.144779628673515,4,"CbDRC2_1_N",-85.0213386991154,256.947488117269,11.2012874336268,22.9391031736139,9.32577811032747e-53,20.2234501228379,-105.244788821953
"CbDRC2_p031_E01","CbDRC2_1_N_PB420_0","CbDRC2","p031","E01",20250424,"p031_E01","m2x","20250424-CbDRC2-p031-m2x_E01.TIF",0.131166436145689,"48h",10,"15hHB101","DMSO",1,"IVERMECTIN",0,NA,NA,"PB420","1_N",NA,NA,NA,"/vast/eande106/projects/Amanda/projects/cellprofiler-nf/projects/20250424_Cbriggsae_DRC2_IVM/Analysis-20250506/processed_images/","IVERMECTIN_PB420",384.34923463208,309.551003625918,314.65707038956,327.994759219922,361.611278891837,76.6734377267122,430.746142143157,476.779354614844,502.741497160008,0.199488982461766,6,"CbDRC2_1_N",99.328355067683,262.282923824154,7.76814462787253,33.7639084219762,5.974251175802e-75,63.1425783827141,36.1857766849689
"CbDRC2_p031_E02","CbDRC2_1_N_PB420_2.9e-05","CbDRC2","p031","E02",20250424,"p031_E02","m2x","20250424-CbDRC2-p031-m2x_E02.TIF",0.222048475371384,"48h",10,"15hHB101","DMSO",1,"IVERMECTIN",2.9e-05,NA,NA,"PB420","1_N",NA,NA,NA,"/vast/eande106/projects/Amanda/projects/cellprofiler-nf/projects/20250424_Cbriggsae_DRC2_IVM/Analysis-20250506/processed_images/","IVERMECTIN_PB420",320.816921057862,268.759265890871,270.823305981844,282.053260461093,313.809406020725,53.1464412274553,336.455672929827,377.818051171017,413.051141240774,0.165659719731148,6,"CbDRC2_1_N",51.5264821965702,262.282923824154,7.76814462787253,33.7639084219762,5.974251175802e-75,63.1425783827141,-11.6160961861439
"CbDRC2_p031_E03","CbDRC2_1_N_PB420_5.8e-05","CbDRC2","p031","E03",20250424,"p031_E03","m2x","20250424-CbDRC2-p031-m2x_E03.TIF",0.22550225502255,"48h",10,"15hHB101","DMSO",1,"IVERMECTIN",5.8e-05,NA,NA,"PB420","1_N",NA,NA,NA,"/vast/eande106/projects/Amanda/projects/cellprofiler-nf/projects/20250424_Cbriggsae_DRC2_IVM/Analysis-20250506/processed_images/","IVERMECTIN_PB420",319.024645098684,278.172213786989,292.964776544386,305.155482654512,316.800470680483,27.6297603999629,330.960053625919,346.968842883135,365.968758662454,0.0866069779386988,7,"CbDRC2_1_N",54.5175468563286,262.282923824154,7.76814462787253,33.7639084219762,5.974251175802e-75,63.1425783827141,-8.62503152638547
"CbDRC2_p031_E04","CbDRC2_1_N_PB420_0.00011","CbDRC2","p031","E04",20250424,"p031_E04","m2x","20250424-CbDRC2-p031-m2x_E04.TIF",0.232241599319439,"48h",10,"15hHB101","DMSO",1,"IVERMECTIN",0.00011,NA,NA,"PB420","1_N",NA,NA,NA,"/vast/eande106/projects/Amanda/projects/cellprofiler-nf/projects/20250424_Cbriggsae_DRC2_IVM/Analysis-20250506/processed_images/","IVERMECTIN_PB420",291.21340001801,110.364910734144,185.019366818317,244.504587444124,303.625670680483,105.863355103647,346.463851231113,397.031010215006,442.566341360966,0.363525013262094,7,"CbDRC2_1_N",41.3427468563286,262.282923824154,7.76814462787253,33.7639084219762,5.974251175802e-75,63.1425783827141,-21.7998315263855
"CbDRC2_p031_E05","CbDRC2_1_N_PB420_0.00023","CbDRC2","p031","E05",20250424,"p031_E05","m2x","20250424-CbDRC2-p031-m2x_E05.TIF",0.220948616600791,"48h",10,"15hHB101","DMSO",1,"IVERMECTIN",0.00023,NA,NA,"PB420","1_N",NA,NA,NA,"/vast/eande106/projects/Amanda/projects/cellprofiler-nf/projects/20250424_Cbriggsae_DRC2_IVM/Analysis-20250506/processed_images/","IVERMECTIN_PB420",329.433514389646,305.555075470095,312.647070448381,323.28506291581,333.512533573289,17.2033796271369,339.660985047125,342.956742983996,345.153914941909,0.0522210973555932,4,"CbDRC2_1_N",71.2296097491349,262.282923824154,7.76814462787253,33.7639084219762,5.974251175802e-75,63.1425783827141,8.08703136642077
"CbDRC2_p031_E06","CbDRC2_1_N_PB420_0.00046","CbDRC2","p031","E06",20250424,"p031_E06","m2x","20250424-CbDRC2-p031-m2x_E06.TIF",0.258437355524734,"48h",10,"15hHB101","DMSO",1,"IVERMECTIN",0.00046,NA,NA,"PB420","1_N",NA,NA,NA,"/vast/eande106/projects/Amanda/projects/cellprofiler-nf/projects/20250424_Cbriggsae_DRC2_IVM/Analysis-20250506/processed_images/","IVERMECTIN_PB420",305.94520222333,300.566046732424,301.817320026968,303.694229968783,306.822413205142,4.99861567160932,308.634779968783,309.722200026968,310.447146732424,0.0163382711521016,3,"CbDRC2_1_N",44.5394893809878,262.282923824154,7.76814462787253,33.7639084219762,5.974251175802e-75,63.1425783827141,-18.6030890017264
"CbDRC2_p031_E07","CbDRC2_1_N_PB420_0.00093","CbDRC2","p031","E07",20250424,"p031_E07","m2x","20250424-CbDRC2-p031-m2x_E07.TIF",1.01410934744268,"48h",10,"15hHB101","DMSO",1,"IVERMECTIN",0.00093,NA,NA,"PB420","1_N",NA,NA,NA,"/vast/eande106/projects/Amanda/projects/cellprofiler-nf/projects/20250424_Cbriggsae_DRC2_IVM/Analysis-20250506/processed_images/","IVERMECTIN_PB420",285.897965948179,126.427937735047,194.972453434235,255.760022929827,308.634779968783,75.4648275671573,342.161128916842,352.620907645646,368.038417994754,0.263957203462007,10,"CbDRC2_1_N",46.3518561446289,262.282923824154,7.76814462787253,33.7639084219762,5.974251175802e-75,63.1425783827141,-16.7907222380852
"CbDRC2_p031_E08","CbDRC2_1_N_PB420_0.0018","CbDRC2","p031","E08",20250424,"p031_E08","m2x","20250424-CbDRC2-p031-m2x_E08.TIF",0.748704663212435,"48h",10,"15hHB101","DMSO",1,"IVERMECTIN",0.0018,NA,NA,"PB420","1_N",NA,NA,NA,"/vast/eande106/projects/Amanda/projects/cellprofiler-nf/projects/20250424_Cbriggsae_DRC2_IVM/Analysis-20250506/processed_images/","IVERMECTIN_PB420",203.290830916115,153.748120313368,170.855824386846,183.408995507166,208.273887444124,29.4118082716679,221.872519628542,237.369805832687,239.115965890871,0.144678479295528,8,"CbDRC2_1_N",-54.0090363800302,262.282923824154,7.76814462787253,33.7639084219762,5.974251175802e-75,63.1425783827141,-117.151614762744
"CbDRC2_p031_E10","CbDRC2_1_N_PB420_0.0075","CbDRC2","p031","E10",20250424,"p031_E10","m2x","20250424-CbDRC2-p031-m2x_E10.TIF",1.25490196078431,"48h",10,"15hHB101","DMSO",1,"IVERMECTIN",0.0075,NA,NA,"PB420","1_N",NA,NA,NA,"/vast/eande106/projects/Amanda/projects/cellprofiler-nf/projects/20250424_Cbriggsae_DRC2_IVM/Analysis-20250506/processed_images/","IVERMECTIN_PB420",178.744459993363,137.108223366212,158.468794628542,172.936631990232,179.030180259706,19.3426189608957,193.383678155824,198.461346732424,204.3465185766,0.108213809600666,11,"CbDRC2_1_N",-83.2527435644478,262.282923824154,7.76814462787253,33.7639084219762,5.974251175802e-75,63.1425783827141,-146.395321947162
"CbDRC2_p031_E11","CbDRC2_1_N_PB420_0.015","CbDRC2","p031","E11",20250424,"p031_E11","m2x","20250424-CbDRC2-p031-m2x_E11.TIF",1.23397435897436,"48h",10,"15hHB101","DMSO",1,"IVERMECTIN",0.015,NA,NA,"PB420","1_N",NA,NA,NA,"/vast/eande106/projects/Amanda/projects/cellprofiler-nf/projects/20250424_Cbriggsae_DRC2_IVM/Analysis-20250506/processed_images/","IVERMECTIN_PB420",182.542895898675,138.4725185766,160.177835223872,170.255060049318,181.2906185766,25.115905724564,198.265709142839,209.620454686726,217.42436110126,0.137589061469175,8,"CbDRC2_1_N",-80.9923052475538,262.282923824154,7.76814462787253,33.7639084219762,5.974251175802e-75,63.1425783827141,-144.134883630268
"CbDRC2_p031_E12","CbDRC2_1_N_PB420_0.03","CbDRC2","p031","E12",20250424,"p031_E12","m2x","20250424-CbDRC2-p031-m2x_E12.TIF",1.14159292035398,"48h",10,"15hHB101","DMSO",1,"IVERMECTIN",0.03,NA,NA,"PB420","1_N",NA,NA,NA,"/vast/eande106/projects/Amanda/projects/cellprofiler-nf/projects/20250424_Cbriggsae_DRC2_IVM/Analysis-20250506/processed_images/","IVERMECTIN_PB420",181.019490335039,147.554432945436,164.481389301784,171.950388786989,181.690211392183,17.1847062493552,190.630848366212,198.731853191658,213.331475470095,0.0949329059403991,12,"CbDRC2_1_N",-80.5927124319715,262.282923824154,7.76814462787253,33.7639084219762,5.974251175802e-75,63.1425783827141,-143.735290814686
"CbDRC2_p031_F01","CbDRC2_1_N_NIC1667_0","CbDRC2","p031","F01",20250424,"p031_F01","m2x","20250424-CbDRC2-p031-m2x_F01.TIF",0.22252427184466,"48h",10,"15hHB101","DMSO",1,"IVERMECTIN",0,NA,NA,"NIC1667","1_N",NA,NA,NA,"/vast/eande106/projects/Amanda/projects/cellprofiler-nf/projects/20250424_Cbriggsae_DRC2_IVM/Analysis-20250506/processed_images/","IVERMECTIN_NIC1667",301.055497476587,283.766513205142,285.580543496065,297.014031311648,302.426892233736,11.2091806524248,306.612576522036,313.461618997377,315.767208997377,0.0372329379346295,8,"CbDRC2_1_N",28.778139364514,273.648752869222,6.41929624076494,42.6290893278067,3.23814711507162e-88,39.1930100281419,-10.4148706636279
"CbDRC2_p031_F02","CbDRC2_1_N_NIC1667_2.9e-05","CbDRC2","p031","F02",20250424,"p031_F02","m2x","20250424-CbDRC2-p031-m2x_F02.TIF",0.26676245210728,"48h",10,"15hHB101","DMSO",1,"IVERMECTIN",2.9e-05,NA,NA,"NIC1667","1_N",NA,NA,NA,"/vast/eande106/projects/Amanda/projects/cellprofiler-nf/projects/20250424_Cbriggsae_DRC2_IVM/Analysis-20250506/processed_images/","IVERMECTIN_NIC1667",314.666659212542,297.740498836307,300.309038281747,304.161847449908,304.190780259707,17.6236511451727,330.677498836307,334.208601942812,336.562670680483,0.0560073672542115,5,"CbDRC2_1_N",30.5420273904845,273.648752869222,6.41929624076494,42.6290893278067,3.23814711507162e-88,39.1930100281419,-8.65098263765741
"CbDRC2_p031_F03","CbDRC2_1_N_NIC1667_5.8e-05","CbDRC2","p031","F03",20250424,"p031_F03","m2x","20250424-CbDRC2-p031-m2x_F03.TIF",0.668174962292609,"48h",10,"15hHB101","DMSO",1,"IVERMECTIN",5.8e-05,NA,NA,"NIC1667","1_N",NA,NA,NA,"/vast/eande106/projects/Amanda/projects/cellprofiler-nf/projects/20250424_Cbriggsae_DRC2_IVM/Analysis-20250506/processed_images/","IVERMECTIN_NIC1667",298.129993240386,151.803718197462,156.667489718738,242.156281773331,336.465713205142,95.1604168501764,363.953511486899,415.748589257083,417.912070098636,0.319191020721781,11,"CbDRC2_1_N",62.8169603359204,273.648752869222,6.41929624076494,42.6290893278067,3.23814711507162e-88,39.1930100281419,23.6239503077785
"CbDRC2_p031_F05","CbDRC2_1_N_NIC1667_0.00023","CbDRC2","p031","F05",20250424,"p031_F05","m2x","20250424-CbDRC2-p031-m2x_F05.TIF",0.195570570570571,"48h",10,"15hHB101","DMSO",1,"IVERMECTIN",0.00023,NA,NA,"NIC1667","1_N",NA,NA,NA,"/vast/eande106/projects/Amanda/projects/cellprofiler-nf/projects/20250424_Cbriggsae_DRC2_IVM/Analysis-20250506/processed_images/","IVERMECTIN_NIC1667",308.883708609479,283.629394628542,296.539367806716,302.027299418153,307.153446732424,13.6698400615297,315.436175470095,326.725058836307,327.286841360966,0.0442556200942682,9,"CbDRC2_1_N",33.5046938632022,273.648752869222,6.41929624076494,42.6290893278067,3.23814711507162e-88,39.1930100281419,-5.68831616493974
"CbDRC2_p031_F07","CbDRC2_1_N_NIC1667_0.00093","CbDRC2","p031","F07",20250424,"p031_F07","m2x","20250424-CbDRC2-p031-m2x_F07.TIF",0.915680473372781,"48h",10,"15hHB101","DMSO",1,"IVERMECTIN",0.00093,NA,NA,"NIC1667","1_N",NA,NA,NA,"/vast/eande106/projects/Amanda/projects/cellprofiler-nf/projects/20250424_Cbriggsae_DRC2_IVM/Analysis-20250506/processed_images/","IVERMECTIN_NIC1667",330.155481468346,260.145503625919,302.419549069045,312.396632072666,324.255615599948,28.9234354045814,355.404488205142,365.738507632162,370.62988983893,0.0876054981003078,18,"CbDRC2_1_N",50.6068627307259,273.648752869222,6.41929624076494,42.6290893278067,3.23814711507162e-88,39.1930100281419,11.413852702584
"CbDRC2_p031_F08","CbDRC2_1_N_NIC1667_0.0018","CbDRC2","p031","F08",20250424,"p031_F08","m2x","20250424-CbDRC2-p031-m2x_F08.TIF",1.11961722488038,"48h",10,"15hHB101","DMSO",1,"IVERMECTIN",0.0018,NA,NA,"NIC1667","1_N",NA,NA,NA,"/vast/eande106/projects/Amanda/projects/cellprofiler-nf/projects/20250424_Cbriggsae_DRC2_IVM/Analysis-20250506/processed_images/","IVERMECTIN_NIC1667",261.808976011985,180.160399418153,195.666549606191,242.19567038956,270.591713205142,42.7807280966707,283.980508706454,306.003836078909,341.357784467472,0.163404359729486,19,"CbDRC2_1_N",-3.05703966407992,273.648752869222,6.41929624076494,42.6290893278067,3.23814711507162e-88,39.1930100281419,-42.2500496922219
"CbDRC2_p031_F09","CbDRC2_1_N_NIC1667_0.0037","CbDRC2","p031","F09",20250424,"p031_F09","m2x","20250424-CbDRC2-p031-m2x_F09.TIF",1.22841225626741,"48h",10,"15hHB101","DMSO",1,"IVERMECTIN",0.0037,NA,NA,"NIC1667","1_N",NA,NA,NA,"/vast/eande106/projects/Amanda/projects/cellprofiler-nf/projects/20250424_Cbriggsae_DRC2_IVM/Analysis-20250506/processed_images/","IVERMECTIN_NIC1667",231.5549209802,201.852004207765,217.112719069046,221.916839548007,232.060413786989,14.246284689345,239.233003916842,247.434150564114,261.275722784366,0.0615244307010998,23,"CbDRC2_1_N",-41.5883390822333,273.648752869222,6.41929624076494,42.6290893278067,3.23814711507162e-88,39.1930100281419,-80.7813491103752
"CbDRC2_p031_F10","CbDRC2_1_N_NIC1667_0.0075","CbDRC2","p031","F10",20250424,"p031_F10","m2x","20250424-CbDRC2-p031-m2x_F10.TIF",1.19364161849711,"48h",10,"15hHB101","DMSO",1,"IVERMECTIN",0.0075,NA,NA,"NIC1667","1_N",NA,NA,NA,"/vast/eande106/projects/Amanda/projects/cellprofiler-nf/projects/20250424_Cbriggsae_DRC2_IVM/Analysis-20250506/processed_images/","IVERMECTIN_NIC1667",215.001386836378,197.268448469192,198.285645711794,205.12146483893,215.192320971406,13.4358632995867,222.145379989956,230.959281871144,238.413737735047,0.0624919843415323,10,"CbDRC2_1_N",-58.4564318978157,273.648752869222,6.41929624076494,42.6290893278067,3.23814711507162e-88,39.1930100281419,-97.6494419259576
"CbDRC2_p031_F11","CbDRC2_1_N_NIC1667_0.015","CbDRC2","p031","F11",20250424,"p031_F11","m2x","20250424-CbDRC2-p031-m2x_F11.TIF",1.20958083832335,"48h",10,"15hHB101","DMSO",1,"IVERMECTIN",0.015,NA,NA,"NIC1667","1_N",NA,NA,NA,"/vast/eande106/projects/Amanda/projects/cellprofiler-nf/projects/20250424_Cbriggsae_DRC2_IVM/Analysis-20250506/processed_images/","IVERMECTIN_NIC1667",205.598806945523,166.751523366212,182.904365223872,194.41693983893,205.545297023348,17.8639184112698,216.449618431139,226.186601217629,237.751670680483,0.0868872668896528,28,"CbDRC2_1_N",-68.1034558458744,273.648752869222,6.41929624076494,42.6290893278067,3.23814711507162e-88,39.1930100281419,-107.296465874016
"CbDRC2_p031_F12","CbDRC2_1_N_NIC1667_0.03","CbDRC2","p031","F12",20250424,"p031_F12","m2x","20250424-CbDRC2-p031-m2x_F12.TIF",1.21812080536913,"48h",10,"15hHB101","DMSO",1,"IVERMECTIN",0.03,NA,NA,"NIC1667","1_N",NA,NA,NA,"/vast/eande106/projects/Amanda/projects/cellprofiler-nf/projects/20250424_Cbriggsae_DRC2_IVM/Analysis-20250506/processed_images/","IVERMECTIN_NIC1667",196.813431055491,171.740552103883,176.880411275814,192.170700615556,198.158711392183,13.9656970399465,208.189905823463,211.651522117367,217.946173613136,0.0709590649634523,14,"CbDRC2_1_N",-75.4900414770392,273.648752869222,6.41929624076494,42.6290893278067,3.23814711507162e-88,39.1930100281419,-114.683051505181
"CbDRC2_p032_A01","CbDRC2_1_N_VX34_0","CbDRC2","p032","A01",20250424,"p032_A01","m2x","20250424-CbDRC2-p032-m2x_A01.TIF",0.202380952380952,"48h",10,"15hHB101","DMSO",1,"IVERMECTIN",0,NA,NA,"VX34","1_N",NA,NA,NA,"/vast/eande106/projects/Amanda/projects/cellprofiler-nf/projects/20250424_Cbriggsae_DRC2_IVM/Analysis-20250506/processed_images/","IVERMECTIN_VX34",370.081078510459,318.398841942812,328.619007690347,340.090446732424,345.781703625918,54.9363602788592,382.039640597142,427.507322534993,482.126829345353,0.148444120677482,7,"CbDRC2_1_N",50.133705681275,295.647997944643,9.22869425594786,32.0357343894126,3.99535273195856e-67,71.1068038124399,-20.9730981311649
"CbDRC2_p032_A02","CbDRC2_1_N_VX34_2.9e-05","CbDRC2","p032","A02",20250424,"p032_A02","m2x","20250424-CbDRC2-p032-m2x_A02.TIF",0.146288209606987,"48h",10,"15hHB101","DMSO",1,"IVERMECTIN",2.9e-05,NA,NA,"VX34","1_N",NA,NA,NA,"/vast/eande106/projects/Amanda/projects/cellprofiler-nf/projects/20250424_Cbriggsae_DRC2_IVM/Analysis-20250506/processed_images/","IVERMECTIN_VX34",372.006336937955,167.804671443919,200.185770659868,299.543785135521,371.332117994754,137.664637261929,496.57367155132,527.639975365321,559.912364727179,0.370059925309523,9,"CbDRC2_1_N",75.6841200501104,295.647997944643,9.22869425594786,32.0357343894126,3.99535273195856e-67,71.1068038124399,4.57731623767049
"CbDRC2_p032_A03","CbDRC2_1_N_VX34_5.8e-05","CbDRC2","p032","A03",20250424,"p032_A03","m2x","20250424-CbDRC2-p032-m2x_A03.TIF",0.226017441860465,"48h",10,"15hHB101","DMSO",1,"IVERMECTIN",5.8e-05,NA,NA,"VX34","1_N",NA,NA,NA,"/vast/eande106/projects/Amanda/projects/cellprofiler-nf/projects/20250424_Cbriggsae_DRC2_IVM/Analysis-20250506/processed_images/","IVERMECTIN_VX34",425.948895891102,144.0771813354,266.118606277185,333.226299984454,403.614458065674,177.524165301546,513.080421272463,659.616180779121,682.344374306402,0.41677338998651,8,"CbDRC2_1_N",107.966460121031,295.647997944643,9.22869425594786,32.0357343894126,3.99535273195856e-67,71.1068038124399,36.8596563085906
"CbDRC2_p032_A04","CbDRC2_1_N_VX34_0.00011","CbDRC2","p032","A04",20250424,"p032_A04","m2x","20250424-CbDRC2-p032-m2x_A04.TIF",0.242866847826087,"48h",10,"15hHB101","DMSO",1,"IVERMECTIN",0.00011,NA,NA,"VX34","1_N",NA,NA,NA,"/vast/eande106/projects/Amanda/projects/cellprofiler-nf/projects/20250424_Cbriggsae_DRC2_IVM/Analysis-20250506/processed_images/","IVERMECTIN_VX34",419.658586603077,317.970850940189,334.139068182792,358.391394046695,396.688617412907,90.9013779214007,488.678141360966,517.409614097163,536.563929254628,0.216607930406479,5,"CbDRC2_1_N",101.040619468264,295.647997944643,9.22869425594786,32.0357343894126,3.99535273195856e-67,71.1068038124399,29.9338156558238
"CbDRC2_p032_A05","CbDRC2_1_N_VX34_0.00023","CbDRC2","p032","A05",20250424,"p032_A05","m2x","20250424-CbDRC2-p032-m2x_A05.TIF",0.243078175895765,"48h",10,"15hHB101","DMSO",1,"IVERMECTIN",0.00023,NA,NA,"VX34","1_N",NA,NA,NA,"/vast/eande106/projects/Amanda/projects/cellprofiler-nf/projects/20250424_Cbriggsae_DRC2_IVM/Analysis-20250506/processed_images/","IVERMECTIN_VX34",308.015848168528,122.335052103883,184.989791575697,247.233177864901,325.785427573977,103.00161941482,372.992195412663,442.332265309025,448.685589257083,0.334403635485872,11,"CbDRC2_1_N",30.1374296293338,295.647997944643,9.22869425594786,32.0357343894126,3.99535273195856e-67,71.1068038124399,-40.9693741831061
"CbDRC2_p032_A06","CbDRC2_1_N_VX34_0.00046","CbDRC2","p032","A06",20250424,"p032_A06","m2x","20250424-CbDRC2-p032-m2x_A06.TIF",0.178378378378378,"48h",10,"15hHB101","DMSO",1,"IVERMECTIN",0.00046,NA,NA,"VX34","1_N",NA,NA,NA,"/vast/eande106/projects/Amanda/projects/cellprofiler-nf/projects/20250424_Cbriggsae_DRC2_IVM/Analysis-20250506/processed_images/","IVERMECTIN_VX34",267.670425923335,117.01498983893,134.736426660756,188.418888786989,282.333658706454,106.397031804684,345.099556020724,386.471778719937,399.514165309025,0.397492668223116,8,"CbDRC2_1_N",-13.3143392381898,295.647997944643,9.22869425594786,32.0357343894126,3.99535273195856e-67,71.1068038124399,-84.4211430506298
"CbDRC2_p032_A07","CbDRC2_1_N_VX34_0.00093","CbDRC2","p032","A07",20250424,"p032_A07","m2x","20250424-CbDRC2-p032-m2x_A07.TIF",1.02357563850688,"48h",10,"15hHB101","DMSO",1,"IVERMECTIN",0.00093,NA,NA,"VX34","1_N",NA,NA,NA,"/vast/eande106/projects/Amanda/projects/cellprofiler-nf/projects/20250424_Cbriggsae_DRC2_IVM/Analysis-20250506/processed_images/","IVERMECTIN_VX34",352.578086539016,265.36860841553,292.854107211385,322.492073421095,347.407656785106,57.1359957549885,391.38691305968,417.553612856034,454.142770098636,0.162052033113708,10,"CbDRC2_1_N",51.7596588404631,295.647997944643,9.22869425594786,32.0357343894126,3.99535273195856e-67,71.1068038124399,-19.3471449719769
"CbDRC2_p032_A08","CbDRC2_1_N_VX34_0.0018","CbDRC2","p032","A08",20250424,"p032_A08","m2x","20250424-CbDRC2-p032-m2x_A08.TIF",1.04381443298969,"48h",10,"15hHB101","DMSO",1,"IVERMECTIN",0.0018,NA,NA,"VX34","1_N",NA,NA,NA,"/vast/eande106/projects/Amanda/projects/cellprofiler-nf/projects/20250424_Cbriggsae_DRC2_IVM/Analysis-20250506/processed_images/","IVERMECTIN_VX34",247.245257908185,208.673480259706,219.213320259706,228.435680259706,250.926470680483,25.4904374484207,262.640017994754,275.288491405667,289.554727573977,0.103097780981048,9,"CbDRC2_1_N",-44.7215272641605,295.647997944643,9.22869425594786,32.0357343894126,3.99535273195856e-67,71.1068038124399,-115.8283310766
"CbDRC2_p032_A09","CbDRC2_1_N_VX34_0.0037","CbDRC2","p032","A09",20250424,"p032_A09","m2x","20250424-CbDRC2-p032-m2x_A09.TIF",1.17027027027027,"48h",10,"15hHB101","DMSO",1,"IVERMECTIN",0.0037,NA,NA,"VX34","1_N",NA,NA,NA,"/vast/eande106/projects/Amanda/projects/cellprofiler-nf/projects/20250424_Cbriggsae_DRC2_IVM/Analysis-20250506/processed_images/","IVERMECTIN_VX34",229.358496332058,191.970904207765,207.328576544386,212.863323366212,233.795903625919,23.6452170477497,235.876739833318,246.95962685444,277.010136599585,0.103092832512806,9,"CbDRC2_1_N",-61.8520943187249,295.647997944643,9.22869425594786,32.0357343894126,3.99535273195856e-67,71.1068038124399,-132.958898131165
"CbDRC2_p032_A10","CbDRC2_1_N_VX34_0.0075","CbDRC2","p032","A10",20250424,"p032_A10","m2x","20250424-CbDRC2-p032-m2x_A10.TIF",1.24074074074074,"48h",10,"15hHB101","DMSO",1,"IVERMECTIN",0.0075,NA,NA,"VX34","1_N",NA,NA,NA,"/vast/eande106/projects/Amanda/projects/cellprofiler-nf/projects/20250424_Cbriggsae_DRC2_IVM/Analysis-20250506/processed_images/","IVERMECTIN_VX34",194.999189240229,163.457823366212,176.500209955299,183.71241483893,192.204980259706,19.676213345871,210.661404062304,216.935153975027,221.614204207765,0.100904077717118,8,"CbDRC2_1_N",-103.443017684937,295.647997944643,9.22869425594786,32.0357343894126,3.99535273195856e-67,71.1068038124399,-174.549821497377
"CbDRC2_p032_A11","CbDRC2_1_N_VX34_0.015","CbDRC2","p032","A11",20250424,"p032_A11","m2x","20250424-CbDRC2-p032-m2x_A11.TIF",1.18345323741007,"48h",10,"15hHB101","DMSO",1,"IVERMECTIN",0.015,NA,NA,"VX34","1_N",NA,NA,NA,"/vast/eande106/projects/Amanda/projects/cellprofiler-nf/projects/20250424_Cbriggsae_DRC2_IVM/Analysis-20250506/processed_images/","IVERMECTIN_VX34",198.947654844149,181.150364033912,182.532605264457,189.993020680483,198.558304207765,13.4034743622164,208.556442233736,214.329281217629,215.82598983893,0.0673718640851351,7,"CbDRC2_1_N",-97.0896937368782,295.647997944643,9.22869425594786,32.0357343894126,3.99535273195856e-67,71.1068038124399,-168.196497549318
"CbDRC2_p032_A12","CbDRC2_1_N_VX34_0.03","CbDRC2","p032","A12",20250424,"p032_A12","m2x","20250424-CbDRC2-p032-m2x_A12.TIF",1.00887573964497,"48h",10,"15hHB101","DMSO",1,"IVERMECTIN",0.03,NA,NA,"VX34","1_N",NA,NA,NA,"/vast/eande106/projects/Amanda/projects/cellprofiler-nf/projects/20250424_Cbriggsae_DRC2_IVM/Analysis-20250506/processed_images/","IVERMECTIN_VX34",202.358786178326,184.019208997377,184.923384324134,191.1717185766,192.77008983893,19.9423249472372,211.402070680483,229.943748155824,241.045370680483,0.0985493406234574,9,"CbDRC2_1_N",-102.877908105713,295.647997944643,9.22869425594786,32.0357343894126,3.99535273195856e-67,71.1068038124399,-173.984711918153
"CbDRC2_p032_B01","CbDRC2_1_N_JU3237_0","CbDRC2","p032","B01",20250424,"p032_B01","m2x","20250424-CbDRC2-p032-m2x_B01.TIF",0.229565217391304,"48h",10,"15hHB101","DMSO",1,"IVERMECTIN",0,NA,NA,"JU3237","1_N",NA,NA,NA,"/vast/eande106/projects/Amanda/projects/cellprofiler-nf/projects/20250424_Cbriggsae_DRC2_IVM/Analysis-20250506/processed_images/","IVERMECTIN_JU3237",295.130685566812,254.420569843048,266.330346416579,276.178798823254,285.510177360338,30.490263904844,317.859139921445,332.442615207405,337.908174274901,0.103311059798089,7,"CbDRC2_1_N",20.8305292943128,264.679648066026,7.66333315233897,34.5384498891636,1.28800366813287e-76,28.6810563137571,-7.85052701944434
"CbDRC2_p032_B02","CbDRC2_1_N_JU3237_2.9e-05","CbDRC2","p032","B02",20250424,"p032_B02","m2x","20250424-CbDRC2-p032-m2x_B02.TIF",0.275583055687768,"48h",10,"15hHB101","DMSO",1,"IVERMECTIN",2.9e-05,NA,NA,"JU3237","1_N",NA,NA,NA,"/vast/eande106/projects/Amanda/projects/cellprofiler-nf/projects/20250424_Cbriggsae_DRC2_IVM/Analysis-20250506/processed_images/","IVERMECTIN_JU3237",325.258654340825,245.372332363589,260.562135353725,295.625496732424,324.51808983893,53.89538817744,356.062396441501,376.932096540877,403.544371835404,0.165700089630714,7,"CbDRC2_1_N",59.8384417729043,264.679648066026,7.66333315233897,34.5384498891636,1.28800366813287e-76,28.6810563137571,31.1573854591472
"CbDRC2_p032_B03","CbDRC2_1_N_JU3237_5.8e-05","CbDRC2","p032","B03",20250424,"p032_B03","m2x","20250424-CbDRC2-p032-m2x_B03.TIF",0.227852998065764,"48h",10,"15hHB101","DMSO",1,"IVERMECTIN",5.8e-05,NA,NA,"JU3237","1_N",NA,NA,NA,"/vast/eande106/projects/Amanda/projects/cellprofiler-nf/projects/20250424_Cbriggsae_DRC2_IVM/Analysis-20250506/processed_images/","IVERMECTIN_JU3237",307.35557725019,210.801282429207,250.905063664694,286.923094628542,316.138403625919,42.8927057224077,329.59575841553,354.268783134643,381.116260519413,0.139554017877778,19,"CbDRC2_1_N",51.4587555598929,264.679648066026,7.66333315233897,34.5384498891636,1.28800366813287e-76,28.6810563137571,22.7776992461358
"CbDRC2_p032_B04","CbDRC2_1_N_JU3237_0.00011","CbDRC2","p032","B04",20250424,"p032_B04","m2x","20250424-CbDRC2-p032-m2x_B04.TIF",0.218011591618368,"48h",10,"15hHB101","DMSO",1,"IVERMECTIN",0.00011,NA,NA,"JU3237","1_N",NA,NA,NA,"/vast/eande106/projects/Amanda/projects/cellprofiler-nf/projects/20250424_Cbriggsae_DRC2_IVM/Analysis-20250506/processed_images/","IVERMECTIN_JU3237",298.345407364468,232.294691573093,242.334787659884,257.394931790069,284.810712630743,68.6201097430687,325.761188205142,365.183782856034,391.465512623295,0.230002232476936,4,"CbDRC2_1_N",20.1310645647169,264.679648066026,7.66333315233897,34.5384498891636,1.28800366813287e-76,28.6810563137571,-8.54999174904017
"CbDRC2_p032_B06","CbDRC2_1_N_JU3237_0.00046","CbDRC2","p032","B06",20250424,"p032_B06","m2x","20250424-CbDRC2-p032-m2x_B06.TIF",0.243776420854861,"48h",10,"15hHB101","DMSO",1,"IVERMECTIN",0.00046,NA,NA,"JU3237","1_N",NA,NA,NA,"/vast/eande106/projects/Amanda/projects/cellprofiler-nf/projects/20250424_Cbriggsae_DRC2_IVM/Analysis-20250506/processed_images/","IVERMECTIN_JU3237",320.11878513069,264.465390335934,277.458130508208,292.35603610126,302.729527573977,50.0024527030982,348.311967047985,380.168697309885,398.383946150578,0.156199682823001,6,"CbDRC2_1_N",38.0498795079516,264.679648066026,7.66333315233897,34.5384498891636,1.28800366813287e-76,28.6810563137571,9.3688231941945
"CbDRC2_p032_B07","CbDRC2_1_N_JU3237_0.00093","CbDRC2","p032","B07",20250424,"p032_B07","m2x","20250424-CbDRC2-p032-m2x_B07.TIF",0.985074626865672,"48h",10,"15hHB101","DMSO",1,"IVERMECTIN",0.00093,NA,NA,"JU3237","1_N",NA,NA,NA,"/vast/eande106/projects/Amanda/projects/cellprofiler-nf/projects/20250424_Cbriggsae_DRC2_IVM/Analysis-20250506/processed_images/","IVERMECTIN_JU3237",356.207502771857,351.803994046695,352.536085987249,353.63422389808,355.464453749464,4.81819818973772,358.409257134439,360.176139165423,361.354060519413,0.0135263804165957,3,"CbDRC2_1_N",90.7848056834387,264.679648066026,7.66333315233897,34.5384498891636,1.28800366813287e-76,28.6810563137571,62.1037493696816
"CbDRC2_p032_B08","CbDRC2_1_N_JU3237_0.0018","CbDRC2","p032","B08",20250424,"p032_B08","m2x","20250424-CbDRC2-p032-m2x_B08.TIF",1.26988636363636,"48h",10,"15hHB101","DMSO",1,"IVERMECTIN",0.0018,NA,NA,"JU3237","1_N",NA,NA,NA,"/vast/eande106/projects/Amanda/projects/cellprofiler-nf/projects/20250424_Cbriggsae_DRC2_IVM/Analysis-20250506/processed_images/","IVERMECTIN_JU3237",251.714883258832,230.131008997377,239.8763685319,244.476189257083,252.952832945436,11.4109150872006,258.313056311648,263.092105658133,268.097198836307,0.0453326992010522,9,"CbDRC2_1_N",-11.7268151205901,264.679648066026,7.66333315233897,34.5384498891636,1.28800366813287e-76,28.6810563137571,-40.4078714343472
"CbDRC2_p032_B09","CbDRC2_1_N_JU3237_0.0037","CbDRC2","p032","B09",20250424,"p032_B09","m2x","20250424-CbDRC2-p032-m2x_B09.TIF",1.12021857923497,"48h",10,"15hHB101","DMSO",1,"IVERMECTIN",0.0037,NA,NA,"JU3237","1_N",NA,NA,NA,"/vast/eande106/projects/Amanda/projects/cellprofiler-nf/projects/20250424_Cbriggsae_DRC2_IVM/Analysis-20250506/processed_images/","IVERMECTIN_JU3237",234.149277801107,223.543608997377,227.35393983893,231.364067088274,232.333113595609,9.53457567660453,233.171506361419,242.760779968783,252.19380841553,0.0407200729643226,6,"CbDRC2_1_N",-32.3465344704169,264.679648066026,7.66333315233897,34.5384498891636,1.28800366813287e-76,28.6810563137571,-61.027590784174
"CbDRC2_p032_B10","CbDRC2_1_N_JU3237_0.0075","CbDRC2","p032","B10",20250424,"p032_B10","m2x","20250424-CbDRC2-p032-m2x_B10.TIF",1.10971786833856,"48h",10,"15hHB101","DMSO",1,"IVERMECTIN",0.0075,NA,NA,"JU3237","1_N",NA,NA,NA,"/vast/eande106/projects/Amanda/projects/cellprofiler-nf/projects/20250424_Cbriggsae_DRC2_IVM/Analysis-20250506/processed_images/","IVERMECTIN_JU3237",186.931853113257,153.011613786989,168.724859134389,177.538022756511,184.446038784183,19.7827070636371,201.369653010362,206.21941240829,216.956208997377,0.105828443543281,8,"CbDRC2_1_N",-80.2336092818431,264.679648066026,7.66333315233897,34.5384498891636,1.28800366813287e-76,28.6810563137571,-108.9146655956
"CbDRC2_p032_B11","CbDRC2_1_N_JU3237_0.015","CbDRC2","p032","B11",20250424,"p032_B11","m2x","20250424-CbDRC2-p032-m2x_B11.TIF",1.21317829457364,"48h",10,"15hHB101","DMSO",1,"IVERMECTIN",0.015,NA,NA,"JU3237","1_N",NA,NA,NA,"/vast/eande106/projects/Amanda/projects/cellprofiler-nf/projects/20250424_Cbriggsae_DRC2_IVM/Analysis-20250506/processed_images/","IVERMECTIN_JU3237",187.23488364673,172.208704207765,175.888285165688,181.407656602571,190.606608997377,13.6561506375124,194.747973366212,197.232791987513,198.889337735047,0.0729359314436219,3,"CbDRC2_1_N",-74.0730390686487,264.679648066026,7.66333315233897,34.5384498891636,1.28800366813287e-76,28.6810563137571,-102.754095382406
"CbDRC2_p032_B12","CbDRC2_1_N_JU3237_0.03","CbDRC2","p032","B12",20250424,"p032_B12","m2x","20250424-CbDRC2-p032-m2x_B12.TIF",1.13398692810458,"48h",10,"15hHB101","DMSO",1,"IVERMECTIN",0.03,NA,NA,"JU3237","1_N",NA,NA,NA,"/vast/eande106/projects/Amanda/projects/cellprofiler-nf/projects/20250424_Cbriggsae_DRC2_IVM/Analysis-20250506/processed_images/","IVERMECTIN_JU3237",186.481404207765,170.844408997377,174.138108997377,179.078658997377,187.312908997377,15.2382670606693,194.299901812959,198.492097502309,201.286894628542,0.0817146735107798,3,"CbDRC2_1_N",-77.3667390686487,264.679648066026,7.66333315233897,34.5384498891636,1.28800366813287e-76,28.6810563137571,-106.047795382406
"CbDRC2_p032_C01","CbDRC2_1_N_ED3102_0","CbDRC2","p032","C01",20250424,"p032_C01","m2x","20250424-CbDRC2-p032-m2x_C01.TIF",0.202158273381295,"48h",10,"15hHB101","DMSO",1,"IVERMECTIN",0,NA,NA,"ED3102","1_N",NA,NA,NA,"/vast/eande106/projects/Amanda/projects/cellprofiler-nf/projects/20250424_Cbriggsae_DRC2_IVM/Analysis-20250506/processed_images/","IVERMECTIN_ED3102",347.753462057467,244.904180259706,265.933717994754,306.378500470095,358.322834758395,59.5525343416999,392.521542992561,413.60518896616,446.463260160144,0.171249292499807,16,"CbDRC2_1_N",83.6746925109421,274.648142247453,7.44940626157245,36.8684607341416,1.07731667091468e-80,71.4019380917064,12.2727544192358
"CbDRC2_p032_C02","CbDRC2_1_N_ED3102_2.9e-05","CbDRC2","p032","C02",20250424,"p032_C02","m2x","20250424-CbDRC2-p032-m2x_C02.TIF",0.28503937007874,"48h",10,"15hHB101","DMSO",1,"IVERMECTIN",2.9e-05,NA,NA,"ED3102","1_N",NA,NA,NA,"/vast/eande106/projects/Amanda/projects/cellprofiler-nf/projects/20250424_Cbriggsae_DRC2_IVM/Analysis-20250506/processed_images/","IVERMECTIN_ED3102",361.791567621465,234.639738279718,247.839423017104,332.84097967786,372.160016241798,71.7101118123854,405.963863354457,435.521174060179,465.68734080735,0.19820835594326,12,"CbDRC2_1_N",97.5118739943452,274.648142247453,7.44940626157245,36.8684607341416,1.07731667091468e-80,71.4019380917064,26.1099359026388
"CbDRC2_p032_C03","CbDRC2_1_N_ED3102_5.8e-05","CbDRC2","p032","C03",20250424,"p032_C03","m2x","20250424-CbDRC2-p032-m2x_C03.TIF",0.218036943136545,"48h",10,"15hHB101","DMSO",1,"IVERMECTIN",5.8e-05,NA,NA,"ED3102","1_N",NA,NA,NA,"/vast/eande106/projects/Amanda/projects/cellprofiler-nf/projects/20250424_Cbriggsae_DRC2_IVM/Analysis-20250506/processed_images/","IVERMECTIN_ED3102",326.702247426231,106.621150020946,233.754066575618,258.507008578808,327.149722784366,96.2803994650116,374.234913404229,450.375231897786,507.033562617684,0.294703817385742,25,"CbDRC2_1_N",52.5015805369129,274.648142247453,7.44940626157245,36.8684607341416,1.07731667091468e-80,71.4019380917064,-18.9003575547934
"CbDRC2_p032_C04","CbDRC2_1_N_ED3102_0.00011","CbDRC2","p032","C04",20250424,"p032_C04","m2x","20250424-CbDRC2-p032-m2x_C04.TIF",0.253012048192771,"48h",10,"15hHB101","DMSO",1,"IVERMECTIN",0.00011,NA,NA,"ED3102","1_N",NA,NA,NA,"/vast/eande106/projects/Amanda/projects/cellprofiler-nf/projects/20250424_Cbriggsae_DRC2_IVM/Analysis-20250506/processed_images/","IVERMECTIN_ED3102",322.998662657288,264.004313205142,302.244359451576,307.436001522036,327.149722784366,25.794241722189,332.207310810336,350.618927457608,374.294784467472,0.0798586641504382,15,"CbDRC2_1_N",52.5015805369128,274.648142247453,7.44940626157245,36.8684607341416,1.07731667091468e-80,71.4019380917064,-18.9003575547936
"CbDRC2_p032_C05","CbDRC2_1_N_ED3102_0.00023","CbDRC2","p032","C05",20250424,"p032_C05","m2x","20250424-CbDRC2-p032-m2x_C05.TIF",0.178143047534429,"48h",10,"15hHB101","DMSO",1,"IVERMECTIN",0.00023,NA,NA,"ED3102","1_N",NA,NA,NA,"/vast/eande106/projects/Amanda/projects/cellprofiler-nf/projects/20250424_Cbriggsae_DRC2_IVM/Analysis-20250506/processed_images/","IVERMECTIN_ED3102",262.571137689634,203.119341942813,208.56473781951,232.153212444124,249.743263435969,44.932614500592,311.387609758395,316.68176912723,327.149722784366,0.171125489632846,12,"CbDRC2_1_N",-24.9048788114833,274.648142247453,7.44940626157245,36.8684607341416,1.07731667091468e-80,71.4019380917064,-96.3068169031896
"CbDRC2_p032_C06","CbDRC2_1_N_ED3102_0.00046","CbDRC2","p032","C06",20250424,"p032_C06","m2x","20250424-CbDRC2-p032-m2x_C06.TIF",0.793548387096774,"48h",10,"15hHB101","DMSO",1,"IVERMECTIN",0.00046,NA,NA,"ED3102","1_N",NA,NA,NA,"/vast/eande106/projects/Amanda/projects/cellprofiler-nf/projects/20250424_Cbriggsae_DRC2_IVM/Analysis-20250506/processed_images/","IVERMECTIN_ED3102",316.09093575203,125.628752103883,176.225550780744,243.701242994754,321.612723652749,105.325271828745,409.669932514079,447.329326266947,476.493305976725,0.33321193338923,18,"CbDRC2_1_N",46.9645814052965,274.648142247453,7.44940626157245,36.8684607341416,1.07731667091468e-80,71.4019380917064,-24.4373566864099
"CbDRC2_p032_C07","CbDRC2_1_N_ED3102_0.00093","CbDRC2","p032","C07",20250424,"p032_C07","m2x","20250424-CbDRC2-p032-m2x_C07.TIF",1.07074569789675,"48h",10,"15hHB101","DMSO",1,"IVERMECTIN",0.00093,NA,NA,"ED3102","1_N",NA,NA,NA,"/vast/eande106/projects/Amanda/projects/cellprofiler-nf/projects/20250424_Cbriggsae_DRC2_IVM/Analysis-20250506/processed_images/","IVERMECTIN_ED3102",313.630319322512,210.037775470095,275.719524046695,291.459892994754,320.279767994754,35.6934246715811,336.324435810336,355.393271638405,384.171004237038,0.113807315404595,32,"CbDRC2_1_N",45.6316257473011,274.648142247453,7.44940626157245,36.8684607341416,1.07731667091468e-80,71.4019380917064,-25.7703123444053
"CbDRC2_p032_C08","CbDRC2_1_N_ED3102_0.0018","CbDRC2","p032","C08",20250424,"p032_C08","m2x","20250424-CbDRC2-p032-m2x_C08.TIF",1.08869179600887,"48h",10,"15hHB101","DMSO",1,"IVERMECTIN",0.0018,NA,NA,"ED3102","1_N",NA,NA,NA,"/vast/eande106/projects/Amanda/projects/cellprofiler-nf/projects/20250424_Cbriggsae_DRC2_IVM/Analysis-20250506/processed_images/","IVERMECTIN_ED3102",247.109829130699,211.733104207765,230.162448822823,237.2835185766,246.833585049318,16.3643513211689,256.817523981769,263.177703858657,282.499175470095,0.0662229882912253,18,"CbDRC2_1_N",-27.8145571981345,274.648142247453,7.44940626157245,36.8684607341416,1.07731667091468e-80,71.4019380917064,-99.2164952898408
"CbDRC2_p032_C09","CbDRC2_1_N_ED3102_0.0037","CbDRC2","p032","C09",20250424,"p032_C09","m2x","20250424-CbDRC2-p032-m2x_C09.TIF",1.03823529411765,"48h",10,"15hHB101","DMSO",1,"IVERMECTIN",0.0037,NA,NA,"ED3102","1_N",NA,NA,NA,"/vast/eande106/projects/Amanda/projects/cellprofiler-nf/projects/20250424_Cbriggsae_DRC2_IVM/Analysis-20250506/processed_images/","IVERMECTIN_ED3102",219.412226482158,177.197732945436,189.716145528279,202.662699523326,221.916839548007,23.2013523446093,237.682327400661,244.389902000997,259.677351522036,0.105743206368201,24,"CbDRC2_1_N",-52.731302699446,274.648142247453,7.44940626157245,36.8684607341416,1.07731667091468e-80,71.4019380917064,-124.133240791152
"CbDRC2_p032_C10","CbDRC2_1_N_ED3102_0.0075","CbDRC2","p032","C10",20250424,"p032_C10","m2x","20250424-CbDRC2-p032-m2x_C10.TIF",1.16470588235294,"48h",10,"15hHB101","DMSO",1,"IVERMECTIN",0.0075,NA,NA,"ED3102","1_N",NA,NA,NA,"/vast/eande106/projects/Amanda/projects/cellprofiler-nf/projects/20250424_Cbriggsae_DRC2_IVM/Analysis-20250506/processed_images/","IVERMECTIN_ED3102",203.169321710905,151.818715523756,169.813499897115,190.217056457109,204.580594628542,21.419032430543,219.801837444124,228.281522770882,234.298334100356,0.105424540723824,30,"CbDRC2_1_N",-70.067547618911,274.648142247453,7.44940626157245,36.8684607341416,1.07731667091468e-80,71.4019380917064,-141.469485710617
"CbDRC2_p032_C11","CbDRC2_1_N_ED3102_0.015","CbDRC2","p032","C11",20250424,"p032_C11","m2x","20250424-CbDRC2-p032-m2x_C11.TIF",1.27306273062731,"48h",10,"15hHB101","DMSO",1,"IVERMECTIN",0.015,NA,NA,"ED3102","1_N",NA,NA,NA,"/vast/eande106/projects/Amanda/projects/cellprofiler-nf/projects/20250424_Cbriggsae_DRC2_IVM/Analysis-20250506/processed_images/","IVERMECTIN_ED3102",196.475156036197,158.468794628542,167.698912809773,184.019208997377,195.781235049318,21.8426152598583,207.674498220751,223.855940085153,240.149227573977,0.111172403170578,22,"CbDRC2_1_N",-78.8669071981345,274.648142247453,7.44940626157245,36.8684607341416,1.07731667091468e-80,71.4019380917064,-150.268845289841
"CbDRC2_p032_C12","CbDRC2_1_N_ED3102_0.03","CbDRC2","p032","C12",20250424,"p032_C12","m2x","20250424-CbDRC2-p032-m2x_C12.TIF",1.19661016949153,"48h",10,"15hHB101","DMSO",1,"IVERMECTIN",0.03,NA,NA,"ED3102","1_N",NA,NA,NA,"/vast/eande106/projects/Amanda/projects/cellprofiler-nf/projects/20250424_Cbriggsae_DRC2_IVM/Analysis-20250506/processed_images/","IVERMECTIN_ED3102",195.790104805581,163.360865890871,174.820256602571,180.291636537644,194.299901812959,19.1843451598802,211.236553916842,219.967354207765,233.9898185766,0.0979842427630866,26,"CbDRC2_1_N",-80.3482404344934,274.648142247453,7.44940626157245,36.8684607341416,1.07731667091468e-80,71.4019380917064,-151.7501785262
"CbDRC2_p032_D01","CbDRC2_1_N_ECA2666_0","CbDRC2","p032","D01",20250424,"p032_D01","m2x","20250424-CbDRC2-p032-m2x_D01.TIF",0.209193611219322,"48h",10,"15hHB101","DMSO",1,"IVERMECTIN",0,NA,NA,"ECA2666","1_N",NA,NA,NA,"/vast/eande106/projects/Amanda/projects/cellprofiler-nf/projects/20250424_Cbriggsae_DRC2_IVM/Analysis-20250506/processed_images/","IVERMECTIN_ECA2666",287.840946630646,248.060761683106,248.976985340241,256.573407654512,285.809019506765,38.964511958816,303.148702092291,328.736835044932,351.610079096013,0.135368203915806,6,"CbDRC2_1_N",28.8615313894959,256.947488117269,11.2012874336268,22.9391031736139,9.32577811032747e-53,20.2234501228379,8.63808126665802
"CbDRC2_p032_D02","CbDRC2_1_N_ECA2666_2.9e-05","CbDRC2","p032","D02",20250424,"p032_D02","m2x","20250424-CbDRC2-p032-m2x_D02.TIF",0.0984,"48h",10,"15hHB101","DMSO",1,"IVERMECTIN",2.9e-05,NA,NA,"ECA2666","1_N",NA,NA,NA,"/vast/eande106/projects/Amanda/projects/cellprofiler-nf/projects/20250424_Cbriggsae_DRC2_IVM/Analysis-20250506/processed_images/","IVERMECTIN_ECA2666",280.677248351621,133.015337735047,170.37292983893,226.409317994754,310.116113205142,100.628728337405,364.442759618019,367.418731770293,369.402713205142,0.358521144582911,5,"CbDRC2_1_N",53.1686250878733,256.947488117269,11.2012874336268,22.9391031736139,9.32577811032747e-53,20.2234501228379,32.9451749650355
"CbDRC2_p032_D03","CbDRC2_1_N_ECA2666_5.8e-05","CbDRC2","p032","D03",20250424,"p032_D03","m2x","20250424-CbDRC2-p032-m2x_D03.TIF",0.22875516766192,"48h",10,"15hHB101","DMSO",1,"IVERMECTIN",5.8e-05,NA,NA,"ECA2666","1_N",NA,NA,NA,"/vast/eande106/projects/Amanda/projects/cellprofiler-nf/projects/20250424_Cbriggsae_DRC2_IVM/Analysis-20250506/processed_images/","IVERMECTIN_ECA2666",250.542420215364,123.46527126233,143.535224969642,186.344746760655,264.50674367958,81.6568343222296,315.404317441138,335.733635267314,355.958180991342,0.325920194480593,9,"CbDRC2_1_N",7.55925556231102,256.947488117269,11.2012874336268,22.9391031736139,9.32577811032747e-53,20.2234501228379,-12.6641945605268
"CbDRC2_p032_D05","CbDRC2_1_N_ECA2666_0.00023","CbDRC2","p032","D05",20250424,"p032_D05","m2x","20250424-CbDRC2-p032-m2x_D05.TIF",1.12651821862348,"48h",10,"15hHB101","DMSO",1,"IVERMECTIN",0.00023,NA,NA,"ECA2666","1_N",NA,NA,NA,"/vast/eande106/projects/Amanda/projects/cellprofiler-nf/projects/20250424_Cbriggsae_DRC2_IVM/Analysis-20250506/processed_images/","IVERMECTIN_ECA2666",280.476039461725,111.709988686794,178.465572904202,210.799992047985,224.468148489788,129.407683865056,360.637633270069,453.72711284255,491.503689257083,0.461385878499312,8,"CbDRC2_1_N",-32.4793396274811,256.947488117269,11.2012874336268,22.9391031736139,9.32577811032747e-53,20.2234501228379,-52.702789750319
"CbDRC2_p032_D06","CbDRC2_1_N_ECA2666_0.00046","CbDRC2","p032","D06",20250424,"p032_D06","m2x","20250424-CbDRC2-p032-m2x_D06.TIF",0.461741424802111,"48h",10,"15hHB101","DMSO",1,"IVERMECTIN",0.00046,NA,NA,"ECA2666","1_N",NA,NA,NA,"/vast/eande106/projects/Amanda/projects/cellprofiler-nf/projects/20250424_Cbriggsae_DRC2_IVM/Analysis-20250506/processed_images/","IVERMECTIN_ECA2666",331.365728834934,177.431808997377,197.955317602856,218.810799721059,306.338332086781,137.769009570442,416.786009758395,450.064285380693,618.05972687194,0.415761189471317,12,"CbDRC2_1_N",49.3908439695122,256.947488117269,11.2012874336268,22.9391031736139,9.32577811032747e-53,20.2234501228379,29.1673938466743
"CbDRC2_p032_D07","CbDRC2_1_N_ECA2666_0.00093","CbDRC2","p032","D07",20250424,"p032_D07","m2x","20250424-CbDRC2-p032-m2x_D07.TIF",1.06765676567657,"48h",10,"15hHB101","DMSO",1,"IVERMECTIN",0.00093,NA,NA,"ECA2666","1_N",NA,NA,NA,"/vast/eande106/projects/Amanda/projects/cellprofiler-nf/projects/20250424_Cbriggsae_DRC2_IVM/Analysis-20250506/processed_images/","IVERMECTIN_ECA2666",334.27470310932,280.706889257083,301.657482900735,315.593727726497,346.598028442361,25.7602424116383,352.992732218127,357.931274163064,367.005156311648,0.0770630926361596,14,"CbDRC2_1_N",89.6505403250921,256.947488117269,11.2012874336268,22.9391031736139,9.32577811032747e-53,20.2234501228379,69.4270902022542
"CbDRC2_p032_D08","CbDRC2_1_N_ECA2666_0.0018","CbDRC2","p032","D08",20250424,"p032_D08","m2x","20250424-CbDRC2-p032-m2x_D08.TIF",0.844984802431611,"48h",10,"15hHB101","DMSO",1,"IVERMECTIN",0.0018,NA,NA,"ECA2666","1_N",NA,NA,NA,"/vast/eande106/projects/Amanda/projects/cellprofiler-nf/projects/20250424_Cbriggsae_DRC2_IVM/Analysis-20250506/processed_images/","IVERMECTIN_ECA2666",239.64122674119,149.152804207765,199.776474149581,220.211470535021,246.034399418153,39.4500678227368,263.311341333111,271.039095702833,312.192999912,0.164621373205298,14,"CbDRC2_1_N",-10.9130886991154,256.947488117269,11.2012874336268,22.9391031736139,9.32577811032747e-53,20.2234501228379,-31.1365388219533
"CbDRC2_p032_D09","CbDRC2_1_N_ECA2666_0.0037","CbDRC2","p032","D09",20250424,"p032_D09","m2x","20250424-CbDRC2-p032-m2x_D09.TIF",1.07492795389049,"48h",10,"15hHB101","DMSO",1,"IVERMECTIN",0.0037,NA,NA,"ECA2666","1_N",NA,NA,NA,"/vast/eande106/projects/Amanda/projects/cellprofiler-nf/projects/20250424_Cbriggsae_DRC2_IVM/Analysis-20250506/processed_images/","IVERMECTIN_ECA2666",203.967930493471,177.89996110126,179.708311754775,196.862975470095,203.450375470095,17.0054238337823,217.42436110126,223.173792479958,224.342794628542,0.0833730272824757,9,"CbDRC2_1_N",-53.4971126471741,256.947488117269,11.2012874336268,22.9391031736139,9.32577811032747e-53,20.2234501228379,-73.720562770012
"CbDRC2_p032_D10","CbDRC2_1_N_ECA2666_0.0075","CbDRC2","p032","D10",20250424,"p032_D10","m2x","20250424-CbDRC2-p032-m2x_D10.TIF",1.17808219178082,"48h",10,"15hHB101","DMSO",1,"IVERMECTIN",0.0075,NA,NA,"ECA2666","1_N",NA,NA,NA,"/vast/eande106/projects/Amanda/projects/cellprofiler-nf/projects/20250424_Cbriggsae_DRC2_IVM/Analysis-20250506/processed_images/","IVERMECTIN_ECA2666",196.797954344556,162.561680259707,175.746176007241,184.311804062304,199.074935049318,17.1092785060402,205.472578916842,218.297096602571,224.810946732424,0.0869382944707095,18,"CbDRC2_1_N",-57.8725530679506,256.947488117269,11.2012874336268,22.9391031736139,9.32577811032747e-53,20.2234501228379,-78.0960031907885
"CbDRC2_p032_D11","CbDRC2_1_N_ECA2666_0.015","CbDRC2","p032","D11",20250424,"p032_D11","m2x","20250424-CbDRC2-p032-m2x_D11.TIF",0.626623376623377,"48h",10,"15hHB101","DMSO",1,"IVERMECTIN",0.015,NA,NA,"ECA2666","1_N",NA,NA,NA,"/vast/eande106/projects/Amanda/projects/cellprofiler-nf/projects/20250424_Cbriggsae_DRC2_IVM/Analysis-20250506/processed_images/","IVERMECTIN_ECA2666",198.421105608574,176.238910734144,179.395593449473,186.241208851915,200.253632945436,14.3849990490346,211.99063563702,213.495328706454,215.026804207765,0.0724973233311778,14,"CbDRC2_1_N",-56.6938551718332,256.947488117269,11.2012874336268,22.9391031736139,9.32577811032747e-53,20.2234501228379,-76.9173052946711
"CbDRC2_p032_D12","CbDRC2_1_N_ECA2666_0.03","CbDRC2","p032","D12",20250424,"p032_D12","m2x","20250424-CbDRC2-p032-m2x_D12.TIF",1.3011583011583,"48h",10,"15hHB101","DMSO",1,"IVERMECTIN",0.03,NA,NA,"ECA2666","1_N",NA,NA,NA,"/vast/eande106/projects/Amanda/projects/cellprofiler-nf/projects/20250424_Cbriggsae_DRC2_IVM/Analysis-20250506/processed_images/","IVERMECTIN_ECA2666",168.409793993934,111.101417260523,120.913758444993,137.059744628542,175.06539450835,37.4064983260605,198.451306457109,205.36205229192,219.587841942813,0.222115931852561,10,"CbDRC2_1_N",-81.882093608919,256.947488117269,11.2012874336268,22.9391031736139,9.32577811032747e-53,20.2234501228379,-102.105543731757
"CbDRC2_p032_E01","CbDRC2_1_N_PB420_0","CbDRC2","p032","E01",20250424,"p032_E01","m2x","20250424-CbDRC2-p032-m2x_E01.TIF",0.0980692028292869,"48h",10,"15hHB101","DMSO",1,"IVERMECTIN",0,NA,NA,"PB420","1_N",NA,NA,NA,"/vast/eande106/projects/Amanda/projects/cellprofiler-nf/projects/20250424_Cbriggsae_DRC2_IVM/Analysis-20250506/processed_images/","IVERMECTIN_PB420",337.495149175636,281.603032363589,288.829780868521,299.669903625918,329.878313205142,52.2668162886295,363.869488606123,393.020800288894,412.455008077408,0.154866866727703,5,"CbDRC2_1_N",67.5953893809878,262.282923824154,7.76814462787253,33.7639084219762,5.974251175802e-75,63.1425783827141,4.45281099827366
"CbDRC2_p032_E02","CbDRC2_1_N_PB420_2.9e-05","CbDRC2","p032","E02",20250424,"p032_E02","m2x","20250424-CbDRC2-p032-m2x_E02.TIF",0.229672447013487,"48h",10,"15hHB101","DMSO",1,"IVERMECTIN",2.9e-05,NA,NA,"PB420","1_N",NA,NA,NA,"/vast/eande106/projects/Amanda/projects/cellprofiler-nf/projects/20250424_Cbriggsae_DRC2_IVM/Analysis-20250506/processed_images/","IVERMECTIN_PB420",292.109228949209,186.013713233373,237.531507499717,314.808198899234,315.208929569365,59.4200147841654,322.257651522036,322.257651522036,322.257651522036,0.203417108723043,5,"CbDRC2_1_N",52.926005745211,262.282923824154,7.76814462787253,33.7639084219762,5.974251175802e-75,63.1425783827141,-10.2165726375031
"CbDRC2_p032_E04","CbDRC2_1_N_PB420_0.00011","CbDRC2","p032","E04",20250424,"p032_E04","m2x","20250424-CbDRC2-p032-m2x_E04.TIF",0.379035824856258,"48h",10,"15hHB101","DMSO",1,"IVERMECTIN",0.00011,NA,NA,"PB420","1_N",NA,NA,NA,"/vast/eande106/projects/Amanda/projects/cellprofiler-nf/projects/20250424_Cbriggsae_DRC2_IVM/Analysis-20250506/processed_images/","IVERMECTIN_PB420",292.782090637817,107.807717260523,153.624540853011,222.349776241741,289.01658070256,155.911429149822,359.448895098636,434.95204837083,485.287483885625,0.532516961027821,4,"CbDRC2_1_N",26.7336568784062,262.282923824154,7.76814462787253,33.7639084219762,5.974251175802e-75,63.1425783827141,-36.408921504308
"CbDRC2_p032_E05","CbDRC2_1_N_PB420_0.00023","CbDRC2","p032","E05",20250424,"p032_E05","m2x","20250424-CbDRC2-p032-m2x_E05.TIF",1.14351851851852,"48h",10,"15hHB101","DMSO",1,"IVERMECTIN",0.00023,NA,NA,"PB420","1_N",NA,NA,NA,"/vast/eande106/projects/Amanda/projects/cellprofiler-nf/projects/20250424_Cbriggsae_DRC2_IVM/Analysis-20250506/processed_images/","IVERMECTIN_PB420",270.052922403857,123.134237735047,130.774290913222,237.800149418153,314.471473075289,90.0844985621912,322.784322638904,336.682061289297,351.238884467472,0.333580906143546,8,"CbDRC2_1_N",52.1885492511345,262.282923824154,7.76814462787253,33.7639084219762,5.974251175802e-75,63.1425783827141,-10.9540291315796
"CbDRC2_p032_E06","CbDRC2_1_N_PB420_0.00046","CbDRC2","p032","E06",20250424,"p032_E06","m2x","20250424-CbDRC2-p032-m2x_E06.TIF",0.985029940119761,"48h",10,"15hHB101","DMSO",1,"IVERMECTIN",0.00046,NA,NA,"PB420","1_N",NA,NA,NA,"/vast/eande106/projects/Amanda/projects/cellprofiler-nf/projects/20250424_Cbriggsae_DRC2_IVM/Analysis-20250506/processed_images/","IVERMECTIN_PB420",316.28652294561,284.759613786989,285.266548881008,286.026951522036,293.744570680483,39.7570913133414,345.238327216509,361.093221799825,371.663151522036,0.125699605987253,5,"CbDRC2_1_N",31.4616468563286,262.282923824154,7.76814462787253,33.7639084219762,5.974251175802e-75,63.1425783827141,-31.6809315263855
"CbDRC2_p032_E07","CbDRC2_1_N_PB420_0.00093","CbDRC2","p032","E07",20250424,"p032_E07","m2x","20250424-CbDRC2-p032-m2x_E07.TIF",1.21184510250569,"48h",10,"15hHB101","DMSO",1,"IVERMECTIN",0.00093,NA,NA,"PB420","1_N",NA,NA,NA,"/vast/eande106/projects/Amanda/projects/cellprofiler-nf/projects/20250424_Cbriggsae_DRC2_IVM/Analysis-20250506/processed_images/","IVERMECTIN_PB420",280.421713873455,221.614204207765,244.732983858657,268.124029040304,293.2764185766,31.8834583659839,296.025089548007,306.946794395803,319.763137153201,0.113698250843627,7,"CbDRC2_1_N",30.9934947524461,262.282923824154,7.76814462787253,33.7639084219762,5.974251175802e-75,63.1425783827141,-32.149083630268
"CbDRC2_p032_E08","CbDRC2_1_N_PB420_0.0018","CbDRC2","p032","E08",20250424,"p032_E08","m2x","20250424-CbDRC2-p032-m2x_E08.TIF",1.13550135501355,"48h",10,"15hHB101","DMSO",1,"IVERMECTIN",0.0018,NA,NA,"PB420","1_N",NA,NA,NA,"/vast/eande106/projects/Amanda/projects/cellprofiler-nf/projects/20250424_Cbriggsae_DRC2_IVM/Analysis-20250506/processed_images/","IVERMECTIN_PB420",232.483461979884,227.262164033912,227.345375969699,227.470193873379,231.047232654512,6.36407136188405,236.060500761018,238.770531450367,240.5772185766,0.0273742971120875,4,"CbDRC2_1_N",-31.2356911696419,262.282923824154,7.76814462787253,33.7639084219762,5.974251175802e-75,63.1425783827141,-94.378269552356
"CbDRC2_p032_E09","CbDRC2_1_N_PB420_0.0037","CbDRC2","p032","E09",20250424,"p032_E09","m2x","20250424-CbDRC2-p032-m2x_E09.TIF",1.12676056338028,"48h",10,"15hHB101","DMSO",1,"IVERMECTIN",0.0037,NA,NA,"PB420","1_N",NA,NA,NA,"/vast/eande106/projects/Amanda/projects/cellprofiler-nf/projects/20250424_Cbriggsae_DRC2_IVM/Analysis-20250506/processed_images/","IVERMECTIN_PB420",224.229772712697,210.9339185766,215.486924091396,222.316432363589,224.342794628542,8.72046624234517,229.565899418153,232.220250913222,233.9898185766,0.0388907598524777,5,"CbDRC2_1_N",-37.9401291956126,262.282923824154,7.76814462787253,33.7639084219762,5.974251175802e-75,63.1425783827141,-101.082707578327
"CbDRC2_p032_E10","CbDRC2_1_N_PB420_0.0075","CbDRC2","p032","E10",20250424,"p032_E10","m2x","20250424-CbDRC2-p032-m2x_E10.TIF",1.18875502008032,"48h",10,"15hHB101","DMSO",1,"IVERMECTIN",0.0075,NA,NA,"PB420","1_N",NA,NA,NA,"/vast/eande106/projects/Amanda/projects/cellprofiler-nf/projects/20250424_Cbriggsae_DRC2_IVM/Analysis-20250506/processed_images/","IVERMECTIN_PB420",173.235272373995,158.936946732424,160.632275470095,163.974454207765,170.961447023348,14.1634884880473,176.501386246721,188.112094628542,198.558304207765,0.0817586874425318,6,"CbDRC2_1_N",-91.3214768008067,262.282923824154,7.76814462787253,33.7639084219762,5.974251175802e-75,63.1425783827141,-154.464055183521
"CbDRC2_p032_F01","CbDRC2_1_N_NIC1667_0","CbDRC2","p032","F01",20250424,"p032_F01","m2x","20250424-CbDRC2-p032-m2x_F01.TIF",0.279940857565303,"48h",10,"15hHB101","DMSO",1,"IVERMECTIN",0,NA,NA,"NIC1667","1_N",NA,NA,NA,"/vast/eande106/projects/Amanda/projects/cellprofiler-nf/projects/20250424_Cbriggsae_DRC2_IVM/Analysis-20250506/processed_images/","IVERMECTIN_NIC1667",323.26978654255,296.239085049318,300.362054178138,311.012256311648,319.997213205142,20.3391025265686,338.181122493442,342.83079752023,362.718355729801,0.0629168062505943,11,"CbDRC2_1_N",46.34846033592,273.648752869222,6.41929624076494,42.6290893278067,3.23814711507162e-88,39.1930100281419,7.15545030777811
"CbDRC2_p032_F02","CbDRC2_1_N_NIC1667_2.9e-05","CbDRC2","p032","F02",20250424,"p032_F02","m2x","20250424-CbDRC2-p032-m2x_F02.TIF",0.34627683873915,"48h",10,"15hHB101","DMSO",1,"IVERMECTIN",2.9e-05,NA,NA,"NIC1667","1_N",NA,NA,NA,"/vast/eande106/projects/Amanda/projects/cellprofiler-nf/projects/20250424_Cbriggsae_DRC2_IVM/Analysis-20250506/processed_images/","IVERMECTIN_NIC1667",337.042736984675,259.774308997377,285.671821333998,296.775261818744,332.041794046695,55.6426738034455,374.06070841553,408.89165726957,423.797241942812,0.16509085554327,9,"CbDRC2_1_N",58.393041177473,273.648752869222,6.41929624076494,42.6290893278067,3.23814711507162e-88,39.1930100281419,19.2000311493311
"CbDRC2_p032_F03","CbDRC2_1_N_NIC1667_5.8e-05","CbDRC2","p032","F03",20250424,"p032_F03","m2x","20250424-CbDRC2-p032-m2x_F03.TIF",0.377777777777778,"48h",10,"15hHB101","DMSO",1,"IVERMECTIN",5.8e-05,NA,NA,"NIC1667","1_N",NA,NA,NA,"/vast/eande106/projects/Amanda/projects/cellprofiler-nf/projects/20250424_Cbriggsae_DRC2_IVM/Analysis-20250506/processed_images/","IVERMECTIN_NIC1667",264.80384501855,116.621277206862,124.516047080228,218.778177891928,275.064111101259,97.5906624063053,315.374967047985,360.643800143337,439.740793464849,0.368539446243572,12,"CbDRC2_1_N",1.41535823203748,273.648752869222,6.41929624076494,42.6290893278067,3.23814711507162e-88,39.1930100281419,-37.7776517961045
"CbDRC2_p032_F04","CbDRC2_1_N_NIC1667_0.00011","CbDRC2","p032","F04",20250424,"p032_F04","m2x","20250424-CbDRC2-p032-m2x_F04.TIF",0.22870528109029,"48h",10,"15hHB101","DMSO",1,"IVERMECTIN",0.00011,NA,NA,"NIC1667","1_N",NA,NA,NA,"/vast/eande106/projects/Amanda/projects/cellprofiler-nf/projects/20250424_Cbriggsae_DRC2_IVM/Analysis-20250506/processed_images/","IVERMECTIN_NIC1667",313.733120970554,281.839824456522,297.308889084393,308.820377283054,313.740846732424,16.9738758032336,325.619910810336,331.21518470021,331.670599418153,0.0541029131725837,7,"CbDRC2_1_N",40.0920938632023,273.648752869222,6.41929624076494,42.6290893278067,3.23814711507162e-88,39.1930100281419,0.899083835060324
"CbDRC2_p032_F05","CbDRC2_1_N_NIC1667_0.00023","CbDRC2","p032","F05",20250424,"p032_F05","m2x","20250424-CbDRC2-p032-m2x_F05.TIF",1.1045197740113,"48h",10,"15hHB101","DMSO",1,"IVERMECTIN",0.00023,NA,NA,"NIC1667","1_N",NA,NA,NA,"/vast/eande106/projects/Amanda/projects/cellprofiler-nf/projects/20250424_Cbriggsae_DRC2_IVM/Analysis-20250506/processed_images/","IVERMECTIN_NIC1667",311.012256311648,195.829713786989,207.347968039455,248.645951812959,286.923094628542,91.5260596278585,380.882184467472,417.151667457608,435.276713205142,0.294284414104071,7,"CbDRC2_1_N",13.2743417593197,273.648752869222,6.41929624076494,42.6290893278067,3.23814711507162e-88,39.1930100281419,-25.9186682688222
"CbDRC2_p032_F06","CbDRC2_1_N_NIC1667_0.00046","CbDRC2","p032","F06",20250424,"p032_F06","m2x","20250424-CbDRC2-p032-m2x_F06.TIF",1.10084033613445,"48h",10,"15hHB101","DMSO",1,"IVERMECTIN",0.00046,NA,NA,"NIC1667","1_N",NA,NA,NA,"/vast/eande106/projects/Amanda/projects/cellprofiler-nf/projects/20250424_Cbriggsae_DRC2_IVM/Analysis-20250506/processed_images/","IVERMECTIN_NIC1667",278.454936547419,116.215804207765,128.308863786989,173.391812878316,291.355835335855,130.122349472939,376.902178044072,415.700110519413,432.314046732424,0.467301284316718,6,"CbDRC2_1_N",17.7070824666332,273.648752869222,6.41929624076494,42.6290893278067,3.23814711507162e-88,39.1930100281419,-21.4859275615087
"CbDRC2_p032_F07","CbDRC2_1_N_NIC1667_0.00093","CbDRC2","p032","F07",20250424,"p032_F07","m2x","20250424-CbDRC2-p032-m2x_F07.TIF",0.993431855500821,"48h",10,"15hHB101","DMSO",1,"IVERMECTIN",0.00093,NA,NA,"NIC1667","1_N",NA,NA,NA,"/vast/eande106/projects/Amanda/projects/cellprofiler-nf/projects/20250424_Cbriggsae_DRC2_IVM/Analysis-20250506/processed_images/","IVERMECTIN_NIC1667",330.813582118435,311.545507861914,311.697586806916,316.715022889538,330.443422784365,17.4736650848197,339.158553299092,344.457854932949,368.506570098636,0.0528202771268441,10,"CbDRC2_1_N",56.7946699151435,273.648752869222,6.41929624076494,42.6290893278067,3.23814711507162e-88,39.1930100281419,17.6016598870015
"CbDRC2_p032_F08","CbDRC2_1_N_NIC1667_0.0018","CbDRC2","p032","F08",20250424,"p032_F08","m2x","20250424-CbDRC2-p032-m2x_F08.TIF",1.08450704225352,"48h",10,"15hHB101","DMSO",1,"IVERMECTIN",0.0018,NA,NA,"NIC1667","1_N",NA,NA,NA,"/vast/eande106/projects/Amanda/projects/cellprofiler-nf/projects/20250424_Cbriggsae_DRC2_IVM/Analysis-20250506/processed_images/","IVERMECTIN_NIC1667",271.279718783738,243.305808997377,244.19931410488,249.148383560992,258.761127864901,28.5183135042243,293.2764185766,311.638397644005,319.763137153201,0.105125121892945,12,"CbDRC2_1_N",-14.8876250043214,273.648752869222,6.41929624076494,42.6290893278067,3.23814711507162e-88,39.1930100281419,-54.0806350324633
"CbDRC2_p032_F09","CbDRC2_1_N_NIC1667_0.0037","CbDRC2","p032","F09",20250424,"p032_F09","m2x","20250424-CbDRC2-p032-m2x_F09.TIF",1.16111111111111,"48h",10,"15hHB101","DMSO",1,"IVERMECTIN",0.0037,NA,NA,"NIC1667","1_N",NA,NA,NA,"/vast/eande106/projects/Amanda/projects/cellprofiler-nf/projects/20250424_Cbriggsae_DRC2_IVM/Analysis-20250506/processed_images/","IVERMECTIN_NIC1667",233.092395833724,212.435332363589,218.328536428017,228.104646732424,235.354113786989,10.4205276534948,239.681075470095,243.660939185415,247.06766110126,0.0447055667183939,13,"CbDRC2_1_N",-38.2946390822333,273.648752869222,6.41929624076494,42.6290893278067,3.23814711507162e-88,39.1930100281419,-77.4876491103752
"CbDRC2_p032_F11","CbDRC2_1_N_NIC1667_0.015","CbDRC2","p032","F11",20250424,"p032_F11","m2x","20250424-CbDRC2-p032-m2x_F11.TIF",1.13931888544892,"48h",10,"15hHB101","DMSO",1,"IVERMECTIN",0.015,NA,NA,"NIC1667","1_N",NA,NA,NA,"/vast/eande106/projects/Amanda/projects/cellprofiler-nf/projects/20250424_Cbriggsae_DRC2_IVM/Analysis-20250506/processed_images/","IVERMECTIN_NIC1667",206.050133971102,169.480113786989,180.160399418154,192.536013786989,208.205328155824,19.2971016836728,219.353765890871,229.799975470095,231.398346732424,0.0936524588058707,17,"CbDRC2_1_N",-65.4434247133981,273.648752869222,6.41929624076494,42.6290893278067,3.23814711507162e-88,39.1930100281419,-104.63643474154
"CbDRC2_p032_F12","CbDRC2_1_N_NIC1667_0.03","CbDRC2","p032","F12",20250424,"p032_F12","m2x","20250424-CbDRC2-p032-m2x_F12.TIF",0.406727828746177,"48h",10,"15hHB101","DMSO",1,"IVERMECTIN",0.03,NA,NA,"NIC1667","1_N",NA,NA,NA,"/vast/eande106/projects/Amanda/projects/cellprofiler-nf/projects/20250424_Cbriggsae_DRC2_IVM/Analysis-20250506/processed_images/","IVERMECTIN_NIC1667",192.192180636264,138.271200140732,154.603672471002,178.006958851915,192.134852988362,29.0349883783041,214.14486019478,222.919249169299,239.915151522036,0.151072682989401,14,"CbDRC2_1_N",-81.5138998808597,273.648752869222,6.41929624076494,42.6290893278067,3.23814711507162e-88,39.1930100281419,-120.706909909002
"CbDRC2_p033_A02","CbDRC2_2_M_JU3237_2.9e-05","CbDRC2","p033","A02",20250424,"p033_A02","m2x","20250424-CbDRC2-p033-m2x_A02.TIF",0.262454434993925,"48h",10,"15hHB101","DMSO",1,"IVERMECTIN",2.9e-05,NA,NA,"JU3237","2_M",NA,NA,NA,"/vast/eande106/projects/Amanda/projects/cellprofiler-nf/projects/20250424_Cbriggsae_DRC2_IVM/Analysis-20250506/processed_images/","IVERMECTIN_JU3237",298.646368076964,165.952337735047,206.553927628912,237.451779557668,289.320651522036,75.2508379604799,349.414031595531,376.938952214988,495.010640750141,0.251973055775074,25,"CbDRC2_2_M",18.8465832580335,270.474068264002,7.66333315233897,35.2945725948832,5.80687863474336e-78,37.6027016723173,-18.7561184142838
"CbDRC2_p033_A03","CbDRC2_2_M_JU3237_5.8e-05","CbDRC2","p033","A03",20250424,"p033_A03","m2x","20250424-CbDRC2-p033-m2x_A03.TIF",0.351620947630923,"48h",10,"15hHB101","DMSO",1,"IVERMECTIN",5.8e-05,NA,NA,"JU3237","2_M",NA,NA,NA,"/vast/eande106/projects/Amanda/projects/cellprofiler-nf/projects/20250424_Cbriggsae_DRC2_IVM/Analysis-20250506/processed_images/","IVERMECTIN_JU3237",312.541466284341,234.554928155824,266.771503859969,302.681048836307,322.404564698399,36.8504714069915,331.588173805175,339.862739373453,372.322082610512,0.1179058633246,12,"CbDRC2_2_M",51.9304964343963,270.474068264002,7.66333315233897,35.2945725948832,5.80687863474336e-78,37.6027016723173,14.327794762079
"CbDRC2_p033_A04","CbDRC2_2_M_JU3237_0.00011","CbDRC2","p033","A04",20250424,"p033_A04","m2x","20250424-CbDRC2-p033-m2x_A04.TIF",0.266272189349112,"48h",10,"15hHB101","DMSO",1,"IVERMECTIN",0.00011,NA,NA,"JU3237","2_M",NA,NA,NA,"/vast/eande106/projects/Amanda/projects/cellprofiler-nf/projects/20250424_Cbriggsae_DRC2_IVM/Analysis-20250506/processed_images/","IVERMECTIN_JU3237",314.393808756316,106.837134682203,233.093675470095,259.209199418153,309.316927573977,86.5483710352989,330.677498836307,425.470052676957,492.205917412907,0.275286499367364,21,"CbDRC2_2_M",38.8428593099748,270.474068264002,7.66333315233897,35.2945725948832,5.80687863474336e-78,37.6027016723173,1.24015763765749
"CbDRC2_p033_A05","CbDRC2_2_M_JU3237_0.00023","CbDRC2","p033","A05",20250424,"p033_A05","m2x","20250424-CbDRC2-p033-m2x_A05.TIF",0.262378528459047,"48h",10,"15hHB101","DMSO",1,"IVERMECTIN",0.00023,NA,NA,"JU3237","2_M",NA,NA,NA,"/vast/eande106/projects/Amanda/projects/cellprofiler-nf/projects/20250424_Cbriggsae_DRC2_IVM/Analysis-20250506/processed_images/","IVERMECTIN_JU3237",290.783533215778,145.145904003841,186.474940376076,204.136068252446,317.317101522036,81.0762392508661,353.385172838274,373.427218879236,399.982317412907,0.278819912373452,18,"CbDRC2_2_M",46.8430332580335,270.474068264002,7.66333315233897,35.2945725948832,5.80687863474336e-78,37.6027016723173,9.24033158571621
"CbDRC2_p033_A06","CbDRC2_2_M_JU3237_0.00046","CbDRC2","p033","A06",20250424,"p033_A06","m2x","20250424-CbDRC2-p033-m2x_A06.TIF",0.284729064039409,"48h",10,"15hHB101","DMSO",1,"IVERMECTIN",0.00046,NA,NA,"JU3237","2_M",NA,NA,NA,"/vast/eande106/projects/Amanda/projects/cellprofiler-nf/projects/20250424_Cbriggsae_DRC2_IVM/Analysis-20250506/processed_images/","IVERMECTIN_JU3237",231.252592429606,106.99677126233,113.818247314271,180.394475470095,251.097867627639,78.7634009488143,289.76121031141,296.376203625919,323.290913205142,0.340594672350712,11,"CbDRC2_2_M",-19.3762006363639,270.474068264002,7.66333315233897,35.2945725948832,5.80687863474336e-78,37.6027016723173,-56.9789023086812
"CbDRC2_p033_A07","CbDRC2_2_M_JU3237_0.00093","CbDRC2","p033","A07",20250424,"p033_A07","m2x","20250424-CbDRC2-p033-m2x_A07.TIF",0.949127906976744,"48h",10,"15hHB101","DMSO",1,"IVERMECTIN",0.00093,NA,NA,"JU3237","2_M",NA,NA,NA,"/vast/eande106/projects/Amanda/projects/cellprofiler-nf/projects/20250424_Cbriggsae_DRC2_IVM/Analysis-20250506/processed_images/","IVERMECTIN_JU3237",340.796722774061,265.037574888248,312.628355541763,325.161823879944,339.242782363589,26.8426327383811,358.425673690845,369.673908719938,393.728371281788,0.0787643511354334,28,"CbDRC2_2_M",68.7687140995865,270.474068264002,7.66333315233897,35.2945725948832,5.80687863474336e-78,37.6027016723173,31.1660124272692
"CbDRC2_p033_A08","CbDRC2_2_M_JU3237_0.0018","CbDRC2","p033","A08",20250424,"p033_A08","m2x","20250424-CbDRC2-p033-m2x_A08.TIF",1.07785888077859,"48h",10,"15hHB101","DMSO",1,"IVERMECTIN",0.0018,NA,NA,"JU3237","2_M",NA,NA,NA,"/vast/eande106/projects/Amanda/projects/cellprofiler-nf/projects/20250424_Cbriggsae_DRC2_IVM/Analysis-20250506/processed_images/","IVERMECTIN_JU3237",259.885281303129,212.435332363589,242.621466215921,247.832567088274,256.052617994754,18.2964318216593,268.948238031826,279.338577936569,301.302553258803,0.0704019547775713,34,"CbDRC2_2_M",-14.4214502692486,270.474068264002,7.66333315233897,35.2945725948832,5.80687863474336e-78,37.6027016723173,-52.0241519415659
"CbDRC2_p033_A09","CbDRC2_2_M_JU3237_0.0037","CbDRC2","p033","A09",20250424,"p033_A09","m2x","20250424-CbDRC2-p033-m2x_A09.TIF",1.15361445783133,"48h",10,"15hHB101","DMSO",1,"IVERMECTIN",0.0037,NA,NA,"JU3237","2_M",NA,NA,NA,"/vast/eande106/projects/Amanda/projects/cellprofiler-nf/projects/20250424_Cbriggsae_DRC2_IVM/Analysis-20250506/processed_images/","IVERMECTIN_JU3237",221.954447974828,173.572999418153,198.387107806716,211.733104207765,219.684799418153,18.9102769165439,236.952485049318,243.181427806716,252.621799418153,0.085198909456811,33,"CbDRC2_2_M",-50.7892688458491,270.474068264002,7.66333315233897,35.2945725948832,5.80687863474336e-78,37.6027016723173,-88.3919705181664
"CbDRC2_p033_A10","CbDRC2_2_M_JU3237_0.0075","CbDRC2","p033","A10",20250424,"p033_A10","m2x","20250424-CbDRC2-p033-m2x_A10.TIF",1.14814814814815,"48h",10,"15hHB101","DMSO",1,"IVERMECTIN",0.0075,NA,NA,"JU3237","2_M",NA,NA,NA,"/vast/eande106/projects/Amanda/projects/cellprofiler-nf/projects/20250424_Cbriggsae_DRC2_IVM/Analysis-20250506/processed_images/","IVERMECTIN_JU3237",200.143987793532,147.788508997377,159.928383786989,186.97183519478,202.251597023348,24.4130746102685,214.437455259706,228.252435528279,242.974775470095,0.121977556655127,32,"CbDRC2_2_M",-68.2224712406549,270.474068264002,7.66333315233897,35.2945725948832,5.80687863474336e-78,37.6027016723173,-105.825172912972
"CbDRC2_p033_A11","CbDRC2_2_M_JU3237_0.015","CbDRC2","p033","A11",20250424,"p033_A11","m2x","20250424-CbDRC2-p033-m2x_A11.TIF",1.153125,"48h",10,"15hHB101","DMSO",1,"IVERMECTIN",0.015,NA,NA,"JU3237","2_M",NA,NA,NA,"/vast/eande106/projects/Amanda/projects/cellprofiler-nf/projects/20250424_Cbriggsae_DRC2_IVM/Analysis-20250506/processed_images/","IVERMECTIN_JU3237",191.720383300941,146.989323366212,167.305273670619,175.784958997377,190.44697241725,20.0469081365976,204.675984120839,216.597751754775,231.963456311648,0.104563259218663,35,"CbDRC2_2_M",-80.0270958467522,270.474068264002,7.66333315233897,35.2945725948832,5.80687863474336e-78,37.6027016723173,-117.629797519069
"CbDRC2_p033_A12","CbDRC2_2_M_JU3237_0.03","CbDRC2","p033","A12",20250424,"p033_A12","m2x","20250424-CbDRC2-p033-m2x_A12.TIF",1.10852713178295,"48h",10,"15hHB101","DMSO",1,"IVERMECTIN",0.03,NA,NA,"JU3237","2_M",NA,NA,NA,"/vast/eande106/projects/Amanda/projects/cellprofiler-nf/projects/20250424_Cbriggsae_DRC2_IVM/Analysis-20250506/processed_images/","IVERMECTIN_JU3237",179.640672378282,108.595142524659,147.03821124473,158.565752103883,186.18268983893,27.6934950886315,198.558304207765,207.648250796852,220.324348469192,0.154160495627156,25,"CbDRC2_2_M",-84.2913784250725,270.474068264002,7.66333315233897,35.2945725948832,5.80687863474336e-78,37.6027016723173,-121.89408009739
"CbDRC2_p033_B01","CbDRC2_2_M_ED3102_0","CbDRC2","p033","B01",20250424,"p033_B01","m2x","20250424-CbDRC2-p033-m2x_B01.TIF",0.372121212121212,"48h",10,"15hHB101","DMSO",1,"IVERMECTIN",0,NA,NA,"ED3102","2_M",NA,NA,NA,"/vast/eande106/projects/Amanda/projects/cellprofiler-nf/projects/20250424_Cbriggsae_DRC2_IVM/Analysis-20250506/processed_images/","IVERMECTIN_ED3102",318.216597115514,238.816336195035,243.014657249769,292.524011073468,317.833732363589,51.9860774032608,357.919777723179,373.193190361947,388.639920217756,0.163366957834665,12,"CbDRC2_2_M",49.4262953686311,268.407436994958,7.31754794366604,36.6799697195407,2.26265402559745e-80,55.9039306810422,-6.4776353124111
"CbDRC2_p033_B02","CbDRC2_2_M_ED3102_2.9e-05","CbDRC2","p033","B02",20250424,"p033_B02","m2x","20250424-CbDRC2-p033-m2x_B02.TIF",0.198640483383686,"48h",10,"15hHB101","DMSO",1,"IVERMECTIN",2.9e-05,NA,NA,"ED3102","2_M",NA,NA,NA,"/vast/eande106/projects/Amanda/projects/cellprofiler-nf/projects/20250424_Cbriggsae_DRC2_IVM/Analysis-20250506/processed_images/","IVERMECTIN_ED3102",334.319805117277,291.10366697633,305.356128224599,312.045517994754,322.023575470095,36.3937554771519,346.112737153201,371.07532339318,412.220813205142,0.108859107118662,9,"CbDRC2_2_M",53.6161384751369,268.407436994958,7.31754794366604,36.6799697195407,2.26265402559745e-80,55.9039306810422,-2.28779220590535
"CbDRC2_p033_B04","CbDRC2_2_M_ED3102_0.00011","CbDRC2","p033","B04",20250424,"p033_B04","m2x","20250424-CbDRC2-p033-m2x_B04.TIF",0.148631029986962,"48h",10,"15hHB101","DMSO",1,"IVERMECTIN",0.00011,NA,NA,"ED3102","2_M",NA,NA,NA,"/vast/eande106/projects/Amanda/projects/cellprofiler-nf/projects/20250424_Cbriggsae_DRC2_IVM/Analysis-20250506/processed_images/","IVERMECTIN_ED3102",287.067211413871,140.480828308786,187.194207444124,263.719425627428,309.599482363589,68.8018410283192,327.856109758395,354.877329852414,362.250203625919,0.239671541342024,14,"CbDRC2_2_M",41.1920453686312,268.407436994958,7.31754794366604,36.6799697195407,2.26265402559745e-80,55.9039306810422,-14.7118853124111
"CbDRC2_p033_B05","CbDRC2_2_M_ED3102_0.00023","CbDRC2","p033","B05",20250424,"p033_B05","m2x","20250424-CbDRC2-p033-m2x_B05.TIF",0.143877186719029,"48h",10,"15hHB101","DMSO",1,"IVERMECTIN",0.00023,NA,NA,"ED3102","2_M",NA,NA,NA,"/vast/eande106/projects/Amanda/projects/cellprofiler-nf/projects/20250424_Cbriggsae_DRC2_IVM/Analysis-20250506/processed_images/","IVERMECTIN_ED3102",295.100080476446,159.389611631022,207.637179063561,253.270772223296,305.458117994754,67.3673378070923,343.140215699491,364.689870564114,414.215317441138,0.228286409472766,19,"CbDRC2_2_M",37.0506809997959,268.407436994958,7.31754794366604,36.6799697195407,2.26265402559745e-80,55.9039306810422,-18.8532496812464
"CbDRC2_p033_B06","CbDRC2_2_M_ED3102_0.00046","CbDRC2","p033","B06",20250424,"p033_B06","m2x","20250424-CbDRC2-p033-m2x_B06.TIF",0.91963260619977,"48h",10,"15hHB101","DMSO",1,"IVERMECTIN",0.00046,NA,NA,"ED3102","2_M",NA,NA,NA,"/vast/eande106/projects/Amanda/projects/cellprofiler-nf/projects/20250424_Cbriggsae_DRC2_IVM/Analysis-20250506/processed_images/","IVERMECTIN_ED3102",282.157878002146,107.449639292966,142.257089230116,186.18268983893,262.736975470095,116.127438104153,387.138550940189,417.989636078909,443.131450940189,0.411569008550843,13,"CbDRC2_2_M",-5.67046152486314,268.407436994958,7.31754794366604,36.6799697195407,2.26265402559745e-80,55.9039306810422,-61.5743922059054
"CbDRC2_p033_B07","CbDRC2_2_M_ED3102_0.00093","CbDRC2","p033","B07",20250424,"p033_B07","m2x","20250424-CbDRC2-p033-m2x_B07.TIF",1.13101604278075,"48h",10,"15hHB101","DMSO",1,"IVERMECTIN",0.00093,NA,NA,"ED3102","2_M",NA,NA,NA,"/vast/eande106/projects/Amanda/projects/cellprofiler-nf/projects/20250424_Cbriggsae_DRC2_IVM/Analysis-20250506/processed_images/","IVERMECTIN_ED3102",307.905044784041,229.703017994754,269.322711942813,289.829048931914,305.884541014333,32.0418223824694,331.232568140215,342.472628240976,360.180544293618,0.104063973375113,32,"CbDRC2_2_M",37.4771040193751,268.407436994958,7.31754794366604,36.6799697195407,2.26265402559745e-80,55.9039306810422,-18.4268266616672
"CbDRC2_p033_B08","CbDRC2_2_M_ED3102_0.0018","CbDRC2","p033","B08",20250424,"p033_B08","m2x","20250424-CbDRC2-p033-m2x_B08.TIF",1.0158371040724,"48h",10,"15hHB101","DMSO",1,"IVERMECTIN",0.0018,NA,NA,"ED3102","2_M",NA,NA,NA,"/vast/eande106/projects/Amanda/projects/cellprofiler-nf/projects/20250424_Cbriggsae_DRC2_IVM/Analysis-20250506/processed_images/","IVERMECTIN_ED3102",242.015943223708,185.851656311648,198.665646486202,222.919980405168,246.970703625919,31.5080950618711,266.502986392183,279.172372117366,295.908051522036,0.13019016285529,24,"CbDRC2_2_M",-21.4367333690392,268.407436994958,7.31754794366604,36.6799697195407,2.26265402559745e-80,55.9039306810422,-77.3406640500815
"CbDRC2_p033_B09","CbDRC2_2_M_ED3102_0.0037","CbDRC2","p033","B09",20250424,"p033_B09","m2x","20250424-CbDRC2-p033-m2x_B09.TIF",1.12926829268293,"48h",10,"15hHB101","DMSO",1,"IVERMECTIN",0.0037,NA,NA,"ED3102","2_M",NA,NA,NA,"/vast/eande106/projects/Amanda/projects/cellprofiler-nf/projects/20250424_Cbriggsae_DRC2_IVM/Analysis-20250506/processed_images/","IVERMECTIN_ED3102",222.930967550254,179.59528983893,191.058696660756,206.978151522036,228.007689257083,20.5603709965828,235.822265890871,246.116670564114,257.938725717018,0.0922275232665827,29,"CbDRC2_2_M",-40.3997477378744,268.407436994958,7.31754794366604,36.6799697195407,2.26265402559745e-80,55.9039306810422,-96.3036784189166
"CbDRC2_p033_B10","CbDRC2_2_M_ED3102_0.0075","CbDRC2","p033","B10",20250424,"p033_B10","m2x","20250424-CbDRC2-p033-m2x_B10.TIF",1.09090909090909,"48h",10,"15hHB101","DMSO",1,"IVERMECTIN",0.0075,NA,NA,"ED3102","2_M",NA,NA,NA,"/vast/eande106/projects/Amanda/projects/cellprofiler-nf/projects/20250424_Cbriggsae_DRC2_IVM/Analysis-20250506/processed_images/","IVERMECTIN_ED3102",213.847304906235,171.4095185766,177.665885049318,198.475545825945,215.377918285677,25.9297349706787,228.435680259706,245.672026338478,263.395906558571,0.121253503671922,26,"CbDRC2_2_M",-53.0295187092807,268.407436994958,7.31754794366604,36.6799697195407,2.26265402559745e-80,55.9039306810422,-108.933449390323
"CbDRC2_p033_B11","CbDRC2_2_M_ED3102_0.015","CbDRC2","p033","B11",20250424,"p033_B11","m2x","20250424-CbDRC2-p033-m2x_B11.TIF",1.11647727272727,"48h",10,"15hHB101","DMSO",1,"IVERMECTIN",0.015,NA,NA,"ED3102","2_M",NA,NA,NA,"/vast/eande106/projects/Amanda/projects/cellprofiler-nf/projects/20250424_Cbriggsae_DRC2_IVM/Analysis-20250506/processed_images/","IVERMECTIN_ED3102",216.440123951377,182.654913786989,195.130806860086,203.849968285677,216.060065890871,17.3381931052846,228.696586515644,236.200114628542,249.187844875465,0.0801061872852167,27,"CbDRC2_2_M",-52.3473711040865,268.407436994958,7.31754794366604,36.6799697195407,2.26265402559745e-80,55.9039306810422,-108.251301785129
"CbDRC2_p033_B12","CbDRC2_2_M_ED3102_0.03","CbDRC2","p033","B12",20250424,"p033_B12","m2x","20250424-CbDRC2-p033-m2x_B12.TIF",1.09294871794872,"48h",10,"15hHB101","DMSO",1,"IVERMECTIN",0.03,NA,NA,"ED3102","2_M",NA,NA,NA,"/vast/eande106/projects/Amanda/projects/cellprofiler-nf/projects/20250424_Cbriggsae_DRC2_IVM/Analysis-20250506/processed_images/","IVERMECTIN_ED3102",202.558990199453,141.532142524659,164.007901926175,189.758944628542,209.141632363589,26.8433783887576,222.226224541615,232.821634709711,234.126937153201,0.132521288550688,23,"CbDRC2_2_M",-59.2658046313687,268.407436994958,7.31754794366604,36.6799697195407,2.26265402559745e-80,55.9039306810422,-115.169735312411
"CbDRC2_p033_C02","CbDRC2_2_M_NIC1667_2.9e-05","CbDRC2","p033","C02",20250424,"p033_C02","m2x","20250424-CbDRC2-p033-m2x_C02.TIF",0.501530924678506,"48h",10,"15hHB101","DMSO",1,"IVERMECTIN",2.9e-05,NA,NA,"NIC1667","2_M",NA,NA,NA,"/vast/eande106/projects/Amanda/projects/cellprofiler-nf/projects/20250424_Cbriggsae_DRC2_IVM/Analysis-20250506/processed_images/","IVERMECTIN_NIC1667",318.49040990031,176.866699418153,251.246245206002,287.016239132795,315.605614311121,66.7635210045098,355.22749879014,401.926645129944,455.269853290996,0.209624902129415,26,"CbDRC2_2_M",42.2128409188225,273.392773392299,6.41929624076494,42.5892127638778,3.70732816825189e-88,35.0543298531108,7.15851106571168
"CbDRC2_p033_C03","CbDRC2_2_M_NIC1667_5.8e-05","CbDRC2","p033","C03",20250424,"p033_C03","m2x","20250424-CbDRC2-p033-m2x_C03.TIF",0.293256664924203,"48h",10,"15hHB101","DMSO",1,"IVERMECTIN",5.8e-05,NA,NA,"NIC1667","2_M",NA,NA,NA,"/vast/eande106/projects/Amanda/projects/cellprofiler-nf/projects/20250424_Cbriggsae_DRC2_IVM/Analysis-20250506/processed_images/","IVERMECTIN_NIC1667",282.053703358893,150.582198864537,174.459446777125,258.054740890871,308.352225179171,59.8833512983705,316.188689207229,324.480970376076,376.395586204239,0.212311877437656,20,"CbDRC2_2_M",34.9594517868726,273.392773392299,6.41929624076494,42.5892127638778,3.70732816825189e-88,35.0543298531108,-0.0948780662381807
"CbDRC2_p033_C05","CbDRC2_2_M_NIC1667_0.00023","CbDRC2","p033","C05",20250424,"p033_C05","m2x","20250424-CbDRC2-p033-m2x_C05.TIF",0.265038444142922,"48h",10,"15hHB101","DMSO",1,"IVERMECTIN",0.00023,NA,NA,"NIC1667","2_M",NA,NA,NA,"/vast/eande106/projects/Amanda/projects/cellprofiler-nf/projects/20250424_Cbriggsae_DRC2_IVM/Analysis-20250506/processed_images/","IVERMECTIN_NIC1667",273.597880891093,129.786737181431,131.070059593408,203.515474916479,307.250404207765,88.2916383923933,326.721731781742,335.034324304143,441.832255176185,0.32270585614491,17,"CbDRC2_2_M",33.8576308154663,273.392773392299,6.41929624076494,42.5892127638778,3.70732816825189e-88,35.0543298531108,-1.19669903764449
"CbDRC2_p033_C06","CbDRC2_2_M_NIC1667_0.00046","CbDRC2","p033","C06",20250424,"p033_C06","m2x","20250424-CbDRC2-p033-m2x_C06.TIF",0.181788827897966,"48h",10,"15hHB101","DMSO",1,"IVERMECTIN",0.00046,NA,NA,"NIC1667","2_M",NA,NA,NA,"/vast/eande106/projects/Amanda/projects/cellprofiler-nf/projects/20250424_Cbriggsae_DRC2_IVM/Analysis-20250506/processed_images/","IVERMECTIN_NIC1667",295.10052787609,235.685147314271,246.812112407785,253.135675305393,307.056489257083,49.9860396361892,308.751817994754,337.983879005262,399.016180522637,0.169386479908901,9,"CbDRC2_2_M",33.6637158647845,273.392773392299,6.41929624076494,42.5892127638778,3.70732816825189e-88,35.0543298531108,-1.39061398832629
"CbDRC2_p033_C07","CbDRC2_2_M_NIC1667_0.00093","CbDRC2","p033","C07",20250424,"p033_C07","m2x","20250424-CbDRC2-p033-m2x_C07.TIF",1.30858806404658,"48h",10,"15hHB101","DMSO",1,"IVERMECTIN",0.00093,NA,NA,"NIC1667","2_M",NA,NA,NA,"/vast/eande106/projects/Amanda/projects/cellprofiler-nf/projects/20250424_Cbriggsae_DRC2_IVM/Analysis-20250506/processed_images/","IVERMECTIN_NIC1667",324.992955596295,296.376203625919,313.175737153201,318.164765890871,325.688470098636,11.7569599407606,330.112389257083,336.368755729801,350.108665309025,0.0361760454751673,21,"CbDRC2_2_M",52.2956967063376,273.392773392299,6.41929624076494,42.5892127638778,3.70732816825189e-88,35.0543298531108,17.2413668532268
"CbDRC2_p033_C08","CbDRC2_2_M_NIC1667_0.0018","CbDRC2","p033","C08",20250424,"p033_C08","m2x","20250424-CbDRC2-p033-m2x_C08.TIF",1.0625,"48h",10,"15hHB101","DMSO",1,"IVERMECTIN",0.0018,NA,NA,"NIC1667","2_M",NA,NA,NA,"/vast/eande106/projects/Amanda/projects/cellprofiler-nf/projects/20250424_Cbriggsae_DRC2_IVM/Analysis-20250506/processed_images/","IVERMECTIN_NIC1667",263.289111745592,231.024016137795,250.158035819203,254.62980377138,262.240425179171,14.7563320874782,272.418279062303,281.756500796852,296.142127573977,0.0560461159584023,24,"CbDRC2_2_M",-11.1523482131273,273.392773392299,6.41929624076494,42.5892127638778,3.70732816825189e-88,35.0543298531108,-46.2066780662381
"CbDRC2_p033_C09","CbDRC2_2_M_NIC1667_0.0037","CbDRC2","p033","C09",20250424,"p033_C09","m2x","20250424-CbDRC2-p033-m2x_C09.TIF",1.08396946564885,"48h",10,"15hHB101","DMSO",1,"IVERMECTIN",0.0037,NA,NA,"NIC1667","2_M",NA,NA,NA,"/vast/eande106/projects/Amanda/projects/cellprofiler-nf/projects/20250424_Cbriggsae_DRC2_IVM/Analysis-20250506/processed_images/","IVERMECTIN_NIC1667",239.843984717512,205.476737735047,222.733064091396,232.893879062304,238.967588312508,14.372317455215,247.95964538956,256.784907864901,273.183185049318,0.0599236102258003,38,"CbDRC2_2_M",-34.425185079791,273.392773392299,6.41929624076494,42.5892127638778,3.70732816825189e-88,35.0543298531108,-69.4795149329018
"CbDRC2_p033_C10","CbDRC2_2_M_NIC1667_0.0075","CbDRC2","p033","C10",20250424,"p033_C10","m2x","20250424-CbDRC2-p033-m2x_C10.TIF",1.16804407713499,"48h",10,"15hHB101","DMSO",1,"IVERMECTIN",0.0075,NA,NA,"NIC1667","2_M",NA,NA,NA,"/vast/eande106/projects/Amanda/projects/cellprofiler-nf/projects/20250424_Cbriggsae_DRC2_IVM/Analysis-20250506/processed_images/","IVERMECTIN_NIC1667",216.994233997724,178.562028155824,196.862975470095,205.521057654512,218.837135049318,16.6740478346466,228.710611768483,232.011935049318,249.328099418153,0.0768409718887804,26,"CbDRC2_2_M",-54.5556383429805,273.392773392299,6.41929624076494,42.5892127638778,3.70732816825189e-88,35.0543298531108,-89.6099681960913
"CbDRC2_p033_C11","CbDRC2_2_M_NIC1667_0.015","CbDRC2","p033","C11",20250424,"p033_C11","m2x","20250424-CbDRC2-p033-m2x_C11.TIF",1.16216216216216,"48h",10,"15hHB101","DMSO",1,"IVERMECTIN",0.015,NA,NA,"NIC1667","2_M",NA,NA,NA,"/vast/eande106/projects/Amanda/projects/cellprofiler-nf/projects/20250424_Cbriggsae_DRC2_IVM/Analysis-20250506/processed_images/","IVERMECTIN_NIC1667",212.48763991818,162.198302008826,191.031464033912,200.423301245228,213.993542524659,18.2090755441497,224.362875179171,236.387375470095,240.246185049318,0.0856947517096111,31,"CbDRC2_2_M",-59.3992308676396,273.392773392299,6.41929624076494,42.5892127638778,3.70732816825189e-88,35.0543298531108,-94.4535607207505
"CbDRC2_p033_C12","CbDRC2_2_M_NIC1667_0.03","CbDRC2","p033","C12",20250424,"p033_C12","m2x","20250424-CbDRC2-p033-m2x_C12.TIF",1.16398713826367,"48h",10,"15hHB101","DMSO",1,"IVERMECTIN",0.03,NA,NA,"NIC1667","2_M",NA,NA,NA,"/vast/eande106/projects/Amanda/projects/cellprofiler-nf/projects/20250424_Cbriggsae_DRC2_IVM/Analysis-20250506/processed_images/","IVERMECTIN_NIC1667",198.095520817905,166.985599418153,179.361213786989,190.840685049318,200.487708997377,14.1261155047269,207.170498489674,210.667984495702,231.398346732424,0.0713096159186359,31,"CbDRC2_2_M",-72.9050643949219,273.392773392299,6.41929624076494,42.5892127638778,3.70732816825189e-88,35.0543298531108,-107.959394248033
"CbDRC2_p033_D01","CbDRC2_2_M_ECA2666_0","CbDRC2","p033","D01",20250424,"p033_D01","m2x","20250424-CbDRC2-p033-m2x_D01.TIF",0.249881460407776,"48h",10,"15hHB101","DMSO",1,"IVERMECTIN",0,NA,NA,"ECA2666","2_M",NA,NA,NA,"/vast/eande106/projects/Amanda/projects/cellprofiler-nf/projects/20250424_Cbriggsae_DRC2_IVM/Analysis-20250506/processed_images/","IVERMECTIN_ECA2666",284.995480991683,232.762641942813,245.35708045442,253.748882610513,276.551324521133,38.2101114059721,327.3206237203,331.836679682331,334.212964749533,0.134072692216082,9,"CbDRC2_2_M",-2.43622677340704,278.98755129454,11.0030188914742,25.3555459684538,2.81906072448704e-58,107.89177140159,-110.327998174997
"CbDRC2_p033_D02","CbDRC2_2_M_ECA2666_2.9e-05","CbDRC2","p033","D02",20250424,"p033_D02","m2x","20250424-CbDRC2-p033-m2x_D02.TIF",0.235859124866596,"48h",10,"15hHB101","DMSO",1,"IVERMECTIN",2.9e-05,NA,NA,"ECA2666","2_M",NA,NA,NA,"/vast/eande106/projects/Amanda/projects/cellprofiler-nf/projects/20250424_Cbriggsae_DRC2_IVM/Analysis-20250506/processed_images/","IVERMECTIN_ECA2666",292.082121627878,235.619868049998,238.269965049318,281.159631004875,290.446235301124,35.9153250080209,314.508692811196,323.567020442614,367.570265890871,0.122963106429972,15,"CbDRC2_2_M",11.4586840065842,278.98755129454,11.0030188914742,25.3555459684538,2.81906072448704e-58,107.89177140159,-96.4330873950053
"CbDRC2_p033_D03","CbDRC2_2_M_ECA2666_5.8e-05","CbDRC2","p033","D03",20250424,"p033_D03","m2x","20250424-CbDRC2-p033-m2x_D03.TIF",0.249883882954018,"48h",10,"15hHB101","DMSO",1,"IVERMECTIN",5.8e-05,NA,NA,"ECA2666","2_M",NA,NA,NA,"/vast/eande106/projects/Amanda/projects/cellprofiler-nf/projects/20250424_Cbriggsae_DRC2_IVM/Analysis-20250506/processed_images/","IVERMECTIN_ECA2666",256.302779538289,107.230847314271,161.909678535758,187.733560566958,252.229519696256,83.4337117995289,334.560032709962,354.862137203897,363.711456311648,0.325527924237999,14,"CbDRC2_2_M",-26.7580315982835,278.98755129454,11.0030188914742,25.3555459684538,2.81906072448704e-58,107.89177140159,-134.649802999873
"CbDRC2_p033_D04","CbDRC2_2_M_ECA2666_0.00011","CbDRC2","p033","D04",20250424,"p033_D04","m2x","20250424-CbDRC2-p033-m2x_D04.TIF",0.342538502389803,"48h",10,"15hHB101","DMSO",1,"IVERMECTIN",0.00011,NA,NA,"ECA2666","2_M",NA,NA,NA,"/vast/eande106/projects/Amanda/projects/cellprofiler-nf/projects/20250424_Cbriggsae_DRC2_IVM/Analysis-20250506/processed_images/","IVERMECTIN_ECA2666",304.52546698884,244.436028155824,247.473500063843,271.456009244528,296.9648339392,46.3148576051938,345.617216304001,351.220728302471,356.130955729801,0.152088618607688,7,"CbDRC2_2_M",17.9772826446601,278.98755129454,11.0030188914742,25.3555459684538,2.81906072448704e-58,107.89177140159,-89.9144887569294
"CbDRC2_p033_D05","CbDRC2_2_M_ECA2666_0.00023","CbDRC2","p033","D05",20250424,"p033_D05","m2x","20250424-CbDRC2-p033-m2x_D05.TIF",0.539001560062403,"48h",10,"15hHB101","DMSO",1,"IVERMECTIN",0.00023,NA,NA,"ECA2666","2_M",NA,NA,NA,"/vast/eande106/projects/Amanda/projects/cellprofiler-nf/projects/20250424_Cbriggsae_DRC2_IVM/Analysis-20250506/processed_images/","IVERMECTIN_ECA2666",312.025366270323,228.298561683106,239.774705890871,249.328099418153,320.85812806516,65.4369628588361,365.05323351851,385.123547950053,388.365727573977,0.209716804889974,9,"CbDRC2_2_M",41.8705767706201,278.98755129454,11.0030188914742,25.3555459684538,2.81906072448704e-58,107.89177140159,-66.0211946309695
"CbDRC2_p033_D06","CbDRC2_2_M_ECA2666_0.00046","CbDRC2","p033","D06",20250424,"p033_D06","m2x","20250424-CbDRC2-p033-m2x_D06.TIF",1.07317073170732,"48h",10,"15hHB101","DMSO",1,"IVERMECTIN",0.00046,NA,NA,"ECA2666","2_M",NA,NA,NA,"/vast/eande106/projects/Amanda/projects/cellprofiler-nf/projects/20250424_Cbriggsae_DRC2_IVM/Analysis-20250506/processed_images/","IVERMECTIN_ECA2666",377.365820518749,129.721637735047,237.658040259706,321.277020112752,400.176232363589,107.507912548195,461.979245378906,480.366734521541,485.809296397501,0.284890434434175,15,"CbDRC2_2_M",121.188681069049,278.98755129454,11.0030188914742,25.3555459684538,2.81906072448704e-58,107.89177140159,13.2969096674596
"CbDRC2_p033_D07","CbDRC2_2_M_ECA2666_0.00093","CbDRC2","p033","D07",20250424,"p033_D07","m2x","20250424-CbDRC2-p033-m2x_D07.TIF",1.13672496025437,"48h",10,"15hHB101","DMSO",1,"IVERMECTIN",0.00093,NA,NA,"ECA2666","2_M",NA,NA,NA,"/vast/eande106/projects/Amanda/projects/cellprofiler-nf/projects/20250424_Cbriggsae_DRC2_IVM/Analysis-20250506/processed_images/","IVERMECTIN_ECA2666",346.417697844953,255.019356311648,288.944466311648,310.649095830972,359.755689257083,48.4326876568094,377.350249597325,405.600309852414,411.88977967786,0.139810084640902,14,"CbDRC2_2_M",80.7681379625434,278.98755129454,11.0030188914742,25.3555459684538,2.81906072448704e-58,107.89177140159,-27.1236334390462
"CbDRC2_p033_D09","CbDRC2_2_M_ECA2666_0.0037","CbDRC2","p033","D09",20250424,"p033_D09","m2x","20250424-CbDRC2-p033-m2x_D09.TIF",1.1993769470405,"48h",10,"15hHB101","DMSO",1,"IVERMECTIN",0.0037,NA,NA,"ECA2666","2_M",NA,NA,NA,"/vast/eande106/projects/Amanda/projects/cellprofiler-nf/projects/20250424_Cbriggsae_DRC2_IVM/Analysis-20250506/processed_images/","IVERMECTIN_ECA2666",212.575654135985,148.022585049318,186.747799418153,199.922599418153,216.391099418153,23.521556297711,230.833237153201,233.892861101259,249.562175470095,0.110650283040711,21,"CbDRC2_2_M",-62.5964518763865,278.98755129454,11.0030188914742,25.3555459684538,2.81906072448704e-58,107.89177140159,-170.488223277976
"CbDRC2_p033_D10","CbDRC2_2_M_ECA2666_0.0075","CbDRC2","p033","D10",20250424,"p033_D10","m2x","20250424-CbDRC2-p033-m2x_D10.TIF",1.23899371069182,"48h",10,"15hHB101","DMSO",1,"IVERMECTIN",0.0075,NA,NA,"ECA2666","2_M",NA,NA,NA,"/vast/eande106/projects/Amanda/projects/cellprofiler-nf/projects/20250424_Cbriggsae_DRC2_IVM/Analysis-20250506/processed_images/","IVERMECTIN_ECA2666",205.565461519906,185.383504207765,188.704627923085,191.1717185766,202.748147314271,15.2399800240729,212.53228983893,224.709284091396,239.915151522036,0.0741368706172319,17,"CbDRC2_2_M",-76.239403980269,278.98755129454,11.0030188914742,25.3555459684538,2.81906072448704e-58,107.89177140159,-184.131175381859
"CbDRC2_p033_D11","CbDRC2_2_M_ECA2666_0.015","CbDRC2","p033","D11",20250424,"p033_D11","m2x","20250424-CbDRC2-p033-m2x_D11.TIF",1.17763157894737,"48h",10,"15hHB101","DMSO",1,"IVERMECTIN",0.015,NA,NA,"ECA2666","2_M",NA,NA,NA,"/vast/eande106/projects/Amanda/projects/cellprofiler-nf/projects/20250424_Cbriggsae_DRC2_IVM/Analysis-20250506/processed_images/","IVERMECTIN_ECA2666",178.403564608753,141.724915493799,152.82033683531,165.587024563615,185.19633891045,18.2344213525483,189.851743285677,200.950769227484,204.015485049318,0.102208839787126,18,"CbDRC2_2_M",-93.7912123840896,278.98755129454,11.0030188914742,25.3555459684538,2.81906072448704e-58,107.89177140159,-201.682983785679
"CbDRC2_p033_D12","CbDRC2_2_M_ECA2666_0.03","CbDRC2","p033","D12",20250424,"p033_D12","m2x","20250424-CbDRC2-p033-m2x_D12.TIF",1.34798534798535,"48h",10,"15hHB101","DMSO",1,"IVERMECTIN",0.03,NA,NA,"ECA2666","2_M",NA,NA,NA,"/vast/eande106/projects/Amanda/projects/cellprofiler-nf/projects/20250424_Cbriggsae_DRC2_IVM/Analysis-20250506/processed_images/","IVERMECTIN_ECA2666",178.706189267529,147.788508997377,154.544196273225,167.691986392183,179.6437685766,17.4623536995883,190.923443431139,198.911081812959,210.9339185766,0.097715438794605,18,"CbDRC2_2_M",-99.3437827179395,278.98755129454,11.0030188914742,25.3555459684538,2.81906072448704e-58,107.89177140159,-207.235554119529
"CbDRC2_p033_E02","CbDRC2_2_M_VX34_2.9e-05","CbDRC2","p033","E02",20250424,"p033_E02","m2x","20250424-CbDRC2-p033-m2x_E02.TIF",0.225838264299803,"48h",10,"15hHB101","DMSO",1,"IVERMECTIN",2.9e-05,NA,NA,"VX34","2_M",NA,NA,NA,"/vast/eande106/projects/Amanda/projects/cellprofiler-nf/projects/20250424_Cbriggsae_DRC2_IVM/Analysis-20250506/processed_images/","IVERMECTIN_VX34",339.576756619426,261.93778983893,289.536999606191,312.021278625919,354.132991651889,42.675226305635,369.602509612933,378.995578778122,386.008331781742,0.125671811965218,8,"CbDRC2_2_M",88.5063178229851,265.626673828904,8.85939568876882,29.9824822324668,1.53317162666117e-63,51.2454123449688,37.2609054780163
"CbDRC2_p033_E03","CbDRC2_2_M_VX34_5.8e-05","CbDRC2","p033","E03",20250424,"p033_E03","m2x","20250424-CbDRC2-p033-m2x_E03.TIF",0.511568123393316,"48h",10,"15hHB101","DMSO",1,"IVERMECTIN",5.8e-05,NA,NA,"VX34","2_M",NA,NA,NA,"/vast/eande106/projects/Amanda/projects/cellprofiler-nf/projects/20250424_Cbriggsae_DRC2_IVM/Analysis-20250506/processed_images/","IVERMECTIN_VX34",265.458311464279,106.100628155824,145.356185223872,204.239520825945,284.945211101259,122.818609864826,346.164001739593,369.9709179951,385.842195498772,0.462666281524031,4,"CbDRC2_2_M",19.3185372723554,265.626673828904,8.85939568876882,29.9824822324668,1.53317162666117e-63,51.2454123449688,-31.9268750726134
"CbDRC2_p033_E04","CbDRC2_2_M_VX34_0.00011","CbDRC2","p033","E04",20250424,"p033_E04","m2x","20250424-CbDRC2-p033-m2x_E04.TIF",0.435344827586207,"48h",10,"15hHB101","DMSO",1,"IVERMECTIN",0.00011,NA,NA,"VX34","2_M",NA,NA,NA,"/vast/eande106/projects/Amanda/projects/cellprofiler-nf/projects/20250424_Cbriggsae_DRC2_IVM/Analysis-20250506/processed_images/","IVERMECTIN_VX34",318.004390318585,160.679110199472,191.780326071142,241.636795396617,329.063198559499,113.426271596672,392.337416360966,433.169646325114,463.297351289262,0.35668146431261,6,"CbDRC2_2_M",63.4365247305948,265.626673828904,8.85939568876882,29.9824822324668,1.53317162666117e-63,51.2454123449688,12.191112385626
"CbDRC2_p033_E05","CbDRC2_2_M_VX34_0.00023","CbDRC2","p033","E05",20250424,"p033_E05","m2x","20250424-CbDRC2-p033-m2x_E05.TIF",0.231937602627258,"48h",10,"15hHB101","DMSO",1,"IVERMECTIN",0.00023,NA,NA,"VX34","2_M",NA,NA,NA,"/vast/eande106/projects/Amanda/projects/cellprofiler-nf/projects/20250424_Cbriggsae_DRC2_IVM/Analysis-20250506/processed_images/","IVERMECTIN_VX34",283.465060312445,142.863371319056,157.818592553023,208.215368431139,328.396979968783,100.317884264117,343.277148981768,364.17960841553,384.740994046695,0.353898586843624,6,"CbDRC2_2_M",62.7703061398791,265.626673828904,8.85939568876882,29.9824822324668,1.53317162666117e-63,51.2454123449688,11.5248937949103
"CbDRC2_p033_E07","CbDRC2_2_M_VX34_0.00093","CbDRC2","p033","E07",20250424,"p033_E07","m2x","20250424-CbDRC2-p033-m2x_E07.TIF",1.192037470726,"48h",10,"15hHB101","DMSO",1,"IVERMECTIN",0.00093,NA,NA,"VX34","2_M",NA,NA,NA,"/vast/eande106/projects/Amanda/projects/cellprofiler-nf/projects/20250424_Cbriggsae_DRC2_IVM/Analysis-20250506/processed_images/","IVERMECTIN_VX34",225.894350680483,122.569128155824,143.196720492445,174.138108997377,265.796599418153,73.4753214567218,280.803846732424,284.019980752152,286.164070098636,0.325264094632668,5,"CbDRC2_2_M",0.169925589249334,265.626673828904,8.85939568876882,29.9824822324668,1.53317162666117e-63,51.2454123449688,-51.0754867557195
"CbDRC2_p033_E08","CbDRC2_2_M_VX34_0.0018","CbDRC2","p033","E08",20250424,"p033_E08","m2x","20250424-CbDRC2-p033-m2x_E08.TIF",1.32258064516129,"48h",10,"15hHB101","DMSO",1,"IVERMECTIN",0.0018,NA,NA,"VX34","2_M",NA,NA,NA,"/vast/eande106/projects/Amanda/projects/cellprofiler-nf/projects/20250424_Cbriggsae_DRC2_IVM/Analysis-20250506/processed_images/","IVERMECTIN_VX34",241.977176851991,226.837308997377,230.6961185766,235.154317379197,237.118001812959,13.2516658790347,250.234282799974,258.117410166413,261.683616125061,0.0547641147459965,6,"CbDRC2_2_M",-28.5086720159448,265.626673828904,8.85939568876882,29.9824822324668,1.53317162666117e-63,51.2454123449688,-79.7540843609136
"CbDRC2_p033_E09","CbDRC2_2_M_VX34_0.0037","CbDRC2","p033","E09",20250424,"p033_E09","m2x","20250424-CbDRC2-p033-m2x_E09.TIF",1.16806722689076,"48h",10,"15hHB101","DMSO",1,"IVERMECTIN",0.0037,NA,NA,"VX34","2_M",NA,NA,NA,"/vast/eande106/projects/Amanda/projects/cellprofiler-nf/projects/20250424_Cbriggsae_DRC2_IVM/Analysis-20250506/processed_images/","IVERMECTIN_VX34",222.647465890871,198.324228155824,205.831867923085,219.470803916842,228.669756311648,12.9393125229974,230.034051522036,231.370923017104,232.528565890871,0.0581156963598206,7,"CbDRC2_2_M",-36.9569175172563,265.626673828904,8.85939568876882,29.9824822324668,1.53317162666117e-63,51.2454123449688,-88.2023298622251
"CbDRC2_p033_E10","CbDRC2_2_M_VX34_0.0075","CbDRC2","p033","E10",20250424,"p033_E10","m2x","20250424-CbDRC2-p033-m2x_E10.TIF",1.26690391459075,"48h",10,"15hHB101","DMSO",1,"IVERMECTIN",0.0075,NA,NA,"VX34","2_M",NA,NA,NA,"/vast/eande106/projects/Amanda/projects/cellprofiler-nf/projects/20250424_Cbriggsae_DRC2_IVM/Analysis-20250506/processed_images/","IVERMECTIN_VX34",196.959148953914,179.361213786989,184.062008097639,191.113199563615,195.946751812959,15.2585239640366,201.792701203258,210.666207522952,216.581878402747,0.0774705010916091,4,"CbDRC2_2_M",-69.6799220159447,265.626673828904,8.85939568876882,29.9824822324668,1.53317162666117e-63,51.2454123449688,-120.925334360914
"CbDRC2_p033_E12","CbDRC2_2_M_VX34_0.03","CbDRC2","p033","E12",20250424,"p033_E12","m2x","20250424-CbDRC2-p033-m2x_E12.TIF",0.645994832041344,"48h",10,"15hHB101","DMSO",1,"IVERMECTIN",0.03,NA,NA,"VX34","2_M",NA,NA,NA,"/vast/eande106/projects/Amanda/projects/cellprofiler-nf/projects/20250424_Cbriggsae_DRC2_IVM/Analysis-20250506/processed_images/","IVERMECTIN_VX34",185.477134628542,105.632476051941,129.557784498688,169.183359903857,201.286894628542,39.830717890649,216.576696732424,217.550405819203,219.918875470095,0.214747321659991,10,"CbDRC2_2_M",-64.3397792003624,265.626673828904,8.85939568876882,29.9824822324668,1.53317162666117e-63,51.2454123449688,-115.585191545331
"CbDRC2_p033_F01","CbDRC2_2_M_PB420_0","CbDRC2","p033","F01",20250424,"p033_F01","m2x","20250424-CbDRC2-p033-m2x_F01.TIF",0.248771773112997,"48h",10,"15hHB101","DMSO",1,"IVERMECTIN",0,NA,NA,"PB420","2_M",NA,NA,NA,"/vast/eande106/projects/Amanda/projects/cellprofiler-nf/projects/20250424_Cbriggsae_DRC2_IVM/Analysis-20250506/processed_images/","IVERMECTIN_PB420",291.141521371144,246.355216218819,256.132612111968,270.798705951691,307.276859043583,31.3921027075408,310.08554518243,316.748986348489,321.191280459196,0.107824203705807,5,"CbDRC2_2_M",55.9040919116933,251.372767131889,7.55331557529098,33.2797914539941,4.57416319600912e-74,72.6719520184893,-16.7678601067959
"CbDRC2_p033_F02","CbDRC2_2_M_PB420_2.9e-05","CbDRC2","p033","F02",20250424,"p033_F02","m2x","20250424-CbDRC2-p033-m2x_F02.TIF",0.22972972972973,"48h",10,"15hHB101","DMSO",1,"IVERMECTIN",2.9e-05,NA,NA,"PB420","2_M",NA,NA,NA,"/vast/eande106/projects/Amanda/projects/cellprofiler-nf/projects/20250424_Cbriggsae_DRC2_IVM/Analysis-20250506/processed_images/","IVERMECTIN_PB420",286.719855352743,238.88188983893,254.965943053804,267.682707140418,291.250056311648,28.71515281506,297.837456311648,315.854771110501,335.224830305912,0.10015055559976,9,"CbDRC2_2_M",39.8772891797583,251.372767131889,7.55331557529098,33.2797914539941,4.57416319600912e-74,72.6719520184893,-32.794662838731
"CbDRC2_p033_F03","CbDRC2_2_M_PB420_5.8e-05","CbDRC2","p033","F03",20250424,"p033_F03","m2x","20250424-CbDRC2-p033-m2x_F03.TIF",0.246058091286307,"48h",10,"15hHB101","DMSO",1,"IVERMECTIN",5.8e-05,NA,NA,"PB420","2_M",NA,NA,NA,"/vast/eande106/projects/Amanda/projects/cellprofiler-nf/projects/20250424_Cbriggsae_DRC2_IVM/Analysis-20250506/processed_images/","IVERMECTIN_PB420",310.929581918329,187.259836854798,252.672773536398,287.942157218127,318.447320680483,64.1819913337116,334.355121875693,371.55890914724,409.568484838482,0.206419701006674,8,"CbDRC2_2_M",67.0745535485936,251.372767131889,7.55331557529098,33.2797914539941,4.57416319600912e-74,72.6719520184893,-5.59739846989569
"CbDRC2_p033_F04","CbDRC2_2_M_PB420_0.00011","CbDRC2","p033","F04",20250424,"p033_F04","m2x","20250424-CbDRC2-p033-m2x_F04.TIF",0.236719082022949,"48h",10,"15hHB101","DMSO",1,"IVERMECTIN",0.00011,NA,NA,"PB420","2_M",NA,NA,NA,"/vast/eande106/projects/Amanda/projects/cellprofiler-nf/projects/20250424_Cbriggsae_DRC2_IVM/Analysis-20250506/processed_images/","IVERMECTIN_PB420",272.474127366928,118.7103185766,162.645614932949,221.707002864901,308.634779968783,86.1259752151774,316.011325324633,331.97332650099,426.662950940189,0.316088635818239,12,"CbDRC2_2_M",57.2620128368936,251.372767131889,7.55331557529098,33.2797914539941,4.57416319600912e-74,72.6719520184893,-15.4099391815957
"CbDRC2_p033_F05","CbDRC2_2_M_PB420_0.00023","CbDRC2","p033","F05",20250424,"p033_F05","m2x","20250424-CbDRC2-p033-m2x_F05.TIF",0.107805088400172,"48h",10,"15hHB101","DMSO",1,"IVERMECTIN",0.00023,NA,NA,"PB420","2_M",NA,NA,NA,"/vast/eande106/projects/Amanda/projects/cellprofiler-nf/projects/20250424_Cbriggsae_DRC2_IVM/Analysis-20250506/processed_images/","IVERMECTIN_PB420",258.788744864691,126.993047314271,131.42499869297,205.028666181795,293.17946110126,89.7725669204861,324.65520841553,328.544530383778,331.980956442656,0.346895174932836,7,"CbDRC2_2_M",41.8066939693701,251.372767131889,7.55331557529098,33.2797914539941,4.57416319600912e-74,72.6719520184893,-30.8652580491191
"CbDRC2_p033_F06","CbDRC2_2_M_PB420_0.00046","CbDRC2","p033","F06",20250424,"p033_F06","m2x","20250424-CbDRC2-p033-m2x_F06.TIF",0.24331550802139,"48h",10,"15hHB101","DMSO",1,"IVERMECTIN",0.00046,NA,NA,"PB420","2_M",NA,NA,NA,"/vast/eande106/projects/Amanda/projects/cellprofiler-nf/projects/20250424_Cbriggsae_DRC2_IVM/Analysis-20250506/processed_images/","IVERMECTIN_PB420",300.179920477905,259.525778483316,269.299202190179,285.695917994754,306.023227573977,26.1150198348268,313.575329968783,326.385993088773,337.167941360966,0.0869978904426722,7,"CbDRC2_2_M",54.6504604420878,251.372767131889,7.55331557529098,33.2797914539941,4.57416319600912e-74,72.6719520184893,-18.0214915764014
"CbDRC2_p033_F07","CbDRC2_2_M_PB420_0.00093","CbDRC2","p033","F07",20250424,"p033_F07","m2x","20250424-CbDRC2-p033-m2x_F07.TIF",1.16042780748663,"48h",10,"15hHB101","DMSO",1,"IVERMECTIN",0.00093,NA,NA,"PB420","2_M",NA,NA,NA,"/vast/eande106/projects/Amanda/projects/cellprofiler-nf/projects/20250424_Cbriggsae_DRC2_IVM/Analysis-20250506/processed_images/","IVERMECTIN_PB420",301.383618293665,236.387375470095,241.386099955299,273.792614548007,302.14276946108,43.8828644492565,332.830939402545,357.525309741691,362.009207890145,0.145604677180886,10,"CbDRC2_2_M",50.7700023291906,251.372767131889,7.55331557529098,33.2797914539941,4.57416319600912e-74,72.6719520184893,-21.9019496892986
"CbDRC2_p033_F08","CbDRC2_2_M_PB420_0.0018","CbDRC2","p033","F08",20250424,"p033_F08","m2x","20250424-CbDRC2-p033-m2x_F08.TIF",1.12345679012346,"48h",10,"15hHB101","DMSO",1,"IVERMECTIN",0.0018,NA,NA,"PB420","2_M",NA,NA,NA,"/vast/eande106/projects/Amanda/projects/cellprofiler-nf/projects/20250424_Cbriggsae_DRC2_IVM/Analysis-20250506/processed_images/","IVERMECTIN_PB420",207.927612494607,147.788508997377,162.525670694598,194.017347023348,215.755862567586,29.9618243535089,228.886482934754,233.896474788539,247.866846732424,0.144097380785758,16,"CbDRC2_2_M",-35.6169045643036,251.372767131889,7.55331557529098,33.2797914539941,4.57416319600912e-74,72.6719520184893,-108.288856582793
"CbDRC2_p033_F09","CbDRC2_2_M_PB420_0.0037","CbDRC2","p033","F09",20250424,"p033_F09","m2x","20250424-CbDRC2-p033-m2x_F09.TIF",1.1958041958042,"48h",10,"15hHB101","DMSO",1,"IVERMECTIN",0.0037,NA,NA,"PB420","2_M",NA,NA,NA,"/vast/eande106/projects/Amanda/projects/cellprofiler-nf/projects/20250424_Cbriggsae_DRC2_IVM/Analysis-20250506/processed_images/","IVERMECTIN_PB420",216.386088638673,185.948613786989,198.042082507059,204.948847891731,217.755394628542,15.8281080704519,223.02541017278,235.334722291921,245.46928983893,0.0731475307402135,15,"CbDRC2_2_M",-33.6173725033477,251.372767131889,7.55331557529098,33.2797914539941,4.57416319600912e-74,72.6719520184893,-106.289324521837
"CbDRC2_p033_F10","CbDRC2_2_M_PB420_0.0075","CbDRC2","p033","F10",20250424,"p033_F10","m2x","20250424-CbDRC2-p033-m2x_F10.TIF",1.3003663003663,"48h",10,"15hHB101","DMSO",1,"IVERMECTIN",0.0075,NA,NA,"PB420","2_M",NA,NA,NA,"/vast/eande106/projects/Amanda/projects/cellprofiler-nf/projects/20250424_Cbriggsae_DRC2_IVM/Analysis-20250506/processed_images/","IVERMECTIN_PB420",186.648365539819,155.272052103883,165.819924324134,174.937294628542,186.981875470095,16.0304479285031,199.35748983893,203.781408997377,207.54326110126,0.0858858200131586,19,"CbDRC2_2_M",-64.3908916617947,251.372767131889,7.55331557529098,33.2797914539941,4.57416319600912e-74,72.6719520184893,-137.062843680284
"CbDRC2_p033_F11","CbDRC2_2_M_PB420_0.015","CbDRC2","p033","F11",20250424,"p033_F11","m2x","20250424-CbDRC2-p033-m2x_F11.TIF",0.747491638795987,"48h",10,"15hHB101","DMSO",1,"IVERMECTIN",0.015,NA,NA,"PB420","2_M",NA,NA,NA,"/vast/eande106/projects/Amanda/projects/cellprofiler-nf/projects/20250424_Cbriggsae_DRC2_IVM/Analysis-20250506/processed_images/","IVERMECTIN_PB420",186.947197074694,122.132118456409,151.627927081532,170.939798489674,186.747799418153,28.519773030762,205.982109574837,223.298173670619,237.246993667045,0.152555232049652,27,"CbDRC2_2_M",-64.624967713736,251.372767131889,7.55331557529098,33.2797914539941,4.57416319600912e-74,72.6719520184893,-137.296919732225
"CbDRC2_p033_F12","CbDRC2_2_M_PB420_0.03","CbDRC2","p033","F12",20250424,"p033_F12","m2x","20250424-CbDRC2-p033-m2x_F12.TIF",1.29333333333333,"48h",10,"15hHB101","DMSO",1,"IVERMECTIN",0.03,NA,NA,"PB420","2_M",NA,NA,NA,"/vast/eande106/projects/Amanda/projects/cellprofiler-nf/projects/20250424_Cbriggsae_DRC2_IVM/Analysis-20250506/processed_images/","IVERMECTIN_PB420",187.022521018924,156.071237735047,160.031709955299,177.665885049318,184.5843185766,19.817487887085,198.058294074926,214.001574744911,221.070897007578,0.1059631095716,13,"CbDRC2_2_M",-66.788448555289,251.372767131889,7.55331557529098,33.2797914539941,4.57416319600912e-74,72.6719520184893,-139.460400573778
"CbDRC2_p034_A01","CbDRC2_1_N_VX34_0","CbDRC2","p034","A01",20250424,"p034_A01","m2x","20250424-CbDRC2-p034-m2x_A01.TIF",0.214041095890411,"48h",10,"15hHB101","DMSO",1,"IVERMECTIN",0,NA,NA,"VX34","1_N",NA,NA,NA,"/vast/eande106/projects/Amanda/projects/cellprofiler-nf/projects/20250424_Cbriggsae_DRC2_IVM/Analysis-20250506/processed_images/","IVERMECTIN_VX34",341.276261077711,237.924562936005,263.511687582692,313.258618236107,363.848574888248,61.1728116616034,372.346203934146,392.711877823343,415.951045379216,0.179247192489823,7,"CbDRC2_1_N",68.2005769436046,295.647997944643,9.22869425594786,32.0357343894126,3.99535273195856e-67,71.1068038124399,-2.90622686883532
"CbDRC2_p034_A02","CbDRC2_1_N_VX34_2.9e-05","CbDRC2","p034","A02",20250424,"p034_A02","m2x","20250424-CbDRC2-p034-m2x_A02.TIF",0.347422680412371,"48h",10,"15hHB101","DMSO",1,"IVERMECTIN",2.9e-05,NA,NA,"VX34","1_N",NA,NA,NA,"/vast/eande106/projects/Amanda/projects/cellprofiler-nf/projects/20250424_Cbriggsae_DRC2_IVM/Analysis-20250506/processed_images/","IVERMECTIN_VX34",293.932156580667,104.417755883464,123.274941519495,155.1115709906,330.443422784365,129.013014717996,370.714614925867,404.504221564911,574.023468934944,0.438921063346089,23,"CbDRC2_1_N",34.795424839722,295.647997944643,9.22869425594786,32.0357343894126,3.99535273195856e-67,71.1068038124399,-36.3113789727179
"CbDRC2_p034_A03","CbDRC2_1_N_VX34_5.8e-05","CbDRC2","p034","A03",20250424,"p034_A03","m2x","20250424-CbDRC2-p034-m2x_A03.TIF",0.219127885672407,"48h",10,"15hHB101","DMSO",1,"IVERMECTIN",5.8e-05,NA,NA,"VX34","1_N",NA,NA,NA,"/vast/eande106/projects/Amanda/projects/cellprofiler-nf/projects/20250424_Cbriggsae_DRC2_IVM/Analysis-20250506/processed_images/","IVERMECTIN_VX34",338.415123982493,235.120037735047,259.536905890871,309.640901294796,353.733398836307,50.8357351677509,373.475518285677,381.61183531974,419.179407833684,0.150217090091933,23,"CbDRC2_1_N",58.0854008916633,295.647997944643,9.22869425594786,32.0357343894126,3.99535273195856e-67,71.1068038124399,-13.0214029207766
"CbDRC2_p034_A04","CbDRC2_1_N_VX34_0.00011","CbDRC2","p034","A04",20250424,"p034_A04","m2x","20250424-CbDRC2-p034-m2x_A04.TIF",0.229888926287445,"48h",10,"15hHB101","DMSO",1,"IVERMECTIN",0.00011,NA,NA,"VX34","1_N",NA,NA,NA,"/vast/eande106/projects/Amanda/projects/cellprofiler-nf/projects/20250424_Cbriggsae_DRC2_IVM/Analysis-20250506/processed_images/","IVERMECTIN_VX34",307.953678947327,106.677498102076,159.218324975895,233.858581457109,366.152349205558,108.611135101802,376.058672493442,386.792352066889,427.705203568152,0.352686597130664,10,"CbDRC2_1_N",70.5043512609145,295.647997944643,9.22869425594786,32.0357343894126,3.99535273195856e-67,71.1068038124399,-0.602452551525431
"CbDRC2_p034_A05","CbDRC2_1_N_VX34_0.00023","CbDRC2","p034","A05",20250424,"p034_A05","m2x","20250424-CbDRC2-p034-m2x_A05.TIF",0.189068408387762,"48h",10,"15hHB101","DMSO",1,"IVERMECTIN",0.00023,NA,NA,"VX34","1_N",NA,NA,NA,"/vast/eande106/projects/Amanda/projects/cellprofiler-nf/projects/20250424_Cbriggsae_DRC2_IVM/Analysis-20250506/processed_images/","IVERMECTIN_VX34",326.734870339509,239.778032945436,270.787969635653,303.294637153201,337.83000841553,43.0556084277741,350.536656311648,371.312726499686,399.514165309025,0.131775369990461,17,"CbDRC2_1_N",42.1820104708868,295.647997944643,9.22869425594786,32.0357343894126,3.99535273195856e-67,71.1068038124399,-28.9247933415531
"CbDRC2_p034_A06","CbDRC2_1_N_VX34_0.00046","CbDRC2","p034","A06",20250424,"p034_A06","m2x","20250424-CbDRC2-p034-m2x_A06.TIF",0.274273176083379,"48h",10,"15hHB101","DMSO",1,"IVERMECTIN",0.00046,NA,NA,"VX34","1_N",NA,NA,NA,"/vast/eande106/projects/Amanda/projects/cellprofiler-nf/projects/20250424_Cbriggsae_DRC2_IVM/Analysis-20250506/processed_images/","IVERMECTIN_VX34",342.986906499686,271.95600841553,279.447583742288,290.684946732424,348.841327573977,64.3722515808144,371.235160519413,407.824317762015,432.217089257083,0.187681367308619,5,"CbDRC2_1_N",53.1933296293338,295.647997944643,9.22869425594786,32.0357343894126,3.99535273195856e-67,71.1068038124399,-17.9134741831061
"CbDRC2_p034_A07","CbDRC2_1_N_VX34_0.00093","CbDRC2","p034","A07",20250424,"p034_A07","m2x","20250424-CbDRC2-p034-m2x_A07.TIF",0.914008321775312,"48h",10,"15hHB101","DMSO",1,"IVERMECTIN",0.00093,NA,NA,"VX34","1_N",NA,NA,NA,"/vast/eande106/projects/Amanda/projects/cellprofiler-nf/projects/20250424_Cbriggsae_DRC2_IVM/Analysis-20250506/processed_images/","IVERMECTIN_VX34",299.522668514667,133.580447314271,150.290525944758,198.324228155824,335.335494046695,111.35561884433,366.939341240774,427.841430783936,484.924647010406,0.371776932265403,17,"CbDRC2_1_N",39.6874961020517,295.647997944643,9.22869425594786,32.0357343894126,3.99535273195856e-67,71.1068038124399,-31.4193077103883
"CbDRC2_p034_A08","CbDRC2_1_N_VX34_0.0018","CbDRC2","p034","A08",20250424,"p034_A08","m2x","20250424-CbDRC2-p034-m2x_A08.TIF",1.08333333333333,"48h",10,"15hHB101","DMSO",1,"IVERMECTIN",0.0018,NA,NA,"VX34","1_N",NA,NA,NA,"/vast/eande106/projects/Amanda/projects/cellprofiler-nf/projects/20250424_Cbriggsae_DRC2_IVM/Analysis-20250506/processed_images/","IVERMECTIN_VX34",238.864096649911,151.881394628542,195.253244932949,218.272025470095,243.677003625919,35.9248988523943,267.629046732424,277.969938174623,287.722280259706,0.150398906140538,23,"CbDRC2_1_N",-51.9709943187248,295.647997944643,9.22869425594786,32.0357343894126,3.99535273195856e-67,71.1068038124399,-123.077798131165
"CbDRC2_p034_A09","CbDRC2_1_N_VX34_0.0037","CbDRC2","p034","A09",20250424,"p034_A09","m2x","20250424-CbDRC2-p034-m2x_A09.TIF",1.17647058823529,"48h",10,"15hHB101","DMSO",1,"IVERMECTIN",0.0037,NA,NA,"VX34","1_N",NA,NA,NA,"/vast/eande106/projects/Amanda/projects/cellprofiler-nf/projects/20250424_Cbriggsae_DRC2_IVM/Analysis-20250506/processed_images/","IVERMECTIN_VX34",229.225370330663,201.286894628542,206.950727806716,218.767007777974,228.435680259706,17.6899650651911,243.539885049318,251.163873786989,260.476537153201,0.0771728061325535,19,"CbDRC2_1_N",-67.2123176849369,295.647997944643,9.22869425594786,32.0357343894126,3.99535273195856e-67,71.1068038124399,-138.319121497377
"CbDRC2_p034_A10","CbDRC2_1_N_VX34_0.0075","CbDRC2","p034","A10",20250424,"p034_A10","m2x","20250424-CbDRC2-p034-m2x_A10.TIF",1.15817694369973,"48h",10,"15hHB101","DMSO",1,"IVERMECTIN",0.0075,NA,NA,"VX34","1_N",NA,NA,NA,"/vast/eande106/projects/Amanda/projects/cellprofiler-nf/projects/20250424_Cbriggsae_DRC2_IVM/Analysis-20250506/processed_images/","IVERMECTIN_VX34",200.601932272907,172.773813786989,181.444876338478,184.895523509481,196.980013496065,18.6796321726145,213.024681311648,224.06023983893,238.082704207765,0.0931179074945398,16,"CbDRC2_1_N",-98.667984448578,295.647997944643,9.22869425594786,32.0357343894126,3.99535273195856e-67,71.1068038124399,-169.774788261018
"CbDRC2_p034_A11","CbDRC2_1_N_VX34_0.015","CbDRC2","p034","A11",20250424,"p034_A11","m2x","20250424-CbDRC2-p034-m2x_A11.TIF",1.17218543046358,"48h",10,"15hHB101","DMSO",1,"IVERMECTIN",0.015,NA,NA,"VX34","1_N",NA,NA,NA,"/vast/eande106/projects/Amanda/projects/cellprofiler-nf/projects/20250424_Cbriggsae_DRC2_IVM/Analysis-20250506/processed_images/","IVERMECTIN_VX34",193.299122893908,168.349894628542,171.168099359969,181.431895971406,197.971546094868,15.579299107523,206.320243285677,209.332540574315,209.644062838027,0.0805968432462763,12,"CbDRC2_1_N",-97.6764518497755,295.647997944643,9.22869425594786,32.0357343894126,3.99535273195856e-67,71.1068038124399,-168.783255662215
"CbDRC2_p034_A12","CbDRC2_1_N_VX34_0.03","CbDRC2","p034","A12",20250424,"p034_A12","m2x","20250424-CbDRC2-p034-m2x_A12.TIF",1.10479041916168,"48h",10,"15hHB101","DMSO",1,"IVERMECTIN",0.03,NA,NA,"VX34","1_N",NA,NA,NA,"/vast/eande106/projects/Amanda/projects/cellprofiler-nf/projects/20250424_Cbriggsae_DRC2_IVM/Analysis-20250506/processed_images/","IVERMECTIN_VX34",196.679051608684,180.959585049318,186.476600990536,188.725682945436,195.829713786989,9.97808259245129,201.136949067134,211.281016544386,216.28722225898,0.0507328183191764,19,"CbDRC2_1_N",-99.8182841576548,295.647997944643,9.22869425594786,32.0357343894126,3.99535273195856e-67,71.1068038124399,-170.925087970095
"CbDRC2_p034_B01","CbDRC2_1_N_JU3237_0","CbDRC2","p034","B01",20250424,"p034_B01","m2x","20250424-CbDRC2-p034-m2x_B01.TIF",0.227254181966544,"48h",10,"15hHB101","DMSO",1,"IVERMECTIN",0,NA,NA,"JU3237","1_N",NA,NA,NA,"/vast/eande106/projects/Amanda/projects/cellprofiler-nf/projects/20250424_Cbriggsae_DRC2_IVM/Analysis-20250506/processed_images/","IVERMECTIN_JU3237",310.930484596098,301.571697422949,303.246222215792,305.758009405055,308.965813496065,9.63414917928343,314.138288687108,320.18648385643,324.218613969311,0.0309848974499824,4,"CbDRC2_1_N",44.2861654300396,264.679648066026,7.66333315233897,34.5384498891636,1.28800366813287e-76,28.6810563137571,15.6051091162825
"CbDRC2_p034_B02","CbDRC2_1_N_JU3237_2.9e-05","CbDRC2","p034","B02",20250424,"p034_B02","m2x","20250424-CbDRC2-p034-m2x_B02.TIF",0.233231039017975,"48h",10,"15hHB101","DMSO",1,"IVERMECTIN",2.9e-05,NA,NA,"JU3237","1_N",NA,NA,NA,"/vast/eande106/projects/Amanda/projects/cellprofiler-nf/projects/20250424_Cbriggsae_DRC2_IVM/Analysis-20250506/processed_images/","IVERMECTIN_JU3237",263.365377941244,118.476242524659,164.939156602571,226.165201667498,281.651511101259,87.0175409536376,320.197009612933,343.505466119902,357.697728613886,0.330406151460997,6,"CbDRC2_1_N",16.9718630352338,264.679648066026,7.66333315233897,34.5384498891636,1.28800366813287e-76,28.6810563137571,-11.7091932785233
"CbDRC2_p034_B03","CbDRC2_1_N_JU3237_5.8e-05","CbDRC2","p034","B03",20250424,"p034_B03","m2x","20250424-CbDRC2-p034-m2x_B03.TIF",0.288612836438923,"48h",10,"15hHB101","DMSO",1,"IVERMECTIN",5.8e-05,NA,NA,"JU3237","1_N",NA,NA,NA,"/vast/eande106/projects/Amanda/projects/cellprofiler-nf/projects/20250424_Cbriggsae_DRC2_IVM/Analysis-20250506/processed_images/","IVERMECTIN_JU3237",339.676167078023,306.49137967786,307.395555004617,308.751817994754,322.491727573977,37.6207367502651,378.890100573074,380.6095259715,381.755809570451,0.110754714038043,5,"CbDRC2_1_N",57.8120795079516,264.679648066026,7.66333315233897,34.5384498891636,1.28800366813287e-76,28.6810563137571,29.1310231941945
"CbDRC2_p034_B04","CbDRC2_1_N_JU3237_0.00011","CbDRC2","p034","B04",20250424,"p034_B04","m2x","20250424-CbDRC2-p034-m2x_B04.TIF",0.14218932606155,"48h",10,"15hHB101","DMSO",1,"IVERMECTIN",0.00011,NA,NA,"JU3237","1_N",NA,NA,NA,"/vast/eande106/projects/Amanda/projects/cellprofiler-nf/projects/20250424_Cbriggsae_DRC2_IVM/Analysis-20250506/processed_images/","IVERMECTIN_JU3237",271.223453943016,105.866552103883,146.602640538498,199.768371519002,295.342941942813,97.7263668803784,318.164765890871,365.850484159054,458.943094078693,0.36031679952321,13,"CbDRC2_1_N",30.6632938767868,264.679648066026,7.66333315233897,34.5384498891636,1.28800366813287e-76,28.6810563137571,1.98223756302972
"CbDRC2_p034_B05","CbDRC2_1_N_JU3237_0.00023","CbDRC2","p034","B05",20250424,"p034_B05","m2x","20250424-CbDRC2-p034-m2x_B05.TIF",0.109667194928685,"48h",10,"15hHB101","DMSO",1,"IVERMECTIN",0.00023,NA,NA,"JU3237","1_N",NA,NA,NA,"/vast/eande106/projects/Amanda/projects/cellprofiler-nf/projects/20250424_Cbriggsae_DRC2_IVM/Analysis-20250506/processed_images/","IVERMECTIN_JU3237",245.033186581479,144.494808997377,156.352128997377,174.138108997377,219.69159682448,110.763043698122,290.586674408582,353.987515971181,396.25474367958,0.452032825607852,4,"CbDRC2_1_N",-44.9880512415458,264.679648066026,7.66333315233897,34.5384498891636,1.28800366813287e-76,28.6810563137571,-73.6691075553029
"CbDRC2_p034_B06","CbDRC2_1_N_JU3237_0.00046","CbDRC2","p034","B06",20250424,"p034_B06","m2x","20250424-CbDRC2-p034-m2x_B06.TIF",0.176470588235294,"48h",10,"15hHB101","DMSO",1,"IVERMECTIN",0.00046,NA,NA,"JU3237","1_N",NA,NA,NA,"/vast/eande106/projects/Amanda/projects/cellprofiler-nf/projects/20250424_Cbriggsae_DRC2_IVM/Analysis-20250506/processed_images/","IVERMECTIN_JU3237",194.763087623406,169.480113786989,174.420663786989,180.525712589586,192.77008983893,20.8004522998634,207.203994142302,217.0985092443,225.098683192359,0.10679873970823,6,"CbDRC2_1_N",-71.9095582270957,264.679648066026,7.66333315233897,34.5384498891636,1.28800366813287e-76,28.6810563137571,-100.590614540853
"CbDRC2_p034_B07","CbDRC2_1_N_JU3237_0.00093","CbDRC2","p034","B07",20250424,"p034_B07","m2x","20250424-CbDRC2-p034-m2x_B07.TIF",1.02006172839506,"48h",10,"15hHB101","DMSO",1,"IVERMECTIN",0.00093,NA,NA,"JU3237","1_N",NA,NA,NA,"/vast/eande106/projects/Amanda/projects/cellprofiler-nf/projects/20250424_Cbriggsae_DRC2_IVM/Analysis-20250506/processed_images/","IVERMECTIN_JU3237",342.792521170575,327.052765309025,332.162848182792,337.099382072666,340.227565309025,11.1242793988417,348.159179968783,354.145319572783,361.750193493079,0.0324519314507045,7,"CbDRC2_1_N",75.5479172429989,264.679648066026,7.66333315233897,34.5384498891636,1.28800366813287e-76,28.6810563137571,46.8668609292418
"CbDRC2_p034_B08","CbDRC2_1_N_JU3237_0.0018","CbDRC2","p034","B08",20250424,"p034_B08","m2x","20250424-CbDRC2-p034-m2x_B08.TIF",1.16528925619835,"48h",10,"15hHB101","DMSO",1,"IVERMECTIN",0.0018,NA,NA,"JU3237","1_N",NA,NA,NA,"/vast/eande106/projects/Amanda/projects/cellprofiler-nf/projects/20250424_Cbriggsae_DRC2_IVM/Analysis-20250506/processed_images/","IVERMECTIN_JU3237",255.305927211385,230.365085049318,237.136418836307,246.25843519478,256.520770098636,14.8123112760675,266.440308560992,269.988795107503,278.075256311648,0.0580178902928617,10,"CbDRC2_1_N",-8.15887796738924,264.679648066026,7.66333315233897,34.5384498891636,1.28800366813287e-76,28.6810563137571,-36.8399342811464
"CbDRC2_p034_B09","CbDRC2_1_N_JU3237_0.0037","CbDRC2","p034","B09",20250424,"p034_B09","m2x","20250424-CbDRC2-p034-m2x_B09.TIF",1.16363636363636,"48h",10,"15hHB101","DMSO",1,"IVERMECTIN",0.0037,NA,NA,"JU3237","1_N",NA,NA,NA,"/vast/eande106/projects/Amanda/projects/cellprofiler-nf/projects/20250424_Cbriggsae_DRC2_IVM/Analysis-20250506/processed_images/","IVERMECTIN_JU3237",215.472499293472,141.201108997377,172.852068822823,190.324054207765,228.835273075289,34.3547629436853,238.940408851915,243.514813916842,258.078980259706,0.159439200159341,14,"CbDRC2_1_N",-35.8443749907368,264.679648066026,7.66333315233897,34.5384498891636,1.28800366813287e-76,28.6810563137571,-64.5254313044939
"CbDRC2_p034_B10","CbDRC2_1_N_JU3237_0.0075","CbDRC2","p034","B10",20250424,"p034_B10","m2x","20250424-CbDRC2-p034-m2x_B10.TIF",1.10869565217391,"48h",10,"15hHB101","DMSO",1,"IVERMECTIN",0.0075,NA,NA,"JU3237","1_N",NA,NA,NA,"/vast/eande106/projects/Amanda/projects/cellprofiler-nf/projects/20250424_Cbriggsae_DRC2_IVM/Analysis-20250506/processed_images/","IVERMECTIN_JU3237",205.700963297762,176.697722812596,193.469273443527,202.885265890871,204.015485049318,15.1957653394768,211.967180259706,218.149307806716,234.223894628542,0.0738730878837948,9,"CbDRC2_1_N",-60.6641630167074,264.679648066026,7.66333315233897,34.5384498891636,1.28800366813287e-76,28.6810563137571,-89.3452193304645
"CbDRC2_p034_B11","CbDRC2_1_N_JU3237_0.015","CbDRC2","p034","B11",20250424,"p034_B11","m2x","20250424-CbDRC2-p034-m2x_B11.TIF",1.15162454873646,"48h",10,"15hHB101","DMSO",1,"IVERMECTIN",0.015,NA,NA,"JU3237","1_N",NA,NA,NA,"/vast/eande106/projects/Amanda/projects/cellprofiler-nf/projects/20250424_Cbriggsae_DRC2_IVM/Analysis-20250506/processed_images/","IVERMECTIN_JU3237",181.20387794116,160.963308997377,166.133918939192,169.070826543209,183.054506602571,14.4827318914268,193.534995825945,195.122495049318,197.428085049318,0.0799250659311472,8,"CbDRC2_1_N",-81.6251414634546,264.679648066026,7.66333315233897,34.5384498891636,1.28800366813287e-76,28.6810563137571,-110.306197777212
"CbDRC2_p034_B12","CbDRC2_1_N_JU3237_0.03","CbDRC2","p034","B12",20250424,"p034_B12","m2x","20250424-CbDRC2-p034-m2x_B12.TIF",1.12847222222222,"48h",10,"15hHB101","DMSO",1,"IVERMECTIN",0.03,NA,NA,"JU3237","1_N",NA,NA,NA,"/vast/eande106/projects/Amanda/projects/cellprofiler-nf/projects/20250424_Cbriggsae_DRC2_IVM/Analysis-20250506/processed_images/","IVERMECTIN_JU3237",183.443326365338,168.1158185766,174.664435586464,177.431808997377,179.829365890871,10.9461773340539,187.546985049318,194.952962175551,205.94488983893,0.0596706217169982,9,"CbDRC2_1_N",-84.8502821751543,264.679648066026,7.66333315233897,34.5384498891636,1.28800366813287e-76,28.6810563137571,-113.531338488911
"CbDRC2_p034_C01","CbDRC2_1_N_ED3102_0","CbDRC2","p034","C01",20250424,"p034_C01","m2x","20250424-CbDRC2-p034-m2x_C01.TIF",0.236146323795726,"48h",10,"15hHB101","DMSO",1,"IVERMECTIN",0,NA,NA,"ED3102","1_N",NA,NA,NA,"/vast/eande106/projects/Amanda/projects/cellprofiler-nf/projects/20250424_Cbriggsae_DRC2_IVM/Analysis-20250506/processed_images/","IVERMECTIN_ED3102",335.204366156121,266.063280684064,285.12126501782,330.209346732424,336.987525717018,37.4849771609094,368.272494046695,371.988509544448,380.765891990894,0.111827234205687,9,"CbDRC2_1_N",62.3393834695654,274.648142247453,7.44940626157245,36.8684607341416,1.07731667091468e-80,71.4019380917064,-9.06255462214095
"CbDRC2_p034_C02","CbDRC2_1_N_ED3102_2.9e-05","CbDRC2","p034","C02",20250424,"p034_C02","m2x","20250424-CbDRC2-p034-m2x_C02.TIF",0.230599647266314,"48h",10,"15hHB101","DMSO",1,"IVERMECTIN",2.9e-05,NA,NA,"ED3102","1_N",NA,NA,NA,"/vast/eande106/projects/Amanda/projects/cellprofiler-nf/projects/20250424_Cbriggsae_DRC2_IVM/Analysis-20250506/processed_images/","IVERMECTIN_ED3102",326.106660504426,220.880118022984,287.219798416626,303.625670680483,338.395117994754,44.2926041711466,351.335841942812,364.019771289297,395.187203625919,0.135822445645956,13,"CbDRC2_1_N",63.7469757473011,274.648142247453,7.44940626157245,36.8684607341416,1.07731667091468e-80,71.4019380917064,-7.65496234440523
"CbDRC2_p034_C03","CbDRC2_1_N_ED3102_5.8e-05","CbDRC2","p034","C03",20250424,"p034_C03","m2x","20250424-CbDRC2-p034-m2x_C03.TIF",0.27582113177681,"48h",10,"15hHB101","DMSO",1,"IVERMECTIN",5.8e-05,NA,NA,"ED3102","1_N",NA,NA,NA,"/vast/eande106/projects/Amanda/projects/cellprofiler-nf/projects/20250424_Cbriggsae_DRC2_IVM/Analysis-20250506/processed_images/","IVERMECTIN_ED3102",291.18963998667,163.648602350806,198.540550430495,243.71031342656,300.235013205142,66.5124143663838,338.326558706454,349.067371405667,394.759212623295,0.228416142722072,15,"CbDRC2_1_N",25.5868709576893,274.648142247453,7.44940626157245,36.8684607341416,1.07731667091468e-80,71.4019380917064,-45.815067134017
"CbDRC2_p034_C04","CbDRC2_1_N_ED3102_0.00011","CbDRC2","p034","C04",20250424,"p034_C04","m2x","20250424-CbDRC2-p034-m2x_C04.TIF",0.371630295250321,"48h",10,"15hHB101","DMSO",1,"IVERMECTIN",0.00011,NA,NA,"ED3102","1_N",NA,NA,NA,"/vast/eande106/projects/Amanda/projects/cellprofiler-nf/projects/20250424_Cbriggsae_DRC2_IVM/Analysis-20250506/processed_images/","IVERMECTIN_ED3102",324.702992286978,183.220023366212,244.534363742288,268.993341942813,344.320450940189,73.5589986969335,355.565846150578,395.032070646497,466.518384467472,0.226542410893217,13,"CbDRC2_1_N",69.6723086927366,274.648142247453,7.44940626157245,36.8684607341416,1.07731667091468e-80,71.4019380917064,-1.72962939896972
"CbDRC2_p034_C05","CbDRC2_1_N_ED3102_0.00023","CbDRC2","p034","C05",20250424,"p034_C05","m2x","20250424-CbDRC2-p034-m2x_C05.TIF",0.301512287334594,"48h",10,"15hHB101","DMSO",1,"IVERMECTIN",0.00023,NA,NA,"ED3102","1_N",NA,NA,NA,"/vast/eande106/projects/Amanda/projects/cellprofiler-nf/projects/20250424_Cbriggsae_DRC2_IVM/Analysis-20250506/processed_images/","IVERMECTIN_ED3102",286.734770211746,104.693035878088,225.606487673288,233.948372719679,295.540240379779,77.1585792585715,334.00998314578,357.257118315583,431.377742524659,0.269093905847525,20,"CbDRC2_1_N",20.892098132326,274.648142247453,7.44940626157245,36.8684607341416,1.07731667091468e-80,71.4019380917064,-50.5098399593804
"CbDRC2_p034_C06","CbDRC2_1_N_ED3102_0.00046","CbDRC2","p034","C06",20250424,"p034_C06","m2x","20250424-CbDRC2-p034-m2x_C06.TIF",0.140134529147982,"48h",10,"15hHB101","DMSO",1,"IVERMECTIN",0.00046,NA,NA,"ED3102","1_N",NA,NA,NA,"/vast/eande106/projects/Amanda/projects/cellprofiler-nf/projects/20250424_Cbriggsae_DRC2_IVM/Analysis-20250506/processed_images/","IVERMECTIN_ED3102",278.683969636383,106.100628155824,128.854093871127,200.039637444124,280.569770680483,114.915957216652,380.696587153201,429.069715581201,444.729822202519,0.412352233128408,15,"CbDRC2_1_N",5.92162843303028,274.648142247453,7.44940626157245,36.8684607341416,1.07731667091468e-80,71.4019380917064,-65.4803096586761
"CbDRC2_p034_C07","CbDRC2_1_N_ED3102_0.00093","CbDRC2","p034","C07",20250424,"p034_C07","m2x","20250424-CbDRC2-p034-m2x_C07.TIF",1.05410447761194,"48h",10,"15hHB101","DMSO",1,"IVERMECTIN",0.00093,NA,NA,"ED3102","1_N",NA,NA,NA,"/vast/eande106/projects/Amanda/projects/cellprofiler-nf/projects/20250424_Cbriggsae_DRC2_IVM/Analysis-20250506/processed_images/","IVERMECTIN_ED3102",318.392890755982,239.350041942813,266.598137632162,305.833471441501,323.974270981135,35.7689499056478,338.470665797017,350.089895259483,410.856517994754,0.112342175168293,34,"CbDRC2_1_N",49.3261287336827,274.648142247453,7.44940626157245,36.8684607341416,1.07731667091468e-80,71.4019380917064,-22.0758093580237
"CbDRC2_p034_C08","CbDRC2_1_N_ED3102_0.0018","CbDRC2","p034","C08",20250424,"p034_C08","m2x","20250424-CbDRC2-p034-m2x_C08.TIF",1.32628398791541,"48h",10,"15hHB101","DMSO",1,"IVERMECTIN",0.0018,NA,NA,"ED3102","1_N",NA,NA,NA,"/vast/eande106/projects/Amanda/projects/cellprofiler-nf/projects/20250424_Cbriggsae_DRC2_IVM/Analysis-20250506/processed_images/","IVERMECTIN_ED3102",239.623460779592,192.867047314271,209.177410248174,225.84420841553,242.17558983893,22.8431772895371,260.3394185766,265.94507726957,274.684598836307,0.0953294690562393,25,"CbDRC2_1_N",-32.4725524085227,274.648142247453,7.44940626157245,36.8684607341416,1.07731667091468e-80,71.4019380917064,-103.874490500229
"CbDRC2_p034_C09","CbDRC2_1_N_ED3102_0.0037","CbDRC2","p034","C09",20250424,"p034_C09","m2x","20250424-CbDRC2-p034-m2x_C09.TIF",1.27639751552795,"48h",10,"15hHB101","DMSO",1,"IVERMECTIN",0.0037,NA,NA,"ED3102","1_N",NA,NA,NA,"/vast/eande106/projects/Amanda/projects/cellprofiler-nf/projects/20250424_Cbriggsae_DRC2_IVM/Analysis-20250506/processed_images/","IVERMECTIN_ED3102",223.3042878278,201.852004207765,206.129798097639,216.473857799974,222.41338983893,13.175553156325,229.82421483893,237.087251043075,251.725656311648,0.0590026876979866,14,"CbDRC2_1_N",-52.2347524085227,274.648142247453,7.44940626157245,36.8684607341416,1.07731667091468e-80,71.4019380917064,-123.636690500229
"CbDRC2_p034_C10","CbDRC2_1_N_ED3102_0.0075","CbDRC2","p034","C10",20250424,"p034_C10","m2x","20250424-CbDRC2-p034-m2x_C10.TIF",1.1566265060241,"48h",10,"15hHB101","DMSO",1,"IVERMECTIN",0.0075,NA,NA,"ED3102","1_N",NA,NA,NA,"/vast/eande106/projects/Amanda/projects/cellprofiler-nf/projects/20250424_Cbriggsae_DRC2_IVM/Analysis-20250506/processed_images/","IVERMECTIN_ED3102",207.627706995001,160.79433239182,182.88898983893,191.805387444124,209.23858983893,21.1847760283725,223.095537444124,232.762641942813,245.937441942813,0.102032509702005,31,"CbDRC2_1_N",-65.4095524085227,274.648142247453,7.44940626157245,36.8684607341416,1.07731667091468e-80,71.4019380917064,-136.811490500229
"CbDRC2_p034_C12","CbDRC2_1_N_ED3102_0.03","CbDRC2","p034","C12",20250424,"p034_C12","m2x","20250424-CbDRC2-p034-m2x_C12.TIF",1.07612456747405,"48h",10,"15hHB101","DMSO",1,"IVERMECTIN",0.03,NA,NA,"ED3102","1_N",NA,NA,NA,"/vast/eande106/projects/Amanda/projects/cellprofiler-nf/projects/20250424_Cbriggsae_DRC2_IVM/Analysis-20250506/processed_images/","IVERMECTIN_ED3102",200.137558227376,141.15781193003,170.279299418153,185.900135049318,196.394823366212,25.853157097956,220.084392233736,230.599161101259,251.790755758032,0.129176938736228,31,"CbDRC2_1_N",-78.2533188812406,274.648142247453,7.44940626157245,36.8684607341416,1.07731667091468e-80,71.4019380917064,-149.655256972947
"CbDRC2_p034_D01","CbDRC2_1_N_ECA2666_0","CbDRC2","p034","D01",20250424,"p034_D01","m2x","20250424-CbDRC2-p034-m2x_D01.TIF",0.350180505415162,"48h",10,"15hHB101","DMSO",1,"IVERMECTIN",0,NA,NA,"ECA2666","1_N",NA,NA,NA,"/vast/eande106/projects/Amanda/projects/cellprofiler-nf/projects/20250424_Cbriggsae_DRC2_IVM/Analysis-20250506/processed_images/","IVERMECTIN_ECA2666",280.026797098878,254.274064712093,255.728450932647,260.210257225185,269.476893166959,28.4578237286197,295.836798389381,314.875047197029,325.188119505811,0.101625358799398,6,"CbDRC2_1_N",12.5294050496904,256.947488117269,11.2012874336268,22.9391031736139,9.32577811032747e-53,20.2234501228379,-7.69404507314746
"CbDRC2_p034_D02","CbDRC2_1_N_ECA2666_2.9e-05","CbDRC2","p034","D02",20250424,"p034_D02","m2x","20250424-CbDRC2-p034-m2x_D02.TIF",0.305331179321486,"48h",10,"15hHB101","DMSO",1,"IVERMECTIN",2.9e-05,NA,NA,"ECA2666","1_N",NA,NA,NA,"/vast/eande106/projects/Amanda/projects/cellprofiler-nf/projects/20250424_Cbriggsae_DRC2_IVM/Analysis-20250506/processed_images/","IVERMECTIN_ECA2666",276.659168379439,119.287601110301,192.310310926235,229.45019954687,281.620171548867,89.905661868747,321.869905825408,368.512128914249,413.864487920354,0.324969031011621,8,"CbDRC2_1_N",24.6726834315978,256.947488117269,11.2012874336268,22.9391031736139,9.32577811032747e-53,20.2234501228379,4.44923330875989
"CbDRC2_p034_D03","CbDRC2_1_N_ECA2666_5.8e-05","CbDRC2","p034","D03",20250424,"p034_D03","m2x","20250424-CbDRC2-p034-m2x_D03.TIF",0.756166982922201,"48h",10,"15hHB101","DMSO",1,"IVERMECTIN",5.8e-05,NA,NA,"ECA2666","1_N",NA,NA,NA,"/vast/eande106/projects/Amanda/projects/cellprofiler-nf/projects/20250424_Cbriggsae_DRC2_IVM/Analysis-20250506/processed_images/","IVERMECTIN_ECA2666",249.484014548845,128.260385049318,149.801848460231,170.242330364879,251.691255215791,99.4396442622923,293.000430661657,346.967213037747,434.146494046695,0.398581225503021,8,"CbDRC2_1_N",-5.25623290147815,256.947488117269,11.2012874336268,22.9391031736139,9.32577811032747e-53,20.2234501228379,-25.479683024316
"CbDRC2_p034_D04","CbDRC2_1_N_ECA2666_0.00011","CbDRC2","p034","D04",20250424,"p034_D04","m2x","20250424-CbDRC2-p034-m2x_D04.TIF",0.218637992831541,"48h",10,"15hHB101","DMSO",1,"IVERMECTIN",0.00011,NA,NA,"ECA2666","1_N",NA,NA,NA,"/vast/eande106/projects/Amanda/projects/cellprofiler-nf/projects/20250424_Cbriggsae_DRC2_IVM/Analysis-20250506/processed_images/","IVERMECTIN_ECA2666",270.069899406563,182.296386789308,207.568231143686,242.062518740846,271.489066482447,65.5168087744795,279.554590702612,331.152400593556,380.64810841553,0.242592043461499,6,"CbDRC2_1_N",14.5415783651781,256.947488117269,11.2012874336268,22.9391031736139,9.32577811032747e-53,20.2234501228379,-5.68187175765982
"CbDRC2_p034_D05","CbDRC2_1_N_ECA2666_0.00023","CbDRC2","p034","D05",20250424,"p034_D05","m2x","20250424-CbDRC2-p034-m2x_D05.TIF",0.251103265666372,"48h",10,"15hHB101","DMSO",1,"IVERMECTIN",0.00023,NA,NA,"ECA2666","1_N",NA,NA,NA,"/vast/eande106/projects/Amanda/projects/cellprofiler-nf/projects/20250424_Cbriggsae_DRC2_IVM/Analysis-20250506/processed_images/","IVERMECTIN_ECA2666",285.515860916721,192.536013786989,216.118240376076,251.491580259706,310.447146732424,83.3589457754888,332.005784481587,344.940967131084,353.564422230749,0.29195907193332,3,"CbDRC2_1_N",53.4996586151554,256.947488117269,11.2012874336268,22.9391031736139,9.32577811032747e-53,20.2234501228379,33.2762084923175
"CbDRC2_p034_D06","CbDRC2_1_N_ECA2666_0.00046","CbDRC2","p034","D06",20250424,"p034_D06","m2x","20250424-CbDRC2-p034-m2x_D06.TIF",0.273963290278722,"48h",10,"15hHB101","DMSO",1,"IVERMECTIN",0.00046,NA,NA,"ECA2666","1_N",NA,NA,NA,"/vast/eande106/projects/Amanda/projects/cellprofiler-nf/projects/20250424_Cbriggsae_DRC2_IVM/Analysis-20250506/processed_images/","IVERMECTIN_ECA2666",280.996145263714,164.853260981068,184.77510450253,208.885132199011,240.197706311648,99.0173777982045,364.558238114998,421.767419835944,457.436470098636,0.352379843877492,16,"CbDRC2_1_N",-16.7497818056211,256.947488117269,11.2012874336268,22.9391031736139,9.32577811032747e-53,20.2234501228379,-36.9732319284589
"CbDRC2_p034_D07","CbDRC2_1_N_ECA2666_0.00093","CbDRC2","p034","D07",20250424,"p034_D07","m2x","20250424-CbDRC2-p034-m2x_D07.TIF",1.38609467455621,"48h",10,"15hHB101","DMSO",1,"IVERMECTIN",0.00093,NA,NA,"ECA2666","1_N",NA,NA,NA,"/vast/eande106/projects/Amanda/projects/cellprofiler-nf/projects/20250424_Cbriggsae_DRC2_IVM/Analysis-20250506/processed_images/","IVERMECTIN_ECA2666",336.740341998535,190.937642524659,275.596806383316,320.328246732424,349.973722857676,58.2001671844741,372.784622181722,388.295504758395,415.046361101259,0.17283396114365,14,"CbDRC2_1_N",93.0262347404068,256.947488117269,11.2012874336268,22.9391031736139,9.32577811032747e-53,20.2234501228379,72.8027846175689
"CbDRC2_p034_D08","CbDRC2_1_N_ECA2666_0.0018","CbDRC2","p034","D08",20250424,"p034_D08","m2x","20250424-CbDRC2-p034-m2x_D08.TIF",1.25072886297376,"48h",10,"15hHB101","DMSO",1,"IVERMECTIN",0.0018,NA,NA,"ECA2666","1_N",NA,NA,NA,"/vast/eande106/projects/Amanda/projects/cellprofiler-nf/projects/20250424_Cbriggsae_DRC2_IVM/Analysis-20250506/processed_images/","IVERMECTIN_ECA2666",233.296932286559,228.435680259706,228.810201942813,231.024016137795,233.327751522036,3.59736174734554,235.822265890871,237.167169606191,239.350041942813,0.0154196701692026,9,"CbDRC2_1_N",-23.6197365952328,256.947488117269,11.2012874336268,22.9391031736139,9.32577811032747e-53,20.2234501228379,-43.8431867180707
"CbDRC2_p034_D09","CbDRC2_1_N_ECA2666_0.0037","CbDRC2","p034","D09",20250424,"p034_D09","m2x","20250424-CbDRC2-p034-m2x_D09.TIF",1.10567010309278,"48h",10,"15hHB101","DMSO",1,"IVERMECTIN",0.0037,NA,NA,"ECA2666","1_N",NA,NA,NA,"/vast/eande106/projects/Amanda/projects/cellprofiler-nf/projects/20250424_Cbriggsae_DRC2_IVM/Analysis-20250506/processed_images/","IVERMECTIN_ECA2666",225.877626740228,194.134385049318,198.186135107503,214.816967524659,231.446825470095,20.1709105390069,238.185543140215,243.701385702833,252.855875470095,0.0893001703183492,8,"CbDRC2_1_N",-25.5006626471741,256.947488117269,11.2012874336268,22.9391031736139,9.32577811032747e-53,20.2234501228379,-45.724112770012
"CbDRC2_p034_D10","CbDRC2_1_N_ECA2666_0.0075","CbDRC2","p034","D10",20250424,"p034_D10","m2x","20250424-CbDRC2-p034-m2x_D10.TIF",1.21678321678322,"48h",10,"15hHB101","DMSO",1,"IVERMECTIN",0.0075,NA,NA,"ECA2666","1_N",NA,NA,NA,"/vast/eande106/projects/Amanda/projects/cellprofiler-nf/projects/20250424_Cbriggsae_DRC2_IVM/Analysis-20250506/processed_images/","IVERMECTIN_ECA2666",180.214416968601,121.769942524659,136.449483366212,151.881394628542,184.818394628542,33.0433740009993,197.331127573977,219.532994512172,228.903832363589,0.183355885488098,13,"CbDRC2_1_N",-72.1290934887271,256.947488117269,11.2012874336268,22.9391031736139,9.32577811032747e-53,20.2234501228379,-92.352543611565
"CbDRC2_p034_D11","CbDRC2_1_N_ECA2666_0.015","CbDRC2","p034","D11",20250424,"p034_D11","m2x","20250424-CbDRC2-p034-m2x_D11.TIF",0.652705061082024,"48h",10,"15hHB101","DMSO",1,"IVERMECTIN",0.015,NA,NA,"ECA2666","1_N",NA,NA,NA,"/vast/eande106/projects/Amanda/projects/cellprofiler-nf/projects/20250424_Cbriggsae_DRC2_IVM/Analysis-20250506/processed_images/","IVERMECTIN_ECA2666",191.422831812669,145.897623101867,167.385192233736,179.6437685766,192.653051812959,20.87481241235,204.580594628542,212.084218285677,227.870570680483,0.109050797204685,16,"CbDRC2_1_N",-64.2944363043095,256.947488117269,11.2012874336268,22.9391031736139,9.32577811032747e-53,20.2234501228379,-84.5178864271474
"CbDRC2_p034_D12","CbDRC2_1_N_ECA2666_0.03","CbDRC2","p034","D12",20250424,"p034_D12","m2x","20250424-CbDRC2-p034-m2x_D12.TIF",1.26490066225166,"48h",10,"15hHB101","DMSO",1,"IVERMECTIN",0.03,NA,NA,"ECA2666","1_N",NA,NA,NA,"/vast/eande106/projects/Amanda/projects/cellprofiler-nf/projects/20250424_Cbriggsae_DRC2_IVM/Analysis-20250506/processed_images/","IVERMECTIN_ECA2666",176.602882410897,136.77718983893,155.849210013484,171.36103983893,179.472174481519,20.3999280283766,184.350588371777,194.662375165687,207.309185049318,0.115512995880286,8,"CbDRC2_1_N",-77.4753136357496,256.947488117269,11.2012874336268,22.9391031736139,9.32577811032747e-53,20.2234501228379,-97.6987637585875
"CbDRC2_p034_E01","CbDRC2_1_N_PB420_0","CbDRC2","p034","E01",20250424,"p034_E01","m2x","20250424-CbDRC2-p034-m2x_E01.TIF",0.24063464081093,"48h",10,"15hHB101","DMSO",1,"IVERMECTIN",0,NA,NA,"PB420","1_N",NA,NA,NA,"/vast/eande106/projects/Amanda/projects/cellprofiler-nf/projects/20250424_Cbriggsae_DRC2_IVM/Analysis-20250506/processed_images/","IVERMECTIN_PB420",295.609387518787,235.822265890871,252.260743288185,272.502872152244,301.365232363589,34.797449909573,315.105141942812,325.246107093283,347.177986853613,0.117714292504874,9,"CbDRC2_1_N",39.0823085394347,262.282923824154,7.76814462787253,33.7639084219762,5.974251175802e-75,63.1425783827141,-24.0602698432794
"CbDRC2_p034_E02","CbDRC2_1_N_PB420_2.9e-05","CbDRC2","p034","E02",20250424,"p034_E02","m2x","20250424-CbDRC2-p034-m2x_E02.TIF",0.223721881390593,"48h",10,"15hHB101","DMSO",1,"IVERMECTIN",2.9e-05,NA,NA,"PB420","1_N",NA,NA,NA,"/vast/eande106/projects/Amanda/projects/cellprofiler-nf/projects/20250424_Cbriggsae_DRC2_IVM/Analysis-20250506/processed_images/","IVERMECTIN_PB420",320.405375613363,304.989965890871,309.42191726957,316.069844337618,320.445284758395,12.5664773330335,324.78081603414,331.356906641131,335.740967045792,0.039220557111369,4,"CbDRC2_1_N",58.1623609342406,262.282923824154,7.76814462787253,33.7639084219762,5.974251175802e-75,63.1425783827141,-4.98021744847353
"CbDRC2_p034_E03","CbDRC2_1_N_PB420_5.8e-05","CbDRC2","p034","E03",20250424,"p034_E03","m2x","20250424-CbDRC2-p034-m2x_E03.TIF",0.235386426049431,"48h",10,"15hHB101","DMSO",1,"IVERMECTIN",5.8e-05,NA,NA,"PB420","1_N",NA,NA,NA,"/vast/eande106/projects/Amanda/projects/cellprofiler-nf/projects/20250424_Cbriggsae_DRC2_IVM/Analysis-20250506/processed_images/","IVERMECTIN_PB420",304.997321374432,188.186534100356,251.661801679597,295.24282656044,313.740846732424,58.8754935704849,332.090272784366,352.895430215006,378.387670098636,0.193036100465308,7,"CbDRC2_1_N",51.4579229082699,262.282923824154,7.76814462787253,33.7639084219762,5.974251175802e-75,63.1425783827141,-11.6846554744442
"CbDRC2_p034_E04","CbDRC2_1_N_PB420_0.00011","CbDRC2","p034","E04",20250424,"p034_E04","m2x","20250424-CbDRC2-p034-m2x_E04.TIF",0.242387332521315,"48h",10,"15hHB101","DMSO",1,"IVERMECTIN",0.00011,NA,NA,"PB420","1_N",NA,NA,NA,"/vast/eande106/projects/Amanda/projects/cellprofiler-nf/projects/20250424_Cbriggsae_DRC2_IVM/Analysis-20250506/processed_images/","IVERMECTIN_PB420",308.06967038956,292.049241942812,294.165907573977,297.340906020724,305.458117994754,16.3535082289318,316.186882363589,324.062675120987,329.313203625919,0.0530837982468462,4,"CbDRC2_1_N",43.1751941705994,262.282923824154,7.76814462787253,33.7639084219762,5.974251175802e-75,63.1425783827141,-19.9673842121147
"CbDRC2_p034_E05","CbDRC2_1_N_PB420_0.00023","CbDRC2","p034","E05",20250424,"p034_E05","m2x","20250424-CbDRC2-p034-m2x_E05.TIF",0.263116984065293,"48h",10,"15hHB101","DMSO",1,"IVERMECTIN",0.00023,NA,NA,"PB420","1_N",NA,NA,NA,"/vast/eande106/projects/Amanda/projects/cellprofiler-nf/projects/20250424_Cbriggsae_DRC2_IVM/Analysis-20250506/processed_images/","IVERMECTIN_PB420",335.043367430096,290.919022784366,296.802490529173,305.020864966511,316.937589257083,43.3884033916351,358.887944337618,388.486781710074,409.629341360966,0.129500857529101,7,"CbDRC2_1_N",54.6546654329291,262.282923824154,7.76814462787253,33.7639084219762,5.974251175802e-75,63.1425783827141,-8.48791294978503
"CbDRC2_p034_E06","CbDRC2_1_N_PB420_0.00046","CbDRC2","p034","E06",20250424,"p034_E06","m2x","20250424-CbDRC2-p034-m2x_E06.TIF",0.234411085450346,"48h",10,"15hHB101","DMSO",1,"IVERMECTIN",0.00046,NA,NA,"PB420","1_N",NA,NA,NA,"/vast/eande106/projects/Amanda/projects/cellprofiler-nf/projects/20250424_Cbriggsae_DRC2_IVM/Analysis-20250506/processed_images/","IVERMECTIN_PB420",326.550333560992,277.276070680483,294.652762117366,320.717799272692,337.079301522036,33.9259398676841,342.911835810336,350.024730635782,354.766660519413,0.103891916133497,4,"CbDRC2_1_N",74.7963776978817,262.282923824154,7.76814462787253,33.7639084219762,5.974251175802e-75,63.1425783827141,11.6537993151676
"CbDRC2_p034_E07","CbDRC2_1_N_PB420_0.00093","CbDRC2","p034","E07",20250424,"p034_E07","m2x","20250424-CbDRC2-p034-m2x_E07.TIF",0.659817351598174,"48h",10,"15hHB101","DMSO",1,"IVERMECTIN",0.00093,NA,NA,"PB420","1_N",NA,NA,NA,"/vast/eande106/projects/Amanda/projects/cellprofiler-nf/projects/20250424_Cbriggsae_DRC2_IVM/Analysis-20250506/processed_images/","IVERMECTIN_PB420",270.088289238867,158.468794628542,182.424322196194,236.58570119521,299.153272784366,58.2208911258527,315.173701231113,317.913650926705,335.335494046695,0.21556244178496,14,"CbDRC2_1_N",36.8703489602113,262.282923824154,7.76814462787253,33.7639084219762,5.974251175802e-75,63.1425783827141,-26.2722294225029
"CbDRC2_p034_E08","CbDRC2_1_N_PB420_0.0018","CbDRC2","p034","E08",20250424,"p034_E08","m2x","20250424-CbDRC2-p034-m2x_E08.TIF",1.20104438642298,"48h",10,"15hHB101","DMSO",1,"IVERMECTIN",0.0018,NA,NA,"PB420","1_N",NA,NA,NA,"/vast/eande106/projects/Amanda/projects/cellprofiler-nf/projects/20250424_Cbriggsae_DRC2_IVM/Analysis-20250506/processed_images/","IVERMECTIN_PB420",236.733716484022,189.710465890871,219.69615869297,229.751496732424,240.080668285677,18.323199970562,248.056602864901,251.919319528065,264.238389257083,0.0774000435708899,14,"CbDRC2_1_N",-22.2022555384771,262.282923824154,7.76814462787253,33.7639084219762,5.974251175802e-75,63.1425783827141,-85.3448339211913
"CbDRC2_p034_E09","CbDRC2_1_N_PB420_0.0037","CbDRC2","p034","E09",20250424,"p034_E09","m2x","20250424-CbDRC2-p034-m2x_E09.TIF",1.09090909090909,"48h",10,"15hHB101","DMSO",1,"IVERMECTIN",0.0037,NA,NA,"PB420","1_N",NA,NA,NA,"/vast/eande106/projects/Amanda/projects/cellprofiler-nf/projects/20250424_Cbriggsae_DRC2_IVM/Analysis-20250506/processed_images/","IVERMECTIN_PB420",216.385936111419,188.112094628542,189.944541942813,201.452411392183,220.152951522036,19.4020566708349,232.060413786989,238.316780259707,243.208851522036,0.0896641298390329,11,"CbDRC2_1_N",-42.1299723021182,262.282923824154,7.76814462787253,33.7639084219762,5.974251175802e-75,63.1425783827141,-105.272550684832
"CbDRC2_p034_E10","CbDRC2_1_N_PB420_0.0075","CbDRC2","p034","E10",20250424,"p034_E10","m2x","20250424-CbDRC2-p034-m2x_E10.TIF",1.15986394557823,"48h",10,"15hHB101","DMSO",1,"IVERMECTIN",0.0075,NA,NA,"PB420","1_N",NA,NA,NA,"/vast/eande106/projects/Amanda/projects/cellprofiler-nf/projects/20250424_Cbriggsae_DRC2_IVM/Analysis-20250506/processed_images/","IVERMECTIN_PB420",184.820124762123,143.929699418154,160.201242829066,167.14842677267,184.935432654512,22.0893682256791,200.180130847408,213.270948402046,221.614204207765,0.119518197783438,18,"CbDRC2_1_N",-77.3474911696419,262.282923824154,7.76814462787253,33.7639084219762,5.974251175802e-75,63.1425783827141,-140.490069552356
"CbDRC2_p034_E11","CbDRC2_1_N_PB420_0.015","CbDRC2","p034","E11",20250424,"p034_E11","m2x","20250424-CbDRC2-p034-m2x_E11.TIF",1.16724738675958,"48h",10,"15hHB101","DMSO",1,"IVERMECTIN",0.015,NA,NA,"PB420","1_N",NA,NA,NA,"/vast/eande106/projects/Amanda/projects/cellprofiler-nf/projects/20250424_Cbriggsae_DRC2_IVM/Analysis-20250506/processed_images/","IVERMECTIN_PB420",178.082037140943,152.777537735047,165.621304207765,169.996744628542,180.725508997377,13.6525187692559,184.5843185766,196.531941942813,199.454447314271,0.0766642104304468,11,"CbDRC2_1_N",-81.5574148267773,262.282923824154,7.76814462787253,33.7639084219762,5.974251175802e-75,63.1425783827141,-144.699993209491
"CbDRC2_p034_E12","CbDRC2_1_N_PB420_0.03","CbDRC2","p034","E12",20250424,"p034_E12","m2x","20250424-CbDRC2-p034-m2x_E12.TIF",1.11071428571429,"48h",10,"15hHB101","DMSO",1,"IVERMECTIN",0.03,NA,NA,"PB420","1_N",NA,NA,NA,"/vast/eande106/projects/Amanda/projects/cellprofiler-nf/projects/20250424_Cbriggsae_DRC2_IVM/Analysis-20250506/processed_images/","IVERMECTIN_PB420",167.954358696822,162.093528155824,163.052550913222,164.257008997377,168.1158185766,5.86844298389994,168.515411392183,173.319531871144,179.926323366212,0.034940700732234,7,"CbDRC2_1_N",-94.1671052475539,262.282923824154,7.76814462787253,33.7639084219762,5.974251175802e-75,63.1425783827141,-157.309683630268
"CbDRC2_p034_F01","CbDRC2_1_N_NIC1667_0","CbDRC2","p034","F01",20250424,"p034_F01","m2x","20250424-CbDRC2-p034-m2x_F01.TIF",0.264975951027547,"48h",10,"15hHB101","DMSO",1,"IVERMECTIN",0,NA,NA,"NIC1667","1_N",NA,NA,NA,"/vast/eande106/projects/Amanda/projects/cellprofiler-nf/projects/20250424_Cbriggsae_DRC2_IVM/Analysis-20250506/processed_images/","IVERMECTIN_NIC1667",299.739925178616,245.554235215499,256.011435594619,279.536508997377,312.142475470095,31.3264880550842,322.82276110126,334.442677994754,338.863270098636,0.104512230182271,13,"CbDRC2_1_N",38.4937226008727,273.648752869222,6.41929624076494,42.6290893278067,3.23814711507162e-88,39.1930100281419,-0.699287427269198
"CbDRC2_p034_F02","CbDRC2_1_N_NIC1667_2.9e-05","CbDRC2","p034","F02",20250424,"p034_F02","m2x","20250424-CbDRC2-p034-m2x_F02.TIF",0.227573182247403,"48h",10,"15hHB101","DMSO",1,"IVERMECTIN",2.9e-05,NA,NA,"NIC1667","1_N",NA,NA,NA,"/vast/eande106/projects/Amanda/projects/cellprofiler-nf/projects/20250424_Cbriggsae_DRC2_IVM/Analysis-20250506/processed_images/","IVERMECTIN_NIC1667",270.401631616664,121.356253282989,168.586820764682,212.095727970073,284.166106020724,81.2761124699223,310.564184758395,344.95911038956,428.865785382722,0.300575525317628,18,"CbDRC2_1_N",10.5173531515025,273.648752869222,6.41929624076494,42.6290893278067,3.23814711507162e-88,39.1930100281419,-28.6756568766395
"CbDRC2_p034_F03","CbDRC2_1_N_NIC1667_5.8e-05","CbDRC2","p034","F03",20250424,"p034_F03","m2x","20250424-CbDRC2-p034-m2x_F03.TIF",0.181065514758819,"48h",10,"15hHB101","DMSO",1,"IVERMECTIN",5.8e-05,NA,NA,"NIC1667","1_N",NA,NA,NA,"/vast/eande106/projects/Amanda/projects/cellprofiler-nf/projects/20250424_Cbriggsae_DRC2_IVM/Analysis-20250506/processed_images/","IVERMECTIN_NIC1667",349.873608801966,276.945037153201,289.203613496065,309.024332509051,358.742508124607,54.4424206245356,390.740514507718,401.674704785225,410.953475470095,0.155605965282597,6,"CbDRC2_1_N",85.093755255385,273.648752869222,6.41929624076494,42.6290893278067,3.23814711507162e-88,39.1930100281419,45.900745227243
"CbDRC2_p034_F04","CbDRC2_1_N_NIC1667_0.00011","CbDRC2","p034","F04",20250424,"p034_F04","m2x","20250424-CbDRC2-p034-m2x_F04.TIF",0.330788804071247,"48h",10,"15hHB101","DMSO",1,"IVERMECTIN",0.00011,NA,NA,"NIC1667","1_N",NA,NA,NA,"/vast/eande106/projects/Amanda/projects/cellprofiler-nf/projects/20250424_Cbriggsae_DRC2_IVM/Analysis-20250506/processed_images/","IVERMECTIN_NIC1667",330.903251518219,254.220170680483,280.241077048148,299.76686110126,321.058873075289,52.8924079634691,363.35618341553,405.956127085014,437.109160519413,0.159842515057779,14,"CbDRC2_1_N",47.4101202060668,273.648752869222,6.41929624076494,42.6290893278067,3.23814711507162e-88,39.1930100281419,8.21711017792491
"CbDRC2_p034_F05","CbDRC2_1_N_NIC1667_0.00023","CbDRC2","p034","F05",20250424,"p034_F05","m2x","20250424-CbDRC2-p034-m2x_F05.TIF",0.278345498783455,"48h",10,"15hHB101","DMSO",1,"IVERMECTIN",0.00023,NA,NA,"NIC1667","1_N",NA,NA,NA,"/vast/eande106/projects/Amanda/projects/cellprofiler-nf/projects/20250424_Cbriggsae_DRC2_IVM/Analysis-20250506/processed_images/","IVERMECTIN_NIC1667",264.751003935313,113.818247314271,137.972632007984,216.750783088704,311.698165320936,81.0396380813183,318.881193140215,328.488040408981,335.666527573977,0.306097566682386,14,"CbDRC2_1_N",38.049412451714,273.648752869222,6.41929624076494,42.6290893278067,3.23814711507162e-88,39.1930100281419,-1.14359757642789
"CbDRC2_p034_F06","CbDRC2_1_N_NIC1667_0.00046","CbDRC2","p034","F06",20250424,"p034_F06","m2x","20250424-CbDRC2-p034-m2x_F06.TIF",0.323971260613978,"48h",10,"15hHB101","DMSO",1,"IVERMECTIN",0.00046,NA,NA,"NIC1667","1_N",NA,NA,NA,"/vast/eande106/projects/Amanda/projects/cellprofiler-nf/projects/20250424_Cbriggsae_DRC2_IVM/Analysis-20250506/processed_images/","IVERMECTIN_NIC1667",293.101576163228,108.926176051941,121.73929151839,181.690211392183,274.830035049318,136.331312438194,424.054773372067,433.322840871377,477.529703625919,0.465133330986494,12,"CbDRC2_1_N",1.18128218009622,273.648752869222,6.41929624076494,42.6290893278067,3.23814711507162e-88,39.1930100281419,-38.0117278480457
"CbDRC2_p034_F07","CbDRC2_1_N_NIC1667_0.00093","CbDRC2","p034","F07",20250424,"p034_F07","m2x","20250424-CbDRC2-p034-m2x_F07.TIF",0.983388704318937,"48h",10,"15hHB101","DMSO",1,"IVERMECTIN",0.00093,NA,NA,"NIC1667","1_N",NA,NA,NA,"/vast/eande106/projects/Amanda/projects/cellprofiler-nf/projects/20250424_Cbriggsae_DRC2_IVM/Analysis-20250506/processed_images/","IVERMECTIN_NIC1667",333.423912425376,269.62355096842,292.240020927406,321.127432363589,340.889632363589,29.8404257955869,351.857654454689,361.451017994754,389.920801768959,0.0894969577272464,21,"CbDRC2_1_N",67.240879494367,273.648752869222,6.41929624076494,42.6290893278067,3.23814711507162e-88,39.1930100281419,28.0478694662251
"CbDRC2_p034_F08","CbDRC2_1_N_NIC1667_0.0018","CbDRC2","p034","F08",20250424,"p034_F08","m2x","20250424-CbDRC2-p034-m2x_F08.TIF",1.14893617021277,"48h",10,"15hHB101","DMSO",1,"IVERMECTIN",0.0018,NA,NA,"NIC1667","1_N",NA,NA,NA,"/vast/eande106/projects/Amanda/projects/cellprofiler-nf/projects/20250424_Cbriggsae_DRC2_IVM/Analysis-20250506/processed_images/","IVERMECTIN_NIC1667",253.613769143558,221.380128155824,237.420637153201,241.610480259706,253.655061101259,17.061310996108,268.896384467472,272.988925408756,274.332070620714,0.0672728103593242,13,"CbDRC2_1_N",-19.9936917679626,273.648752869222,6.41929624076494,42.6290893278067,3.23814711507162e-88,39.1930100281419,-59.1867017961045
"CbDRC2_p034_F09","CbDRC2_1_N_NIC1667_0.0037","CbDRC2","p034","F09",20250424,"p034_F09","m2x","20250424-CbDRC2-p034-m2x_F09.TIF",1.10047846889952,"48h",10,"15hHB101","DMSO",1,"IVERMECTIN",0.0037,NA,NA,"NIC1667","1_N",NA,NA,NA,"/vast/eande106/projects/Amanda/projects/cellprofiler-nf/projects/20250424_Cbriggsae_DRC2_IVM/Analysis-20250506/processed_images/","IVERMECTIN_NIC1667",234.911056581478,192.439056311648,218.027278689461,224.805460429527,236.387375470095,16.9411611007849,246.018470403675,252.497418227492,257.650989257083,0.0721173423989471,15,"CbDRC2_1_N",-37.2613773991272,273.648752869222,6.41929624076494,42.6290893278067,3.23814711507162e-88,39.1930100281419,-76.4543874272691
"CbDRC2_p034_F10","CbDRC2_1_N_NIC1667_0.0075","CbDRC2","p034","F10",20250424,"p034_F10","m2x","20250424-CbDRC2-p034-m2x_F10.TIF",1.09065155807365,"48h",10,"15hHB101","DMSO",1,"IVERMECTIN",0.0075,NA,NA,"NIC1667","1_N",NA,NA,NA,"/vast/eande106/projects/Amanda/projects/cellprofiler-nf/projects/20250424_Cbriggsae_DRC2_IVM/Analysis-20250506/processed_images/","IVERMECTIN_NIC1667",213.204816141624,202.885265890871,203.941384462457,205.474048325923,214.013623075289,7.7218888898662,218.627298366212,222.758824279434,225.238937735047,0.0362181728800012,14,"CbDRC2_1_N",-59.6351297939332,273.648752869222,6.41929624076494,42.6290893278067,3.23814711507162e-88,39.1930100281419,-98.8281398220751
"CbDRC2_p034_F11","CbDRC2_1_N_NIC1667_0.015","CbDRC2","p034","F11",20250424,"p034_F11","m2x","20250424-CbDRC2-p034-m2x_F11.TIF",0.75134168157424,"48h",10,"15hHB101","DMSO",1,"IVERMECTIN",0.015,NA,NA,"NIC1667","1_N",NA,NA,NA,"/vast/eande106/projects/Amanda/projects/cellprofiler-nf/projects/20250424_Cbriggsae_DRC2_IVM/Analysis-20250506/processed_images/","IVERMECTIN_NIC1667",193.380374151037,106.460661381292,133.643326965163,174.186587735047,208.396107140418,39.7543929189042,220.71806110126,225.973395505803,232.762641942813,0.20557615059662,15,"CbDRC2_1_N",-65.2526457288042,273.648752869222,6.41929624076494,42.6290893278067,3.23814711507162e-88,39.1930100281419,-104.445655756946
"CbDRC2_p034_F12","CbDRC2_1_N_NIC1667_0.03","CbDRC2","p034","F12",20250424,"p034_F12","m2x","20250424-CbDRC2-p034-m2x_F12.TIF",1.21212121212121,"48h",10,"15hHB101","DMSO",1,"IVERMECTIN",0.03,NA,NA,"NIC1667","1_N",NA,NA,NA,"/vast/eande106/projects/Amanda/projects/cellprofiler-nf/projects/20250424_Cbriggsae_DRC2_IVM/Analysis-20250506/processed_images/","IVERMECTIN_NIC1667",194.997024259502,151.6473185766,174.632995761018,184.037818865331,196.1122685766,18.6514416170925,209.588233234166,214.728874033211,225.70708983893,0.0956498781861986,20,"CbDRC2_1_N",-77.5364842926216,273.648752869222,6.41929624076494,42.6290893278067,3.23814711507162e-88,39.1930100281419,-116.729494320764
"CbDRC2_p035_A01","CbDRC2_2_M_JU3237_0","CbDRC2","p035","A01",20250424,"p035_A01","m2x","20250424-CbDRC2-p035-m2x_A01.TIF",0.209683717297931,"48h",10,"15hHB101","DMSO",1,"IVERMECTIN",0,NA,NA,"JU3237","2_M",NA,NA,NA,"/vast/eande106/projects/Amanda/projects/cellprofiler-nf/projects/20250424_Cbriggsae_DRC2_IVM/Analysis-20250506/processed_images/","IVERMECTIN_JU3237",305.217072946039,267.488684141372,272.738746505051,298.16848983893,303.060561101259,22.19715490565,322.725803625919,331.114934676578,337.967126992131,0.072725797057802,13,"CbDRC2_2_M",32.586492837257,270.474068264002,7.66333315233897,35.2945725948832,5.80687863474336e-78,37.6027016723173,-5.01620883506035
"CbDRC2_p035_A02","CbDRC2_2_M_JU3237_2.9e-05","CbDRC2","p035","A02",20250424,"p035_A02","m2x","20250424-CbDRC2-p035-m2x_A02.TIF",0.131354687040846,"48h",10,"15hHB101","DMSO",1,"IVERMECTIN",2.9e-05,NA,NA,"JU3237","2_M",NA,NA,NA,"/vast/eande106/projects/Amanda/projects/cellprofiler-nf/projects/20250424_Cbriggsae_DRC2_IVM/Analysis-20250506/processed_images/","IVERMECTIN_JU3237",305.765454835751,221.036647731603,255.40523726957,295.625496732424,306.661900537221,39.2098600126456,324.703687153201,348.436055120987,374.231769216927,0.128235088014465,15,"CbDRC2_2_M",36.1878322732181,270.474068264002,7.66333315233897,35.2945725948832,5.80687863474336e-78,37.6027016723173,-1.41486939909925
"CbDRC2_p035_A03","CbDRC2_2_M_JU3237_5.8e-05","CbDRC2","p035","A03",20250424,"p035_A03","m2x","20250424-CbDRC2-p035-m2x_A03.TIF",0.223265895953757,"48h",10,"15hHB101","DMSO",1,"IVERMECTIN",5.8e-05,NA,NA,"JU3237","2_M",NA,NA,NA,"/vast/eande106/projects/Amanda/projects/cellprofiler-nf/projects/20250424_Cbriggsae_DRC2_IVM/Analysis-20250506/processed_images/","IVERMECTIN_JU3237",288.760537677185,137.439256893494,214.152646194455,247.928378037916,298.802158706454,68.1996098947628,326.574572929827,349.603634386846,413.682065890871,0.236180505976912,20,"CbDRC2_2_M",28.3280904424511,270.474068264002,7.66333315233897,35.2945725948832,5.80687863474336e-78,37.6027016723173,-9.27461122986619
"CbDRC2_p035_A04","CbDRC2_2_M_JU3237_0.00011","CbDRC2","p035","A04",20250424,"p035_A04","m2x","20250424-CbDRC2-p035-m2x_A04.TIF",0.156114825009831,"48h",10,"15hHB101","DMSO",1,"IVERMECTIN",0.00011,NA,NA,"JU3237","2_M",NA,NA,NA,"/vast/eande106/projects/Amanda/projects/cellprofiler-nf/projects/20250424_Cbriggsae_DRC2_IVM/Analysis-20250506/processed_images/","IVERMECTIN_JU3237",242.920358157717,108.435505944533,133.015337735047,177.431808997377,269.090299418153,78.2949475005787,297.603380259707,341.99733351851,345.216594046695,0.322307064316715,21,"CbDRC2_2_M",-1.38376884584903,270.474068264002,7.66333315233897,35.2945725948832,5.80687863474336e-78,37.6027016723173,-38.9864705181664
"CbDRC2_p035_A05","CbDRC2_2_M_JU3237_0.00023","CbDRC2","p035","A05",20250424,"p035_A05","m2x","20250424-CbDRC2-p035-m2x_A05.TIF",0.225408203902828,"48h",10,"15hHB101","DMSO",1,"IVERMECTIN",0.00023,NA,NA,"JU3237","2_M",NA,NA,NA,"/vast/eande106/projects/Amanda/projects/cellprofiler-nf/projects/20250424_Cbriggsae_DRC2_IVM/Analysis-20250506/processed_images/","IVERMECTIN_JU3237",316.059151073697,293.179461101259,295.742534758395,303.661757168273,316.469437153201,15.1216899934782,331.072943415474,331.555822945981,338.960227573977,0.04784449348202,16,"CbDRC2_2_M",45.9953688891983,270.474068264002,7.66333315233897,35.2945725948832,5.80687863474336e-78,37.6027016723173,8.39266721688097
"CbDRC2_p035_A06","CbDRC2_2_M_JU3237_0.00046","CbDRC2","p035","A06",20250424,"p035_A06","m2x","20250424-CbDRC2-p035-m2x_A06.TIF",0.135404221425727,"48h",10,"15hHB101","DMSO",1,"IVERMECTIN",0.00046,NA,NA,"JU3237","2_M",NA,NA,NA,"/vast/eande106/projects/Amanda/projects/cellprofiler-nf/projects/20250424_Cbriggsae_DRC2_IVM/Analysis-20250506/processed_images/","IVERMECTIN_JU3237",240.708066773118,133.015337735047,185.052470680483,196.328129800702,252.952832945436,60.1938101109594,279.370992233736,314.63698983893,327.671535296242,0.250069766742366,11,"CbDRC2_2_M",-17.5212353185669,270.474068264002,7.66333315233897,35.2945725948832,5.80687863474336e-78,37.6027016723173,-55.1239369908842
"CbDRC2_p035_A07","CbDRC2_2_M_JU3237_0.00093","CbDRC2","p035","A07",20250424,"p035_A07","m2x","20250424-CbDRC2-p035-m2x_A07.TIF",1.11176470588235,"48h",10,"15hHB101","DMSO",1,"IVERMECTIN",0.00093,NA,NA,"JU3237","2_M",NA,NA,NA,"/vast/eande106/projects/Amanda/projects/cellprofiler-nf/projects/20250424_Cbriggsae_DRC2_IVM/Analysis-20250506/processed_images/","IVERMECTIN_JU3237",352.161746360385,235.58818983893,325.368795846171,340.841153625919,351.569917994754,34.8145809632674,367.936951171017,377.765561561473,441.53307967786,0.0988596328905066,27,"CbDRC2_2_M",81.0958497307512,270.474068264002,7.66333315233897,35.2945725948832,5.80687863474336e-78,37.6027016723173,43.4931480584339
"CbDRC2_p035_A08","CbDRC2_2_M_JU3237_0.0018","CbDRC2","p035","A08",20250424,"p035_A08","m2x","20250424-CbDRC2-p035-m2x_A08.TIF",1.32758620689655,"48h",10,"15hHB101","DMSO",1,"IVERMECTIN",0.0018,NA,NA,"JU3237","2_M",NA,NA,NA,"/vast/eande106/projects/Amanda/projects/cellprofiler-nf/projects/20250424_Cbriggsae_DRC2_IVM/Analysis-20250506/processed_images/","IVERMECTIN_JU3237",251.641702910907,219.450723366212,228.252564754412,242.31270841553,253.044254125414,16.447347472984,265.305929310745,271.261812479958,276.71096110126,0.065360181888481,29,"CbDRC2_2_M",-17.4298141385882,270.474068264002,7.66333315233897,35.2945725948832,5.80687863474336e-78,37.6027016723173,-55.0325158109055
"CbDRC2_p035_A09","CbDRC2_2_M_JU3237_0.0037","CbDRC2","p035","A09",20250424,"p035_A09","m2x","20250424-CbDRC2-p035-m2x_A09.TIF",1.31186440677966,"48h",10,"15hHB101","DMSO",1,"IVERMECTIN",0.0037,NA,NA,"JU3237","2_M",NA,NA,NA,"/vast/eande106/projects/Amanda/projects/cellprofiler-nf/projects/20250424_Cbriggsae_DRC2_IVM/Analysis-20250506/processed_images/","IVERMECTIN_JU3237",221.177725487843,161.593518022984,190.041499418153,205.379780259706,223.38397241725,24.1733600411067,235.428553258803,249.231141942813,267.726004207765,0.109293826888709,31,"CbDRC2_2_M",-47.0900958467522,270.474068264002,7.66333315233897,35.2945725948832,5.80687863474336e-78,37.6027016723173,-84.6927975190695
"CbDRC2_p035_A10","CbDRC2_2_M_JU3237_0.0075","CbDRC2","p035","A10",20250424,"p035_A10","m2x","20250424-CbDRC2-p035-m2x_A10.TIF",1.14385964912281,"48h",10,"15hHB101","DMSO",1,"IVERMECTIN",0.0075,NA,NA,"JU3237","2_M",NA,NA,NA,"/vast/eande106/projects/Amanda/projects/cellprofiler-nf/projects/20250424_Cbriggsae_DRC2_IVM/Analysis-20250506/processed_images/","IVERMECTIN_JU3237",196.69586008734,115.255957806319,138.520997314271,181.183620825945,200.721785049318,38.32120193593,214.252203792553,238.529207777974,263.8744220031,0.194824649176216,26,"CbDRC2_2_M",-69.7522832146843,270.474068264002,7.66333315233897,35.2945725948832,5.80687863474336e-78,37.6027016723173,-107.354984887002
"CbDRC2_p035_A11","CbDRC2_2_M_JU3237_0.015","CbDRC2","p035","A11",20250424,"p035_A11","m2x","20250424-CbDRC2-p035-m2x_A11.TIF",1.27586206896552,"48h",10,"15hHB101","DMSO",1,"IVERMECTIN",0.015,NA,NA,"JU3237","2_M",NA,NA,NA,"/vast/eande106/projects/Amanda/projects/cellprofiler-nf/projects/20250424_Cbriggsae_DRC2_IVM/Analysis-20250506/processed_images/","IVERMECTIN_JU3237",186.462012712697,126.427937735047,164.274736965163,174.937294628542,187.712501812959,20.3027889581072,201.944802864901,210.174204991134,218.554580259706,0.108884317308051,30,"CbDRC2_2_M",-82.7615664510431,270.474068264002,7.66333315233897,35.2945725948832,5.80687863474336e-78,37.6027016723173,-120.36426812336
"CbDRC2_p035_A12","CbDRC2_2_M_JU3237_0.03","CbDRC2","p035","A12",20250424,"p035_A12","m2x","20250424-CbDRC2-p035-m2x_A12.TIF",1.18081180811808,"48h",10,"15hHB101","DMSO",1,"IVERMECTIN",0.03,NA,NA,"JU3237","2_M",NA,NA,NA,"/vast/eande106/projects/Amanda/projects/cellprofiler-nf/projects/20250424_Cbriggsae_DRC2_IVM/Analysis-20250506/processed_images/","IVERMECTIN_JU3237",182.420552997443,129.125912505897,156.357808634785,170.927167379197,185.244817648121,21.7588483554955,199.946054795467,204.976171333998,222.179313786989,0.119278491364953,32,"CbDRC2_2_M",-85.2292506158817,270.474068264002,7.66333315233897,35.2945725948832,5.80687863474336e-78,37.6027016723173,-122.831952288199
"CbDRC2_p035_B01","CbDRC2_2_M_ED3102_0","CbDRC2","p035","B01",20250424,"p035_B01","m2x","20250424-CbDRC2-p035-m2x_B01.TIF",0.237582781456954,"48h",10,"15hHB101","DMSO",1,"IVERMECTIN",0,NA,NA,"ED3102","2_M",NA,NA,NA,"/vast/eande106/projects/Amanda/projects/cellprofiler-nf/projects/20250424_Cbriggsae_DRC2_IVM/Analysis-20250506/processed_images/","IVERMECTIN_ED3102",332.346604657211,298.636641942813,304.424856311648,318.233325179171,330.443422784366,22.2375564355767,353.898915599948,358.060360519413,362.421600573074,0.0669107375371351,11,"CbDRC2_2_M",62.0359857894077,268.407436994958,7.31754794366604,36.6799697195407,2.26265402559745e-80,55.9039306810422,6.13205510836544
"CbDRC2_p035_B02","CbDRC2_2_M_ED3102_2.9e-05","CbDRC2","p035","B02",20250424,"p035_B02","m2x","20250424-CbDRC2-p035-m2x_B02.TIF",0.319177469825659,"48h",10,"15hHB101","DMSO",1,"IVERMECTIN",2.9e-05,NA,NA,"ED3102","2_M",NA,NA,NA,"/vast/eande106/projects/Amanda/projects/cellprofiler-nf/projects/20250424_Cbriggsae_DRC2_IVM/Analysis-20250506/processed_images/","IVERMECTIN_ED3102",336.835460604115,243.848400573074,248.913819763752,300.683084758395,353.339686204239,64.142224948769,374.688445056899,395.648864251633,409.917077820901,0.190425986722805,7,"CbDRC2_2_M",84.932249209281,268.407436994958,7.31754794366604,36.6799697195407,2.26265402559745e-80,55.9039306810422,29.0283185282388
"CbDRC2_p035_B03","CbDRC2_2_M_ED3102_5.8e-05","CbDRC2","p035","B03",20250424,"p035_B03","m2x","20250424-CbDRC2-p035-m2x_B03.TIF",0.117808219178082,"48h",10,"15hHB101","DMSO",1,"IVERMECTIN",5.8e-05,NA,NA,"ED3102","2_M",NA,NA,NA,"/vast/eande106/projects/Amanda/projects/cellprofiler-nf/projects/20250424_Cbriggsae_DRC2_IVM/Analysis-20250506/processed_images/","IVERMECTIN_ED3102",293.538017357678,151.604021509253,164.841038606894,216.401139693468,326.823166966767,86.1871592838856,347.028960810336,373.655955010352,446.425150940189,0.293614980641046,20,"CbDRC2_2_M",58.4157299718087,268.407436994958,7.31754794366604,36.6799697195407,2.26265402559745e-80,55.9039306810422,2.51179929076643
"CbDRC2_p035_B04","CbDRC2_2_M_ED3102_0.00011","CbDRC2","p035","B04",20250424,"p035_B04","m2x","20250424-CbDRC2-p035-m2x_B04.TIF",0.221812822402358,"48h",10,"15hHB101","DMSO",1,"IVERMECTIN",0.00011,NA,NA,"ED3102","2_M",NA,NA,NA,"/vast/eande106/projects/Amanda/projects/cellprofiler-nf/projects/20250424_Cbriggsae_DRC2_IVM/Analysis-20250506/processed_images/","IVERMECTIN_ED3102",272.838464205723,177.100775470095,181.2906185766,253.704783689207,269.889485049318,54.4608219926215,315.203917514005,328.845051522036,332.606903625919,0.199608299919022,11,"CbDRC2_2_M",1.48204805436039,268.407436994958,7.31754794366604,36.6799697195407,2.26265402559745e-80,55.9039306810422,-54.4218826266818
"CbDRC2_p035_B05","CbDRC2_2_M_ED3102_0.00023","CbDRC2","p035","B05",20250424,"p035_B05","m2x","20250424-CbDRC2-p035-m2x_B05.TIF",0.0789274924471299,"48h",10,"15hHB101","DMSO",1,"IVERMECTIN",0.00023,NA,NA,"ED3102","2_M",NA,NA,NA,"/vast/eande106/projects/Amanda/projects/cellprofiler-nf/projects/20250424_Cbriggsae_DRC2_IVM/Analysis-20250506/processed_images/","IVERMECTIN_ED3102",247.259771951552,112.219876051941,115.234622081766,135.601273283861,258.971987400124,122.287584253299,311.063471440204,351.076120005269,517.28817967786,0.494571289490874,13,"CbDRC2_2_M",-9.43544959483365,268.407436994958,7.31754794366604,36.6799697195407,2.26265402559745e-80,55.9039306810422,-65.3393802758759
"CbDRC2_p035_B06","CbDRC2_2_M_ED3102_0.00046","CbDRC2","p035","B06",20250424,"p035_B06","m2x","20250424-CbDRC2-p035-m2x_B06.TIF",0.944700460829493,"48h",10,"15hHB101","DMSO",1,"IVERMECTIN",0.00046,NA,NA,"ED3102","2_M",NA,NA,NA,"/vast/eande106/projects/Amanda/projects/cellprofiler-nf/projects/20250424_Cbriggsae_DRC2_IVM/Analysis-20250506/processed_images/","IVERMECTIN_ED3102",283.571882693939,107.795956893494,158.476137793232,184.277524418153,238.220428761648,123.114470971021,414.876685519413,436.095979386937,443.462484467472,0.434156129308136,18,"CbDRC2_2_M",-30.1870082333101,268.407436994958,7.31754794366604,36.6799697195407,2.26265402559745e-80,55.9039306810422,-86.0909389143523
"CbDRC2_p035_B07","CbDRC2_2_M_ED3102_0.00093","CbDRC2","p035","B07",20250424,"p035_B07","m2x","20250424-CbDRC2-p035-m2x_B07.TIF",0.971760797342193,"48h",10,"15hHB101","DMSO",1,"IVERMECTIN",0.00093,NA,NA,"ED3102","2_M",NA,NA,NA,"/vast/eande106/projects/Amanda/projects/cellprofiler-nf/projects/20250424_Cbriggsae_DRC2_IVM/Analysis-20250506/processed_images/","IVERMECTIN_ED3102",313.809227532965,250.064605944533,275.062543118216,302.386361995634,320.893356311648,28.0799562696233,333.892599272692,342.274008124607,348.135963452065,0.0894809769947686,16,"CbDRC2_2_M",52.4859193166899,268.407436994958,7.31754794366604,36.6799697195407,2.26265402559745e-80,55.9039306810422,-3.4180113643523
"CbDRC2_p035_B08","CbDRC2_2_M_ED3102_0.0018","CbDRC2","p035","B08",20250424,"p035_B08","m2x","20250424-CbDRC2-p035-m2x_B08.TIF",1.11111111111111,"48h",10,"15hHB101","DMSO",1,"IVERMECTIN",0.0018,NA,NA,"ED3102","2_M",NA,NA,NA,"/vast/eande106/projects/Amanda/projects/cellprofiler-nf/projects/20250424_Cbriggsae_DRC2_IVM/Analysis-20250506/processed_images/","IVERMECTIN_ED3102",249.45646733882,203.450375470095,229.811334744911,236.153299418153,253.655061101259,18.4734087937563,262.971051522036,269.81524612361,288.28738983893,0.0740546396364425,29,"CbDRC2_2_M",-14.7523758936984,268.407436994958,7.31754794366604,36.6799697195407,2.26265402559745e-80,55.9039306810422,-70.6563065747406
"CbDRC2_p035_B09","CbDRC2_2_M_ED3102_0.0037","CbDRC2","p035","B09",20250424,"p035_B09","m2x","20250424-CbDRC2-p035-m2x_B09.TIF",1.04899777282851,"48h",10,"15hHB101","DMSO",1,"IVERMECTIN",0.0037,NA,NA,"ED3102","2_M",NA,NA,NA,"/vast/eande106/projects/Amanda/projects/cellprofiler-nf/projects/20250424_Cbriggsae_DRC2_IVM/Analysis-20250506/processed_images/","IVERMECTIN_ED3102",227.111150330883,196.959932945436,203.669753697274,213.965144337618,225.941165890871,18.7143972845157,238.880321855886,249.73004481658,267.532089257083,0.0824019307605562,27,"CbDRC2_2_M",-42.4662711040866,268.407436994958,7.31754794366604,36.6799697195407,2.26265402559745e-80,55.9039306810422,-98.3702017851288
"CbDRC2_p035_B10","CbDRC2_2_M_ED3102_0.0075","CbDRC2","p035","B10",20250424,"p035_B10","m2x","20250424-CbDRC2-p035-m2x_B10.TIF",1.1280487804878,"48h",10,"15hHB101","DMSO",1,"IVERMECTIN",0.0075,NA,NA,"ED3102","2_M",NA,NA,NA,"/vast/eande106/projects/Amanda/projects/cellprofiler-nf/projects/20250424_Cbriggsae_DRC2_IVM/Analysis-20250506/processed_images/","IVERMECTIN_ED3102",212.68152934795,183.123065890871,193.105139476338,204.955948075289,216.508137444124,14.7908320025044,221.67272322075,228.057931285651,241.8012592443,0.0695445065109837,20,"CbDRC2_2_M",-51.8992995508338,268.407436994958,7.31754794366604,36.6799697195407,2.26265402559745e-80,55.9039306810422,-107.803230231876
"CbDRC2_p035_B11","CbDRC2_2_M_ED3102_0.015","CbDRC2","p035","B11",20250424,"p035_B11","m2x","20250424-CbDRC2-p035-m2x_B11.TIF",1.10544217687075,"48h",10,"15hHB101","DMSO",1,"IVERMECTIN",0.015,NA,NA,"ED3102","2_M",NA,NA,NA,"/vast/eande106/projects/Amanda/projects/cellprofiler-nf/projects/20250424_Cbriggsae_DRC2_IVM/Analysis-20250506/processed_images/","IVERMECTIN_ED3102",207.843369585897,174.203208443761,183.458736571655,192.653051812959,208.673480259706,18.7466618966497,221.916839548007,228.463103975027,244.008037153201,0.090196102642101,23,"CbDRC2_2_M",-59.7339567352514,268.407436994958,7.31754794366604,36.6799697195407,2.26265402559745e-80,55.9039306810422,-115.637887416294
"CbDRC2_p035_B12","CbDRC2_2_M_ED3102_0.03","CbDRC2","p035","B12",20250424,"p035_B12","m2x","20250424-CbDRC2-p035-m2x_B12.TIF",1.16403785488959,"48h",10,"15hHB101","DMSO",1,"IVERMECTIN",0.03,NA,NA,"ED3102","2_M",NA,NA,NA,"/vast/eande106/projects/Amanda/projects/cellprofiler-nf/projects/20250424_Cbriggsae_DRC2_IVM/Analysis-20250506/processed_images/","IVERMECTIN_ED3102",199.768316997637,170.045223366212,181.364857502309,188.112094628542,200.721785049318,17.6355101263879,208.439404207765,222.167954512172,238.372905358504,0.0882798152952178,25,"CbDRC2_2_M",-67.6856519456396,268.407436994958,7.31754794366604,36.6799697195407,2.26265402559745e-80,55.9039306810422,-123.589582626682
"CbDRC2_p035_C01","CbDRC2_2_M_NIC1667_0","CbDRC2","p035","C01",20250424,"p035_C01","m2x","20250424-CbDRC2-p035-m2x_C01.TIF",0.234896493451627,"48h",10,"15hHB101","DMSO",1,"IVERMECTIN",0,NA,NA,"NIC1667","2_M",NA,NA,NA,"/vast/eande106/projects/Amanda/projects/cellprofiler-nf/projects/20250424_Cbriggsae_DRC2_IVM/Analysis-20250506/processed_images/","IVERMECTIN_NIC1667",311.53414631731,234.234257960153,248.06903884785,250.527834500041,316.235361101259,55.7830259897968,337.83000841553,359.299587222157,450.283960519413,0.179059106840184,17,"CbDRC2_2_M",42.8425877089607,273.392773392299,6.41929624076494,42.5892127638778,3.70732816825189e-88,35.0543298531108,7.78825785584988
"CbDRC2_p035_C02","CbDRC2_2_M_NIC1667_2.9e-05","CbDRC2","p035","C02",20250424,"p035_C02","m2x","20250424-CbDRC2-p035-m2x_C02.TIF",0.239161505478799,"48h",10,"15hHB101","DMSO",1,"IVERMECTIN",2.9e-05,NA,NA,"NIC1667","2_M",NA,NA,NA,"/vast/eande106/projects/Amanda/projects/cellprofiler-nf/projects/20250424_Cbriggsae_DRC2_IVM/Analysis-20250506/processed_images/","IVERMECTIN_NIC1667",302.693558104391,249.938008753101,265.13147719729,294.075604207765,307.718556311648,24.3839669542398,319.66617967786,321.673150447744,341.785775470095,0.080556610147053,17,"CbDRC2_2_M",34.325782919349,273.392773392299,6.41929624076494,42.5892127638778,3.70732816825189e-88,35.0543298531108,-0.728546933761862
"CbDRC2_p035_C03","CbDRC2_2_M_NIC1667_5.8e-05","CbDRC2","p035","C03",20250424,"p035_C03","m2x","20250424-CbDRC2-p035-m2x_C03.TIF",0.148472936195948,"48h",10,"15hHB101","DMSO",1,"IVERMECTIN",5.8e-05,NA,NA,"NIC1667","2_M",NA,NA,NA,"/vast/eande106/projects/Amanda/projects/cellprofiler-nf/projects/20250424_Cbriggsae_DRC2_IVM/Analysis-20250506/processed_images/","IVERMECTIN_NIC1667",284.335041481943,198.004954995571,217.431805048441,262.946557254552,294.144163496065,42.3641314678158,316.30392038956,326.909967095016,349.737470680483,0.148993705619313,20,"CbDRC2_2_M",20.7513901037666,273.392773392299,6.41929624076494,42.5892127638778,3.70732816825189e-88,35.0543298531108,-14.3029397493442
"CbDRC2_p035_C05","CbDRC2_2_M_NIC1667_0.00023","CbDRC2","p035","C05",20250424,"p035_C05","m2x","20250424-CbDRC2-p035-m2x_C05.TIF",0.209515859766277,"48h",10,"15hHB101","DMSO",1,"IVERMECTIN",0.00023,NA,NA,"NIC1667","2_M",NA,NA,NA,"/vast/eande106/projects/Amanda/projects/cellprofiler-nf/projects/20250424_Cbriggsae_DRC2_IVM/Analysis-20250506/processed_images/","IVERMECTIN_NIC1667",272.566695087996,136.924671756176,198.48059205608,238.84761019478,274.147887444124,64.6318812472156,308.352225179171,354.578710622298,384.506917994754,0.237123179067603,18,"CbDRC2_2_M",0.755114051825318,273.392773392299,6.41929624076494,42.5892127638778,3.70732816825189e-88,35.0543298531108,-34.2992158012855
"CbDRC2_p035_C06","CbDRC2_2_M_NIC1667_0.00046","CbDRC2","p035","C06",20250424,"p035_C06","m2x","20250424-CbDRC2-p035-m2x_C06.TIF",0.440949935815148,"48h",10,"15hHB101","DMSO",1,"IVERMECTIN",0.00046,NA,NA,"NIC1667","2_M",NA,NA,NA,"/vast/eande106/projects/Amanda/projects/cellprofiler-nf/projects/20250424_Cbriggsae_DRC2_IVM/Analysis-20250506/processed_images/","IVERMECTIN_NIC1667",293.635293844063,134.379632945436,196.136610266278,246.716127076997,288.024915599948,86.0685362676902,358.574611622583,383.912504156198,459.034841360966,0.293113730100161,14,"CbDRC2_2_M",14.6321422076492,273.392773392299,6.41929624076494,42.5892127638778,3.70732816825189e-88,35.0543298531108,-20.4221876454617
"CbDRC2_p035_C07","CbDRC2_2_M_NIC1667_0.00093","CbDRC2","p035","C07",20250424,"p035_C07","m2x","20250424-CbDRC2-p035-m2x_C07.TIF",0.951219512195122,"48h",10,"15hHB101","DMSO",1,"IVERMECTIN",0.00093,NA,NA,"NIC1667","2_M",NA,NA,NA,"/vast/eande106/projects/Amanda/projects/cellprofiler-nf/projects/20250424_Cbriggsae_DRC2_IVM/Analysis-20250506/processed_images/","IVERMECTIN_NIC1667",333.130183494382,289.9827185766,302.908756195278,319.763137153201,336.699789257083,23.1828965433625,348.413336571354,359.221330447744,375.105730465665,0.069591101893514,25,"CbDRC2_2_M",63.3070158647846,273.392773392299,6.41929624076494,42.5892127638778,3.70732816825189e-88,35.0543298531108,28.2526860116738
"CbDRC2_p035_C08","CbDRC2_2_M_NIC1667_0.0018","CbDRC2","p035","C08",20250424,"p035_C08","m2x","20250424-CbDRC2-p035-m2x_C08.TIF",1.14516129032258,"48h",10,"15hHB101","DMSO",1,"IVERMECTIN",0.0018,NA,NA,"NIC1667","2_M",NA,NA,NA,"/vast/eande106/projects/Amanda/projects/cellprofiler-nf/projects/20250424_Cbriggsae_DRC2_IVM/Analysis-20250506/processed_images/","IVERMECTIN_NIC1667",264.695292591177,233.093675470095,243.912054149581,256.125681948377,265.2799685766,15.8751394992537,274.864314693468,283.48395841553,299.435827573977,0.0599751485712022,24,"CbDRC2_2_M",-8.11280481569839,273.392773392299,6.41929624076494,42.5892127638778,3.70732816825189e-88,35.0543298531108,-43.1671346688092
"CbDRC2_p035_C09","CbDRC2_2_M_NIC1667_0.0037","CbDRC2","p035","C09",20250424,"p035_C09","m2x","20250424-CbDRC2-p035-m2x_C09.TIF",1.13010204081633,"48h",10,"15hHB101","DMSO",1,"IVERMECTIN",0.0037,NA,NA,"NIC1667","2_M",NA,NA,NA,"/vast/eande106/projects/Amanda/projects/cellprofiler-nf/projects/20250424_Cbriggsae_DRC2_IVM/Analysis-20250506/processed_images/","IVERMECTIN_NIC1667",236.964202020341,204.24956110126,216.368380868521,225.985485810336,237.683111392183,14.7393333939095,247.574251667498,256.088516753067,260.904528155824,0.0622006753266651,38,"CbDRC2_2_M",-35.709662000116,273.392773392299,6.41929624076494,42.5892127638778,3.70732816825189e-88,35.0543298531108,-70.7639918532268
"CbDRC2_p035_C10","CbDRC2_2_M_NIC1667_0.0075","CbDRC2","p035","C10",20250424,"p035_C10","m2x","20250424-CbDRC2-p035-m2x_C10.TIF",1.27722772277228,"48h",10,"15hHB101","DMSO",1,"IVERMECTIN",0.0075,NA,NA,"NIC1667","2_M",NA,NA,NA,"/vast/eande106/projects/Amanda/projects/cellprofiler-nf/projects/20250424_Cbriggsae_DRC2_IVM/Analysis-20250506/processed_images/","IVERMECTIN_NIC1667",216.260246318024,191.405794628542,197.513683249843,207.801576522036,215.143842233736,14.9733128995531,222.554667233736,235.115047153201,249.893208997377,0.0692374726954389,28,"CbDRC2_2_M",-58.2489311585629,273.392773392299,6.41929624076494,42.5892127638778,3.70732816825189e-88,35.0543298531108,-93.3032610116737
"CbDRC2_p035_C11","CbDRC2_2_M_NIC1667_0.015","CbDRC2","p035","C11",20250424,"p035_C11","m2x","20250424-CbDRC2-p035-m2x_C11.TIF",1.12138728323699,"48h",10,"15hHB101","DMSO",1,"IVERMECTIN",0.015,NA,NA,"NIC1667","2_M",NA,NA,NA,"/vast/eande106/projects/Amanda/projects/cellprofiler-nf/projects/20250424_Cbriggsae_DRC2_IVM/Analysis-20250506/processed_images/","IVERMECTIN_NIC1667",207.5449393502,184.721437153201,189.352008648269,198.324228155824,207.480581996474,13.0654047128865,216.157023366212,223.243326239979,232.859599418153,0.062952171967155,25,"CbDRC2_2_M",-65.9121913958249,273.392773392299,6.41929624076494,42.5892127638778,3.70732816825189e-88,35.0543298531108,-100.966521248936
"CbDRC2_p035_C12","CbDRC2_2_M_NIC1667_0.03","CbDRC2","p035","C12",20250424,"p035_C12","m2x","20250424-CbDRC2-p035-m2x_C12.TIF",1.06896551724138,"48h",10,"15hHB101","DMSO",1,"IVERMECTIN",0.03,NA,NA,"NIC1667","2_M",NA,NA,NA,"/vast/eande106/projects/Amanda/projects/cellprofiler-nf/projects/20250424_Cbriggsae_DRC2_IVM/Analysis-20250506/processed_images/","IVERMECTIN_NIC1667",195.594997036494,162.658637735047,172.412129253437,188.184812735047,194.668155076149,16.3998512286824,204.156762444124,220.585647690347,225.141980259706,0.0838459647596329,32,"CbDRC2_2_M",-78.7246183161499,273.392773392299,6.41929624076494,42.5892127638778,3.70732816825189e-88,35.0543298531108,-113.778948169261
"CbDRC2_p035_D01","CbDRC2_2_M_ECA2666_0","CbDRC2","p035","D01",20250424,"p035_D01","m2x","20250424-CbDRC2-p035-m2x_D01.TIF",0.205615942028986,"48h",10,"15hHB101","DMSO",1,"IVERMECTIN",0,NA,NA,"ECA2666","2_M",NA,NA,NA,"/vast/eande106/projects/Amanda/projects/cellprofiler-nf/projects/20250424_Cbriggsae_DRC2_IVM/Analysis-20250506/processed_images/","IVERMECTIN_ECA2666",295.146000542977,213.000441942813,233.905009195253,252.514801667498,278.900713263799,60.2430561715855,349.776639957706,356.471325415852,392.12757967786,0.204112730854414,10,"CbDRC2_2_M",-0.0868380307412628,278.98755129454,11.0030188914742,25.3555459684538,2.81906072448704e-58,107.89177140159,-107.978609432331
"CbDRC2_p035_D02","CbDRC2_2_M_ECA2666_2.9e-05","CbDRC2","p035","D02",20250424,"p035_D02","m2x","20250424-CbDRC2-p035-m2x_D02.TIF",0.191811303960837,"48h",10,"15hHB101","DMSO",1,"IVERMECTIN",2.9e-05,NA,NA,"ECA2666","2_M",NA,NA,NA,"/vast/eande106/projects/Amanda/projects/cellprofiler-nf/projects/20250424_Cbriggsae_DRC2_IVM/Analysis-20250506/processed_images/","IVERMECTIN_ECA2666",284.712948773077,223.38397241725,234.361013205142,254.551204207765,276.882358048415,46.2430097250422,311.808555132729,331.585402309841,378.290712623295,0.162419763218774,11,"CbDRC2_2_M",-2.10519324612483,278.98755129454,11.0030188914742,25.3555459684538,2.81906072448704e-58,107.89177140159,-109.996964647714
"CbDRC2_p035_D03","CbDRC2_2_M_ECA2666_5.8e-05","CbDRC2","p035","D03",20250424,"p035_D03","m2x","20250424-CbDRC2-p035-m2x_D03.TIF",0.232933579335793,"48h",10,"15hHB101","DMSO",1,"IVERMECTIN",5.8e-05,NA,NA,"ECA2666","2_M",NA,NA,NA,"/vast/eande106/projects/Amanda/projects/cellprofiler-nf/projects/20250424_Cbriggsae_DRC2_IVM/Analysis-20250506/processed_images/","IVERMECTIN_ECA2666",379.086607324357,137.342299418154,231.404681971364,275.337311033116,332.606903625919,156.845948483239,525.116326069506,584.640084567726,654.660584547354,0.413747005177204,14,"CbDRC2_2_M",53.6193523313786,278.98755129454,11.0030188914742,25.3555459684538,2.81906072448704e-58,107.89177140159,-54.2724190702109
"CbDRC2_p035_D04","CbDRC2_2_M_ECA2666_0.00011","CbDRC2","p035","D04",20250424,"p035_D04","m2x","20250424-CbDRC2-p035-m2x_D04.TIF",0.238996297819827,"48h",10,"15hHB101","DMSO",1,"IVERMECTIN",0.00011,NA,NA,"ECA2666","2_M",NA,NA,NA,"/vast/eande106/projects/Amanda/projects/cellprofiler-nf/projects/20250424_Cbriggsae_DRC2_IVM/Analysis-20250506/processed_images/","IVERMECTIN_ECA2666",329.408297748768,201.755046732424,256.876459467706,298.460702786515,320.562322784365,79.5158379954398,368.920869794319,407.044523625919,484.956450358343,0.241389905897527,9,"CbDRC2_2_M",41.5747714898255,278.98755129454,11.0030188914742,25.3555459684538,2.81906072448704e-58,107.89177140159,-66.316999911764
"CbDRC2_p035_D05","CbDRC2_2_M_ECA2666_0.00023","CbDRC2","p035","D05",20250424,"p035_D05","m2x","20250424-CbDRC2-p035-m2x_D05.TIF",0.268957992362248,"48h",10,"15hHB101","DMSO",1,"IVERMECTIN",0.00023,NA,NA,"ECA2666","2_M",NA,NA,NA,"/vast/eande106/projects/Amanda/projects/cellprofiler-nf/projects/20250424_Cbriggsae_DRC2_IVM/Analysis-20250506/processed_images/","IVERMECTIN_ECA2666",265.836801682655,232.528565890871,236.197346755009,243.539885049318,252.355865337255,32.9796710309236,271.552955758032,318.098759731521,320.733719731521,0.124059839804623,9,"CbDRC2_2_M",-26.6316859572847,278.98755129454,11.0030188914742,25.3555459684538,2.81906072448704e-58,107.89177140159,-134.523457358874
"CbDRC2_p035_D06","CbDRC2_2_M_ECA2666_0.00046","CbDRC2","p035","D06",20250424,"p035_D06","m2x","20250424-CbDRC2-p035-m2x_D06.TIF",0.470134874759152,"48h",10,"15hHB101","DMSO",1,"IVERMECTIN",0.00046,NA,NA,"ECA2666","2_M",NA,NA,NA,"/vast/eande106/projects/Amanda/projects/cellprofiler-nf/projects/20250424_Cbriggsae_DRC2_IVM/Analysis-20250506/processed_images/","IVERMECTIN_ECA2666",343.323625286842,179.829365890871,225.933334216726,266.030675470095,301.696265890871,112.549623219061,434.049536571354,486.884477036832,527.306398254461,0.327823706058758,13,"CbDRC2_2_M",22.7087145963314,278.98755129454,11.0030188914742,25.3555459684538,2.81906072448704e-58,107.89177140159,-85.1830568052582
"CbDRC2_p035_D07","CbDRC2_2_M_ECA2666_0.00093","CbDRC2","p035","D07",20250424,"p035_D07","m2x","20250424-CbDRC2-p035-m2x_D07.TIF",0.954545454545455,"48h",10,"15hHB101","DMSO",1,"IVERMECTIN",0.00093,NA,NA,"ECA2666","2_M",NA,NA,NA,"/vast/eande106/projects/Amanda/projects/cellprofiler-nf/projects/20250424_Cbriggsae_DRC2_IVM/Analysis-20250506/processed_images/","IVERMECTIN_ECA2666",352.107236899688,293.744570680483,307.946779469652,339.977819480887,355.514426047555,30.7230636359977,369.164478334995,385.993930868521,397.019650940189,0.0872548485697566,12,"CbDRC2_2_M",76.5268747530151,278.98755129454,11.0030188914742,25.3555459684538,2.81906072448704e-58,107.89177140159,-31.3648966485744
"CbDRC2_p035_D08","CbDRC2_2_M_ECA2666_0.0018","CbDRC2","p035","D08",20250424,"p035_D08","m2x","20250424-CbDRC2-p035-m2x_D08.TIF",1.25187032418953,"48h",10,"15hHB101","DMSO",1,"IVERMECTIN",0.0018,NA,NA,"ECA2666","2_M",NA,NA,NA,"/vast/eande106/projects/Amanda/projects/cellprofiler-nf/projects/20250424_Cbriggsae_DRC2_IVM/Analysis-20250506/processed_images/","IVERMECTIN_ECA2666",261.967897814522,200.156675470095,224.38960983893,245.820403916842,254.123213205142,31.1196928024234,285.179287153201,292.326806150578,321.926617994754,0.118792008723362,23,"CbDRC2_2_M",-24.8643380893978,278.98755129454,11.0030188914742,25.3555459684538,2.81906072448704e-58,107.89177140159,-132.756109490987
"CbDRC2_p035_D09","CbDRC2_2_M_ECA2666_0.0037","CbDRC2","p035","D09",20250424,"p035_D09","m2x","20250424-CbDRC2-p035-m2x_D09.TIF",1.21489971346705,"48h",10,"15hHB101","DMSO",1,"IVERMECTIN",0.0037,NA,NA,"ECA2666","2_M",NA,NA,NA,"/vast/eande106/projects/Amanda/projects/cellprofiler-nf/projects/20250424_Cbriggsae_DRC2_IVM/Analysis-20250506/processed_images/","IVERMECTIN_ECA2666",220.284188641527,196.628899418153,207.201842770882,217.375882363589,221.331649418153,11.8518249029873,228.167324563615,231.561510913222,234.126937153201,0.053802431196158,8,"CbDRC2_2_M",-57.6559018763865,278.98755129454,11.0030188914742,25.3555459684538,2.81906072448704e-58,107.89177140159,-165.547673277976
"CbDRC2_p035_D10","CbDRC2_2_M_ECA2666_0.0075","CbDRC2","p035","D10",20250424,"p035_D10","m2x","20250424-CbDRC2-p035-m2x_D10.TIF",1.24595469255663,"48h",10,"15hHB101","DMSO",1,"IVERMECTIN",0.0075,NA,NA,"ECA2666","2_M",NA,NA,NA,"/vast/eande106/projects/Amanda/projects/cellprofiler-nf/projects/20250424_Cbriggsae_DRC2_IVM/Analysis-20250506/processed_images/","IVERMECTIN_ECA2666",207.983252864901,198.792380259706,199.835337690347,203.591652864901,208.273887444124,6.78724894963679,211.178034903857,216.22391912723,219.918875470095,0.0326336320648162,12,"CbDRC2_2_M",-70.7136638504158,278.98755129454,11.0030188914742,25.3555459684538,2.81906072448704e-58,107.89177140159,-178.605435252005
"CbDRC2_p035_D11","CbDRC2_2_M_ECA2666_0.015","CbDRC2","p035","D11",20250424,"p035_D11","m2x","20250424-CbDRC2-p035-m2x_D11.TIF",1.26071428571429,"48h",10,"15hHB101","DMSO",1,"IVERMECTIN",0.015,NA,NA,"ECA2666","2_M",NA,NA,NA,"/vast/eande106/projects/Amanda/projects/cellprofiler-nf/projects/20250424_Cbriggsae_DRC2_IVM/Analysis-20250506/processed_images/","IVERMECTIN_ECA2666",190.820494527305,166.186413786989,176.246942954396,185.617580259707,191.1717185766,12.2963319867279,198.227270680483,203.676419301784,212.53228983893,0.0644392627594225,13,"CbDRC2_2_M",-87.8158327179395,278.98755129454,11.0030188914742,25.3555459684538,2.81906072448704e-58,107.89177140159,-195.707604119529
"CbDRC2_p035_D12","CbDRC2_2_M_ECA2666_0.03","CbDRC2","p035","D12",20250424,"p035_D12","m2x","20250424-CbDRC2-p035-m2x_D12.TIF",0.641732283464567,"48h",10,"15hHB101","DMSO",1,"IVERMECTIN",0.03,NA,NA,"ECA2666","2_M",NA,NA,NA,"/vast/eande106/projects/Amanda/projects/cellprofiler-nf/projects/20250424_Cbriggsae_DRC2_IVM/Analysis-20250506/processed_images/","IVERMECTIN_ECA2666",176.919468146181,151.413242524659,158.507577618678,168.665723005186,178.913142233736,14.6320299412535,185.641819628542,191.037457267929,202.086080259707,0.0827044648877402,12,"CbDRC2_2_M",-100.074409060804,278.98755129454,11.0030188914742,25.3555459684538,2.81906072448704e-58,107.89177140159,-207.966180462394
"CbDRC2_p035_E01","CbDRC2_2_M_VX34_0","CbDRC2","p035","E01",20250424,"p035_E01","m2x","20250424-CbDRC2-p035-m2x_E01.TIF",0.298501070663812,"48h",10,"15hHB101","DMSO",1,"IVERMECTIN",0,NA,NA,"VX34","2_M",NA,NA,NA,"/vast/eande106/projects/Amanda/projects/cellprofiler-nf/projects/20250424_Cbriggsae_DRC2_IVM/Analysis-20250506/processed_images/","IVERMECTIN_VX34",354.414540091132,335.997561101259,336.862953437881,338.161041942812,363.458150687935,16.0787040969534,364.019971835404,367.86957366711,370.435974888248,0.0453669426000948,5,"CbDRC2_2_M",97.8314768590308,265.626673828904,8.85939568876882,29.9824822324668,1.53317162666117e-63,51.2454123449688,46.586064514062
"CbDRC2_p035_E02","CbDRC2_2_M_VX34_2.9e-05","CbDRC2","p035","E02",20250424,"p035_E02","m2x","20250424-CbDRC2-p035-m2x_E02.TIF",0.228581220013708,"48h",10,"15hHB101","DMSO",1,"IVERMECTIN",2.9e-05,NA,NA,"VX34","2_M",NA,NA,NA,"/vast/eande106/projects/Amanda/projects/cellprofiler-nf/projects/20250424_Cbriggsae_DRC2_IVM/Analysis-20250506/processed_images/","IVERMECTIN_VX34",342.122938245683,205.23096220459,264.766126634341,288.853055633635,330.383952341365,80.1584903134584,388.650668726422,425.586280938287,493.126912199176,0.234297328102261,12,"CbDRC2_2_M",64.7572785124611,265.626673828904,8.85939568876882,29.9824822324668,1.53317162666117e-63,51.2454123449688,13.5118661674923
"CbDRC2_p035_E03","CbDRC2_2_M_VX34_5.8e-05","CbDRC2","p035","E03",20250424,"p035_E03","m2x","20250424-CbDRC2-p035-m2x_E03.TIF",1.19918699186992,"48h",10,"15hHB101","DMSO",1,"IVERMECTIN",5.8e-05,NA,NA,"VX34","2_M",NA,NA,NA,"/vast/eande106/projects/Amanda/projects/cellprofiler-nf/projects/20250424_Cbriggsae_DRC2_IVM/Analysis-20250506/processed_images/","IVERMECTIN_VX34",260.398529182446,150.283023366212,152.494982945436,173.938312589586,246.902144337618,105.478491736536,328.021626522036,381.798460264285,413.625373796145,0.405065620254072,6,"CbDRC2_2_M",-18.7245294912857,265.626673828904,8.85939568876882,29.9824822324668,1.53317162666117e-63,51.2454123449688,-69.9699418362545
"CbDRC2_p035_E04","CbDRC2_2_M_VX34_0.00011","CbDRC2","p035","E04",20250424,"p035_E04","m2x","20250424-CbDRC2-p035-m2x_E04.TIF",0.228056112224449,"48h",10,"15hHB101","DMSO",1,"IVERMECTIN",0.00011,NA,NA,"VX34","2_M",NA,NA,NA,"/vast/eande106/projects/Amanda/projects/cellprofiler-nf/projects/20250424_Cbriggsae_DRC2_IVM/Analysis-20250506/processed_images/","IVERMECTIN_VX34",285.444794925421,206.210108295339,226.910698745799,257.961584421491,309.713060547644,70.3149760722834,325.062138240463,334.271584856155,340.411215933282,0.246334763577156,3,"CbDRC2_2_M",44.0863867187395,265.626673828904,8.85939568876882,29.9824822324668,1.53317162666117e-63,51.2454123449688,-7.15902562622934
"CbDRC2_p035_E05","CbDRC2_2_M_VX34_0.00023","CbDRC2","p035","E05",20250424,"p035_E05","m2x","20250424-CbDRC2-p035-m2x_E05.TIF",0.215925394548063,"48h",10,"15hHB101","DMSO",1,"IVERMECTIN",0.00023,NA,NA,"VX34","2_M",NA,NA,NA,"/vast/eande106/projects/Amanda/projects/cellprofiler-nf/projects/20250424_Cbriggsae_DRC2_IVM/Analysis-20250506/processed_images/","IVERMECTIN_VX34",264.313311466217,133.162188304593,162.53453979694,229.850346831372,281.037922784366,78.6183523015612,310.548861994892,333.379669720628,355.194651522036,0.297443786941505,7,"CbDRC2_2_M",15.4112489554615,265.626673828904,8.85939568876882,29.9824822324668,1.53317162666117e-63,51.2454123449688,-35.8341633895073
"CbDRC2_p035_E06","CbDRC2_2_M_VX34_0.00046","CbDRC2","p035","E06",20250424,"p035_E06","m2x","20250424-CbDRC2-p035-m2x_E06.TIF",0.186915887850467,"48h",10,"15hHB101","DMSO",1,"IVERMECTIN",0.00046,NA,NA,"VX34","2_M",NA,NA,NA,"/vast/eande106/projects/Amanda/projects/cellprofiler-nf/projects/20250424_Cbriggsae_DRC2_IVM/Analysis-20250506/processed_images/","IVERMECTIN_VX34",248.95715674584,165.227591575697,191.656522375181,231.299918574407,270.805708706454,58.2499637573947,288.462946877886,288.778949548007,288.989617994754,0.233975855600175,4,"CbDRC2_2_M",5.17903487754957,265.626673828904,8.85939568876882,29.9824822324668,1.53317162666117e-63,51.2454123449688,-46.0663774674192
"CbDRC2_p035_E07","CbDRC2_2_M_VX34_0.00093","CbDRC2","p035","E07",20250424,"p035_E07","m2x","20250424-CbDRC2-p035-m2x_E07.TIF",1.13109243697479,"48h",10,"15hHB101","DMSO",1,"IVERMECTIN",0.00093,NA,NA,"VX34","2_M",NA,NA,NA,"/vast/eande106/projects/Amanda/projects/cellprofiler-nf/projects/20250424_Cbriggsae_DRC2_IVM/Analysis-20250506/processed_images/","IVERMECTIN_VX34",345.835374510418,324.889284467472,327.375766616055,331.10548983893,338.469557466569,20.3497158009775,364.17960841553,367.991602784366,370.532932363589,0.0588422044152818,5,"CbDRC2_2_M",72.8428836376645,265.626673828904,8.85939568876882,29.9824822324668,1.53317162666117e-63,51.2454123449688,21.5974712926957
"CbDRC2_p035_E08","CbDRC2_2_M_VX34_0.0018","CbDRC2","p035","E08",20250424,"p035_E08","m2x","20250424-CbDRC2-p035-m2x_E08.TIF",1.06511627906977,"48h",10,"15hHB101","DMSO",1,"IVERMECTIN",0.0018,NA,NA,"VX34","2_M",NA,NA,NA,"/vast/eande106/projects/Amanda/projects/cellprofiler-nf/projects/20250424_Cbriggsae_DRC2_IVM/Analysis-20250506/processed_images/","IVERMECTIN_VX34",247.635666755502,234.067066089958,234.944665990415,238.575095680483,247.681249418153,13.0960749931518,249.610070829798,260.281084857938,270.591713205142,0.0528844457857598,6,"CbDRC2_2_M",-17.9454244107507,265.626673828904,8.85939568876882,29.9824822324668,1.53317162666117e-63,51.2454123449688,-69.1908367557195
"CbDRC2_p035_E09","CbDRC2_2_M_VX34_0.0037","CbDRC2","p035","E09",20250424,"p035_E09","m2x","20250424-CbDRC2-p035-m2x_E09.TIF",1.10583941605839,"48h",10,"15hHB101","DMSO",1,"IVERMECTIN",0.0037,NA,NA,"VX34","2_M",NA,NA,NA,"/vast/eande106/projects/Amanda/projects/cellprofiler-nf/projects/20250424_Cbriggsae_DRC2_IVM/Analysis-20250506/processed_images/","IVERMECTIN_VX34",213.011801217629,171.643594628542,178.737929722561,189.379432363589,220.483985049318,32.8591377192571,228.766713786989,244.377853670619,254.785280259706,0.15425970547841,5,"CbDRC2_2_M",-45.1426887795858,265.626673828904,8.85939568876882,29.9824822324668,1.53317162666117e-63,51.2454123449688,-96.3881011245546
"CbDRC2_p035_E10","CbDRC2_2_M_VX34_0.0075","CbDRC2","p035","E10",20250424,"p035_E10","m2x","20250424-CbDRC2-p035-m2x_E10.TIF",1.23880597014925,"48h",10,"15hHB101","DMSO",1,"IVERMECTIN",0.0075,NA,NA,"VX34","2_M",NA,NA,NA,"/vast/eande106/projects/Amanda/projects/cellprofiler-nf/projects/20250424_Cbriggsae_DRC2_IVM/Analysis-20250506/processed_images/","IVERMECTIN_VX34",198.675342233736,182.557956311648,187.048082175551,193.783270971406,200.370670971406,12.1611845296169,205.262742233736,208.946339301784,211.402070680483,0.0612113430528768,4,"CbDRC2_2_M",-65.2560028574978,265.626673828904,8.85939568876882,29.9824822324668,1.53317162666117e-63,51.2454123449688,-116.501415202467
"CbDRC2_p035_E11","CbDRC2_2_M_VX34_0.015","CbDRC2","p035","E11",20250424,"p035_E11","m2x","20250424-CbDRC2-p035-m2x_E11.TIF",1.15723270440252,"48h",10,"15hHB101","DMSO",1,"IVERMECTIN",0.015,NA,NA,"VX34","2_M",NA,NA,NA,"/vast/eande106/projects/Amanda/projects/cellprofiler-nf/projects/20250424_Cbriggsae_DRC2_IVM/Analysis-20250506/processed_images/","IVERMECTIN_VX34",183.758354023227,177.431808997377,178.513549418153,180.235193292735,182.437458443761,5.96248474811999,185.492577726497,190.324054207765,194.231342524659,0.0324474213965061,6,"CbDRC2_2_M",-83.1892153851431,265.626673828904,8.85939568876882,29.9824822324668,1.53317162666117e-63,51.2454123449688,-134.434627730112
"CbDRC2_p035_E12","CbDRC2_2_M_VX34_0.03","CbDRC2","p035","E12",20250424,"p035_E12","m2x","20250424-CbDRC2-p035-m2x_E12.TIF",1.02180685358255,"48h",10,"15hHB101","DMSO",1,"IVERMECTIN",0.03,NA,NA,"VX34","2_M",NA,NA,NA,"/vast/eande106/projects/Amanda/projects/cellprofiler-nf/projects/20250424_Cbriggsae_DRC2_IVM/Analysis-20250506/processed_images/","IVERMECTIN_VX34",189.993020680483,176.769741942813,178.096917690347,180.087681311648,184.652877864901,16.6052411598117,194.558217233736,206.161237923085,213.896585049318,0.0873992165624719,4,"CbDRC2_2_M",-80.9737959640034,265.626673828904,8.85939568876882,29.9824822324668,1.53317162666117e-63,51.2454123449688,-132.219208308972
"CbDRC2_p035_F02","CbDRC2_2_M_PB420_2.9e-05","CbDRC2","p035","F02",20250424,"p035_F02","m2x","20250424-CbDRC2-p035-m2x_F02.TIF",0.232391396035428,"48h",10,"15hHB101","DMSO",1,"IVERMECTIN",2.9e-05,NA,NA,"PB420","2_M",NA,NA,NA,"/vast/eande106/projects/Amanda/projects/cellprofiler-nf/projects/20250424_Cbriggsae_DRC2_IVM/Analysis-20250506/processed_images/","IVERMECTIN_PB420",297.242151265123,218.320504207765,255.62854130089,280.86236574541,299.731178190205,37.1409355816322,316.011325324633,326.102749243599,374.391741942812,0.124951778957166,14,"CbDRC2_2_M",48.3584110583153,251.372767131889,7.55331557529098,33.2797914539941,4.57416319600912e-74,72.6719520184893,-24.3135409601739
"CbDRC2_p035_F03","CbDRC2_2_M_PB420_5.8e-05","CbDRC2","p035","F03",20250424,"p035_F03","m2x","20250424-CbDRC2-p035-m2x_F03.TIF",0.231916480238628,"48h",10,"15hHB101","DMSO",1,"IVERMECTIN",5.8e-05,NA,NA,"PB420","2_M",NA,NA,NA,"/vast/eande106/projects/Amanda/projects/cellprofiler-nf/projects/20250424_Cbriggsae_DRC2_IVM/Analysis-20250506/processed_images/","IVERMECTIN_PB420",336.342165156251,288.219767793466,297.093886519834,326.30205841553,339.525337153201,30.510478137902,346.834099823215,371.487113602561,380.179375718729,0.0907126173839314,8,"CbDRC2_2_M",88.1525700213113,251.372767131889,7.55331557529098,33.2797914539941,4.57416319600912e-74,72.6719520184893,15.4806180028221
"CbDRC2_p035_F04","CbDRC2_2_M_PB420_0.00011","CbDRC2","p035","F04",20250424,"p035_F04","m2x","20250424-CbDRC2-p035-m2x_F04.TIF",0.196739130434783,"48h",10,"15hHB101","DMSO",1,"IVERMECTIN",0.00011,NA,NA,"PB420","2_M",NA,NA,NA,"/vast/eande106/projects/Amanda/projects/cellprofiler-nf/projects/20250424_Cbriggsae_DRC2_IVM/Analysis-20250506/processed_images/","IVERMECTIN_PB420",273.994083815996,136.616031128578,193.335199418153,240.471943164813,282.22306186703,70.7290611650306,335.783565599948,339.759413205142,371.075523939286,0.258140833480658,11,"CbDRC2_2_M",30.850294735141,251.372767131889,7.55331557529098,33.2797914539941,4.57416319600912e-74,72.6719520184893,-41.8216572833482
"CbDRC2_p035_F05","CbDRC2_2_M_PB420_0.00023","CbDRC2","p035","F05",20250424,"p035_F05","m2x","20250424-CbDRC2-p035-m2x_F05.TIF",0.171630677587491,"48h",10,"15hHB101","DMSO",1,"IVERMECTIN",0.00023,NA,NA,"PB420","2_M",NA,NA,NA,"/vast/eande106/projects/Amanda/projects/cellprofiler-nf/projects/20250424_Cbriggsae_DRC2_IVM/Analysis-20250506/processed_images/","IVERMECTIN_PB420",301.290521552882,242.974775470095,250.45097541191,266.083027097689,298.402565890871,49.279725774925,325.087610192587,350.401641439212,391.296536017738,0.163562150979501,8,"CbDRC2_2_M",47.0297987589817,251.372767131889,7.55331557529098,33.2797914539941,4.57416319600912e-74,72.6719520184893,-25.6421532595075
"CbDRC2_p035_F06","CbDRC2_2_M_PB420_0.00046","CbDRC2","p035","F06",20250424,"p035_F06","m2x","20250424-CbDRC2-p035-m2x_F06.TIF",0.526527331189711,"48h",10,"15hHB101","DMSO",1,"IVERMECTIN",0.00046,NA,NA,"PB420","2_M",NA,NA,NA,"/vast/eande106/projects/Amanda/projects/cellprofiler-nf/projects/20250424_Cbriggsae_DRC2_IVM/Analysis-20250506/processed_images/","IVERMECTIN_PB420",259.659346739482,144.494808997377,151.016002291921,174.172388641527,202.086080259706,131.341113759694,314.70554912723,423.95735574674,518.645555204416,0.505820858786454,8,"CbDRC2_2_M",-49.286686872183,251.372767131889,7.55331557529098,33.2797914539941,4.57416319600912e-74,72.6719520184893,-121.958638890672
"CbDRC2_p035_F07","CbDRC2_2_M_PB420_0.00093","CbDRC2","p035","F07",20250424,"p035_F07","m2x","20250424-CbDRC2-p035-m2x_F07.TIF",0.977031802120141,"48h",10,"15hHB101","DMSO",1,"IVERMECTIN",0.00093,NA,NA,"PB420","2_M",NA,NA,NA,"/vast/eande106/projects/Amanda/projects/cellprofiler-nf/projects/20250424_Cbriggsae_DRC2_IVM/Analysis-20250506/processed_images/","IVERMECTIN_PB420",307.741351304371,269.558451522036,279.191008023706,289.959516749118,308.308928111824,23.7106449509894,321.029127418556,338.315199431637,351.016568782559,0.0770473153851153,14,"CbDRC2_2_M",56.9361609799344,251.372767131889,7.55331557529098,33.2797914539941,4.57416319600912e-74,72.6719520184893,-15.7357910385548
"CbDRC2_p035_F08","CbDRC2_2_M_PB420_0.0018","CbDRC2","p035","F08",20250424,"p035_F08","m2x","20250424-CbDRC2-p035-m2x_F08.TIF",1.09604519774011,"48h",10,"15hHB101","DMSO",1,"IVERMECTIN",0.0018,NA,NA,"PB420","2_M",NA,NA,NA,"/vast/eande106/projects/Amanda/projects/cellprofiler-nf/projects/20250424_Cbriggsae_DRC2_IVM/Analysis-20250506/processed_images/","IVERMECTIN_PB420",220.651707200176,190.275575470095,194.842880096745,202.459963023778,223.164096732424,22.245946965091,235.140118285677,244.471484091396,253.558103625919,0.100819283237675,8,"CbDRC2_2_M",-28.2086703994652,251.372767131889,7.55331557529098,33.2797914539941,4.57416319600912e-74,72.6719520184893,-100.880622417954
"CbDRC2_p035_F09","CbDRC2_2_M_PB420_0.0037","CbDRC2","p035","F09",20250424,"p035_F09","m2x","20250424-CbDRC2-p035-m2x_F09.TIF",1.18975903614458,"48h",10,"15hHB101","DMSO",1,"IVERMECTIN",0.0037,NA,NA,"PB420","2_M",NA,NA,NA,"/vast/eande106/projects/Amanda/projects/cellprofiler-nf/projects/20250424_Cbriggsae_DRC2_IVM/Analysis-20250506/processed_images/","IVERMECTIN_PB420",219.48602250348,198.889337735047,210.538341871144,213.35571483893,217.402712567586,10.6798083842674,223.505170535021,235.935287806716,239.915151522036,0.0486582619815713,20,"CbDRC2_2_M",-33.9700545643036,251.372767131889,7.55331557529098,33.2797914539941,4.57416319600912e-74,72.6719520184893,-106.642006582793
"CbDRC2_p035_F10","CbDRC2_2_M_PB420_0.0075","CbDRC2","p035","F10",20250424,"p035_F10","m2x","20250424-CbDRC2-p035-m2x_F10.TIF",1.01769911504425,"48h",10,"15hHB101","DMSO",1,"IVERMECTIN",0.0075,NA,NA,"PB420","2_M",NA,NA,NA,"/vast/eande106/projects/Amanda/projects/cellprofiler-nf/projects/20250424_Cbriggsae_DRC2_IVM/Analysis-20250506/processed_images/","IVERMECTIN_PB420",192.843957095306,160.398199418153,169.281493670619,180.916287981971,191.939046178808,18.387965891827,203.732930259707,216.855644043319,218.054570126867,0.095351527570757,15,"CbDRC2_2_M",-59.4337209530811,251.372767131889,7.55331557529098,33.2797914539941,4.57416319600912e-74,72.6719520184893,-132.10567297157
"CbDRC2_p035_F11","CbDRC2_2_M_PB420_0.015","CbDRC2","p035","F11",20250424,"p035_F11","m2x","20250424-CbDRC2-p035-m2x_F11.TIF",1.12297734627832,"48h",10,"15hHB101","DMSO",1,"IVERMECTIN",0.015,NA,NA,"PB420","2_M",NA,NA,NA,"/vast/eande106/projects/Amanda/projects/cellprofiler-nf/projects/20250424_Cbriggsae_DRC2_IVM/Analysis-20250506/processed_images/","IVERMECTIN_PB420",188.897757808541,168.915004207765,173.413362838027,178.187697561194,190.44697241725,12.1545075239616,197.194008997377,203.119341942813,212.766365890871,0.06434437160594,21,"CbDRC2_2_M",-60.9257947146391,251.372767131889,7.55331557529098,33.2797914539941,4.57416319600912e-74,72.6719520184893,-133.597746733128
"CbDRC2_p035_F12","CbDRC2_2_M_PB420_0.03","CbDRC2","p035","F12",20250424,"p035_F12","m2x","20250424-CbDRC2-p035-m2x_F12.TIF",1.16725978647687,"48h",10,"15hHB101","DMSO",1,"IVERMECTIN",0.03,NA,NA,"PB420","2_M",NA,NA,NA,"/vast/eande106/projects/Amanda/projects/cellprofiler-nf/projects/20250424_Cbriggsae_DRC2_IVM/Analysis-20250506/processed_images/","IVERMECTIN_PB420",181.609334601071,166.082536627815,173.00788983893,176.491345971406,180.559992233736,8.30605103918676,187.688262444124,190.887595803945,199.123413786989,0.0457358156034881,16,"CbDRC2_2_M",-70.8127748981536,251.372767131889,7.55331557529098,33.2797914539941,4.57416319600912e-74,72.6719520184893,-143.484726916643
"CbDRC2_p036_A01","CbDRC2_2_M_JU3237_0","CbDRC2","p036","A01",20250424,"p036_A01","m2x","20250424-CbDRC2-p036-m2x_A01.TIF",0.266694843617921,"48h",10,"15hHB101","DMSO",1,"IVERMECTIN",0,NA,NA,"JU3237","2_M",NA,NA,NA,"/vast/eande106/projects/Amanda/projects/cellprofiler-nf/projects/20250424_Cbriggsae_DRC2_IVM/Analysis-20250506/processed_images/","IVERMECTIN_JU3237",302.225507953582,232.29448983893,253.749183133376,288.190432363589,301.696265890871,36.4013103001119,323.056837153201,342.62794777192,371.121215371076,0.120444202564473,17,"CbDRC2_2_M",31.2221976268687,270.474068264002,7.66333315233897,35.2945725948832,5.80687863474336e-78,37.6027016723173,-6.38050404544867
"CbDRC2_p036_A03","CbDRC2_2_M_JU3237_5.8e-05","CbDRC2","p036","A03",20250424,"p036_A03","m2x","20250424-CbDRC2-p036-m2x_A03.TIF",0.314720812182741,"48h",10,"15hHB101","DMSO",1,"IVERMECTIN",5.8e-05,NA,NA,"JU3237","2_M",NA,NA,NA,"/vast/eande106/projects/Amanda/projects/cellprofiler-nf/projects/20250424_Cbriggsae_DRC2_IVM/Analysis-20250506/processed_images/","IVERMECTIN_JU3237",321.133055377037,258.215795529369,278.875896888631,296.025089548007,318.467401231113,37.7052038731963,339.584202013304,378.592658907975,385.717659867697,0.11741302628883,18,"CbDRC2_2_M",47.9933329671102,270.474068264002,7.66333315233897,35.2945725948832,5.80687863474336e-78,37.6027016723173,10.3906312947929
"CbDRC2_p036_A04","CbDRC2_2_M_JU3237_0.00011","CbDRC2","p036","A04",20250424,"p036_A04","m2x","20250424-CbDRC2-p036-m2x_A04.TIF",0.221132411948284,"48h",10,"15hHB101","DMSO",1,"IVERMECTIN",0.00011,NA,NA,"JU3237","2_M",NA,NA,NA,"/vast/eande106/projects/Amanda/projects/cellprofiler-nf/projects/20250424_Cbriggsae_DRC2_IVM/Analysis-20250506/processed_images/","IVERMECTIN_JU3237",300.716943080748,248.197880259706,265.925685774502,271.390898836307,289.417608997377,45.2614026257559,317.736774888248,351.039776301306,397.961126339093,0.150511647804302,9,"CbDRC2_2_M",18.9435407333744,270.474068264002,7.66333315233897,35.2945725948832,5.80687863474336e-78,37.6027016723173,-18.6591609389429
"CbDRC2_p036_A05","CbDRC2_2_M_JU3237_0.00023","CbDRC2","p036","A05",20250424,"p036_A05","m2x","20250424-CbDRC2-p036-m2x_A05.TIF",0.392996108949416,"48h",10,"15hHB101","DMSO",1,"IVERMECTIN",0.00023,NA,NA,"JU3237","2_M",NA,NA,NA,"/vast/eande106/projects/Amanda/projects/cellprofiler-nf/projects/20250424_Cbriggsae_DRC2_IVM/Analysis-20250506/processed_images/","IVERMECTIN_JU3237",300.502573631525,213.379317973492,253.379618446476,280.06007271613,315.670251522036,33.7307217880005,322.678794297329,328.132153146957,332.372827573977,0.112247696851212,20,"CbDRC2_2_M",45.1961832580335,270.474068264002,7.66333315233897,35.2945725948832,5.80687863474336e-78,37.6027016723173,7.59348158571618
"CbDRC2_p036_A06","CbDRC2_2_M_JU3237_0.00046","CbDRC2","p036","A06",20250424,"p036_A06","m2x","20250424-CbDRC2-p036-m2x_A06.TIF",0.24603497356649,"48h",10,"15hHB101","DMSO",1,"IVERMECTIN",0.00046,NA,NA,"JU3237","2_M",NA,NA,NA,"/vast/eande106/projects/Amanda/projects/cellprofiler-nf/projects/20250424_Cbriggsae_DRC2_IVM/Analysis-20250506/processed_images/","IVERMECTIN_JU3237",289.1143495934,168.349894628542,245.834115774502,259.45331574541,295.556937444124,51.5672430460655,312.717625324633,334.001562388665,389.164913205142,0.178362793540299,14,"CbDRC2_2_M",25.0828691801216,270.474068264002,7.66333315233897,35.2945725948832,5.80687863474336e-78,37.6027016723173,-12.5198324921957
"CbDRC2_p036_A07","CbDRC2_2_M_JU3237_0.00093","CbDRC2","p036","A07",20250424,"p036_A07","m2x","20250424-CbDRC2-p036-m2x_A07.TIF",1.07317073170732,"48h",10,"15hHB101","DMSO",1,"IVERMECTIN",0.00093,NA,NA,"JU3237","2_M",NA,NA,NA,"/vast/eande106/projects/Amanda/projects/cellprofiler-nf/projects/20250424_Cbriggsae_DRC2_IVM/Analysis-20250506/processed_images/","IVERMECTIN_JU3237",355.608319233093,290.684946732424,332.569987277077,346.653607363589,357.027098836307,24.7318872155045,368.46214819573,375.902263204265,410.525484467472,0.0695481120037951,20,"CbDRC2_2_M",86.5530305723043,270.474068264002,7.66333315233897,35.2945725948832,5.80687863474336e-78,37.6027016723173,48.950328899987
"CbDRC2_p036_A08","CbDRC2_2_M_JU3237_0.0018","CbDRC2","p036","A08",20250424,"p036_A08","m2x","20250424-CbDRC2-p036-m2x_A08.TIF",1.18836565096953,"48h",10,"15hHB101","DMSO",1,"IVERMECTIN",0.0018,NA,NA,"JU3237","2_M",NA,NA,NA,"/vast/eande106/projects/Amanda/projects/cellprofiler-nf/projects/20250424_Cbriggsae_DRC2_IVM/Analysis-20250506/processed_images/","IVERMECTIN_JU3237",245.907854415659,200.721785049318,211.662881392183,228.177710686048,246.123039257083,23.7621790042912,262.512939693468,273.267119722561,292.614351522036,0.0966304189866416,38,"CbDRC2_2_M",-24.3510290069191,270.474068264002,7.66333315233897,35.2945725948832,5.80687863474336e-78,37.6027016723173,-61.9537306792364
"CbDRC2_p036_A09","CbDRC2_2_M_JU3237_0.0037","CbDRC2","p036","A09",20250424,"p036_A09","m2x","20250424-CbDRC2-p036-m2x_A09.TIF",1.07598039215686,"48h",10,"15hHB101","DMSO",1,"IVERMECTIN",0.0037,NA,NA,"JU3237","2_M",NA,NA,NA,"/vast/eande106/projects/Amanda/projects/cellprofiler-nf/projects/20250424_Cbriggsae_DRC2_IVM/Analysis-20250506/processed_images/","IVERMECTIN_JU3237",235.848699182616,205.145704207765,213.234517994754,222.41338983893,239.584117994754,16.1315813834595,249.727692233736,253.186908997377,261.041646732424,0.068398008720705,31,"CbDRC2_2_M",-30.8899502692487,270.474068264002,7.66333315233897,35.2945725948832,5.80687863474336e-78,37.6027016723173,-68.492651941566
"CbDRC2_p036_A11","CbDRC2_2_M_JU3237_0.015","CbDRC2","p036","A11",20250424,"p036_A11","m2x","20250424-CbDRC2-p036-m2x_A11.TIF",1.10112359550562,"48h",10,"15hHB101","DMSO",1,"IVERMECTIN",0.015,NA,NA,"JU3237","2_M",NA,NA,NA,"/vast/eande106/projects/Amanda/projects/cellprofiler-nf/projects/20250424_Cbriggsae_DRC2_IVM/Analysis-20250506/processed_images/","IVERMECTIN_JU3237",189.794401874318,156.071237735047,166.985599418153,181.300658851915,190.158537444124,16.8323142208872,198.217230405168,209.548381599765,223.543608997377,0.0886870953761511,26,"CbDRC2_2_M",-80.3155308198784,270.474068264002,7.66333315233897,35.2945725948832,5.80687863474336e-78,37.6027016723173,-117.918232492196
"CbDRC2_p036_B01","CbDRC2_2_M_ED3102_0","CbDRC2","p036","B01",20250424,"p036_B01","m2x","20250424-CbDRC2-p036-m2x_B01.TIF",0.357510729613734,"48h",10,"15hHB101","DMSO",1,"IVERMECTIN",0,NA,NA,"ED3102","2_M",NA,NA,NA,"/vast/eande106/projects/Amanda/projects/cellprofiler-nf/projects/20250424_Cbriggsae_DRC2_IVM/Analysis-20250506/processed_images/","IVERMECTIN_ED3102",306.942296668255,238.687974888248,244.432700082384,250.3212,293.877894847733,62.0445074630687,339.42837967786,377.464102257935,448.661262885984,0.202137366327609,13,"CbDRC2_2_M",25.4704578527747,268.407436994958,7.31754794366604,36.6799697195407,2.26265402559745e-80,55.9039306810422,-30.4334728282675
"CbDRC2_p036_B02","CbDRC2_2_M_ED3102_2.9e-05","CbDRC2","p036","B02",20250424,"p036_B02","m2x","20250424-CbDRC2-p036-m2x_B02.TIF",0.0806820179293373,"48h",10,"15hHB101","DMSO",1,"IVERMECTIN",2.9e-05,NA,NA,"ED3102","2_M",NA,NA,NA,"/vast/eande106/projects/Amanda/projects/cellprofiler-nf/projects/20250424_Cbriggsae_DRC2_IVM/Analysis-20250506/processed_images/","IVERMECTIN_ED3102",268.145825001318,106.512809624038,137.661418118559,238.141223220751,293.805462523481,82.5766104543256,333.795641797351,348.203080143707,355.993837153201,0.307954115839468,18,"CbDRC2_2_M",25.3980255285236,268.407436994958,7.31754794366604,36.6799697195407,2.26265402559745e-80,55.9039306810422,-30.5059051525186
"CbDRC2_p036_B03","CbDRC2_2_M_ED3102_5.8e-05","CbDRC2","p036","B03",20250424,"p036_B03","m2x","20250424-CbDRC2-p036-m2x_B03.TIF",0.122615803814714,"48h",10,"15hHB101","DMSO",1,"IVERMECTIN",5.8e-05,NA,NA,"ED3102","2_M",NA,NA,NA,"/vast/eande106/projects/Amanda/projects/cellprofiler-nf/projects/20250424_Cbriggsae_DRC2_IVM/Analysis-20250506/processed_images/","IVERMECTIN_ED3102",314.469344688063,210.83696110126,252.249630317891,289.574544756063,326.350537153201,45.0320767945701,342.629281020724,355.056558473715,386.807517412907,0.143200211897409,18,"CbDRC2_2_M",57.943100158243,268.407436994958,7.31754794366604,36.6799697195407,2.26265402559745e-80,55.9039306810422,2.03916947720076
"CbDRC2_p036_B04","CbDRC2_2_M_ED3102_0.00011","CbDRC2","p036","B04",20250424,"p036_B04","m2x","20250424-CbDRC2-p036-m2x_B04.TIF",0.181487101669196,"48h",10,"15hHB101","DMSO",1,"IVERMECTIN",0.00011,NA,NA,"ED3102","2_M",NA,NA,NA,"/vast/eande106/projects/Amanda/projects/cellprofiler-nf/projects/20250424_Cbriggsae_DRC2_IVM/Analysis-20250506/processed_images/","IVERMECTIN_ED3102",311.742907460068,226.038123366212,233.89286110126,288.292311284233,318.06780841553,54.63281318519,348.074273357299,363.867966383316,395.42127967786,0.175249578668243,13,"CbDRC2_2_M",49.6603714205725,268.407436994958,7.31754794366604,36.6799697195407,2.26265402559745e-80,55.9039306810422,-6.24355926046972
"CbDRC2_p036_B05","CbDRC2_2_M_ED3102_0.00023","CbDRC2","p036","B05",20250424,"p036_B05","m2x","20250424-CbDRC2-p036-m2x_B05.TIF",0.285166240409207,"48h",10,"15hHB101","DMSO",1,"IVERMECTIN",0.00023,NA,NA,"ED3102","2_M",NA,NA,NA,"/vast/eande106/projects/Amanda/projects/cellprofiler-nf/projects/20250424_Cbriggsae_DRC2_IVM/Analysis-20250506/processed_images/","IVERMECTIN_ED3102",294.701741924263,149.717913786989,157.338575470095,236.257584881941,295.577017994754,95.7488267947791,361.168463205142,376.789298836307,459.918724899839,0.324900783312595,11,"CbDRC2_2_M",27.1695809997959,268.407436994958,7.31754794366604,36.6799697195407,2.26265402559745e-80,55.9039306810422,-28.7343496812463
"CbDRC2_p036_B07","CbDRC2_2_M_ED3102_0.00093","CbDRC2","p036","B07",20250424,"p036_B07","m2x","20250424-CbDRC2-p036-m2x_B07.TIF",1.07871198568873,"48h",10,"15hHB101","DMSO",1,"IVERMECTIN",0.00093,NA,NA,"ED3102","2_M",NA,NA,NA,"/vast/eande106/projects/Amanda/projects/cellprofiler-nf/projects/20250424_Cbriggsae_DRC2_IVM/Analysis-20250506/processed_images/","IVERMECTIN_ED3102",308.590732066338,235.72530841553,267.062860880113,286.864575615556,318.588263619453,32.0013054595258,326.443335810336,337.979107712474,365.543903625919,0.103701447043609,24,"CbDRC2_2_M",50.1808266244953,268.407436994958,7.31754794366604,36.6799697195407,2.26265402559745e-80,55.9039306810422,-5.72310405654694
"CbDRC2_p036_B08","CbDRC2_2_M_ED3102_0.0018","CbDRC2","p036","B08",20250424,"p036_B08","m2x","20250424-CbDRC2-p036-m2x_B08.TIF",1.10609480812641,"48h",10,"15hHB101","DMSO",1,"IVERMECTIN",0.0018,NA,NA,"ED3102","2_M",NA,NA,NA,"/vast/eande106/projects/Amanda/projects/cellprofiler-nf/projects/20250424_Cbriggsae_DRC2_IVM/Analysis-20250506/processed_images/","IVERMECTIN_ED3102",251.290100330725,221.848280259706,227.234549230116,238.502377573977,252.992994046695,16.868067296594,265.582603916842,269.090299418153,286.826137153201,0.0671258727438677,35,"CbDRC2_2_M",-15.4144429482627,268.407436994958,7.31754794366604,36.6799697195407,2.26265402559745e-80,55.9039306810422,-71.3183736293049
"CbDRC2_p036_B09","CbDRC2_2_M_ED3102_0.0037","CbDRC2","p036","B09",20250424,"p036_B09","m2x","20250424-CbDRC2-p036-m2x_B09.TIF",1.11206896551724,"48h",10,"15hHB101","DMSO",1,"IVERMECTIN",0.0037,NA,NA,"ED3102","2_M",NA,NA,NA,"/vast/eande106/projects/Amanda/projects/cellprofiler-nf/projects/20250424_Cbriggsae_DRC2_IVM/Analysis-20250506/processed_images/","IVERMECTIN_ED3102",224.335541848803,168.1158185766,189.335944207765,209.521144628542,227.305461101259,24.1551110363046,239.233003916842,245.722757385939,282.499175470095,0.107674026314495,35,"CbDRC2_2_M",-41.1019758936984,268.407436994958,7.31754794366604,36.6799697195407,2.26265402559745e-80,55.9039306810422,-97.0059065747406
"CbDRC2_p036_B10","CbDRC2_2_M_ED3102_0.0075","CbDRC2","p036","B10",20250424,"p036_B10","m2x","20250424-CbDRC2-p036-m2x_B10.TIF",1.18130311614731,"48h",10,"15hHB101","DMSO",1,"IVERMECTIN",0.0075,NA,NA,"ED3102","2_M",NA,NA,NA,"/vast/eande106/projects/Amanda/projects/cellprofiler-nf/projects/20250424_Cbriggsae_DRC2_IVM/Analysis-20250506/processed_images/","IVERMECTIN_ED3102",212.369116264649,186.981875470095,194.903794382319,200.449270535021,213.331475470095,15.3306083202592,222.695944628542,232.083821392183,247.632770680483,0.0721885017459625,30,"CbDRC2_2_M",-55.0759615248631,268.407436994958,7.31754794366604,36.6799697195407,2.26265402559745e-80,55.9039306810422,-110.979892205905
"CbDRC2_p036_B11","CbDRC2_2_M_ED3102_0.015","CbDRC2","p036","B11",20250424,"p036_B11","m2x","20250424-CbDRC2-p036-m2x_B11.TIF",1.04558404558405,"48h",10,"15hHB101","DMSO",1,"IVERMECTIN",0.015,NA,NA,"ED3102","2_M",NA,NA,NA,"/vast/eande106/projects/Amanda/projects/cellprofiler-nf/projects/20250424_Cbriggsae_DRC2_IVM/Analysis-20250506/processed_images/","IVERMECTIN_ED3102",203.582039407409,165.056194628542,182.406150386791,190.840685049318,204.015485049318,17.8130580728608,214.13066110126,223.706974743157,239.681075470095,0.0874981807074507,29,"CbDRC2_2_M",-64.3919519456396,268.407436994958,7.31754794366604,36.6799697195407,2.26265402559745e-80,55.9039306810422,-120.295882626682
"CbDRC2_p036_B12","CbDRC2_2_M_ED3102_0.03","CbDRC2","p036","B12",20250424,"p036_B12","m2x","20250424-CbDRC2-p036-m2x_B12.TIF",1.08539944903581,"48h",10,"15hHB101","DMSO",1,"IVERMECTIN",0.03,NA,NA,"ED3102","2_M",NA,NA,NA,"/vast/eande106/projects/Amanda/projects/cellprofiler-nf/projects/20250424_Cbriggsae_DRC2_IVM/Analysis-20250506/processed_images/","IVERMECTIN_ED3102",194.645915738413,158.799828155824,171.474061754775,183.960689984392,196.980013496065,15.9780550737367,202.624294306953,215.199000023964,223.777685049318,0.0820878003687981,38,"CbDRC2_2_M",-71.4274234988925,268.407436994958,7.31754794366604,36.6799697195407,2.26265402559745e-80,55.9039306810422,-127.331354179935
"CbDRC2_p036_C01","CbDRC2_2_M_NIC1667_0","CbDRC2","p036","C01",20250424,"p036_C01","m2x","20250424-CbDRC2-p036-m2x_C01.TIF",0.271617497456765,"48h",10,"15hHB101","DMSO",1,"IVERMECTIN",0,NA,NA,"NIC1667","2_M",NA,NA,NA,"/vast/eande106/projects/Amanda/projects/cellprofiler-nf/projects/20250424_Cbriggsae_DRC2_IVM/Analysis-20250506/processed_images/","IVERMECTIN_NIC1667",299.965767073627,246.884109491224,280.81520600724,289.768723075289,300.000937153201,22.3814472366523,309.64796110126,317.91650104966,353.040056508403,0.0746133382318883,19,"CbDRC2_2_M",26.6081637609021,273.392773392299,6.41929624076494,42.5892127638778,3.70732816825189e-88,35.0543298531108,-8.44616609220875
"CbDRC2_p036_C02","CbDRC2_2_M_NIC1667_2.9e-05","CbDRC2","p036","C02",20250424,"p036_C02","m2x","20250424-CbDRC2-p036-m2x_C02.TIF",0.245929734361611,"48h",10,"15hHB101","DMSO",1,"IVERMECTIN",2.9e-05,NA,NA,"NIC1667","2_M",NA,NA,NA,"/vast/eande106/projects/Amanda/projects/cellprofiler-nf/projects/20250424_Cbriggsae_DRC2_IVM/Analysis-20250506/processed_images/","IVERMECTIN_NIC1667",293.753170825917,200.659105944533,225.141980259706,271.81888983893,302.261375470095,43.8842779193246,314.540032363589,327.94890841553,385.755810342216,0.149391673955176,21,"CbDRC2_2_M",28.868602077796,273.392773392299,6.41929624076494,42.5892127638778,3.70732816825189e-88,35.0543298531108,-6.18572777531486
"CbDRC2_p036_C03","CbDRC2_2_M_NIC1667_5.8e-05","CbDRC2","p036","C03",20250424,"p036_C03","m2x","20250424-CbDRC2-p036-m2x_C03.TIF",0.151487414187643,"48h",10,"15hHB101","DMSO",1,"IVERMECTIN",5.8e-05,NA,NA,"NIC1667","2_M",NA,NA,NA,"/vast/eande106/projects/Amanda/projects/cellprofiler-nf/projects/20250424_Cbriggsae_DRC2_IVM/Analysis-20250506/processed_images/","IVERMECTIN_NIC1667",306.887421707315,256.754015696605,289.195581275813,295.932290890871,305.673268166706,22.2154305610206,318.057768140215,336.167598660112,361.588136571354,0.0723895115590886,22,"CbDRC2_2_M",32.2804947744071,273.392773392299,6.41929624076494,42.5892127638778,3.70732816825189e-88,35.0543298531108,-2.77383507870374
"CbDRC2_p036_C04","CbDRC2_2_M_NIC1667_0.00011","CbDRC2","p036","C04",20250424,"p036_C04","m2x","20250424-CbDRC2-p036-m2x_C04.TIF",0.156756756756757,"48h",10,"15hHB101","DMSO",1,"IVERMECTIN",0.00011,NA,NA,"NIC1667","2_M",NA,NA,NA,"/vast/eande106/projects/Amanda/projects/cellprofiler-nf/projects/20250424_Cbriggsae_DRC2_IVM/Analysis-20250506/processed_images/","IVERMECTIN_NIC1667",275.658088191215,179.551992771583,188.736790485987,235.164357654512,301.53074912723,61.5573806145204,316.152602719439,333.871888778122,337.595932363589,0.223310627373357,8,"CbDRC2_2_M",28.1379757349314,273.392773392299,6.41929624076494,42.5892127638778,3.70732816825189e-88,35.0543298531108,-6.91635411817944
"CbDRC2_p036_C05","CbDRC2_2_M_NIC1667_0.00023","CbDRC2","p036","C05",20250424,"p036_C05","m2x","20250424-CbDRC2-p036-m2x_C05.TIF",0.306004618937644,"48h",10,"15hHB101","DMSO",1,"IVERMECTIN",0.00023,NA,NA,"NIC1667","2_M",NA,NA,NA,"/vast/eande106/projects/Amanda/projects/cellprofiler-nf/projects/20250424_Cbriggsae_DRC2_IVM/Analysis-20250506/processed_images/","IVERMECTIN_NIC1667",302.608401352465,269.889485049318,281.746805049318,285.978472784365,294.821737074415,24.0629419718918,317.268622784365,339.666998570972,339.993489257083,0.0795184200582204,10,"CbDRC2_2_M",21.4289636821165,273.392773392299,6.41929624076494,42.5892127638778,3.70732816825189e-88,35.0543298531108,-13.6253661709943
"CbDRC2_p036_C06","CbDRC2_2_M_NIC1667_0.00046","CbDRC2","p036","C06",20250424,"p036_C06","m2x","20250424-CbDRC2-p036-m2x_C06.TIF",0.289488799540494,"48h",10,"15hHB101","DMSO",1,"IVERMECTIN",0.00046,NA,NA,"NIC1667","2_M",NA,NA,NA,"/vast/eande106/projects/Amanda/projects/cellprofiler-nf/projects/20250424_Cbriggsae_DRC2_IVM/Analysis-20250506/processed_images/","IVERMECTIN_NIC1667",316.376160916737,186.18268983893,237.455991796844,266.86414074541,303.343115890871,74.5157353652505,365.824987732854,429.406916745908,448.12047967786,0.235528919591579,18,"CbDRC2_2_M",29.9503424985726,273.392773392299,6.41929624076494,42.5892127638778,3.70732816825189e-88,35.0543298531108,-5.10398735453824
"CbDRC2_p036_C07","CbDRC2_2_M_NIC1667_0.00093","CbDRC2","p036","C07",20250424,"p036_C07","m2x","20250424-CbDRC2-p036-m2x_C07.TIF",0.93485342019544,"48h",10,"15hHB101","DMSO",1,"IVERMECTIN",0.00093,NA,NA,"NIC1667","2_M",NA,NA,NA,"/vast/eande106/projects/Amanda/projects/cellprofiler-nf/projects/20250424_Cbriggsae_DRC2_IVM/Analysis-20250506/processed_images/","IVERMECTIN_NIC1667",343.902663421254,309.551003625919,318.267117587461,329.040689111622,344.36892967786,19.7198071271532,356.875781166186,363.807439315268,392.458613205142,0.0573412457204438,24,"CbDRC2_2_M",70.9761562855611,273.392773392299,6.41929624076494,42.5892127638778,3.70732816825189e-88,35.0543298531108,35.9218264324503
"CbDRC2_p036_C08","CbDRC2_2_M_NIC1667_0.0018","CbDRC2","p036","C08",20250424,"p036_C08","m2x","20250424-CbDRC2-p036-m2x_C08.TIF",1.0390625,"48h",10,"15hHB101","DMSO",1,"IVERMECTIN",0.0018,NA,NA,"NIC1667","2_M",NA,NA,NA,"/vast/eande106/projects/Amanda/projects/cellprofiler-nf/projects/20250424_Cbriggsae_DRC2_IVM/Analysis-20250506/processed_images/","IVERMECTIN_NIC1667",265.08622917076,240.714337153201,248.679154929303,257.616709612933,263.51608055063,12.8640203419015,272.121525179171,281.180031942813,296.941313205142,0.0485276824154263,22,"CbDRC2_2_M",-9.87669284166902,273.392773392299,6.41929624076494,42.5892127638778,3.70732816825189e-88,35.0543298531108,-44.9310226947798
"CbDRC2_p036_C09","CbDRC2_2_M_NIC1667_0.0037","CbDRC2","p036","C09",20250424,"p036_C09","m2x","20250424-CbDRC2-p036-m2x_C09.TIF",1.1282722513089,"48h",10,"15hHB101","DMSO",1,"IVERMECTIN",0.0037,NA,NA,"NIC1667","2_M",NA,NA,NA,"/vast/eande106/projects/Amanda/projects/cellprofiler-nf/projects/20250424_Cbriggsae_DRC2_IVM/Analysis-20250506/processed_images/","IVERMECTIN_NIC1667",235.969491302945,204.249561101259,220.559887502309,223.353852864901,237.000963786989,14.110293837284,247.705488786989,252.214863437881,260.476537153201,0.0597971108865457,34,"CbDRC2_2_M",-36.3918096053101,273.392773392299,6.41929624076494,42.5892127638778,3.70732816825189e-88,35.0543298531108,-71.4461394584209
"CbDRC2_p036_C10","CbDRC2_2_M_NIC1667_0.0075","CbDRC2","p036","C10",20250424,"p036_C10","m2x","20250424-CbDRC2-p036-m2x_C10.TIF",1.35540069686411,"48h",10,"15hHB101","DMSO",1,"IVERMECTIN",0.0075,NA,NA,"NIC1667","2_M",NA,NA,NA,"/vast/eande106/projects/Amanda/projects/cellprofiler-nf/projects/20250424_Cbriggsae_DRC2_IVM/Analysis-20250506/processed_images/","IVERMECTIN_NIC1667",215.066989454953,171.877670680483,197.73806355425,205.264818001811,216.742213496065,16.5672824101698,223.620737878316,233.417365832687,256.052617994754,0.0770331255956877,30,"CbDRC2_2_M",-56.6505598962334,273.392773392299,6.41929624076494,42.5892127638778,3.70732816825189e-88,35.0543298531108,-91.7048897493442
"CbDRC2_p036_C11","CbDRC2_2_M_NIC1667_0.015","CbDRC2","p036","C11",20250424,"p036_C11","m2x","20250424-CbDRC2-p036-m2x_C11.TIF",1.31835205992509,"48h",10,"15hHB101","DMSO",1,"IVERMECTIN",0.015,NA,NA,"NIC1667","2_M",NA,NA,NA,"/vast/eande106/projects/Amanda/projects/cellprofiler-nf/projects/20250424_Cbriggsae_DRC2_IVM/Analysis-20250506/processed_images/","IVERMECTIN_NIC1667",207.254313342817,181.056542524659,188.912943786989,196.13234912723,208.907556311648,13.7712090065973,214.661491036333,221.450350971406,237.420637153201,0.0664459464533242,28,"CbDRC2_2_M",-64.485217080651,273.392773392299,6.41929624076494,42.5892127638778,3.70732816825189e-88,35.0543298531108,-99.5395469337618
"CbDRC2_p036_C12","CbDRC2_2_M_NIC1667_0.03","CbDRC2","p036","C12",20250424,"p036_C12","m2x","20250424-CbDRC2-p036-m2x_C12.TIF",1.14521452145215,"48h",10,"15hHB101","DMSO",1,"IVERMECTIN",0.03,NA,NA,"NIC1667","2_M",NA,NA,NA,"/vast/eande106/projects/Amanda/projects/cellprofiler-nf/projects/20250424_Cbriggsae_DRC2_IVM/Analysis-20250506/processed_images/","IVERMECTIN_NIC1667",199.689893588692,168.349894628542,181.103357735047,189.193835049318,197.194008997377,17.4317843457478,210.51839674654,225.839503249843,230.833237153201,0.0872942742993925,27,"CbDRC2_2_M",-76.1987643949218,273.392773392299,6.41929624076494,42.5892127638778,3.70732816825189e-88,35.0543298531108,-111.253094248033
"CbDRC2_p036_D01","CbDRC2_2_M_ECA2666_0","CbDRC2","p036","D01",20250424,"p036_D01","m2x","20250424-CbDRC2-p036-m2x_D01.TIF",0.190997055111485,"48h",10,"15hHB101","DMSO",1,"IVERMECTIN",0,NA,NA,"ECA2666","2_M",NA,NA,NA,"/vast/eande106/projects/Amanda/projects/cellprofiler-nf/projects/20250424_Cbriggsae_DRC2_IVM/Analysis-20250506/processed_images/","IVERMECTIN_ECA2666",279.173554372682,246.56889334745,246.970992168029,255.043114287725,275.440487400124,35.0959291262078,286.804488619527,315.791305658133,348.510294046695,0.125713659393958,7,"CbDRC2_2_M",-3.54706389441572,278.98755129454,11.0030188914742,25.3555459684538,2.81906072448704e-58,107.89177140159,-111.438835296005
"CbDRC2_p036_D02","CbDRC2_2_M_ECA2666_2.9e-05","CbDRC2","p036","D02",20250424,"p036_D02","m2x","20250424-CbDRC2-p036-m2x_D02.TIF",0.587341772151899,"48h",10,"15hHB101","DMSO",1,"IVERMECTIN",2.9e-05,NA,NA,"ECA2666","2_M",NA,NA,NA,"/vast/eande106/projects/Amanda/projects/cellprofiler-nf/projects/20250424_Cbriggsae_DRC2_IVM/Analysis-20250506/processed_images/","IVERMECTIN_ECA2666",243.957109951016,120.393492651391,121.219362575352,183.220983631714,274.781556311648,89.023853212185,303.210148850422,324.109490331375,339.662455729801,0.364916001956492,7,"CbDRC2_2_M",-4.20599498289221,278.98755129454,11.0030188914742,25.3555459684538,2.81906072448704e-58,107.89177140159,-112.097766384482
"CbDRC2_p036_D03","CbDRC2_2_M_ECA2666_5.8e-05","CbDRC2","p036","D03",20250424,"p036_D03","m2x","20250424-CbDRC2-p036-m2x_D03.TIF",0.282525510204082,"48h",10,"15hHB101","DMSO",1,"IVERMECTIN",5.8e-05,NA,NA,"ECA2666","2_M",NA,NA,NA,"/vast/eande106/projects/Amanda/projects/cellprofiler-nf/projects/20250424_Cbriggsae_DRC2_IVM/Analysis-20250506/processed_images/","IVERMECTIN_ECA2666",271.607967442636,242.521078115328,243.33612366252,253.089951522036,266.940341918563,26.4440627345738,282.027151922453,298.687976132269,325.918819312322,0.0973611451223677,9,"CbDRC2_2_M",-12.0472093759768,278.98755129454,11.0030188914742,25.3555459684538,2.81906072448704e-58,107.89177140159,-119.938980777566
"CbDRC2_p036_D04","CbDRC2_2_M_ECA2666_0.00011","CbDRC2","p036","D04",20250424,"p036_D04","m2x","20250424-CbDRC2-p036-m2x_D04.TIF",0.137080867850099,"48h",10,"15hHB101","DMSO",1,"IVERMECTIN",0.00011,NA,NA,"ECA2666","2_M",NA,NA,NA,"/vast/eande106/projects/Amanda/projects/cellprofiler-nf/projects/20250424_Cbriggsae_DRC2_IVM/Analysis-20250506/processed_images/","IVERMECTIN_ECA2666",251.559377334001,229.640338889968,233.554870607937,237.324464640118,246.219996732424,17.8529103390089,263.104469296375,274.047046830559,283.076045416347,0.0709689717322889,10,"CbDRC2_2_M",-32.7675545621157,278.98755129454,11.0030188914742,25.3555459684538,2.81906072448704e-58,107.89177140159,-140.659325963705
"CbDRC2_p036_D05","CbDRC2_2_M_ECA2666_0.00023","CbDRC2","p036","D05",20250424,"p036_D05","m2x","20250424-CbDRC2-p036-m2x_D05.TIF",0.386323268206039,"48h",10,"15hHB101","DMSO",1,"IVERMECTIN",0.00023,NA,NA,"ECA2666","2_M",NA,NA,NA,"/vast/eande106/projects/Amanda/projects/cellprofiler-nf/projects/20250424_Cbriggsae_DRC2_IVM/Analysis-20250506/processed_images/","IVERMECTIN_ECA2666",321.436206568032,116.37786112949,193.54527959183,246.087288930257,313.142829617764,125.942349867716,348.334737007739,512.630873523034,551.994947887345,0.391811337037603,12,"CbDRC2_2_M",34.155278323224,278.98755129454,11.0030188914742,25.3555459684538,2.81906072448704e-58,107.89177140159,-73.7364930783655
"CbDRC2_p036_D06","CbDRC2_2_M_ECA2666_0.00046","CbDRC2","p036","D06",20250424,"p036_D06","m2x","20250424-CbDRC2-p036-m2x_D06.TIF",0.393115942028986,"48h",10,"15hHB101","DMSO",1,"IVERMECTIN",0.00046,NA,NA,"ECA2666","2_M",NA,NA,NA,"/vast/eande106/projects/Amanda/projects/cellprofiler-nf/projects/20250424_Cbriggsae_DRC2_IVM/Analysis-20250506/processed_images/","IVERMECTIN_ECA2666",332.384479764689,237.223647513358,238.609792951267,248.119051116621,299.572946150578,85.9713276742836,408.789994628542,423.315221791243,455.079074306402,0.258650246651549,9,"CbDRC2_2_M",20.5853948560378,278.98755129454,11.0030188914742,25.3555459684538,2.81906072448704e-58,107.89177140159,-87.3063765455518
"CbDRC2_p036_D07","CbDRC2_2_M_ECA2666_0.00093","CbDRC2","p036","D07",20250424,"p036_D07","m2x","20250424-CbDRC2-p036-m2x_D07.TIF",1.15210355987055,"48h",10,"15hHB101","DMSO",1,"IVERMECTIN",0.00093,NA,NA,"ECA2666","2_M",NA,NA,NA,"/vast/eande106/projects/Amanda/projects/cellprofiler-nf/projects/20250424_Cbriggsae_DRC2_IVM/Analysis-20250506/processed_images/","IVERMECTIN_ECA2666",329.499627034079,249.659132945436,270.013866239979,293.556621391646,343.432625470095,49.9303491119206,355.983796877886,380.791881101259,398.908894628542,0.151533856233338,8,"CbDRC2_2_M",64.4450741755547,278.98755129454,11.0030188914742,25.3555459684538,2.81906072448704e-58,107.89177140159,-43.4466972260348
"CbDRC2_p036_D08","CbDRC2_2_M_ECA2666_0.0018","CbDRC2","p036","D08",20250424,"p036_D08","m2x","20250424-CbDRC2-p036-m2x_D08.TIF",0.998181818181818,"48h",10,"15hHB101","DMSO",1,"IVERMECTIN",0.0018,NA,NA,"ECA2666","2_M",NA,NA,NA,"/vast/eande106/projects/Amanda/projects/cellprofiler-nf/projects/20250424_Cbriggsae_DRC2_IVM/Analysis-20250506/processed_images/","IVERMECTIN_ECA2666",259.598414183275,151.486883262405,219.283543075289,244.553066181795,258.996414087641,39.8667025823253,286.781817233736,304.632640526572,316.469437153201,0.15357067071365,18,"CbDRC2_2_M",-19.9911372068989,278.98755129454,11.0030188914742,25.3555459684538,2.81906072448704e-58,107.89177140159,-127.882908608488
"CbDRC2_p036_D09","CbDRC2_2_M_ECA2666_0.0037","CbDRC2","p036","D09",20250424,"p036_D09","m2x","20250424-CbDRC2-p036-m2x_D09.TIF",1.16986301369863,"48h",10,"15hHB101","DMSO",1,"IVERMECTIN",0.0037,NA,NA,"ECA2666","2_M",NA,NA,NA,"/vast/eande106/projects/Amanda/projects/cellprofiler-nf/projects/20250424_Cbriggsae_DRC2_IVM/Analysis-20250506/processed_images/","IVERMECTIN_ECA2666",219.637043417939,183.454099418153,203.397880622298,213.696788641527,222.060707777974,16.4967486190153,232.786097320126,235.469174689068,237.377340085853,0.0751091362472233,10,"CbDRC2_2_M",-56.9268435165658,278.98755129454,11.0030188914742,25.3555459684538,2.81906072448704e-58,107.89177140159,-164.818614918155
"CbDRC2_p036_D10","CbDRC2_2_M_ECA2666_0.0075","CbDRC2","p036","D10",20250424,"p036_D10","m2x","20250424-CbDRC2-p036-m2x_D10.TIF",1.15789473684211,"48h",10,"15hHB101","DMSO",1,"IVERMECTIN",0.0075,NA,NA,"ECA2666","2_M",NA,NA,NA,"/vast/eande106/projects/Amanda/projects/cellprofiler-nf/projects/20250424_Cbriggsae_DRC2_IVM/Analysis-20250506/processed_images/","IVERMECTIN_ECA2666",201.951454325534,173.432744875465,177.816026428017,186.913316181795,194.582456602571,20.3502666826101,219.565071983058,226.032443728804,233.327751522036,0.100768111576986,14,"CbDRC2_2_M",-84.4050946919689,278.98755129454,11.0030188914742,25.3555459684538,2.81906072448704e-58,107.89177140159,-192.296866093558
"CbDRC2_p036_D11","CbDRC2_2_M_ECA2666_0.015","CbDRC2","p036","D11",20250424,"p036_D11","m2x","20250424-CbDRC2-p036-m2x_D11.TIF",1.12765957446809,"48h",10,"15hHB101","DMSO",1,"IVERMECTIN",0.015,NA,NA,"ECA2666","2_M",NA,NA,NA,"/vast/eande106/projects/Amanda/projects/cellprofiler-nf/projects/20250424_Cbriggsae_DRC2_IVM/Analysis-20250506/processed_images/","IVERMECTIN_ECA2666",168.518218305622,108.595142524659,110.325927197902,153.576723366212,181.758770680483,38.6588611982458,202.183037735047,205.033500573615,210.602885049318,0.229404639966788,9,"CbDRC2_2_M",-97.2287806140569,278.98755129454,11.0030188914742,25.3555459684538,2.81906072448704e-58,107.89177140159,-205.120552015646
"CbDRC2_p036_D12","CbDRC2_2_M_ECA2666_0.03","CbDRC2","p036","D12",20250424,"p036_D12","m2x","20250424-CbDRC2-p036-m2x_D12.TIF",1.25096525096525,"48h",10,"15hHB101","DMSO",1,"IVERMECTIN",0.03,NA,NA,"ECA2666","2_M",NA,NA,NA,"/vast/eande106/projects/Amanda/projects/cellprofiler-nf/projects/20250424_Cbriggsae_DRC2_IVM/Analysis-20250506/processed_images/","IVERMECTIN_ECA2666",178.00265587678,154.375908997377,164.257008997377,173.173406602571,179.59528983893,12.6325833395655,187.712501812959,188.837041333998,190.275575470095,0.0709685104266658,7,"CbDRC2_2_M",-99.3922614556099,278.98755129454,11.0030188914742,25.3555459684538,2.81906072448704e-58,107.89177140159,-207.284032857199
"CbDRC2_p036_E02","CbDRC2_2_M_VX34_2.9e-05","CbDRC2","p036","E02",20250424,"p036_E02","m2x","20250424-CbDRC2-p036-m2x_E02.TIF",0.235154394299287,"48h",10,"15hHB101","DMSO",1,"IVERMECTIN",2.9e-05,NA,NA,"VX34","2_M",NA,NA,NA,"/vast/eande106/projects/Amanda/projects/cellprofiler-nf/projects/20250424_Cbriggsae_DRC2_IVM/Analysis-20250506/processed_images/","IVERMECTIN_VX34",357.23998704553,288.190432363589,322.025928052938,333.396048981768,353.947394337618,37.982999049033,383.386739111622,392.381027797949,419.925495061993,0.106323481207024,10,"CbDRC2_2_M",88.3207205087143,265.626673828904,8.85939568876882,29.9824822324668,1.53317162666117e-63,51.2454123449688,37.0753081637455
"CbDRC2_p036_E03","CbDRC2_2_M_VX34_5.8e-05","CbDRC2","p036","E03",20250424,"p036_E03","m2x","20250424-CbDRC2-p036-m2x_E03.TIF",0.0984907120743034,"48h",10,"15hHB101","DMSO",1,"IVERMECTIN",5.8e-05,NA,NA,"VX34","2_M",NA,NA,NA,"/vast/eande106/projects/Amanda/projects/cellprofiler-nf/projects/20250424_Cbriggsae_DRC2_IVM/Analysis-20250506/processed_images/","IVERMECTIN_VX34",303.76737823084,172.208704207765,209.030273975027,252.24730426581,324.187056311648,78.4625261276852,356.661785664875,386.945610461228,390.997360519413,0.258298065396804,8,"CbDRC2_2_M",58.5603824827437,265.626673828904,8.85939568876882,29.9824822324668,1.53317162666117e-63,51.2454123449688,7.31497013777492
"CbDRC2_p036_E04","CbDRC2_2_M_VX34_0.00011","CbDRC2","p036","E04",20250424,"p036_E04","m2x","20250424-CbDRC2-p036-m2x_E04.TIF",0.174059139784946,"48h",10,"15hHB101","DMSO",1,"IVERMECTIN",0.00011,NA,NA,"VX34","2_M",NA,NA,NA,"/vast/eande106/projects/Amanda/projects/cellprofiler-nf/projects/20250424_Cbriggsae_DRC2_IVM/Analysis-20250506/processed_images/","IVERMECTIN_VX34",291.380072606958,212.824882952382,232.244001875312,261.372680259706,284.662656311648,59.7913210228469,332.606903625919,352.302705381449,365.433239885136,0.205200446577894,5,"CbDRC2_2_M",19.0359824827437,265.626673828904,8.85939568876882,29.9824822324668,1.53317162666117e-63,51.2454123449688,-32.2094298622251
"CbDRC2_p036_E05","CbDRC2_2_M_VX34_0.00023","CbDRC2","p036","E05",20250424,"p036_E05","m2x","20250424-CbDRC2-p036-m2x_E05.TIF",0.0970575318401405,"48h",10,"15hHB101","DMSO",1,"IVERMECTIN",0.00023,NA,NA,"VX34","2_M",NA,NA,NA,"/vast/eande106/projects/Amanda/projects/cellprofiler-nf/projects/20250424_Cbriggsae_DRC2_IVM/Analysis-20250506/processed_images/","IVERMECTIN_VX34",246.823839227625,141.502905059581,161.957116267916,192.63843308042,243.773961101259,106.878514884811,299.484306311648,332.910513437881,355.194651522036,0.433015365206462,3,"CbDRC2_2_M",-21.8527127276446,265.626673828904,8.85939568876882,29.9824822324668,1.53317162666117e-63,51.2454123449688,-73.0981250726134
"CbDRC2_p036_E06","CbDRC2_2_M_VX34_0.00046","CbDRC2","p036","E06",20250424,"p036_E06","m2x","20250424-CbDRC2-p036-m2x_E06.TIF",0.125300561047288,"48h",10,"15hHB101","DMSO",1,"IVERMECTIN",0.00046,NA,NA,"VX34","2_M",NA,NA,NA,"/vast/eande106/projects/Amanda/projects/cellprofiler-nf/projects/20250424_Cbriggsae_DRC2_IVM/Analysis-20250506/processed_images/","IVERMECTIN_VX34",294.320347152651,241.450194394177,260.082499878431,282.41372767915,296.575455160046,32.0058506660945,318.106225760485,326.303086419476,328.344677055491,0.10874494738719,6,"CbDRC2_2_M",30.9487813311421,265.626673828904,8.85939568876882,29.9824822324668,1.53317162666117e-63,51.2454123449688,-20.2966310138267
"CbDRC2_p036_E07","CbDRC2_2_M_VX34_0.00093","CbDRC2","p036","E07",20250424,"p036_E07","m2x","20250424-CbDRC2-p036-m2x_E07.TIF",1.00272479564033,"48h",10,"15hHB101","DMSO",1,"IVERMECTIN",0.00093,NA,NA,"VX34","2_M",NA,NA,NA,"/vast/eande106/projects/Amanda/projects/cellprofiler-nf/projects/20250424_Cbriggsae_DRC2_IVM/Analysis-20250506/processed_images/","IVERMECTIN_VX34",304.417738942339,178.796104207765,197.428085049318,250.010247023348,305.040490332777,82.0917772647762,383.078215032217,402.339713205142,404.971346150578,0.269668178832133,11,"CbDRC2_2_M",39.4138165038727,265.626673828904,8.85939568876882,29.9824822324668,1.53317162666117e-63,51.2454123449688,-11.8315958410961
"CbDRC2_p036_E08","CbDRC2_2_M_VX34_0.0018","CbDRC2","p036","E08",20250424,"p036_E08","m2x","20250424-CbDRC2-p036-m2x_E08.TIF",0.730853391684901,"48h",10,"15hHB101","DMSO",1,"IVERMECTIN",0.0018,NA,NA,"VX34","2_M",NA,NA,NA,"/vast/eande106/projects/Amanda/projects/cellprofiler-nf/projects/20250424_Cbriggsae_DRC2_IVM/Analysis-20250506/processed_images/","IVERMECTIN_VX34",235.58818983893,182.654913786989,197.899564207765,220.76653983893,258.878165890871,45.9514958025363,262.054827864901,263.960825049318,265.23148983893,0.195050082238643,3,"CbDRC2_2_M",-6.74850793803288,265.626673828904,8.85939568876882,29.9824822324668,1.53317162666117e-63,51.2454123449688,-57.9939202830017
"CbDRC2_p036_E09","CbDRC2_2_M_VX34_0.0037","CbDRC2","p036","E09",20250424,"p036_E09","m2x","20250424-CbDRC2-p036-m2x_E09.TIF",1.14376996805112,"48h",10,"15hHB101","DMSO",1,"IVERMECTIN",0.0037,NA,NA,"VX34","2_M",NA,NA,NA,"/vast/eande106/projects/Amanda/projects/cellprofiler-nf/projects/20250424_Cbriggsae_DRC2_IVM/Analysis-20250506/processed_images/","IVERMECTIN_VX34",216.070928619049,184.019208997377,188.958095470095,192.443906824088,214.978325470095,25.5848055207903,240.455237740902,244.186045069961,248.431956311648,0.118409291265178,8,"CbDRC2_2_M",-50.6483483588093,265.626673828904,8.85939568876882,29.9824822324668,1.53317162666117e-63,51.2454123449688,-101.893760703778
"CbDRC2_p036_E10","CbDRC2_2_M_VX34_0.0075","CbDRC2","p036","E10",20250424,"p036_E10","m2x","20250424-CbDRC2-p036-m2x_E10.TIF",1.25078369905956,"48h",10,"15hHB101","DMSO",1,"IVERMECTIN",0.0075,NA,NA,"VX34","2_M",NA,NA,NA,"/vast/eande106/projects/Amanda/projects/cellprofiler-nf/projects/20250424_Cbriggsae_DRC2_IVM/Analysis-20250506/processed_images/","IVERMECTIN_VX34",196.680916318585,162.561680259707,171.822823249843,185.617580259706,198.324228155824,19.364443610746,212.53228983893,214.161411871144,219.353765890871,0.0984561388730739,9,"CbDRC2_2_M",-67.3024456730801,265.626673828904,8.85939568876882,29.9824822324668,1.53317162666117e-63,51.2454123449688,-118.547858018049
"CbDRC2_p036_E11","CbDRC2_2_M_VX34_0.015","CbDRC2","p036","E11",20250424,"p036_E11","m2x","20250424-CbDRC2-p036-m2x_E11.TIF",1.24,"48h",10,"15hHB101","DMSO",1,"IVERMECTIN",0.015,NA,NA,"VX34","2_M",NA,NA,NA,"/vast/eande106/projects/Amanda/projects/cellprofiler-nf/projects/20250424_Cbriggsae_DRC2_IVM/Analysis-20250506/processed_images/","IVERMECTIN_VX34",184.273480636852,142.756183192359,161.372658403962,182.323880259706,186.938578402747,19.3444444035973,194.36846110126,203.28250612361,203.547332945436,0.104976822149029,9,"CbDRC2_2_M",-78.6880954261567,265.626673828904,8.85939568876882,29.9824822324668,1.53317162666117e-63,51.2454123449688,-129.933507771126
"CbDRC2_p036_E12","CbDRC2_2_M_VX34_0.03","CbDRC2","p036","E12",20250424,"p036_E12","m2x","20250424-CbDRC2-p036-m2x_E12.TIF",0.457593688362919,"48h",10,"15hHB101","DMSO",1,"IVERMECTIN",0.03,NA,NA,"VX34","2_M",NA,NA,NA,"/vast/eande106/projects/Amanda/projects/cellprofiler-nf/projects/20250424_Cbriggsae_DRC2_IVM/Analysis-20250506/processed_images/","IVERMECTIN_VX34",175.038436668022,105.595839849739,114.201498734909,135.255329133418,193.500716181795,48.6399516800322,198.665301958421,217.057590749782,248.035348172059,0.277881547652776,8,"CbDRC2_2_M",-72.1259576471095,265.626673828904,8.85939568876882,29.9824822324668,1.53317162666117e-63,51.2454123449688,-123.371369992078
"CbDRC2_p036_F01","CbDRC2_2_M_PB420_0","CbDRC2","p036","F01",20250424,"p036_F01","m2x","20250424-CbDRC2-p036-m2x_F01.TIF",0.155754189944134,"48h",10,"15hHB101","DMSO",1,"IVERMECTIN",0,NA,NA,"PB420","2_M",NA,NA,NA,"/vast/eande106/projects/Amanda/projects/cellprofiler-nf/projects/20250424_Cbriggsae_DRC2_IVM/Analysis-20250506/processed_images/","IVERMECTIN_PB420",346.756358205188,306.120185049318,308.956117748531,313.210016797351,340.812579257175,43.7977965374333,374.358920665012,389.311621820255,399.280089257083,0.126307118820058,4,"CbDRC2_2_M",89.4398121252852,251.372767131889,7.55331557529098,33.2797914539941,4.57416319600912e-74,72.6719520184893,16.767860106796
"CbDRC2_p036_F02","CbDRC2_2_M_PB420_2.9e-05","CbDRC2","p036","F02",20250424,"p036_F02","m2x","20250424-CbDRC2-p036-m2x_F02.TIF",0.253807106598985,"48h",10,"15hHB101","DMSO",1,"IVERMECTIN",2.9e-05,NA,NA,"PB420","2_M",NA,NA,NA,"/vast/eande106/projects/Amanda/projects/cellprofiler-nf/projects/20250424_Cbriggsae_DRC2_IVM/Analysis-20250506/processed_images/","IVERMECTIN_PB420",352.75762747078,293.978646732424,297.592714363077,317.501860171943,340.213364941909,53.5443074202936,378.904300940189,420.603541056559,446.756184467472,0.151787809109043,8,"CbDRC2_2_M",88.8405978100199,251.372767131889,7.55331557529098,33.2797914539941,4.57416319600912e-74,72.6719520184893,16.1686457915307
"CbDRC2_p036_F03","CbDRC2_2_M_PB420_5.8e-05","CbDRC2","p036","F03",20250424,"p036_F03","m2x","20250424-CbDRC2-p036-m2x_F03.TIF",0.422490470139771,"48h",10,"15hHB101","DMSO",1,"IVERMECTIN",5.8e-05,NA,NA,"PB420","2_M",NA,NA,NA,"/vast/eande106/projects/Amanda/projects/cellprofiler-nf/projects/20250424_Cbriggsae_DRC2_IVM/Analysis-20250506/processed_images/","IVERMECTIN_PB420",284.393077420458,126.993047314271,129.800702583383,183.932668354018,298.020148769198,110.042267273898,375.534833955407,408.124313043783,411.655703625918,0.386937221791821,12,"CbDRC2_2_M",46.6473816373082,251.372767131889,7.55331557529098,33.2797914539941,4.57416319600912e-74,72.6719520184893,-26.024570381181
"CbDRC2_p036_F04","CbDRC2_2_M_PB420_0.00011","CbDRC2","p036","F04",20250424,"p036_F04","m2x","20250424-CbDRC2-p036-m2x_F04.TIF",0.33126213592233,"48h",10,"15hHB101","DMSO",1,"IVERMECTIN",0.00011,NA,NA,"PB420","2_M",NA,NA,NA,"/vast/eande106/projects/Amanda/projects/cellprofiler-nf/projects/20250424_Cbriggsae_DRC2_IVM/Analysis-20250506/processed_images/","IVERMECTIN_PB420",314.014037966173,222.978499418153,231.514546752403,244.318617753778,305.692194046695,89.9398267517104,349.280461971489,408.392434773046,447.800416640751,0.28641976433359,5,"CbDRC2_2_M",54.3194269148056,251.372767131889,7.55331557529098,33.2797914539941,4.57416319600912e-74,72.6719520184893,-18.3525251036837
"CbDRC2_p036_F05","CbDRC2_2_M_PB420_0.00023","CbDRC2","p036","F05",20250424,"p036_F05","m2x","20250424-CbDRC2-p036-m2x_F05.TIF",0.245238095238095,"48h",10,"15hHB101","DMSO",1,"IVERMECTIN",0.00023,NA,NA,"PB420","2_M",NA,NA,NA,"/vast/eande106/projects/Amanda/projects/cellprofiler-nf/projects/20250424_Cbriggsae_DRC2_IVM/Analysis-20250506/processed_images/","IVERMECTIN_PB420",282.082792091894,198.461346732424,237.365789722561,272.019657016991,289.086575470095,44.0404085576866,302.212896732424,323.332048268684,338.566514941909,0.156125824730704,7,"CbDRC2_2_M",37.7138083382052,251.372767131889,7.55331557529098,33.2797914539941,4.57416319600912e-74,72.6719520184893,-34.958143680284
"CbDRC2_p036_F06","CbDRC2_2_M_PB420_0.00046","CbDRC2","p036","F06",20250424,"p036_F06","m2x","20250424-CbDRC2-p036-m2x_F06.TIF",0.145260989010989,"48h",10,"15hHB101","DMSO",1,"IVERMECTIN",0.00046,NA,NA,"PB420","2_M",NA,NA,NA,"/vast/eande106/projects/Amanda/projects/cellprofiler-nf/projects/20250424_Cbriggsae_DRC2_IVM/Analysis-20250506/processed_images/","IVERMECTIN_PB420",271.686606972878,228.860535296242,231.184480457245,234.670398198751,240.48026110126,64.3766544872853,293.099642811196,324.671271837158,345.719024521133,0.236951888076367,3,"CbDRC2_2_M",-10.8925060306299,251.372767131889,7.55331557529098,33.2797914539941,4.57416319600912e-74,72.6719520184893,-83.5644580491192
"CbDRC2_p036_F07","CbDRC2_2_M_PB420_0.00093","CbDRC2","p036","F07",20250424,"p036_F07","m2x","20250424-CbDRC2-p036-m2x_F07.TIF",1.09532710280374,"48h",10,"15hHB101","DMSO",1,"IVERMECTIN",0.00093,NA,NA,"PB420","2_M",NA,NA,NA,"/vast/eande106/projects/Amanda/projects/cellprofiler-nf/projects/20250424_Cbriggsae_DRC2_IVM/Analysis-20250506/processed_images/","IVERMECTIN_PB420",300.748574113955,250.361361101259,262.196103803296,283.025062595441,298.369658355434,29.8258266919908,325.712709467471,328.976490461228,377.120332363589,0.0991719637569742,22,"CbDRC2_2_M",46.9968912235449,251.372767131889,7.55331557529098,33.2797914539941,4.57416319600912e-74,72.6719520184893,-25.6750607949444
"CbDRC2_p036_F08","CbDRC2_2_M_PB420_0.0018","CbDRC2","p036","F08",20250424,"p036_F08","m2x","20250424-CbDRC2-p036-m2x_F08.TIF",1.05048076923077,"48h",10,"15hHB101","DMSO",1,"IVERMECTIN",0.0018,NA,NA,"PB420","2_M",NA,NA,NA,"/vast/eande106/projects/Amanda/projects/cellprofiler-nf/projects/20250424_Cbriggsae_DRC2_IVM/Analysis-20250506/processed_images/","IVERMECTIN_PB420",224.720616817487,173.572999418153,179.351244000434,208.863236392183,221.902639180891,35.3505181990923,239.022346360704,275.909599223123,284.037675669181,0.157308744963989,12,"CbDRC2_2_M",-29.470127950998,251.372767131889,7.55331557529098,33.2797914539941,4.57416319600912e-74,72.6719520184893,-102.142079969487
"CbDRC2_p036_F09","CbDRC2_2_M_PB420_0.0037","CbDRC2","p036","F09",20250424,"p036_F09","m2x","20250424-CbDRC2-p036-m2x_F09.TIF",1.05234159779614,"48h",10,"15hHB101","DMSO",1,"IVERMECTIN",0.0037,NA,NA,"PB420","2_M",NA,NA,NA,"/vast/eande106/projects/Amanda/projects/cellprofiler-nf/projects/20250424_Cbriggsae_DRC2_IVM/Analysis-20250506/processed_images/","IVERMECTIN_PB420",197.362643216336,158.2347185766,176.231367023348,189.393631457109,203.968216482447,18.2536958901859,208.202476433404,214.978325470095,217.5213185766,0.0924881000411886,10,"CbDRC2_2_M",-47.4045506494425,251.372767131889,7.55331557529098,33.2797914539941,4.57416319600912e-74,72.6719520184893,-120.076502667932
"CbDRC2_p036_F10","CbDRC2_2_M_PB420_0.0075","CbDRC2","p036","F10",20250424,"p036_F10","m2x","20250424-CbDRC2-p036-m2x_F10.TIF",1.1183800623053,"48h",10,"15hHB101","DMSO",1,"IVERMECTIN",0.0075,NA,NA,"PB420","2_M",NA,NA,NA,"/vast/eande106/projects/Amanda/projects/cellprofiler-nf/projects/20250424_Cbriggsae_DRC2_IVM/Analysis-20250506/processed_images/","IVERMECTIN_PB420",193.724194616523,155.740204207765,159.174165468454,191.181758851915,198.478485917702,21.2306039297476,206.061927864901,210.294570071669,224.011761101259,0.109591907049987,10,"CbDRC2_2_M",-52.8942812141875,251.372767131889,7.55331557529098,33.2797914539941,4.57416319600912e-74,72.6719520184893,-125.566233232677
"CbDRC2_p036_F11","CbDRC2_2_M_PB420_0.015","CbDRC2","p036","F11",20250424,"p036_F11","m2x","20250424-CbDRC2-p036-m2x_F11.TIF",1.13333333333333,"48h",10,"15hHB101","DMSO",1,"IVERMECTIN",0.015,NA,NA,"PB420","2_M",NA,NA,NA,"/vast/eande106/projects/Amanda/projects/cellprofiler-nf/projects/20250424_Cbriggsae_DRC2_IVM/Analysis-20250506/processed_images/","IVERMECTIN_PB420",194.633438471784,174.309505944533,178.422271580221,184.993951667498,195.909174264807,13.1183444768515,202.98143937469,210.353440330435,215.591913786989,0.0674002606122239,12,"CbDRC2_2_M",-55.4635928670823,251.372767131889,7.55331557529098,33.2797914539941,4.57416319600912e-74,72.6719520184893,-128.135544885572
"CbDRC2_p036_F12","CbDRC2_2_M_PB420_0.03","CbDRC2","p036","F12",20250424,"p036_F12","m2x","20250424-CbDRC2-p036-m2x_F12.TIF",0.816793893129771,"48h",10,"15hHB101","DMSO",1,"IVERMECTIN",0.03,NA,NA,"PB420","2_M",NA,NA,NA,"/vast/eande106/projects/Amanda/projects/cellprofiler-nf/projects/20250424_Cbriggsae_DRC2_IVM/Analysis-20250506/processed_images/","IVERMECTIN_PB420",170.509243563388,109.959437735047,147.223399418153,156.636347314271,173.432744875465,25.4946936625417,189.47638983893,201.520970680483,207.075108997377,0.149520888895761,21,"CbDRC2_2_M",-77.9400222564243,251.372767131889,7.55331557529098,33.2797914539941,4.57416319600912e-74,72.6719520184893,-150.611974274914
"CbDRC2_p037_A01","CbDRC2_3_A_PB420_0","CbDRC2","p037","A01",20250424,"p037_A01","m2x","20250424-CbDRC2-p037-m2x_A01.TIF",0.222981116914423,"48h",10,"15hHB101","DMSO",1,"IVERMECTIN",0,NA,NA,"PB420","3_A",NA,NA,NA,"/vast/eande106/projects/Amanda/projects/cellprofiler-nf/projects/20250424_Cbriggsae_DRC2_IVM/Analysis-20250506/processed_images/","IVERMECTIN_PB420",330.468163096068,244.008037153201,289.441705658133,304.658932363589,305.458117994754,66.5619586557161,328.279941942813,423.7060340384,463.641262223477,0.201417159317602,9,"CbDRC2_3_A",40.934035998127,264.524081996627,7.41961800914913,35.6519812300906,2.61774154318137e-78,51.7157282168457,-10.7816922187188
"CbDRC2_p037_A02","CbDRC2_3_A_PB420_2.9e-05","CbDRC2","p037","A02",20250424,"p037_A02","m2x","20250424-CbDRC2-p037-m2x_A02.TIF",0.235959765297569,"48h",10,"15hHB101","DMSO",1,"IVERMECTIN",2.9e-05,NA,NA,"PB420","3_A",NA,NA,NA,"/vast/eande106/projects/Amanda/projects/cellprofiler-nf/projects/20250424_Cbriggsae_DRC2_IVM/Analysis-20250506/processed_images/","IVERMECTIN_PB420",302.553970535021,263.53616110126,276.311368285677,295.474179062304,310.846739548007,27.1281951985123,317.926531020724,322.162357573977,324.986241942812,0.089663986727856,4,"CbDRC2_3_A",46.3226575513798,264.524081996627,7.41961800914913,35.6519812300906,2.61774154318137e-78,51.7157282168457,-5.39307066546591
"CbDRC2_p037_A03","CbDRC2_3_A_PB420_5.8e-05","CbDRC2","p037","A03",20250424,"p037_A03","m2x","20250424-CbDRC2-p037-m2x_A03.TIF",0.228774571309076,"48h",10,"15hHB101","DMSO",1,"IVERMECTIN",5.8e-05,NA,NA,"PB420","3_A",NA,NA,NA,"/vast/eande106/projects/Amanda/projects/cellprofiler-nf/projects/20250424_Cbriggsae_DRC2_IVM/Analysis-20250506/processed_images/","IVERMECTIN_PB420",324.237878561137,292.009080841553,296.418554557971,305.248281311648,318.184846441501,27.7707779187863,335.095052275361,358.144670454002,378.938899382353,0.0856493943336418,10,"CbDRC2_3_A",53.6607644448741,264.524081996627,7.41961800914913,35.6519812300906,2.61774154318137e-78,51.7157282168457,1.94503622802837
"CbDRC2_p037_A04","CbDRC2_3_A_PB420_0.00011","CbDRC2","p037","A04",20250424,"p037_A04","m2x","20250424-CbDRC2-p037-m2x_A04.TIF",0.260830324909747,"48h",10,"15hHB101","DMSO",1,"IVERMECTIN",0.00011,NA,NA,"PB420","3_A",NA,NA,NA,"/vast/eande106/projects/Amanda/projects/cellprofiler-nf/projects/20250424_Cbriggsae_DRC2_IVM/Analysis-20250506/processed_images/","IVERMECTIN_PB420",321.374565672314,267.13353557165,291.00503663695,311.36337038956,329.943412651526,28.4677824391783,338.773062276662,347.07979213085,352.272146150578,0.0885813175029078,7,"CbDRC2_3_A",65.4193306548993,264.524081996627,7.41961800914913,35.6519812300906,2.61774154318137e-78,51.7157282168457,13.7036024380535
"CbDRC2_p037_A05","CbDRC2_3_A_PB420_0.00023","CbDRC2","p037","A05",20250424,"p037_A05","m2x","20250424-CbDRC2-p037-m2x_A05.TIF",0.152788688138256,"48h",10,"15hHB101","DMSO",1,"IVERMECTIN",0.00023,NA,NA,"PB420","3_A",NA,NA,NA,"/vast/eande106/projects/Amanda/projects/cellprofiler-nf/projects/20250424_Cbriggsae_DRC2_IVM/Analysis-20250506/processed_images/","IVERMECTIN_PB420",293.972882959013,210.20917241725,223.121297122724,241.839101948389,300.331970680483,65.3866503651375,336.530812651526,359.46731912989,390.52920841553,0.222424087919204,7,"CbDRC2_3_A",35.807888683856,264.524081996627,7.41961800914913,35.6519812300906,2.61774154318137e-78,51.7157282168457,-15.9078395329897
"CbDRC2_p037_A06","CbDRC2_3_A_PB420_0.00046","CbDRC2","p037","A06",20250424,"p037_A06","m2x","20250424-CbDRC2-p037-m2x_A06.TIF",0.232577665827036,"48h",10,"15hHB101","DMSO",1,"IVERMECTIN",0.00046,NA,NA,"PB420","3_A",NA,NA,NA,"/vast/eande106/projects/Amanda/projects/cellprofiler-nf/projects/20250424_Cbriggsae_DRC2_IVM/Analysis-20250506/processed_images/","IVERMECTIN_PB420",318.104454646469,312.045517994754,312.741969676621,313.786647199422,315.573294046695,8.1016242484691,316.894292189736,326.091229956938,332.222521801739,0.0254684400992529,5,"CbDRC2_3_A",51.0492120500683,264.524081996627,7.41961800914913,35.6519812300906,2.61774154318137e-78,51.7157282168457,-0.666516166777441
"CbDRC2_p037_A07","CbDRC2_3_A_PB420_0.00093","CbDRC2","p037","A07",20250424,"p037_A07","m2x","20250424-CbDRC2-p037-m2x_A07.TIF",0.981790591805766,"48h",10,"15hHB101","DMSO",1,"IVERMECTIN",0.00093,NA,NA,"PB420","3_A",NA,NA,NA,"/vast/eande106/projects/Amanda/projects/cellprofiler-nf/projects/20250424_Cbriggsae_DRC2_IVM/Analysis-20250506/processed_images/","IVERMECTIN_PB420",311.086673573349,172.773813786989,185.609234442846,282.712386979884,336.280115890871,71.3366414090422,359.15630003371,367.251280693967,383.94180841553,0.229314359852262,12,"CbDRC2_3_A",71.7560338942444,264.524081996627,7.41961800914913,35.6519812300906,2.61774154318137e-78,51.7157282168457,20.0403056773986
"CbDRC2_p037_A08","CbDRC2_3_A_PB420_0.0018","CbDRC2","p037","A08",20250424,"p037_A08","m2x","20250424-CbDRC2-p037-m2x_A08.TIF",1.10552763819095,"48h",10,"15hHB101","DMSO",1,"IVERMECTIN",0.0018,NA,NA,"PB420","3_A",NA,NA,NA,"/vast/eande106/projects/Amanda/projects/cellprofiler-nf/projects/20250424_Cbriggsae_DRC2_IVM/Analysis-20250506/processed_images/","IVERMECTIN_PB420",232.951476745536,195.498680259707,211.998620085152,220.825058851915,228.95231110126,22.104736414059,242.760779968783,259.938951052913,282.265099418153,0.0948898745905143,20,"CbDRC2_3_A",-35.5717708953673,264.524081996627,7.41961800914913,35.6519812300906,2.61774154318137e-78,51.7157282168457,-87.287499112213
"CbDRC2_p037_A09","CbDRC2_3_A_PB420_0.0037","CbDRC2","p037","A09",20250424,"p037_A09","m2x","20250424-CbDRC2-p037-m2x_A09.TIF",1.09367088607595,"48h",10,"15hHB101","DMSO",1,"IVERMECTIN",0.0037,NA,NA,"PB420","3_A",NA,NA,NA,"/vast/eande106/projects/Amanda/projects/cellprofiler-nf/projects/20250424_Cbriggsae_DRC2_IVM/Analysis-20250506/processed_images/","IVERMECTIN_PB420",217.441442961051,169.480113786989,195.333751259698,202.943784903857,223.165306903223,20.5827225085566,233.90706019478,237.754023263327,247.410454995571,0.0946586916839192,18,"CbDRC2_3_A",-41.3587750934034,264.524081996627,7.41961800914913,35.6519812300906,2.61774154318137e-78,51.7157282168457,-93.0745033102492
"CbDRC2_p037_A10","CbDRC2_3_A_PB420_0.0075","CbDRC2","p037","A10",20250424,"p037_A10","m2x","20250424-CbDRC2-p037-m2x_A10.TIF",1.22686567164179,"48h",10,"15hHB101","DMSO",1,"IVERMECTIN",0.0075,NA,NA,"PB420","3_A",NA,NA,NA,"/vast/eande106/projects/Amanda/projects/cellprofiler-nf/projects/20250424_Cbriggsae_DRC2_IVM/Analysis-20250506/processed_images/","IVERMECTIN_PB420",205.588460433456,176.398547314271,181.327738039455,191.440074272692,201.324114364449,19.9622816468062,225.061028721525,225.941165890871,237.751670680483,0.0970982593318633,12,"CbDRC2_3_A",-63.1999676321778,264.524081996627,7.41961800914913,35.6519812300906,2.61774154318137e-78,51.7157282168457,-114.915695849023
"CbDRC2_p037_A12","CbDRC2_3_A_PB420_0.03","CbDRC2","p037","A12",20250424,"p037_A12","m2x","20250424-CbDRC2-p037-m2x_A12.TIF",1.10714285714286,"48h",10,"15hHB101","DMSO",1,"IVERMECTIN",0.03,NA,NA,"PB420","3_A",NA,NA,NA,"/vast/eande106/projects/Amanda/projects/cellprofiler-nf/projects/20250424_Cbriggsae_DRC2_IVM/Analysis-20250506/processed_images/","IVERMECTIN_PB420",194.624271816388,181.2906185766,183.859371871144,188.302873613136,195.167646732424,7.9247909562336,199.35748983893,201.47914313912,208.673480259707,0.0407184103106626,13,"CbDRC2_3_A",-69.3564352642025,264.524081996627,7.41961800914913,35.6519812300906,2.61774154318137e-78,51.7157282168457,-121.072163481048
"CbDRC2_p037_B01","CbDRC2_3_A_JU3237_0","CbDRC2","p037","B01",20250424,"p037_B01","m2x","20250424-CbDRC2-p037-m2x_B01.TIF",0.293455606502709,"48h",10,"15hHB101","DMSO",1,"IVERMECTIN",0,NA,NA,"JU3237","3_A",NA,NA,NA,"/vast/eande106/projects/Amanda/projects/cellprofiler-nf/projects/20250424_Cbriggsae_DRC2_IVM/Analysis-20250506/processed_images/","IVERMECTIN_JU3237",308.650776657963,232.996717994754,281.74112541191,289.397333156087,301.716346441501,43.9577760624711,312.231115309025,367.602320863426,393.257798836307,0.142419133165453,10,"CbDRC2_3_A",28.4072941219513,273.30905231955,7.45894076742548,36.6418048944884,2.63044682985628e-80,40.3370856202998,-11.9297914983485
"CbDRC2_p037_B02","CbDRC2_3_A_JU3237_2.9e-05","CbDRC2","p037","B02",20250424,"p037_B02","m2x","20250424-CbDRC2-p037-m2x_B02.TIF",0.283276450511945,"48h",10,"15hHB101","DMSO",1,"IVERMECTIN",2.9e-05,NA,NA,"JU3237","3_A",NA,NA,NA,"/vast/eande106/projects/Amanda/projects/cellprofiler-nf/projects/20250424_Cbriggsae_DRC2_IVM/Analysis-20250506/processed_images/","IVERMECTIN_JU3237",304.580854756026,279.778102165767,281.037922784366,298.16848983893,306.023227573977,15.3888860382278,311.41184912723,318.632917994754,332.773794509379,0.0505247975962066,11,"CbDRC2_3_A",32.7141752544277,273.30905231955,7.45894076742548,36.6418048944884,2.63044682985628e-80,40.3370856202998,-7.62291036587212
"CbDRC2_p037_B03","CbDRC2_3_A_JU3237_5.8e-05","CbDRC2","p037","B03",20250424,"p037_B03","m2x","20250424-CbDRC2-p037-m2x_B03.TIF",0.24527509449811,"48h",10,"15hHB101","DMSO",1,"IVERMECTIN",5.8e-05,NA,NA,"JU3237","3_A",NA,NA,NA,"/vast/eande106/projects/Amanda/projects/cellprofiler-nf/projects/20250424_Cbriggsae_DRC2_IVM/Analysis-20250506/processed_images/","IVERMECTIN_JU3237",304.943849691139,249.368260519413,274.082856775371,287.274208706454,309.610092213863,27.8670829109885,316.986067994754,327.110939794229,363.380422784365,0.0913843087480318,19,"CbDRC2_3_A",36.3010398943132,273.30905231955,7.45894076742548,36.6418048944884,2.63044682985628e-80,40.3370856202998,-4.03604572598655
"CbDRC2_p037_B05","CbDRC2_3_A_JU3237_0.00023","CbDRC2","p037","B05",20250424,"p037_B05","m2x","20250424-CbDRC2-p037-m2x_B05.TIF",0.0565681262502778,"48h",10,"15hHB101","DMSO",1,"IVERMECTIN",0.00023,NA,NA,"JU3237","3_A",NA,NA,NA,"/vast/eande106/projects/Amanda/projects/cellprofiler-nf/projects/20250424_Cbriggsae_DRC2_IVM/Analysis-20250506/processed_images/","IVERMECTIN_JU3237",274.152858099383,178.893061683106,193.118851333998,240.174744574203,289.837282363589,54.8980582337486,317.399859903857,324.748838836307,330.677498836307,0.200246164181325,10,"CbDRC2_3_A",16.5282300440394,273.30905231955,7.45894076742548,36.6418048944884,2.63044682985628e-80,40.3370856202998,-23.8088555762604
"CbDRC2_p037_B06","CbDRC2_3_A_JU3237_0.00046","CbDRC2","p037","B06",20250424,"p037_B06","m2x","20250424-CbDRC2-p037-m2x_B06.TIF",0.108857142857143,"48h",10,"15hHB101","DMSO",1,"IVERMECTIN",0.00046,NA,NA,"JU3237","3_A",NA,NA,NA,"/vast/eande106/projects/Amanda/projects/cellprofiler-nf/projects/20250424_Cbriggsae_DRC2_IVM/Analysis-20250506/processed_images/","IVERMECTIN_JU3237",256.542242858764,172.773813786989,201.30628612361,236.459420987046,250.552140085853,46.8965399242469,290.450870680483,303.189647457608,320.465365309025,0.182802408685829,9,"CbDRC2_3_A",-22.7569122336963,273.30905231955,7.45894076742548,36.6418048944884,2.63044682985628e-80,40.3370856202998,-63.0939978539961
"CbDRC2_p037_B07","CbDRC2_3_A_JU3237_0.00093","CbDRC2","p037","B07",20250424,"p037_B07","m2x","20250424-CbDRC2-p037-m2x_B07.TIF",1.01194029850746,"48h",10,"15hHB101","DMSO",1,"IVERMECTIN",0.00093,NA,NA,"JU3237","3_A",NA,NA,NA,"/vast/eande106/projects/Amanda/projects/cellprofiler-nf/projects/20250424_Cbriggsae_DRC2_IVM/Analysis-20250506/processed_images/","IVERMECTIN_JU3237",352.264105886316,275.677699418153,308.089750940189,323.222353916842,357.346873361826,39.1741790744171,371.673191797351,399.326904467472,426.000883885625,0.111206842876746,18,"CbDRC2_3_A",84.0378210422762,273.30905231955,7.45894076742548,36.6418048944884,2.63044682985628e-80,40.3370856202998,43.7007354219764
"CbDRC2_p037_B08","CbDRC2_3_A_JU3237_0.0018","CbDRC2","p037","B08",20250424,"p037_B08","m2x","20250424-CbDRC2-p037-m2x_B08.TIF",1.25773195876289,"48h",10,"15hHB101","DMSO",1,"IVERMECTIN",0.0018,NA,NA,"JU3237","3_A",NA,NA,NA,"/vast/eande106/projects/Amanda/projects/cellprofiler-nf/projects/20250424_Cbriggsae_DRC2_IVM/Analysis-20250506/processed_images/","IVERMECTIN_JU3237",252.272275621454,189.710465890871,220.333843670619,231.635797611049,261.703713786989,28.0109549620552,269.209144287764,281.081909368146,300.235013205142,0.111034614854337,18,"CbDRC2_3_A",-11.605338532561,273.30905231955,7.45894076742548,36.6418048944884,2.63044682985628e-80,40.3370856202998,-51.9424241528608
"CbDRC2_p037_B09","CbDRC2_3_A_JU3237_0.0037","CbDRC2","p037","B09",20250424,"p037_B09","m2x","20250424-CbDRC2-p037-m2x_B09.TIF",1.1441717791411,"48h",10,"15hHB101","DMSO",1,"IVERMECTIN",0.0037,NA,NA,"JU3237","3_A",NA,NA,NA,"/vast/eande106/projects/Amanda/projects/cellprofiler-nf/projects/20250424_Cbriggsae_DRC2_IVM/Analysis-20250506/processed_images/","IVERMECTIN_JU3237",223.837427923085,203.119341942813,204.927692596328,207.708777864901,221.380128155824,16.987216997413,234.506449418153,247.133867806716,255.915499418153,0.0758908693467033,15,"CbDRC2_3_A",-51.9289241637257,273.30905231955,7.45894076742548,36.6418048944884,2.63044682985628e-80,40.3370856202998,-92.2660097840255
"CbDRC2_p037_B10","CbDRC2_3_A_JU3237_0.0075","CbDRC2","p037","B10",20250424,"p037_B10","m2x","20250424-CbDRC2-p037-m2x_B10.TIF",1.12605042016807,"48h",10,"15hHB101","DMSO",1,"IVERMECTIN",0.0075,NA,NA,"JU3237","3_A",NA,NA,NA,"/vast/eande106/projects/Amanda/projects/cellprofiler-nf/projects/20250424_Cbriggsae_DRC2_IVM/Analysis-20250506/processed_images/","IVERMECTIN_JU3237",193.838073992096,160.398199418154,174.138108997377,175.502404207765,193.335199418153,21.5501160593208,208.556442233736,219.918875470095,230.365085049318,0.111175867648167,11,"CbDRC2_3_A",-79.9738529013961,273.30905231955,7.45894076742548,36.6418048944884,2.63044682985628e-80,40.3370856202998,-120.310938521696
"CbDRC2_p037_B11","CbDRC2_3_A_JU3237_0.015","CbDRC2","p037","B11",20250424,"p037_B11","m2x","20250424-CbDRC2-p037-m2x_B11.TIF",1.25882352941176,"48h",10,"15hHB101","DMSO",1,"IVERMECTIN",0.015,NA,NA,"JU3237","3_A",NA,NA,NA,"/vast/eande106/projects/Amanda/projects/cellprofiler-nf/projects/20250424_Cbriggsae_DRC2_IVM/Analysis-20250506/processed_images/","IVERMECTIN_JU3237",180.700173947625,121.438908997377,132.908764759421,165.749243423254,183.123065890871,33.0498097516642,204.580594628542,217.190285049318,224.907904207765,0.18289860507408,11,"CbDRC2_3_A",-90.1859864286784,273.30905231955,7.45894076742548,36.6418048944884,2.63044682985628e-80,40.3370856202998,-130.523072048978
"CbDRC2_p037_B12","CbDRC2_3_A_JU3237_0.03","CbDRC2","p037","B12",20250424,"p037_B12","m2x","20250424-CbDRC2-p037-m2x_B12.TIF",1.11989100817439,"48h",10,"15hHB101","DMSO",1,"IVERMECTIN",0.03,NA,NA,"JU3237","3_A",NA,NA,NA,"/vast/eande106/projects/Amanda/projects/cellprofiler-nf/projects/20250424_Cbriggsae_DRC2_IVM/Analysis-20250506/processed_images/","IVERMECTIN_JU3237",191.569173561382,128.197705944533,172.048553484923,176.997152546122,187.147392233736,28.4160718162181,211.167994628542,225.042670201522,231.164270680483,0.148333217124378,12,"CbDRC2_3_A",-86.1616600858138,273.30905231955,7.45894076742548,36.6418048944884,2.63044682985628e-80,40.3370856202998,-126.498745706114
"CbDRC2_p037_C01","CbDRC2_3_A_NIC1667_0","CbDRC2","p037","C01",20250424,"p037_C01","m2x","20250424-CbDRC2-p037-m2x_C01.TIF",0.209431345353675,"48h",10,"15hHB101","DMSO",1,"IVERMECTIN",0,NA,NA,"NIC1667","3_A",NA,NA,NA,"/vast/eande106/projects/Amanda/projects/cellprofiler-nf/projects/20250424_Cbriggsae_DRC2_IVM/Analysis-20250506/processed_images/","IVERMECTIN_NIC1667",327.864239715269,235.056746164505,264.9505985766,290.781904207765,314.208998836307,63.1078566995391,341.844350684347,414.460459176827,463.072560803676,0.192481670932898,13,"CbDRC2_3_A",36.9870466471062,277.221952189201,6.54157953790999,42.3784424820694,7.59339074031086e-88,39.0658086211356,-2.07876197402936
"CbDRC2_p037_C02","CbDRC2_3_A_NIC1667_2.9e-05","CbDRC2","p037","C02",20250424,"p037_C02","m2x","20250424-CbDRC2-p037-m2x_C02.TIF",0.309432146294514,"48h",10,"15hHB101","DMSO",1,"IVERMECTIN",2.9e-05,NA,NA,"NIC1667","3_A",NA,NA,NA,"/vast/eande106/projects/Amanda/projects/cellprofiler-nf/projects/20250424_Cbriggsae_DRC2_IVM/Analysis-20250506/processed_images/","IVERMECTIN_NIC1667",287.496119255451,160.398199418154,219.098041305256,255.461543242119,306.685294628542,61.3764943207861,324.070018285677,352.135027573977,364.841675470095,0.213486340197347,11,"CbDRC2_3_A",29.4633424393411,277.221952189201,6.54157953790999,42.3784424820694,7.59339074031086e-88,39.0658086211356,-9.60246618179445
"CbDRC2_p037_C03","CbDRC2_3_A_NIC1667_5.8e-05","CbDRC2","p037","C03",20250424,"p037_C03","m2x","20250424-CbDRC2-p037-m2x_C03.TIF",0.203626220362622,"48h",10,"15hHB101","DMSO",1,"IVERMECTIN",5.8e-05,NA,NA,"NIC1667","3_A",NA,NA,NA,"/vast/eande106/projects/Amanda/projects/cellprofiler-nf/projects/20250424_Cbriggsae_DRC2_IVM/Analysis-20250506/processed_images/","IVERMECTIN_NIC1667",287.919209647721,169.246037735047,179.521818633192,252.222206602571,301.131156311648,70.811277868944,335.035853866653,367.566938836307,392.829807833684,0.245941484611548,15,"CbDRC2_3_A",23.9092041224472,277.221952189201,6.54157953790999,42.3784424820694,7.59339074031086e-88,39.0658086211356,-15.1566044986884
"CbDRC2_p037_C04","CbDRC2_3_A_NIC1667_0.00011","CbDRC2","p037","C04",20250424,"p037_C04","m2x","20250424-CbDRC2-p037-m2x_C04.TIF",0.23313192346425,"48h",10,"15hHB101","DMSO",1,"IVERMECTIN",0.00011,NA,NA,"NIC1667","3_A",NA,NA,NA,"/vast/eande106/projects/Amanda/projects/cellprofiler-nf/projects/20250424_Cbriggsae_DRC2_IVM/Analysis-20250506/processed_images/","IVERMECTIN_NIC1667",301.037688965811,243.91107967786,260.909233321511,287.994767658065,302.329934758395,32.9058010216153,326.122215198025,332.841819893804,343.167447130598,0.109307911360403,8,"CbDRC2_3_A",25.1079825691943,277.221952189201,6.54157953790999,42.3784424820694,7.59339074031086e-88,39.0658086211356,-13.9578260519413
"CbDRC2_p037_C05","CbDRC2_3_A_NIC1667_0.00023","CbDRC2","p037","C05",20250424,"p037_C05","m2x","20250424-CbDRC2-p037-m2x_C05.TIF",0.0984455958549223,"48h",10,"15hHB101","DMSO",1,"IVERMECTIN",0.00023,NA,NA,"NIC1667","3_A",NA,NA,NA,"/vast/eande106/projects/Amanda/projects/cellprofiler-nf/projects/20250424_Cbriggsae_DRC2_IVM/Analysis-20250506/processed_images/","IVERMECTIN_NIC1667",323.679326259296,272.755194046695,299.310757327755,309.423925324633,322.443248836307,27.4489514925409,340.076247638904,346.069143094605,374.086029377846,0.0848029184000212,10,"CbDRC2_3_A",45.2212966471061,277.221952189201,6.54157953790999,42.3784424820694,7.59339074031086e-88,39.0658086211356,6.15548802597056
"CbDRC2_p037_C06","CbDRC2_3_A_NIC1667_0.00046","CbDRC2","p037","C06",20250424,"p037_C06","m2x","20250424-CbDRC2-p037-m2x_C06.TIF",0.329676071055381,"48h",10,"15hHB101","DMSO",1,"IVERMECTIN",0.00046,NA,NA,"NIC1667","3_A",NA,NA,NA,"/vast/eande106/projects/Amanda/projects/cellprofiler-nf/projects/20250424_Cbriggsae_DRC2_IVM/Analysis-20250506/processed_images/","IVERMECTIN_NIC1667",335.137923701299,172.442780259707,207.404574541615,262.129480976774,341.049906816157,98.1514683672889,431.417903625919,442.049710519413,453.674617994754,0.292868880021973,16,"CbDRC2_3_A",63.8279546269563,277.221952189201,6.54157953790999,42.3784424820694,7.59339074031086e-88,39.0658086211356,24.7621460058207
"CbDRC2_p037_C07","CbDRC2_3_A_NIC1667_0.00093","CbDRC2","p037","C07",20250424,"p037_C07","m2x","20250424-CbDRC2-p037-m2x_C07.TIF",0.867001254705144,"48h",10,"15hHB101","DMSO",1,"IVERMECTIN",0.00093,NA,NA,"NIC1667","3_A",NA,NA,NA,"/vast/eande106/projects/Amanda/projects/cellprofiler-nf/projects/20250424_Cbriggsae_DRC2_IVM/Analysis-20250506/processed_images/","IVERMECTIN_NIC1667",356.712590591127,310.447146732424,325.410905890871,335.004460519413,356.165234100356,25.1098753531174,376.395586204239,391.250828066422,395.324322202519,0.070392456042851,29,"CbDRC2_3_A",78.9432819111558,277.221952189201,6.54157953790999,42.3784424820694,7.59339074031086e-88,39.0658086211356,39.8774732900202
"CbDRC2_p037_C08","CbDRC2_3_A_NIC1667_0.0018","CbDRC2","p037","C08",20250424,"p037_C08","m2x","20250424-CbDRC2-p037-m2x_C08.TIF",1.01452784503632,"48h",10,"15hHB101","DMSO",1,"IVERMECTIN",0.0018,NA,NA,"NIC1667","3_A",NA,NA,NA,"/vast/eande106/projects/Amanda/projects/cellprofiler-nf/projects/20250424_Cbriggsae_DRC2_IVM/Analysis-20250506/processed_images/","IVERMECTIN_NIC1667",259.580674671773,220.387027573977,230.502203625919,243.698806004955,264.432304207765,20.0925045243077,274.119489257083,280.098482610512,285.227765890871,0.077403699446092,21,"CbDRC2_3_A",-12.7896479814354,277.221952189201,6.54157953790999,42.3784424820694,7.59339074031086e-88,39.0658086211356,-51.8554566025709
"CbDRC2_p037_C09","CbDRC2_3_A_NIC1667_0.0037","CbDRC2","p037","C09",20250424,"p037_C09","m2x","20250424-CbDRC2-p037-m2x_C09.TIF",1.05773672055427,"48h",10,"15hHB101","DMSO",1,"IVERMECTIN",0.0037,NA,NA,"NIC1667","3_A",NA,NA,NA,"/vast/eande106/projects/Amanda/projects/cellprofiler-nf/projects/20250424_Cbriggsae_DRC2_IVM/Analysis-20250506/processed_images/","IVERMECTIN_NIC1667",243.69214442505,213.234517994754,218.527156544386,232.679883560992,247.18469912723,16.2339449073784,254.298770244098,261.138604207765,277.841180259706,0.066616611486101,32,"CbDRC2_3_A",-30.0372530619703,277.221952189201,6.54157953790999,42.3784424820694,7.59339074031086e-88,39.0658086211356,-69.1030616831059
"CbDRC2_p037_C10","CbDRC2_3_A_NIC1667_0.0075","CbDRC2","p037","C10",20250424,"p037_C10","m2x","20250424-CbDRC2-p037-m2x_C10.TIF",1.1832298136646,"48h",10,"15hHB101","DMSO",1,"IVERMECTIN",0.0075,NA,NA,"NIC1667","3_A",NA,NA,NA,"/vast/eande106/projects/Amanda/projects/cellprofiler-nf/projects/20250424_Cbriggsae_DRC2_IVM/Analysis-20250506/processed_images/","IVERMECTIN_NIC1667",228.075841105277,196.488644875465,206.286123798831,217.073247023348,227.539537153201,17.3619161916876,237.425818823524,247.538926426713,261.93778983893,0.0761234337996963,22,"CbDRC2_3_A",-49.6824150359997,277.221952189201,6.54157953790999,42.3784424820694,7.59339074031086e-88,39.0658086211356,-88.7482236571353
"CbDRC2_p037_C11","CbDRC2_3_A_NIC1667_0.015","CbDRC2","p037","C11",20250424,"p037_C11","m2x","20250424-CbDRC2-p037-m2x_C11.TIF",1.22153846153846,"48h",10,"15hHB101","DMSO",1,"IVERMECTIN",0.015,NA,NA,"NIC1667","3_A",NA,NA,NA,"/vast/eande106/projects/Amanda/projects/cellprofiler-nf/projects/20250424_Cbriggsae_DRC2_IVM/Analysis-20250506/processed_images/","IVERMECTIN_NIC1667",210.863194148681,188.443128155824,189.663650680483,200.95586110126,214.13066110126,13.9972578157328,218.320504207765,231.249868881008,237.2835185766,0.0663807539871715,29,"CbDRC2_3_A",-63.091291087941,277.221952189201,6.54157953790999,42.3784424820694,7.59339074031086e-88,39.0658086211356,-102.157099709077
"CbDRC2_p037_C12","CbDRC2_3_A_NIC1667_0.03","CbDRC2","p037","C12",20250424,"p037_C12","m2x","20250424-CbDRC2-p037-m2x_C12.TIF",0.542134831460674,"48h",10,"15hHB101","DMSO",1,"IVERMECTIN",0.03,NA,NA,"NIC1667","3_A",NA,NA,NA,"/vast/eande106/projects/Amanda/projects/cellprofiler-nf/projects/20250424_Cbriggsae_DRC2_IVM/Analysis-20250506/processed_images/","IVERMECTIN_NIC1667",178.520125282516,100.665249693307,101.492387992862,140.844365418583,192.444237981971,45.4468027988016,209.545383997377,220.392707211385,238.784932363589,0.254575234735468,18,"CbDRC2_3_A",-84.7777142072298,277.221952189201,6.54157953790999,42.3784424820694,7.59339074031086e-88,39.0658086211356,-123.843522828365
"CbDRC2_p037_D01","CbDRC2_3_A_VX34_0","CbDRC2","p037","D01",20250424,"p037_D01","m2x","20250424-CbDRC2-p037-m2x_D01.TIF",0.246254321936227,"48h",10,"15hHB101","DMSO",1,"IVERMECTIN",0,NA,NA,"VX34","3_A",NA,NA,NA,"/vast/eande106/projects/Amanda/projects/cellprofiler-nf/projects/20250424_Cbriggsae_DRC2_IVM/Analysis-20250506/processed_images/","IVERMECTIN_VX34",351.406942941816,296.644558048415,322.239068074779,338.029804823322,351.070290120302,27.9345191661854,361.74361305968,380.182308894491,411.829908614617,0.0794933615492355,14,"CbDRC2_3_A",61.1255718553577,289.944718264944,9.1320560509839,31.7502122902219,1.22881238642783e-66,68.0584332547042,-6.93286139934649
"CbDRC2_p037_D02","CbDRC2_3_A_VX34_2.9e-05","CbDRC2","p037","D02",20250424,"p037_D02","m2x","20250424-CbDRC2-p037-m2x_D02.TIF",0.250937734433608,"48h",10,"15hHB101","DMSO",1,"IVERMECTIN",2.9e-05,NA,NA,"VX34","3_A",NA,NA,NA,"/vast/eande106/projects/Amanda/projects/cellprofiler-nf/projects/20250424_Cbriggsae_DRC2_IVM/Analysis-20250506/processed_images/","IVERMECTIN_VX34",349.638893912271,310.447146732424,319.213402958919,327.173962153201,350.848039225748,26.6152648338263,369.953623690845,376.072384351102,397.644791332587,0.0761221514460698,12,"CbDRC2_3_A",60.9033209608038,289.944718264944,9.1320560509839,31.7502122902219,1.22881238642783e-66,68.0584332547042,-7.15511229390038
"CbDRC2_p037_D03","CbDRC2_3_A_VX34_5.8e-05","CbDRC2","p037","D03",20250424,"p037_D03","m2x","20250424-CbDRC2-p037-m2x_D03.TIF",0.191891891891892,"48h",10,"15hHB101","DMSO",1,"IVERMECTIN",5.8e-05,NA,NA,"VX34","3_A",NA,NA,NA,"/vast/eande106/projects/Amanda/projects/cellprofiler-nf/projects/20250424_Cbriggsae_DRC2_IVM/Analysis-20250506/processed_images/","IVERMECTIN_VX34",341.7378408603,124.026756421367,255.578328464708,268.912576031531,358.391394046695,100.139161960689,401.908564295487,425.292975582955,541.899207194557,0.29302918783766,15,"CbDRC2_3_A",68.4466757817512,289.944718264944,9.1320560509839,31.7502122902219,1.22881238642783e-66,68.0584332547042,0.38824252704697
"CbDRC2_p037_D05","CbDRC2_3_A_VX34_0.00023","CbDRC2","p037","D05",20250424,"p037_D05","m2x","20250424-CbDRC2-p037-m2x_D05.TIF",0.225923244026068,"48h",10,"15hHB101","DMSO",1,"IVERMECTIN",0.00023,NA,NA,"VX34","3_A",NA,NA,NA,"/vast/eande106/projects/Amanda/projects/cellprofiler-nf/projects/20250424_Cbriggsae_DRC2_IVM/Analysis-20250506/processed_images/","IVERMECTIN_VX34",333.900044060965,167.39107241725,238.321306099868,270.026603625919,349.075403625918,77.0383662516595,383.844850940189,422.253218283076,431.126078052737,0.230722839430334,17,"CbDRC2_3_A",59.1306853609746,289.944718264944,9.1320560509839,31.7502122902219,1.22881238642783e-66,68.0584332547042,-8.92774789372957
"CbDRC2_p037_D06","CbDRC2_3_A_VX34_0.00046","CbDRC2","p037","D06",20250424,"p037_D06","m2x","20250424-CbDRC2-p037-m2x_D06.TIF",0.251718869365928,"48h",10,"15hHB101","DMSO",1,"IVERMECTIN",0.00046,NA,NA,"VX34","3_A",NA,NA,NA,"/vast/eande106/projects/Amanda/projects/cellprofiler-nf/projects/20250424_Cbriggsae_DRC2_IVM/Analysis-20250506/processed_images/","IVERMECTIN_VX34",285.932201640461,116.215804207765,134.69127497765,245.592046705515,309.882037153201,96.6439456109648,352.369103625919,368.819657605762,477.392585049318,0.337996018134703,17,"CbDRC2_3_A",19.937318888257,289.944718264944,9.1320560509839,31.7502122902219,1.22881238642783e-66,68.0584332547042,-48.1211143664472
"CbDRC2_p037_D07","CbDRC2_3_A_VX34_0.00093","CbDRC2","p037","D07",20250424,"p037_D07","m2x","20250424-CbDRC2-p037-m2x_D07.TIF",1.26068376068376,"48h",10,"15hHB101","DMSO",1,"IVERMECTIN",0.00093,NA,NA,"VX34","3_A",NA,NA,NA,"/vast/eande106/projects/Amanda/projects/cellprofiler-nf/projects/20250424_Cbriggsae_DRC2_IVM/Analysis-20250506/processed_images/","IVERMECTIN_VX34",315.630100282238,151.6473185766,208.990109960945,273.45154074541,327.83187038956,79.6181080412867,367.263471732424,382.680839373453,444.729822202519,0.252251315606755,22,"CbDRC2_3_A",37.8871521246158,289.944718264944,9.1320560509839,31.7502122902219,1.22881238642783e-66,68.0584332547042,-30.1712811300884
"CbDRC2_p037_D08","CbDRC2_3_A_VX34_0.0018","CbDRC2","p037","D08",20250424,"p037_D08","m2x","20250424-CbDRC2-p037-m2x_D08.TIF",1.06724511930586,"48h",10,"15hHB101","DMSO",1,"IVERMECTIN",0.0018,NA,NA,"VX34","3_A",NA,NA,NA,"/vast/eande106/projects/Amanda/projects/cellprofiler-nf/projects/20250424_Cbriggsae_DRC2_IVM/Analysis-20250506/processed_images/","IVERMECTIN_VX34",250.474475976422,213.234517994754,231.910961463851,240.454551049748,249.610654207765,18.2217084616244,259.838637717265,275.035023858657,281.934065890871,0.0727487636837682,18,"CbDRC2_3_A",-40.3340640571787,289.944718264944,9.1320560509839,31.7502122902219,1.22881238642783e-66,68.0584332547042,-108.392497311883
"CbDRC2_p037_D09","CbDRC2_3_A_VX34_0.0037","CbDRC2","p037","D09",20250424,"p037_D09","m2x","20250424-CbDRC2-p037-m2x_D09.TIF",1.33333333333333,"48h",10,"15hHB101","DMSO",1,"IVERMECTIN",0.0037,NA,NA,"VX34","3_A",NA,NA,NA,"/vast/eande106/projects/Amanda/projects/cellprofiler-nf/projects/20250424_Cbriggsae_DRC2_IVM/Analysis-20250506/processed_images/","IVERMECTIN_VX34",209.875432594668,117.302726298865,167.05180612361,184.243244774003,222.41338983893,37.4596290745792,236.056341942813,244.389902000997,263.108170098636,0.17848505950158,24,"CbDRC2_3_A",-67.5313284260139,289.944718264944,9.1320560509839,31.7502122902219,1.22881238642783e-66,68.0584332547042,-135.589761680718
"CbDRC2_p037_E01","CbDRC2_3_A_ECA2666_0","CbDRC2","p037","E01",20250424,"p037_E01","m2x","20250424-CbDRC2-p037-m2x_E01.TIF",0.120742176682359,"48h",10,"15hHB101","DMSO",1,"IVERMECTIN",0,NA,NA,"ECA2666","3_A",NA,NA,NA,"/vast/eande106/projects/Amanda/projects/cellprofiler-nf/projects/20250424_Cbriggsae_DRC2_IVM/Analysis-20250506/processed_images/","IVERMECTIN_ECA2666",405.164372018696,235.023080259706,250.327181475444,276.67726122475,408.090350025825,139.379764545012,505.771739362256,564.515512506927,613.136513205143,0.34400794880005,8,"CbDRC2_3_A",92.6718820031385,315.418468022687,11.4106754131697,27.6424012253162,3.22882775009558e-63,77.2951652609918,15.3767167421467
"CbDRC2_p037_E02","CbDRC2_3_A_ECA2666_2.9e-05","CbDRC2","p037","E02",20250424,"p037_E02","m2x","20250424-CbDRC2-p037-m2x_E02.TIF",0.943408360128617,"48h",10,"15hHB101","DMSO",1,"IVERMECTIN",2.9e-05,NA,NA,"ECA2666","3_A",NA,NA,NA,"/vast/eande106/projects/Amanda/projects/cellprofiler-nf/projects/20250424_Cbriggsae_DRC2_IVM/Analysis-20250506/processed_images/","IVERMECTIN_ECA2666",409.769122197495,125.862828155824,256.372300649085,291.250056311648,449.85596951679,156.003031780344,561.840127309633,579.918921053568,598.734536571355,0.380709583347171,13,"CbDRC2_3_A",134.437501494103,315.418468022687,11.4106754131697,27.6424012253162,3.22882775009558e-63,77.2951652609918,57.1423362331115
"CbDRC2_p037_E03","CbDRC2_3_A_ECA2666_5.8e-05","CbDRC2","p037","E03",20250424,"p037_E03","m2x","20250424-CbDRC2-p037-m2x_E03.TIF",0.267865375749193,"48h",10,"15hHB101","DMSO",1,"IVERMECTIN",5.8e-05,NA,NA,"ECA2666","3_A",NA,NA,NA,"/vast/eande106/projects/Amanda/projects/cellprofiler-nf/projects/20250424_Cbriggsae_DRC2_IVM/Analysis-20250506/processed_images/","IVERMECTIN_ECA2666",393.651624478741,240.982691575697,256.714885595425,267.423846588715,314.593692771582,152.214004829144,523.076394046695,599.517239660815,613.935698836307,0.386671857459499,9,"CbDRC2_3_A",-0.824775251104244,315.418468022687,11.4106754131697,27.6424012253162,3.22882775009558e-63,77.2951652609918,-78.119940512096
"CbDRC2_p037_E04","CbDRC2_3_A_ECA2666_0.00011","CbDRC2","p037","E04",20250424,"p037_E04","m2x","20250424-CbDRC2-p037-m2x_E04.TIF",0.292211838006231,"48h",10,"15hHB101","DMSO",1,"IVERMECTIN",0.00011,NA,NA,"ECA2666","3_A",NA,NA,NA,"/vast/eande106/projects/Amanda/projects/cellprofiler-nf/projects/20250424_Cbriggsae_DRC2_IVM/Analysis-20250506/processed_images/","IVERMECTIN_ECA2666",415.881565491149,173.904032945436,228.624805174648,263.372933468445,399.546715032217,167.25990179243,587.771696150578,598.048372856034,628.845988675238,0.402181572041787,14,"CbDRC2_3_A",84.1282470095299,315.418468022687,11.4106754131697,27.6424012253162,3.22882775009558e-63,77.2951652609918,6.83308174853813
"CbDRC2_p037_E05","CbDRC2_3_A_ECA2666_0.00023","CbDRC2","p037","E05",20250424,"p037_E05","m2x","20250424-CbDRC2-p037-m2x_E05.TIF",0.4253037884203,"48h",10,"15hHB101","DMSO",1,"IVERMECTIN",0.00023,NA,NA,"ECA2666","3_A",NA,NA,NA,"/vast/eande106/projects/Amanda/projects/cellprofiler-nf/projects/20250424_Cbriggsae_DRC2_IVM/Analysis-20250506/processed_images/","IVERMECTIN_ECA2666",368.850337348308,201.520970680483,219.131037286387,238.034225470095,321.105783829915,142.749552699701,519.816189699324,542.511872719884,572.013741942813,0.387012124554197,16,"CbDRC2_3_A",5.6873158072287,315.418468022687,11.4106754131697,27.6424012253162,3.22882775009558e-63,77.2951652609918,-71.6078494537631
"CbDRC2_p037_E06","CbDRC2_3_A_ECA2666_0.00046","CbDRC2","p037","E06",20250424,"p037_E06","m2x","20250424-CbDRC2-p037-m2x_E06.TIF",0.294196130753836,"48h",10,"15hHB101","DMSO",1,"IVERMECTIN",0.00046,NA,NA,"ECA2666","3_A",NA,NA,NA,"/vast/eande106/projects/Amanda/projects/cellprofiler-nf/projects/20250424_Cbriggsae_DRC2_IVM/Analysis-20250506/processed_images/","IVERMECTIN_ECA2666",352.679235367226,215.260880259706,237.164955362195,278.981439693468,385.443222202519,81.3778312420856,399.46984538956,435.296793755772,457.904622202519,0.230741770655568,14,"CbDRC2_3_A",70.0247541798323,315.418468022687,11.4106754131697,27.6424012253162,3.22882775009558e-63,77.2951652609918,-7.27041108115951
"CbDRC2_p037_E07","CbDRC2_3_A_ECA2666_0.00093","CbDRC2","p037","E07",20250424,"p037_E07","m2x","20250424-CbDRC2-p037-m2x_E07.TIF",1.09642857142857,"48h",10,"15hHB101","DMSO",1,"IVERMECTIN",0.00093,NA,NA,"ECA2666","3_A",NA,NA,NA,"/vast/eande106/projects/Amanda/projects/cellprofiler-nf/projects/20250424_Cbriggsae_DRC2_IVM/Analysis-20250506/processed_images/","IVERMECTIN_ECA2666",336.731163588386,230.6961185766,294.962740622298,316.800470680483,343.638303334995,37.3746566880067,363.899206316676,376.8942885319,389.964098836307,0.110992568343608,28,"CbDRC2_3_A",28.2198353123086,315.418468022687,11.4106754131697,27.6424012253162,3.22882775009558e-63,77.2951652609918,-49.0753299486832
"CbDRC2_p037_E08","CbDRC2_3_A_ECA2666_0.0018","CbDRC2","p037","E08",20250424,"p037_E08","m2x","20250424-CbDRC2-p037-m2x_E08.TIF",1.10602910602911,"48h",10,"15hHB101","DMSO",1,"IVERMECTIN",0.0018,NA,NA,"ECA2666","3_A",NA,NA,NA,"/vast/eande106/projects/Amanda/projects/cellprofiler-nf/projects/20250424_Cbriggsae_DRC2_IVM/Analysis-20250506/processed_images/","IVERMECTIN_ECA2666",253.432908735855,214.695770680483,226.106682654512,235.529670825945,254.551204207765,23.6930427050182,263.112328916842,286.123908997377,298.967675470095,0.0934884219385757,16,"CbDRC2_3_A",-60.8672638149215,315.418468022687,11.4106754131697,27.6424012253162,3.22882775009558e-63,77.2951652609918,-138.162429075913
"CbDRC2_p037_E09","CbDRC2_3_A_ECA2666_0.0037","CbDRC2","p037","E09",20250424,"p037_E09","m2x","20250424-CbDRC2-p037-m2x_E09.TIF",1.05339805825243,"48h",10,"15hHB101","DMSO",1,"IVERMECTIN",0.0037,NA,NA,"ECA2666","3_A",NA,NA,NA,"/vast/eande106/projects/Amanda/projects/cellprofiler-nf/projects/20250424_Cbriggsae_DRC2_IVM/Analysis-20250506/processed_images/","IVERMECTIN_ECA2666",210.66499956497,144.96296110126,174.969706012887,177.197732945436,222.647465890871,35.0168317011836,233.658785049318,247.274313437881,257.0457185766,0.166220453200553,13,"CbDRC2_3_A",-92.7710021318154,315.418468022687,11.4106754131697,27.6424012253162,3.22882775009558e-63,77.2951652609918,-170.066167392807
"CbDRC2_p037_E10","CbDRC2_3_A_ECA2666_0.0075","CbDRC2","p037","E10",20250424,"p037_E10","m2x","20250424-CbDRC2-p037-m2x_E10.TIF",1.18575851393189,"48h",10,"15hHB101","DMSO",1,"IVERMECTIN",0.0075,NA,NA,"ECA2666","3_A",NA,NA,NA,"/vast/eande106/projects/Amanda/projects/cellprofiler-nf/projects/20250424_Cbriggsae_DRC2_IVM/Analysis-20250506/processed_images/","IVERMECTIN_ECA2666",200.87612093867,154.30833693723,171.308047024048,191.07476110126,203.216299418153,21.838744463501,217.42436110126,221.208931754775,245.703365890871,0.108717474040474,25,"CbDRC2_3_A",-112.202168604533,315.418468022687,11.4106754131697,27.6424012253162,3.22882775009558e-63,77.2951652609918,-189.497333865525
"CbDRC2_p037_E11","CbDRC2_3_A_ECA2666_0.015","CbDRC2","p037","E11",20250424,"p037_E11","m2x","20250424-CbDRC2-p037-m2x_E11.TIF",1.22962962962963,"48h",10,"15hHB101","DMSO",1,"IVERMECTIN",0.015,NA,NA,"ECA2666","3_A",NA,NA,NA,"/vast/eande106/projects/Amanda/projects/cellprofiler-nf/projects/20250424_Cbriggsae_DRC2_IVM/Analysis-20250506/processed_images/","IVERMECTIN_ECA2666",192.275964524156,158.468794628542,173.00788983893,184.568389562122,192.204980259706,17.9333619902085,199.074935049318,213.288178402747,223.309532945436,0.0932688702646219,11,"CbDRC2_3_A",-123.21348776298,315.418468022687,11.4106754131697,27.6424012253162,3.22882775009558e-63,77.2951652609918,-200.508653023972
"CbDRC2_p037_F01","CbDRC2_3_A_ED3102_0","CbDRC2","p037","F01",20250424,"p037_F01","m2x","20250424-CbDRC2-p037-m2x_F01.TIF",0.191471914719147,"48h",10,"15hHB101","DMSO",1,"IVERMECTIN",0,NA,NA,"ED3102","3_A",NA,NA,NA,"/vast/eande106/projects/Amanda/projects/cellprofiler-nf/projects/20250424_Cbriggsae_DRC2_IVM/Analysis-20250506/processed_images/","IVERMECTIN_ED3102",347.246737818771,255.818541942813,285.227765890871,295.452007954708,342.253927573977,70.3921238642662,383.158193986599,411.88977967786,499.03026583845,0.202715004052836,11,"CbDRC2_3_A",65.9415491053719,276.312378468605,7.58865955144181,36.4112234309032,6.55193527240559e-80,67.546811591988,-1.6052624866161
"CbDRC2_p037_F02","CbDRC2_3_A_ED3102_2.9e-05","CbDRC2","p037","F02",20250424,"p037_F02","m2x","20250424-CbDRC2-p037-m2x_F02.TIF",0.262307403231868,"48h",10,"15hHB101","DMSO",1,"IVERMECTIN",2.9e-05,NA,NA,"ED3102","3_A",NA,NA,NA,"/vast/eande106/projects/Amanda/projects/cellprofiler-nf/projects/20250424_Cbriggsae_DRC2_IVM/Analysis-20250506/processed_images/","IVERMECTIN_ED3102",320.532405774916,170.947217156091,225.824127864901,270.013179760065,325.551351522036,77.0840398148961,359.604371586963,416.375404991886,448.491674306402,0.240487508988486,16,"CbDRC2_3_A",49.2389730534306,276.312378468605,7.58865955144181,36.4112234309032,6.55193527240559e-80,67.546811591988,-18.3078385385574
"CbDRC2_p037_F03","CbDRC2_3_A_ED3102_5.8e-05","CbDRC2","p037","F03",20250424,"p037_F03","m2x","20250424-CbDRC2-p037-m2x_F03.TIF",0.219565217391304,"48h",10,"15hHB101","DMSO",1,"IVERMECTIN",5.8e-05,NA,NA,"ED3102","3_A",NA,NA,NA,"/vast/eande106/projects/Amanda/projects/cellprofiler-nf/projects/20250424_Cbriggsae_DRC2_IVM/Analysis-20250506/processed_images/","IVERMECTIN_ED3102",306.944078574489,158.659573613136,193.183394512172,257.287454527965,319.363544337618,80.8321039816011,342.663560664874,420.87238398851,445.294931781742,0.263344725061978,18,"CbDRC2_3_A",43.051165869013,276.312378468605,7.58865955144181,36.4112234309032,6.55193527240559e-80,67.546811591988,-24.495645722975
"CbDRC2_p037_F04","CbDRC2_3_A_ED3102_0.00011","CbDRC2","p037","F04",20250424,"p037_F04","m2x","20250424-CbDRC2-p037-m2x_F04.TIF",0.283152430391694,"48h",10,"15hHB101","DMSO",1,"IVERMECTIN",0.00011,NA,NA,"ED3102","3_A",NA,NA,NA,"/vast/eande106/projects/Amanda/projects/cellprofiler-nf/projects/20250424_Cbriggsae_DRC2_IVM/Analysis-20250506/processed_images/","IVERMECTIN_ED3102",307.759875699285,167.550708997377,252.906948620046,294.606890252416,320.639763833064,58.8325824300848,331.12557038956,364.592964512015,386.045418193841,0.191163914062569,11,"CbDRC2_3_A",44.3273853644587,276.312378468605,7.58865955144181,36.4112234309032,6.55193527240559e-80,67.546811591988,-23.2194262275293
"CbDRC2_p037_F05","CbDRC2_3_A_ED3102_0.00023","CbDRC2","p037","F05",20250424,"p037_F05","m2x","20250424-CbDRC2-p037-m2x_F05.TIF",0.860681114551084,"48h",10,"15hHB101","DMSO",1,"IVERMECTIN",0.00023,NA,NA,"ED3102","3_A",NA,NA,NA,"/vast/eande106/projects/Amanda/projects/cellprofiler-nf/projects/20250424_Cbriggsae_DRC2_IVM/Analysis-20250506/processed_images/","IVERMECTIN_ED3102",266.26175127269,151.413242524659,159.642710923969,198.850899272692,261.905273418,82.9279542296755,328.148704823322,341.616931651889,429.488498836307,0.311452748407507,14,"CbDRC2_3_A",-14.4071050506058,276.312378468605,7.58865955144181,36.4112234309032,6.55193527240559e-80,67.546811591988,-81.9539166425938
"CbDRC2_p037_F07","CbDRC2_3_A_ED3102_0.00093","CbDRC2","p037","F07",20250424,"p037_F07","m2x","20250424-CbDRC2-p037-m2x_F07.TIF",1.02487562189055,"48h",10,"15hHB101","DMSO",1,"IVERMECTIN",0.00093,NA,NA,"ED3102","3_A",NA,NA,NA,"/vast/eande106/projects/Amanda/projects/cellprofiler-nf/projects/20250424_Cbriggsae_DRC2_IVM/Analysis-20250506/processed_images/","IVERMECTIN_ED3102",316.546310561555,262.07490841553,273.419613684103,281.204908957088,327.714832363589,34.0764997492828,343.618222784366,353.32411027319,366.012055729801,0.107650914296966,22,"CbDRC2_3_A",51.4024538949837,276.312378468605,7.58865955144181,36.4112234309032,6.55193527240559e-80,67.546811591988,-16.1443576970043
"CbDRC2_p037_F08","CbDRC2_3_A_ED3102_0.0018","CbDRC2","p037","F08",20250424,"p037_F08","m2x","20250424-CbDRC2-p037-m2x_F08.TIF",1.15816326530612,"48h",10,"15hHB101","DMSO",1,"IVERMECTIN",0.0018,NA,NA,"ED3102","3_A",NA,NA,NA,"/vast/eande106/projects/Amanda/projects/cellprofiler-nf/projects/20250424_Cbriggsae_DRC2_IVM/Analysis-20250506/processed_images/","IVERMECTIN_ED3102",260.495175266324,235.919223366212,245.682310868521,248.314918285677,259.842868285677,14.7564811833682,268.04225526356,280.175857502309,297.974574888248,0.0566478099576375,32,"CbDRC2_3_A",-16.4695101829282,276.312378468605,7.58865955144181,36.4112234309032,6.55193527240559e-80,67.546811591988,-84.0163217749162
"CbDRC2_p037_F09","CbDRC2_3_A_ED3102_0.0037","CbDRC2","p037","F09",20250424,"p037_F09","m2x","20250424-CbDRC2-p037-m2x_F09.TIF",1.12032085561497,"48h",10,"15hHB101","DMSO",1,"IVERMECTIN",0.0037,NA,NA,"ED3102","3_A",NA,NA,NA,"/vast/eande106/projects/Amanda/projects/cellprofiler-nf/projects/20250424_Cbriggsae_DRC2_IVM/Analysis-20250506/processed_images/","IVERMECTIN_ED3102",232.388072551407,196.06378983893,204.919660376076,217.190285049318,233.327751522036,22.0738075734403,247.148689562122,258.924981101259,273.885413205142,0.0949868353013572,15,"CbDRC2_3_A",-42.9846269465694,276.312378468605,7.58865955144181,36.4112234309032,6.55193527240559e-80,67.546811591988,-110.531438538557
"CbDRC2_p037_F10","CbDRC2_3_A_ED3102_0.0075","CbDRC2","p037","F10",20250424,"p037_F10","m2x","20250424-CbDRC2-p037-m2x_F10.TIF",1.11989100817439,"48h",10,"15hHB101","DMSO",1,"IVERMECTIN",0.0075,NA,NA,"ED3102","3_A",NA,NA,NA,"/vast/eande106/projects/Amanda/projects/cellprofiler-nf/projects/20250424_Cbriggsae_DRC2_IVM/Analysis-20250506/processed_images/","IVERMECTIN_ED3102",214.776959789819,175.171370680483,184.479328881008,194.656197561194,223.446651522036,23.2083538024849,230.131008997377,240.124155932063,252.05668983893,0.108057930539647,17,"CbDRC2_3_A",-52.8657269465694,276.312378468605,7.58865955144181,36.4112234309032,6.55193527240559e-80,67.546811591988,-120.412538538557
"CbDRC2_p037_F11","CbDRC2_3_A_ED3102_0.015","CbDRC2","p037","F11",20250424,"p037_F11","m2x","20250424-CbDRC2-p037-m2x_F11.TIF",1.10994764397906,"48h",10,"15hHB101","DMSO",1,"IVERMECTIN",0.015,NA,NA,"ED3102","3_A",NA,NA,NA,"/vast/eande106/projects/Amanda/projects/cellprofiler-nf/projects/20250424_Cbriggsae_DRC2_IVM/Analysis-20250506/processed_images/","IVERMECTIN_ED3102",220.854938683293,193.569275470095,204.076012117367,211.320781707744,220.084392233736,14.1433877502461,231.957029723612,238.388666602571,241.8012592443,0.0640392641186433,20,"CbDRC2_3_A",-56.2279862348695,276.312378468605,7.58865955144181,36.4112234309032,6.55193527240559e-80,67.546811591988,-123.774797826858
"CbDRC2_p037_F12","CbDRC2_3_A_ED3102_0.03","CbDRC2","p037","F12",20250424,"p037_F12","m2x","20250424-CbDRC2-p037-m2x_F12.TIF",1.07754010695187,"48h",10,"15hHB101","DMSO",1,"IVERMECTIN",0.03,NA,NA,"ED3102","3_A",NA,NA,NA,"/vast/eande106/projects/Amanda/projects/cellprofiler-nf/projects/20250424_Cbriggsae_DRC2_IVM/Analysis-20250506/processed_images/","IVERMECTIN_ED3102",212.028351879807,166.719665337255,196.051209859573,198.324228155824,210.037775470095,18.8740215053964,224.992815280343,232.227342343647,244.904180259706,0.0890164986807779,18,"CbDRC2_3_A",-66.2746029985106,276.312378468605,7.58865955144181,36.4112234309032,6.55193527240559e-80,67.546811591988,-133.821414590499
"CbDRC2_p038_A01","CbDRC2_3_A_PB420_0","CbDRC2","p038","A01",20250424,"p038_A01","m2x","20250424-CbDRC2-p038-m2x_A01.TIF",0.274650867541261,"48h",10,"15hHB101","DMSO",1,"IVERMECTIN",0,NA,NA,"PB420","3_A",NA,NA,NA,"/vast/eande106/projects/Amanda/projects/cellprofiler-nf/projects/20250424_Cbriggsae_DRC2_IVM/Analysis-20250506/processed_images/","IVERMECTIN_PB420",309.341428958316,236.886479681326,247.177476752143,284.414381166186,322.89132038956,40.3587259391491,339.10683469251,349.230535586464,357.826284467472,0.13046660473204,14,"CbDRC2_3_A",58.3672383929328,264.524081996627,7.41961800914913,35.6519812300906,2.61774154318137e-78,51.7157282168457,6.65151017608703
"CbDRC2_p038_A02","CbDRC2_3_A_PB420_2.9e-05","CbDRC2","p038","A02",20250424,"p038_A02","m2x","20250424-CbDRC2-p038-m2x_A02.TIF",0.210833982852689,"48h",10,"15hHB101","DMSO",1,"IVERMECTIN",2.9e-05,NA,NA,"PB420","3_A",NA,NA,NA,"/vast/eande106/projects/Amanda/projects/cellprofiler-nf/projects/20250424_Cbriggsae_DRC2_IVM/Analysis-20250506/processed_images/","IVERMECTIN_PB420",312.742078836844,241.985340156968,257.761938648241,296.473161101259,306.822413205142,45.5362408089801,340.655556311648,355.332897971784,415.18347967786,0.145603178754645,13,"CbDRC2_3_A",42.2983312085152,264.524081996627,7.41961800914913,35.6519812300906,2.61774154318137e-78,51.7157282168457,-9.41739700833055
"CbDRC2_p038_A03","CbDRC2_3_A_PB420_5.8e-05","CbDRC2","p038","A03",20250424,"p038_A03","m2x","20250424-CbDRC2-p038-m2x_A03.TIF",0.214760147601476,"48h",10,"15hHB101","DMSO",1,"IVERMECTIN",5.8e-05,NA,NA,"PB420","3_A",NA,NA,NA,"/vast/eande106/projects/Amanda/projects/cellprofiler-nf/projects/20250424_Cbriggsae_DRC2_IVM/Analysis-20250506/processed_images/","IVERMECTIN_PB420",332.26726510002,277.225060543038,300.702476253463,309.268448836307,319.080989548007,42.3630380042677,339.39410003371,403.203442014481,418.309475109517,0.127496875118033,12,"CbDRC2_3_A",54.5569075513797,264.524081996627,7.41961800914913,35.6519812300906,2.61774154318137e-78,51.7157282168457,2.841179334534
"CbDRC2_p038_A04","CbDRC2_3_A_PB420_0.00011","CbDRC2","p038","A04",20250424,"p038_A04","m2x","20250424-CbDRC2-p038-m2x_A04.TIF",0.297308488612836,"48h",10,"15hHB101","DMSO",1,"IVERMECTIN",0.00011,NA,NA,"PB420","3_A",NA,NA,NA,"/vast/eande106/projects/Amanda/projects/cellprofiler-nf/projects/20250424_Cbriggsae_DRC2_IVM/Analysis-20250506/processed_images/","IVERMECTIN_PB420",318.588930161135,265.134532363589,276.081635470773,287.418426759492,305.789151522036,44.925135198127,338.726151522036,391.447095599948,398.949055729801,0.141012856835311,12,"CbDRC2_3_A",41.2650695254091,264.524081996627,7.41961800914913,35.6519812300906,2.61774154318137e-78,51.7157282168457,-10.4506586914366
"CbDRC2_p038_A05","CbDRC2_3_A_PB420_0.00023","CbDRC2","p038","A05",20250424,"p038_A05","m2x","20250424-CbDRC2-p038-m2x_A05.TIF",0.256113256113256,"48h",10,"15hHB101","DMSO",1,"IVERMECTIN",0.00023,NA,NA,"PB420","3_A",NA,NA,NA,"/vast/eande106/projects/Amanda/projects/cellprofiler-nf/projects/20250424_Cbriggsae_DRC2_IVM/Analysis-20250506/processed_images/","IVERMECTIN_PB420",284.699496342961,200.253632945436,210.05206594029,222.487829310745,311.577365890871,56.1262891163007,325.123360519413,331.293568962177,338.064084467472,0.197142214290005,9,"CbDRC2_3_A",47.0532838942445,264.524081996627,7.41961800914913,35.6519812300906,2.61774154318137e-78,51.7157282168457,-4.66244432260127
"CbDRC2_p038_A06","CbDRC2_3_A_PB420_0.00046","CbDRC2","p038","A06",20250424,"p038_A06","m2x","20250424-CbDRC2-p038-m2x_A06.TIF",0.262059973924381,"48h",10,"15hHB101","DMSO",1,"IVERMECTIN",0.00046,NA,NA,"PB420","3_A",NA,NA,NA,"/vast/eande106/projects/Amanda/projects/cellprofiler-nf/projects/20250424_Cbriggsae_DRC2_IVM/Analysis-20250506/processed_images/","IVERMECTIN_PB420",238.676463930257,139.271704207765,150.649512829066,167.716225761018,243.091813496065,94.5304484177951,314.052051665304,323.171135378801,329.250524521133,0.396061039539356,4,"CbDRC2_3_A",-21.4322685005615,264.524081996627,7.41961800914913,35.6519812300906,2.61774154318137e-78,51.7157282168457,-73.1479967174073
"CbDRC2_p038_A08","CbDRC2_3_A_PB420_0.0018","CbDRC2","p038","A08",20250424,"p038_A08","m2x","20250424-CbDRC2-p038-m2x_A08.TIF",1.05066079295154,"48h",10,"15hHB101","DMSO",1,"IVERMECTIN",0.0018,NA,NA,"PB420","3_A",NA,NA,NA,"/vast/eande106/projects/Amanda/projects/cellprofiler-nf/projects/20250424_Cbriggsae_DRC2_IVM/Analysis-20250506/processed_images/","IVERMECTIN_PB420",247.697929571949,224.342794628542,232.357369489822,239.115965890871,245.138256311648,13.4737809936949,258.878165890871,264.616237994754,268.428232363589,0.0543960178309894,17,"CbDRC2_3_A",-19.3858256849791,264.524081996627,7.41961800914913,35.6519812300906,2.61774154318137e-78,51.7157282168457,-71.1015539018249
"CbDRC2_p038_A09","CbDRC2_3_A_PB420_0.0037","CbDRC2","p038","A09",20250424,"p038_A09","m2x","20250424-CbDRC2-p038-m2x_A09.TIF",1.17647058823529,"48h",10,"15hHB101","DMSO",1,"IVERMECTIN",0.0037,NA,NA,"PB420","3_A",NA,NA,NA,"/vast/eande106/projects/Amanda/projects/cellprofiler-nf/projects/20250424_Cbriggsae_DRC2_IVM/Analysis-20250506/processed_images/","IVERMECTIN_PB420",232.58653131167,172.208704207765,214.434270913222,218.08486017278,236.718408997377,23.6177365750374,250.244323075289,258.305024091396,261.372680259706,0.10154387032579,15,"CbDRC2_3_A",-27.8056729992499,264.524081996627,7.41961800914913,35.6519812300906,2.61774154318137e-78,51.7157282168457,-79.5214012160957
"CbDRC2_p038_A10","CbDRC2_3_A_PB420_0.0075","CbDRC2","p038","A10",20250424,"p038_A10","m2x","20250424-CbDRC2-p038-m2x_A10.TIF",1.18805970149254,"48h",10,"15hHB101","DMSO",1,"IVERMECTIN",0.0075,NA,NA,"PB420","3_A",NA,NA,NA,"/vast/eande106/projects/Amanda/projects/cellprofiler-nf/projects/20250424_Cbriggsae_DRC2_IVM/Analysis-20250506/processed_images/","IVERMECTIN_PB420",197.879811964825,130.286747314271,174.231739418153,188.677204207765,198.558304207765,25.1735823390278,217.989470680483,222.799270796852,236.952485049318,0.127216526481754,25,"CbDRC2_3_A",-65.9657777888617,264.524081996627,7.41961800914913,35.6519812300906,2.61774154318137e-78,51.7157282168457,-117.681506005707
"CbDRC2_p038_A11","CbDRC2_3_A_PB420_0.015","CbDRC2","p038","A11",20250424,"p038_A11","m2x","20250424-CbDRC2-p038-m2x_A11.TIF",1.16923076923077,"48h",10,"15hHB101","DMSO",1,"IVERMECTIN",0.015,NA,NA,"PB420","3_A",NA,NA,NA,"/vast/eande106/projects/Amanda/projects/cellprofiler-nf/projects/20250424_Cbriggsae_DRC2_IVM/Analysis-20250506/processed_images/","IVERMECTIN_PB420",199.75521487854,168.915004207765,178.663690796852,186.747799418153,203.141144321849,14.6300906175508,211.136136599585,216.083177227332,218.885613786989,0.0732400935136864,25,"CbDRC2_3_A",-61.3829376747777,264.524081996627,7.41961800914913,35.6519812300906,2.61774154318137e-78,51.7157282168457,-113.098665891623
"CbDRC2_p038_A12","CbDRC2_3_A_PB420_0.03","CbDRC2","p038","A12",20250424,"p038_A12","m2x","20250424-CbDRC2-p038-m2x_A12.TIF",1.17361111111111,"48h",10,"15hHB101","DMSO",1,"IVERMECTIN",0.03,NA,NA,"PB420","3_A",NA,NA,NA,"/vast/eande106/projects/Amanda/projects/cellprofiler-nf/projects/20250424_Cbriggsae_DRC2_IVM/Analysis-20250506/processed_images/","IVERMECTIN_PB420",191.979801111205,154.350120264695,175.09830728204,181.738690129853,191.1717185766,18.5727350008503,203.253519154061,209.841228021855,232.485268823524,0.0967431724241239,15,"CbDRC2_3_A",-73.3523634200264,264.524081996627,7.41961800914913,35.6519812300906,2.61774154318137e-78,51.7157282168457,-125.068091636872
"CbDRC2_p038_B01","CbDRC2_3_A_JU3237_0","CbDRC2","p038","B01",20250424,"p038_B01","m2x","20250424-CbDRC2-p038-m2x_B01.TIF",0.213868003341688,"48h",10,"15hHB101","DMSO",1,"IVERMECTIN",0,NA,NA,"JU3237","3_A",NA,NA,NA,"/vast/eande106/projects/Amanda/projects/cellprofiler-nf/projects/20250424_Cbriggsae_DRC2_IVM/Analysis-20250506/processed_images/","IVERMECTIN_JU3237",322.522016955213,281.223556880708,296.142127573977,302.047379968783,314.071880259707,29.9082629245819,341.688817994754,351.00480841553,382.82201977773,0.0927324689549338,11,"CbDRC2_3_A",40.7628279401569,273.30905231955,7.45894076742548,36.6418048944884,2.63044682985628e-80,40.3370856202998,0.425742319857115
"CbDRC2_p038_B02","CbDRC2_3_A_JU3237_2.9e-05","CbDRC2","p038","B02",20250424,"p038_B02","m2x","20250424-CbDRC2-p038-m2x_B02.TIF",0.25726872246696,"48h",10,"15hHB101","DMSO",1,"IVERMECTIN",2.9e-05,NA,NA,"JU3237","3_A",NA,NA,NA,"/vast/eande106/projects/Amanda/projects/cellprofiler-nf/projects/20250424_Cbriggsae_DRC2_IVM/Analysis-20250506/processed_images/","IVERMECTIN_JU3237",315.85289337215,259.443275470095,278.394409039893,302.798086862278,318.281803916842,29.1599245525685,329.537239402545,351.053287153201,363.945532363589,0.0923212203036911,16,"CbDRC2_3_A",44.9727515972922,273.30905231955,7.45894076742548,36.6418048944884,2.63044682985628e-80,40.3370856202998,4.63566597699245
"CbDRC2_p038_B03","CbDRC2_3_A_JU3237_5.8e-05","CbDRC2","p038","B03",20250424,"p038_B03","m2x","20250424-CbDRC2-p038-m2x_B03.TIF",0.216603455541509,"48h",10,"15hHB101","DMSO",1,"IVERMECTIN",5.8e-05,NA,NA,"JU3237","3_A",NA,NA,NA,"/vast/eande106/projects/Amanda/projects/cellprofiler-nf/projects/20250424_Cbriggsae_DRC2_IVM/Analysis-20250506/processed_images/","IVERMECTIN_JU3237",326.07288927412,290.781904207765,300.209491416972,308.703339257083,322.092134758395,27.148256507082,341.753111729941,357.017460158425,385.443222202519,0.0832582450123881,12,"CbDRC2_3_A",48.7830824388453,273.30905231955,7.45894076742548,36.6418048944884,2.63044682985628e-80,40.3370856202998,8.44599681854547
"CbDRC2_p038_B04","CbDRC2_3_A_JU3237_0.00011","CbDRC2","p038","B04",20250424,"p038_B04","m2x","20250424-CbDRC2-p038-m2x_B04.TIF",0.415094339622642,"48h",10,"15hHB101","DMSO",1,"IVERMECTIN",0.00011,NA,NA,"JU3237","3_A",NA,NA,NA,"/vast/eande106/projects/Amanda/projects/cellprofiler-nf/projects/20250424_Cbriggsae_DRC2_IVM/Analysis-20250506/processed_images/","IVERMECTIN_JU3237",290.21827636874,189.807423366212,221.677083858657,262.575880001362,310.778180259706,47.512594486243,318.564358706454,332.568397313476,352.5630185766,0.163713309446699,15,"CbDRC2_3_A",37.4691279401568,273.30905231955,7.45894076742548,36.6418048944884,2.63044682985628e-80,40.3370856202998,-2.86795768014301
"CbDRC2_p038_B05","CbDRC2_3_A_JU3237_0.00023","CbDRC2","p038","B05",20250424,"p038_B05","m2x","20250424-CbDRC2-p038-m2x_B05.TIF",0.257548845470693,"48h",10,"15hHB101","DMSO",1,"IVERMECTIN",0.00023,NA,NA,"JU3237","3_A",NA,NA,NA,"/vast/eande106/projects/Amanda/projects/cellprofiler-nf/projects/20250424_Cbriggsae_DRC2_IVM/Analysis-20250506/processed_images/","IVERMECTIN_JU3237",269.51953251125,105.636582331762,158.036159998376,211.339391575697,285.227765890871,84.2368472762687,318.398841942813,343.185526616055,440.483736309956,0.31254449906243,17,"CbDRC2_3_A",11.9187135713216,273.30905231955,7.45894076742548,36.6418048944884,2.63044682985628e-80,40.3370856202998,-28.4183720489782
"CbDRC2_p038_B06","CbDRC2_3_A_JU3237_0.00046","CbDRC2","p038","B06",20250424,"p038_B06","m2x","20250424-CbDRC2-p038-m2x_B06.TIF",0.276473406804025,"48h",10,"15hHB101","DMSO",1,"IVERMECTIN",0.00046,NA,NA,"JU3237","3_A",NA,NA,NA,"/vast/eande106/projects/Amanda/projects/cellprofiler-nf/projects/20250424_Cbriggsae_DRC2_IVM/Analysis-20250506/processed_images/","IVERMECTIN_JU3237",247.314523560757,109.56572510298,144.194726786086,155.337151550267,246.833585049318,94.944671552544,298.636641942813,334.068156311648,408.59607967786,0.383902531018236,9,"CbDRC2_3_A",-26.4754672702314,273.30905231955,7.45894076742548,36.6418048944884,2.63044682985628e-80,40.3370856202998,-66.8125528905312
"CbDRC2_p038_B07","CbDRC2_3_A_JU3237_0.00093","CbDRC2","p038","B07",20250424,"p038_B07","m2x","20250424-CbDRC2-p038-m2x_B07.TIF",1.03618421052632,"48h",10,"15hHB101","DMSO",1,"IVERMECTIN",0.00093,NA,NA,"JU3237","3_A",NA,NA,NA,"/vast/eande106/projects/Amanda/projects/cellprofiler-nf/projects/20250424_Cbriggsae_DRC2_IVM/Analysis-20250506/processed_images/","IVERMECTIN_JU3237",358.37565872238,256.682827020361,298.790107463254,323.952980259706,371.300259965797,57.1436866426604,382.077503072303,400.975417994754,460.068103044072,0.159451919380851,9,"CbDRC2_3_A",97.9912076462473,273.30905231955,7.45894076742548,36.6418048944884,2.63044682985628e-80,40.3370856202998,57.6541220259475
"CbDRC2_p038_B08","CbDRC2_3_A_JU3237_0.0018","CbDRC2","p038","B08",20250424,"p038_B08","m2x","20250424-CbDRC2-p038-m2x_B08.TIF",1.17169373549884,"48h",10,"15hHB101","DMSO",1,"IVERMECTIN",0.0018,NA,NA,"JU3237","3_A",NA,NA,NA,"/vast/eande106/projects/Amanda/projects/cellprofiler-nf/projects/20250424_Cbriggsae_DRC2_IVM/Analysis-20250506/processed_images/","IVERMECTIN_JU3237",272.988203748153,238.413737735047,255.656822751663,259.205738712144,271.456516759255,19.7345010709819,280.996542956658,295.082618212254,312.844703625919,0.0722906733698578,12,"CbDRC2_3_A",-1.85253556029472,273.30905231955,7.45894076742548,36.6418048944884,2.63044682985628e-80,40.3370856202998,-42.1896211805945
"CbDRC2_p038_B09","CbDRC2_3_A_JU3237_0.0037","CbDRC2","p038","B09",20250424,"p038_B09","m2x","20250424-CbDRC2-p038-m2x_B09.TIF",1.0958904109589,"48h",10,"15hHB101","DMSO",1,"IVERMECTIN",0.0037,NA,NA,"JU3237","3_A",NA,NA,NA,"/vast/eande106/projects/Amanda/projects/cellprofiler-nf/projects/20250424_Cbriggsae_DRC2_IVM/Analysis-20250506/processed_images/","IVERMECTIN_JU3237",223.574820405527,199.688523366212,211.798203654149,217.617560427452,222.41338983893,12.3894711624574,231.067313205142,238.316780259706,247.866846732424,0.0554153242300946,21,"CbDRC2_3_A",-50.8956624806197,273.30905231955,7.45894076742548,36.6418048944884,2.63044682985628e-80,40.3370856202998,-91.2327481009195
"CbDRC2_p038_B10","CbDRC2_3_A_JU3237_0.0075","CbDRC2","p038","B10",20250424,"p038_B10","m2x","20250424-CbDRC2-p038-m2x_B10.TIF",1.21428571428571,"48h",10,"15hHB101","DMSO",1,"IVERMECTIN",0.0075,NA,NA,"JU3237","3_A",NA,NA,NA,"/vast/eande106/projects/Amanda/projects/cellprofiler-nf/projects/20250424_Cbriggsae_DRC2_IVM/Analysis-20250506/processed_images/","IVERMECTIN_JU3237",179.455578594099,99.8442616831061,114.654732367314,132.216152103883,196.297865890871,44.8129967572477,207.309185049318,227.313493321511,238.784932363589,0.249716376098889,17,"CbDRC2_3_A",-77.0111864286783,273.30905231955,7.45894076742548,36.6418048944884,2.63044682985628e-80,40.3370856202998,-117.348272048978
"CbDRC2_p038_B11","CbDRC2_3_A_JU3237_0.015","CbDRC2","p038","B11",20250424,"p038_B11","m2x","20250424-CbDRC2-p038-m2x_B11.TIF",1.14147909967846,"48h",10,"15hHB101","DMSO",1,"IVERMECTIN",0.015,NA,NA,"JU3237","3_A",NA,NA,NA,"/vast/eande106/projects/Amanda/projects/cellprofiler-nf/projects/20250424_Cbriggsae_DRC2_IVM/Analysis-20250506/processed_images/","IVERMECTIN_JU3237",204.713792233736,194.699494628542,196.463382654512,198.509825470095,201.569449418153,11.1800007002232,205.652294774003,216.108544628542,225.941165890871,0.0546128356972559,6,"CbDRC2_3_A",-71.7396029013962,273.30905231955,7.45894076742548,36.6418048944884,2.63044682985628e-80,40.3370856202998,-112.076688521696
"CbDRC2_p038_B12","CbDRC2_3_A_JU3237_0.03","CbDRC2","p038","B12",20250424,"p038_B12","m2x","20250424-CbDRC2-p038-m2x_B12.TIF",1.00561797752809,"48h",10,"15hHB101","DMSO",1,"IVERMECTIN",0.03,NA,NA,"JU3237","3_A",NA,NA,NA,"/vast/eande106/projects/Amanda/projects/cellprofiler-nf/projects/20250424_Cbriggsae_DRC2_IVM/Analysis-20250506/processed_images/","IVERMECTIN_JU3237",185.827811120617,172.165407140418,172.331831011991,177.94843983893,190.606608997377,10.192692473735,192.066293700062,195.198397502309,197.993194628542,0.0548501992907785,7,"CbDRC2_3_A",-82.7024433221726,273.30905231955,7.45894076742548,36.6418048944884,2.63044682985628e-80,40.3370856202998,-123.039528942472
"CbDRC2_p038_C02","CbDRC2_3_A_NIC1667_2.9e-05","CbDRC2","p038","C02",20250424,"p038_C02","m2x","20250424-CbDRC2-p038-m2x_C02.TIF",0.357706470278801,"48h",10,"15hHB101","DMSO",1,"IVERMECTIN",2.9e-05,NA,NA,"NIC1667","3_A",NA,NA,NA,"/vast/eande106/projects/Amanda/projects/cellprofiler-nf/projects/20250424_Cbriggsae_DRC2_IVM/Analysis-20250506/processed_images/","IVERMECTIN_NIC1667",284.416160658005,159.364937735047,241.137063534957,248.210456943365,296.989791942813,53.766933289275,325.502872784366,347.509735581012,356.558946732424,0.189043172388248,22,"CbDRC2_3_A",19.767839753612,277.221952189201,6.54157953790999,42.3784424820694,7.59339074031086e-88,39.0658086211356,-19.2979688675236
"CbDRC2_p038_C03","CbDRC2_3_A_NIC1667_5.8e-05","CbDRC2","p038","C03",20250424,"p038_C03","m2x","20250424-CbDRC2-p038-m2x_C03.TIF",0.277210884353741,"48h",10,"15hHB101","DMSO",1,"IVERMECTIN",5.8e-05,NA,NA,"NIC1667","3_A",NA,NA,NA,"/vast/eande106/projects/Amanda/projects/cellprofiler-nf/projects/20250424_Cbriggsae_DRC2_IVM/Analysis-20250506/processed_images/","IVERMECTIN_NIC1667",315.759890217414,255.019356311648,262.639328939192,294.850550470095,308.92646536868,41.829797672501,336.820986101259,364.983252979562,413.019998836307,0.132473436204007,18,"CbDRC2_3_A",31.7045131794791,277.221952189201,6.54157953790999,42.3784424820694,7.59339074031086e-88,39.0658086211356,-7.36129544165652
"CbDRC2_p038_C04","CbDRC2_3_A_NIC1667_0.00011","CbDRC2","p038","C04",20250424,"p038_C04","m2x","20250424-CbDRC2-p038-m2x_C04.TIF",0.2022076092062,"48h",10,"15hHB101","DMSO",1,"IVERMECTIN",0.00011,NA,NA,"NIC1667","3_A",NA,NA,NA,"/vast/eande106/projects/Amanda/projects/cellprofiler-nf/projects/20250424_Cbriggsae_DRC2_IVM/Analysis-20250506/processed_images/","IVERMECTIN_NIC1667",310.094646381777,248.997065890871,280.439709852414,295.956530259706,310.895218285677,30.2848609537081,323.821743140216,343.212261275813,363.380422784366,0.0976632821852155,12,"CbDRC2_3_A",33.6732660964766,277.221952189201,6.54157953790999,42.3784424820694,7.59339074031086e-88,39.0658086211356,-5.39254252465901
"CbDRC2_p038_C05","CbDRC2_3_A_NIC1667_0.00023","CbDRC2","p038","C05",20250424,"p038_C05","m2x","20250424-CbDRC2-p038-m2x_C05.TIF",0.261581656527843,"48h",10,"15hHB101","DMSO",1,"IVERMECTIN",0.00023,NA,NA,"NIC1667","3_A",NA,NA,NA,"/vast/eande106/projects/Amanda/projects/cellprofiler-nf/projects/20250424_Cbriggsae_DRC2_IVM/Analysis-20250506/processed_images/","IVERMECTIN_NIC1667",279.383377736564,171.718034100356,211.967180259706,241.883340621121,295.108865890871,52.303060172818,307.491210567639,332.549409847173,363.774548073192,0.187208919143843,16,"CbDRC2_3_A",17.8869137016707,277.221952189201,6.54157953790999,42.3784424820694,7.59339074031086e-88,39.0658086211356,-21.1788949194649
"CbDRC2_p038_C06","CbDRC2_3_A_NIC1667_0.00046","CbDRC2","p038","C06",20250424,"p038_C06","m2x","20250424-CbDRC2-p038-m2x_C06.TIF",0.390625,"48h",10,"15hHB101","DMSO",1,"IVERMECTIN",0.00046,NA,NA,"NIC1667","3_A",NA,NA,NA,"/vast/eande106/projects/Amanda/projects/cellprofiler-nf/projects/20250424_Cbriggsae_DRC2_IVM/Analysis-20250506/processed_images/","IVERMECTIN_NIC1667",328.777137091402,221.679303654149,251.160546732424,275.463703916842,306.35426110126,84.236262172123,389.116434467472,451.819652676957,456.871360519413,0.256210826936865,11,"CbDRC2_3_A",29.132308912059,277.221952189201,6.54157953790999,42.3784424820694,7.59339074031086e-88,39.0658086211356,-9.93349970907661
"CbDRC2_p038_C07","CbDRC2_3_A_NIC1667_0.00093","CbDRC2","p038","C07",20250424,"p038_C07","m2x","20250424-CbDRC2-p038-m2x_C07.TIF",0.91114245416079,"48h",10,"15hHB101","DMSO",1,"IVERMECTIN",0.00093,NA,NA,"NIC1667","3_A",NA,NA,NA,"/vast/eande106/projects/Amanda/projects/cellprofiler-nf/projects/20250424_Cbriggsae_DRC2_IVM/Analysis-20250506/processed_images/","IVERMECTIN_NIC1667",361.373628237842,322.063736571354,336.325267573977,344.613046005116,363.183566468331,22.5206771603035,373.90939074541,393.161815832687,404.92804908323,0.0623196475905577,28,"CbDRC2_3_A",85.9616142791309,277.221952189201,6.54157953790999,42.3784424820694,7.59339074031086e-88,39.0658086211356,46.8958056579954
"CbDRC2_p038_C08","CbDRC2_3_A_NIC1667_0.0018","CbDRC2","p038","C08",20250424,"p038_C08","m2x","20250424-CbDRC2-p038-m2x_C08.TIF",0.947272727272727,"48h",10,"15hHB101","DMSO",1,"IVERMECTIN",0.0018,NA,NA,"NIC1667","3_A",NA,NA,NA,"/vast/eande106/projects/Amanda/projects/cellprofiler-nf/projects/20250424_Cbriggsae_DRC2_IVM/Analysis-20250506/processed_images/","IVERMECTIN_NIC1667",270.162643898364,237.848628155824,256.518244259263,263.287885955798,269.772447023348,13.3939762991932,278.548258927971,285.641170327729,299.532785049318,0.0495774549209402,32,"CbDRC2_3_A",-7.44950516585296,277.221952189201,6.54157953790999,42.3784424820694,7.59339074031086e-88,39.0658086211356,-46.5153137869885
"CbDRC2_p038_C09","CbDRC2_3_A_NIC1667_0.0037","CbDRC2","p038","C09",20250424,"p038_C09","m2x","20250424-CbDRC2-p038-m2x_C09.TIF",1.05381165919283,"48h",10,"15hHB101","DMSO",1,"IVERMECTIN",0.0037,NA,NA,"NIC1667","3_A",NA,NA,NA,"/vast/eande106/projects/Amanda/projects/cellprofiler-nf/projects/20250424_Cbriggsae_DRC2_IVM/Analysis-20250506/processed_images/","IVERMECTIN_NIC1667",243.247800876021,213.75633050663,225.213866602571,231.176117799437,239.963630259706,15.6285281864783,255.394709758395,263.497193740647,277.179113205142,0.0642494120407028,30,"CbDRC2_3_A",-37.2583219294941,277.221952189201,6.54157953790999,42.3784424820694,7.59339074031086e-88,39.0658086211356,-76.3241305506297
"CbDRC2_p038_C10","CbDRC2_3_A_NIC1667_0.0075","CbDRC2","p038","C10",20250424,"p038_C10","m2x","20250424-CbDRC2-p038-m2x_C10.TIF",1.21802325581395,"48h",10,"15hHB101","DMSO",1,"IVERMECTIN",0.0075,NA,NA,"NIC1667","3_A",NA,NA,NA,"/vast/eande106/projects/Amanda/projects/cellprofiler-nf/projects/20250424_Cbriggsae_DRC2_IVM/Analysis-20250506/processed_images/","IVERMECTIN_NIC1667",232.569678956007,212.53228983893,224.754295562426,226.954347023348,231.261228155824,8.88625195654789,237.634632654512,245.450716625556,246.502551522036,0.0382089875018867,19,"CbDRC2_3_A",-45.9607240333766,277.221952189201,6.54157953790999,42.3784424820694,7.59339074031086e-88,39.0658086211356,-85.0265326545122
"CbDRC2_p038_C11","CbDRC2_3_A_NIC1667_0.015","CbDRC2","p038","C11",20250424,"p038_C11","m2x","20250424-CbDRC2-p038-m2x_C11.TIF",1.08333333333333,"48h",10,"15hHB101","DMSO",1,"IVERMECTIN",0.015,NA,NA,"NIC1667","3_A",NA,NA,NA,"/vast/eande106/projects/Amanda/projects/cellprofiler-nf/projects/20250424_Cbriggsae_DRC2_IVM/Analysis-20250506/processed_images/","IVERMECTIN_NIC1667",207.310743157071,154.375908997377,162.048477255209,192.336217379197,216.907730259707,26.9373583193979,227.977568431139,233.997850796852,241.045370680483,0.129937107499483,22,"CbDRC2_3_A",-60.314221929494,277.221952189201,6.54157953790999,42.3784424820694,7.59339074031086e-88,39.0658086211356,-99.3800305506296
"CbDRC2_p038_C12","CbDRC2_3_A_NIC1667_0.03","CbDRC2","p038","C12",20250424,"p038_C12","m2x","20250424-CbDRC2-p038-m2x_C12.TIF",1.19869706840391,"48h",10,"15hHB101","DMSO",1,"IVERMECTIN",0.03,NA,NA,"NIC1667","3_A",NA,NA,NA,"/vast/eande106/projects/Amanda/projects/cellprofiler-nf/projects/20250424_Cbriggsae_DRC2_IVM/Analysis-20250506/processed_images/","IVERMECTIN_NIC1667",205.32247719956,164.805276345071,184.017545470095,190.379883811626,206.227444628542,18.4626855117654,219.036931457109,226.71933018158,238.316780259706,0.0899204303570759,24,"CbDRC2_3_A",-70.9945075606588,277.221952189201,6.54157953790999,42.3784424820694,7.59339074031086e-88,39.0658086211356,-110.060316181794
"CbDRC2_p038_D01","CbDRC2_3_A_VX34_0","CbDRC2","p038","D01",20250424,"p038_D01","m2x","20250424-CbDRC2-p038-m2x_D01.TIF",0.228869565217391,"48h",10,"15hHB101","DMSO",1,"IVERMECTIN",0,NA,NA,"VX34","3_A",NA,NA,NA,"/vast/eande106/projects/Amanda/projects/cellprofiler-nf/projects/20250424_Cbriggsae_DRC2_IVM/Analysis-20250506/processed_images/","IVERMECTIN_VX34",360.538359663381,290.381277204143,325.717941158295,347.24918744451,364.06257038956,33.3718365207593,382.163721296039,398.984511665373,400.176232363589,0.0925611259559651,10,"CbDRC2_3_A",74.1178521246158,289.944718264944,9.1320560509839,31.7502122902219,1.22881238642783e-66,68.0584332547042,6.05941886991158
"CbDRC2_p038_D02","CbDRC2_3_A_VX34_2.9e-05","CbDRC2","p038","D02",20250424,"p038_D02","m2x","20250424-CbDRC2-p038-m2x_D02.TIF",0.0906994619523444,"48h",10,"15hHB101","DMSO",1,"IVERMECTIN",2.9e-05,NA,NA,"VX34","3_A",NA,NA,NA,"/vast/eande106/projects/Amanda/projects/cellprofiler-nf/projects/20250424_Cbriggsae_DRC2_IVM/Analysis-20250506/processed_images/","IVERMECTIN_VX34",342.231151154419,189.082717206908,248.582021934043,288.814169284987,336.870714407704,82.5482085811427,398.559503189534,421.484075426935,499.526403282933,0.24120600448758,14,"CbDRC2_3_A",46.9259961427598,289.944718264944,9.1320560509839,31.7502122902219,1.22881238642783e-66,68.0584332547042,-21.1324371119444
"CbDRC2_p038_D03","CbDRC2_3_A_VX34_5.8e-05","CbDRC2","p038","D03",20250424,"p038_D03","m2x","20250424-CbDRC2-p038-m2x_D03.TIF",0.224529780564263,"48h",10,"15hHB101","DMSO",1,"IVERMECTIN",5.8e-05,NA,NA,"VX34","3_A",NA,NA,NA,"/vast/eande106/projects/Amanda/projects/cellprofiler-nf/projects/20250424_Cbriggsae_DRC2_IVM/Analysis-20250506/processed_images/","IVERMECTIN_VX34",330.394142395892,241.844556311648,261.085559562498,286.004935543182,347.440145125887,53.6187257486136,367.39055003371,378.375584521792,418.351204496149,0.162287156060913,14,"CbDRC2_3_A",57.495426860943,289.944718264944,9.1320560509839,31.7502122902219,1.22881238642783e-66,68.0584332547042,-10.5630063937612
"CbDRC2_p038_D05","CbDRC2_3_A_VX34_0.00023","CbDRC2","p038","D05",20250424,"p038_D05","m2x","20250424-CbDRC2-p038-m2x_D05.TIF",0.248504188272836,"48h",10,"15hHB101","DMSO",1,"IVERMECTIN",0.00023,NA,NA,"VX34","3_A",NA,NA,NA,"/vast/eande106/projects/Amanda/projects/cellprofiler-nf/projects/20250424_Cbriggsae_DRC2_IVM/Analysis-20250506/processed_images/","IVERMECTIN_VX34",276.834889402276,100.041812825492,165.617585944032,210.813744416548,266.595785049318,94.4078754045998,370.475859862489,382.491915004617,399.953299706537,0.341025929240491,15,"CbDRC2_3_A",-23.3489332156258,289.944718264944,9.1320560509839,31.7502122902219,1.22881238642783e-66,68.0584332547042,-91.4073664703299
"CbDRC2_p038_D06","CbDRC2_3_A_VX34_0.00046","CbDRC2","p038","D06",20250424,"p038_D06","m2x","20250424-CbDRC2-p038-m2x_D06.TIF",0.258955545964609,"48h",10,"15hHB101","DMSO",1,"IVERMECTIN",0.00046,NA,NA,"VX34","3_A",NA,NA,NA,"/vast/eande106/projects/Amanda/projects/cellprofiler-nf/projects/20250424_Cbriggsae_DRC2_IVM/Analysis-20250506/processed_images/","IVERMECTIN_VX34",214.459517640283,125.826423021077,139.996062640151,164.321408193877,215.018188286972,64.5340660718171,266.007864541476,280.080978570791,321.789499418153,0.300914908239518,12,"CbDRC2_3_A",-74.9265299779716,289.944718264944,9.1320560509839,31.7502122902219,1.22881238642783e-66,68.0584332547042,-142.984963232676
"CbDRC2_p038_D08","CbDRC2_3_A_VX34_0.0018","CbDRC2","p038","D08",20250424,"p038_D08","m2x","20250424-CbDRC2-p038-m2x_D08.TIF",0.416422287390029,"48h",10,"15hHB101","DMSO",1,"IVERMECTIN",0.0018,NA,NA,"VX34","3_A",NA,NA,NA,"/vast/eande106/projects/Amanda/projects/cellprofiler-nf/projects/20250424_Cbriggsae_DRC2_IVM/Analysis-20250506/processed_images/","IVERMECTIN_VX34",248.185645879706,153.24568983893,170.610332945436,232.060413786989,255.855628354911,43.16123743007,277.607104207765,297.038270680483,306.023227573977,0.173907065725267,21,"CbDRC2_3_A",-34.0890899100332,289.944718264944,9.1320560509839,31.7502122902219,1.22881238642783e-66,68.0584332547042,-102.147523164737
"CbDRC2_p038_D09","CbDRC2_3_A_VX34_0.0037","CbDRC2","p038","D09",20250424,"p038_D09","m2x","20250424-CbDRC2-p038-m2x_D09.TIF",0.995249406175772,"48h",10,"15hHB101","DMSO",1,"IVERMECTIN",0.0037,NA,NA,"VX34","3_A",NA,NA,NA,"/vast/eande106/projects/Amanda/projects/cellprofiler-nf/projects/20250424_Cbriggsae_DRC2_IVM/Analysis-20250506/processed_images/","IVERMECTIN_VX34",227.645871360447,191.639870680483,211.010380238123,218.067639381748,224.907904207765,15.9434468761502,239.15881512766,251.12342726957,262.405941942812,0.0700361784769902,28,"CbDRC2_3_A",-65.0368140571786,289.944718264944,9.1320560509839,31.7502122902219,1.22881238642783e-66,68.0584332547042,-133.095247311883
"CbDRC2_p038_D10","CbDRC2_3_A_VX34_0.0075","CbDRC2","p038","D10",20250424,"p038_D10","m2x","20250424-CbDRC2-p038-m2x_D10.TIF",1.06030150753769,"48h",10,"15hHB101","DMSO",1,"IVERMECTIN",0.0075,NA,NA,"VX34","3_A",NA,NA,NA,"/vast/eande106/projects/Amanda/projects/cellprofiler-nf/projects/20250424_Cbriggsae_DRC2_IVM/Analysis-20250506/processed_images/","IVERMECTIN_VX34",209.936972156419,166.985599418153,179.708311754775,196.346344628542,216.690274916479,20.890152929816,222.099495496925,233.319719301784,242.740699418153,0.0995067839420452,27,"CbDRC2_3_A",-73.2544433484651,289.944718264944,9.1320560509839,31.7502122902219,1.22881238642783e-66,68.0584332547042,-141.312876603169
"CbDRC2_p038_D11","CbDRC2_3_A_VX34_0.015","CbDRC2","p038","D11",20250424,"p038_D11","m2x","20250424-CbDRC2-p038-m2x_D11.TIF",1.13738019169329,"48h",10,"15hHB101","DMSO",1,"IVERMECTIN",0.015,NA,NA,"VX34","3_A",NA,NA,NA,"/vast/eande106/projects/Amanda/projects/cellprofiler-nf/projects/20250424_Cbriggsae_DRC2_IVM/Analysis-20250506/processed_images/","IVERMECTIN_VX34",204.607541478775,179.361213786989,187.971648997377,194.134385049318,204.3465185766,14.949282269095,218.61967970609,225.208186965163,227.30546110126,0.0730632026613044,17,"CbDRC2_3_A",-85.5981996883434,289.944718264944,9.1320560509839,31.7502122902219,1.22881238642783e-66,68.0584332547042,-153.656632943048
"CbDRC2_p038_D12","CbDRC2_3_A_VX34_0.03","CbDRC2","p038","D12",20250424,"p038_D12","m2x","20250424-CbDRC2-p038-m2x_D12.TIF",1.22539682539683,"48h",10,"15hHB101","DMSO",1,"IVERMECTIN",0.03,NA,NA,"VX34","3_A",NA,NA,NA,"/vast/eande106/projects/Amanda/projects/cellprofiler-nf/projects/20250424_Cbriggsae_DRC2_IVM/Analysis-20250506/processed_images/","IVERMECTIN_VX34",214.699294047697,192.85699166435,203.143722939046,208.770437735047,214.13066110126,10.8727098831241,219.587841942813,231.316075586464,232.53098623247,0.0506415725834135,17,"CbDRC2_3_A",-75.8140571636843,289.944718264944,9.1320560509839,31.7502122902219,1.22881238642783e-66,68.0584332547042,-143.872490418389
"CbDRC2_p038_E01","CbDRC2_3_A_ECA2666_0","CbDRC2","p038","E01",20250424,"p038_E01","m2x","20250424-CbDRC2-p038-m2x_E01.TIF",0.374438546345447,"48h",10,"15hHB101","DMSO",1,"IVERMECTIN",0,NA,NA,"ECA2666","3_A",NA,NA,NA,"/vast/eande106/projects/Amanda/projects/cellprofiler-nf/projects/20250424_Cbriggsae_DRC2_IVM/Analysis-20250506/processed_images/","IVERMECTIN_ECA2666",418.986239138427,260.613655729801,270.443021803376,318.595340446602,359.755689257083,143.992827192001,541.026227283054,609.061270671711,669.815006088146,0.343669585636266,11,"CbDRC2_3_A",44.3372212343966,315.418468022687,11.4106754131697,27.6424012253162,3.22882775009558e-63,77.2951652609918,-32.9579440265951
"CbDRC2_p038_E02","CbDRC2_3_A_ECA2666_2.9e-05","CbDRC2","p038","E02",20250424,"p038_E02","m2x","20250424-CbDRC2-p038-m2x_E02.TIF",0.247933884297521,"48h",10,"15hHB101","DMSO",1,"IVERMECTIN",2.9e-05,NA,NA,"ECA2666","3_A",NA,NA,NA,"/vast/eande106/projects/Amanda/projects/cellprofiler-nf/projects/20250424_Cbriggsae_DRC2_IVM/Analysis-20250506/processed_images/","IVERMECTIN_ECA2666",374.436314416255,231.101591575697,235.198119514352,241.990298031061,296.424682363589,175.052372081058,444.398788675237,606.810305503488,740.01289308209,0.4675090672067,10,"CbDRC2_3_A",-18.9937856590977,315.418468022687,11.4106754131697,27.6424012253162,3.22882775009558e-63,77.2951652609918,-96.2889509200894
"CbDRC2_p038_E03","CbDRC2_3_A_ECA2666_5.8e-05","CbDRC2","p038","E03",20250424,"p038_E03","m2x","20250424-CbDRC2-p038-m2x_E03.TIF",0.221532091097308,"48h",10,"15hHB101","DMSO",1,"IVERMECTIN",5.8e-05,NA,NA,"ECA2666","3_A",NA,NA,NA,"/vast/eande106/projects/Amanda/projects/cellprofiler-nf/projects/20250424_Cbriggsae_DRC2_IVM/Analysis-20250506/processed_images/","IVERMECTIN_ECA2666",308.639833037469,213.097399418153,247.862830622298,271.280095396617,287.904684805791,72.9945500972542,329.789417405957,405.633413205142,459.834026992131,0.236503983879464,10,"CbDRC2_3_A",-27.5137832168952,315.418468022687,11.4106754131697,27.6424012253162,3.22882775009558e-63,77.2951652609918,-104.808948477887
"CbDRC2_p038_E05","CbDRC2_3_A_ECA2666_0.00023","CbDRC2","p038","E05",20250424,"p038_E05","m2x","20250424-CbDRC2-p038-m2x_E05.TIF",1.15625,"48h",10,"15hHB101","DMSO",1,"IVERMECTIN",0.00023,NA,NA,"ECA2666","3_A",NA,NA,NA,"/vast/eande106/projects/Amanda/projects/cellprofiler-nf/projects/20250424_Cbriggsae_DRC2_IVM/Analysis-20250506/processed_images/","IVERMECTIN_ECA2666",312.932790701476,112.079621509253,201.204824028688,223.893095836029,309.082851522036,108.783550848167,395.586796441501,438.49637482554,490.236351522036,0.347625925056672,15,"CbDRC2_3_A",-6.33561650065069,315.418468022687,11.4106754131697,27.6424012253162,3.22882775009558e-63,77.2951652609918,-83.6307817616425
"CbDRC2_p038_E06","CbDRC2_3_A_ECA2666_0.00046","CbDRC2","p038","E06",20250424,"p038_E06","m2x","20250424-CbDRC2-p038-m2x_E06.TIF",0.883977900552486,"48h",10,"15hHB101","DMSO",1,"IVERMECTIN",0.00046,NA,NA,"ECA2666","3_A",NA,NA,NA,"/vast/eande106/projects/Amanda/projects/cellprofiler-nf/projects/20250424_Cbriggsae_DRC2_IVM/Analysis-20250506/processed_images/","IVERMECTIN_ECA2666",380.090925677014,264.284427994668,320.098914284487,358.849505875263,380.061350302633,53.7082872919006,397.633239257083,443.882157833684,479.636388093391,0.141303787235215,16,"CbDRC2_3_A",64.6428822799464,315.418468022687,11.4106754131697,27.6424012253162,3.22882775009558e-63,77.2951652609918,-12.6522829810454
"CbDRC2_p038_E07","CbDRC2_3_A_ECA2666_0.00093","CbDRC2","p038","E07",20250424,"p038_E07","m2x","20250424-CbDRC2-p038-m2x_E07.TIF",1.08646616541353,"48h",10,"15hHB101","DMSO",1,"IVERMECTIN",0.00093,NA,NA,"ECA2666","3_A",NA,NA,NA,"/vast/eande106/projects/Amanda/projects/cellprofiler-nf/projects/20250424_Cbriggsae_DRC2_IVM/Analysis-20250506/processed_images/","IVERMECTIN_ECA2666",339.326425828599,250.829513205142,276.346823711811,319.66617967786,351.00480841553,41.3833144867633,370.122080546244,386.499202435258,389.495946732424,0.121957240393847,23,"CbDRC2_3_A",35.5863403928436,315.418468022687,11.4106754131697,27.6424012253162,3.22882775009558e-63,77.2951652609918,-41.7088248681482
"CbDRC2_p038_E08","CbDRC2_3_A_ECA2666_0.0018","CbDRC2","p038","E08",20250424,"p038_E08","m2x","20250424-CbDRC2-p038-m2x_E08.TIF",1.28,"48h",10,"15hHB101","DMSO",1,"IVERMECTIN",0.0018,NA,NA,"ECA2666","3_A",NA,NA,NA,"/vast/eande106/projects/Amanda/projects/cellprofiler-nf/projects/20250424_Cbriggsae_DRC2_IVM/Analysis-20250506/processed_images/","IVERMECTIN_ECA2666",260.902690543735,182.089804207765,235.58818983893,240.48026110126,255.35038983893,33.8097968476755,286.026951522036,293.320183410118,332.138751522036,0.129587766140756,17,"CbDRC2_3_A",-60.0680781837568,315.418468022687,11.4106754131697,27.6424012253162,3.22882775009558e-63,77.2951652609918,-137.363243444749
"CbDRC2_p038_E09","CbDRC2_3_A_ECA2666_0.0037","CbDRC2","p038","E09",20250424,"p038_E09","m2x","20250424-CbDRC2-p038-m2x_E09.TIF",1.23723723723724,"48h",10,"15hHB101","DMSO",1,"IVERMECTIN",0.0037,NA,NA,"ECA2666","3_A",NA,NA,NA,"/vast/eande106/projects/Amanda/projects/cellprofiler-nf/projects/20250424_Cbriggsae_DRC2_IVM/Analysis-20250506/processed_images/","IVERMECTIN_ECA2666",215.487784686423,173.00788983893,187.231326906978,203.660212153201,217.589877864901,22.0010818064536,230.671879207765,237.361773612435,268.759265890871,0.102098974373278,28,"CbDRC2_3_A",-97.828590157786,315.418468022687,11.4106754131697,27.6424012253162,3.22882775009558e-63,77.2951652609918,-175.123755418778
"CbDRC2_p038_E10","CbDRC2_3_A_ECA2666_0.0075","CbDRC2","p038","E10",20250424,"p038_E10","m2x","20250424-CbDRC2-p038-m2x_E10.TIF",1.26934984520124,"48h",10,"15hHB101","DMSO",1,"IVERMECTIN",0.0075,NA,NA,"ECA2666","3_A",NA,NA,NA,"/vast/eande106/projects/Amanda/projects/cellprofiler-nf/projects/20250424_Cbriggsae_DRC2_IVM/Analysis-20250506/processed_images/","IVERMECTIN_ECA2666",201.870978008376,157.338575470095,185.948613786989,191.664110049318,203.759760463703,20.2421733272202,209.754407060853,228.558072475233,232.29448983893,0.100272825380478,12,"CbDRC2_3_A",-111.658707558983,315.418468022687,11.4106754131697,27.6424012253162,3.22882775009558e-63,77.2951652609918,-188.953872819975
"CbDRC2_p038_E11","CbDRC2_3_A_ECA2666_0.015","CbDRC2","p038","E11",20250424,"p038_E11","m2x","20250424-CbDRC2-p038-m2x_E11.TIF",1.04946996466431,"48h",10,"15hHB101","DMSO",1,"IVERMECTIN",0.015,NA,NA,"ECA2666","3_A",NA,NA,NA,"/vast/eande106/projects/Amanda/projects/cellprofiler-nf/projects/20250424_Cbriggsae_DRC2_IVM/Analysis-20250506/processed_images/","IVERMECTIN_ECA2666",190.334612395393,142.736801154921,154.948462523782,192.229219628542,194.502638312508,23.0884024531479,203.664370971406,210.279699371812,215.82598983893,0.121304276519002,10,"CbDRC2_3_A",-120.915829710179,315.418468022687,11.4106754131697,27.6424012253162,3.22882775009558e-63,77.2951652609918,-198.210994971171
"CbDRC2_p038_E12","CbDRC2_3_A_ECA2666_0.03","CbDRC2","p038","E12",20250424,"p038_E12","m2x","20250424-CbDRC2-p038-m2x_E12.TIF",1.14204545454545,"48h",10,"15hHB101","DMSO",1,"IVERMECTIN",0.03,NA,NA,"ECA2666","3_A",NA,NA,NA,"/vast/eande106/projects/Amanda/projects/cellprofiler-nf/projects/20250424_Cbriggsae_DRC2_IVM/Analysis-20250506/processed_images/","IVERMECTIN_ECA2666",191.821192703939,121.769942524659,143.169435115972,174.62046019478,196.630109588953,34.4672464000786,217.648396877886,227.349923728804,230.930194628542,0.179684246115997,14,"CbDRC2_3_A",-118.788358433734,315.418468022687,11.4106754131697,27.6424012253162,3.22882775009558e-63,77.2951652609918,-196.083523694726
"CbDRC2_p038_F01","CbDRC2_3_A_ED3102_0","CbDRC2","p038","F01",20250424,"p038_F01","m2x","20250424-CbDRC2-p038-m2x_F01.TIF",0.184395813510942,"48h",10,"15hHB101","DMSO",1,"IVERMECTIN",0,NA,NA,"ED3102","3_A",NA,NA,NA,"/vast/eande106/projects/Amanda/projects/cellprofiler-nf/projects/20250424_Cbriggsae_DRC2_IVM/Analysis-20250506/processed_images/","IVERMECTIN_ED3102",345.625225830079,296.941313205142,310.324429069045,336.314395535021,347.406905092245,26.3640200823432,366.858868864114,368.855331593705,379.186855729801,0.0762792126038412,10,"CbDRC2_3_A",71.0945266236395,276.312378468605,7.58865955144181,36.4112234309032,6.55193527240559e-80,67.546811591988,3.54771503165146
"CbDRC2_p038_F02","CbDRC2_3_A_ED3102_2.9e-05","CbDRC2","p038","F02",20250424,"p038_F02","m2x","20250424-CbDRC2-p038-m2x_F02.TIF",0.238800578034682,"48h",10,"15hHB101","DMSO",1,"IVERMECTIN",2.9e-05,NA,NA,"ED3102","3_A",NA,NA,NA,"/vast/eande106/projects/Amanda/projects/cellprofiler-nf/projects/20250424_Cbriggsae_DRC2_IVM/Analysis-20250506/processed_images/","IVERMECTIN_ED3102",360.491178241008,332.703861101259,342.38634098489,353.733398836307,358.722427573977,20.2804183647745,362.367241651889,377.555284652051,399.810678035427,0.0562577382995375,7,"CbDRC2_3_A",82.4100491053718,276.312378468605,7.58865955144181,36.4112234309032,6.55193527240559e-80,67.546811591988,14.8632375133839
"CbDRC2_p038_F03","CbDRC2_3_A_ED3102_5.8e-05","CbDRC2","p038","F03",20250424,"p038_F03","m2x","20250424-CbDRC2-p038-m2x_F03.TIF",0.255164498852334,"48h",10,"15hHB101","DMSO",1,"IVERMECTIN",5.8e-05,NA,NA,"ED3102","3_A",NA,NA,NA,"/vast/eande106/projects/Amanda/projects/cellprofiler-nf/projects/20250424_Cbriggsae_DRC2_IVM/Analysis-20250506/processed_images/","IVERMECTIN_ED3102",315.100214779469,140.999364542709,196.181616174639,264.912331792693,316.848949418153,83.8600876865318,363.614498836307,410.971585715085,478.700083885625,0.266137830928562,24,"CbDRC2_3_A",40.536570949548,276.312378468605,7.58865955144181,36.4112234309032,6.55193527240559e-80,67.546811591988,-27.01024064244
"CbDRC2_p038_F04","CbDRC2_3_A_ED3102_0.00011","CbDRC2","p038","F04",20250424,"p038_F04","m2x","20250424-CbDRC2-p038-m2x_F04.TIF",0.224068071312804,"48h",10,"15hHB101","DMSO",1,"IVERMECTIN",0.00011,NA,NA,"ED3102","3_A",NA,NA,NA,"/vast/eande106/projects/Amanda/projects/cellprofiler-nf/projects/20250424_Cbriggsae_DRC2_IVM/Analysis-20250506/processed_images/","IVERMECTIN_ED3102",331.763335140848,239.48275169246,292.721252917777,312.94166110126,336.865306020724,44.9135361434668,346.726325470095,370.797305370029,410.885250386536,0.135378239202952,10,"CbDRC2_3_A",60.552927552119,276.312378468605,7.58865955144181,36.4112234309032,6.55193527240559e-80,67.546811591988,-6.99388403986895
"CbDRC2_p038_F05","CbDRC2_3_A_ED3102_0.00023","CbDRC2","p038","F05",20250424,"p038_F05","m2x","20250424-CbDRC2-p038-m2x_F05.TIF",0.207111665626949,"48h",10,"15hHB101","DMSO",1,"IVERMECTIN",0.00023,NA,NA,"ED3102","3_A",NA,NA,NA,"/vast/eande106/projects/Amanda/projects/cellprofiler-nf/projects/20250424_Cbriggsae_DRC2_IVM/Analysis-20250506/processed_images/","IVERMECTIN_ED3102",261.079629959753,105.5355185766,130.637861392183,200.463469628542,265.598769715479,92.4018081154347,338.316995959874,361.071505729801,410.993636571354,0.353921936114583,16,"CbDRC2_3_A",-10.7136087531269,276.312378468605,7.58865955144181,36.4112234309032,6.55193527240559e-80,67.546811591988,-78.2604203451148
"CbDRC2_p038_F06","CbDRC2_3_A_ED3102_0.00046","CbDRC2","p038","F06",20250424,"p038_F06","m2x","20250424-CbDRC2-p038-m2x_F06.TIF",1.20238095238095,"48h",10,"15hHB101","DMSO",1,"IVERMECTIN",0.00046,NA,NA,"ED3102","3_A",NA,NA,NA,"/vast/eande106/projects/Amanda/projects/cellprofiler-nf/projects/20250424_Cbriggsae_DRC2_IVM/Analysis-20250506/processed_images/","IVERMECTIN_ED3102",199.93324767363,101.399335878088,104.987134312993,114.455554762227,179.238822332044,103.004915197938,250.415912521542,307.161881236842,427.462136571354,0.515196528823875,12,"CbDRC2_3_A",-97.0735561365614,276.312378468605,7.58865955144181,36.4112234309032,6.55193527240559e-80,67.546811591988,-164.620367728549
"CbDRC2_p038_F08","CbDRC2_3_A_ED3102_0.0018","CbDRC2","p038","F08",20250424,"p038_F08","m2x","20250424-CbDRC2-p038-m2x_F08.TIF",1.2033426183844,"48h",10,"15hHB101","DMSO",1,"IVERMECTIN",0.0018,NA,NA,"ED3102","3_A",NA,NA,NA,"/vast/eande106/projects/Amanda/projects/cellprofiler-nf/projects/20250424_Cbriggsae_DRC2_IVM/Analysis-20250506/processed_images/","IVERMECTIN_ED3102",255.118460088289,224.576870680483,230.966468845808,242.24414912723,252.949696979348,20.6165242854239,266.664344337618,278.301300143337,301.46218983893,0.0808115738794014,19,"CbDRC2_3_A",-23.3626814892577,276.312378468605,7.58865955144181,36.4112234309032,6.55193527240559e-80,67.546811591988,-90.9094930812457
"CbDRC2_p038_F09","CbDRC2_3_A_ED3102_0.0037","CbDRC2","p038","F09",20250424,"p038_F09","m2x","20250424-CbDRC2-p038-m2x_F09.TIF",1.12760416666667,"48h",10,"15hHB101","DMSO",1,"IVERMECTIN",0.0037,NA,NA,"ED3102","3_A",NA,NA,NA,"/vast/eande106/projects/Amanda/projects/cellprofiler-nf/projects/20250424_Cbriggsae_DRC2_IVM/Analysis-20250506/processed_images/","IVERMECTIN_ED3102",230.586997669854,190.509651522036,201.756710259706,221.840046828031,231.612342233736,19.3828895565768,241.394485913001,255.977690013484,263.536161101259,0.0840589007725772,30,"CbDRC2_3_A",-44.7000362348695,276.312378468605,7.58865955144181,36.4112234309032,6.55193527240559e-80,67.546811591988,-112.246847826858
"CbDRC2_p038_F10","CbDRC2_3_A_ED3102_0.0075","CbDRC2","p038","F10",20250424,"p038_F10","m2x","20250424-CbDRC2-p038-m2x_F10.TIF",1.03899082568807,"48h",10,"15hHB101","DMSO",1,"IVERMECTIN",0.0075,NA,NA,"ED3102","3_A",NA,NA,NA,"/vast/eande106/projects/Amanda/projects/cellprofiler-nf/projects/20250424_Cbriggsae_DRC2_IVM/Analysis-20250506/processed_images/","IVERMECTIN_ED3102",219.669109974681,167.097125302066,192.77008983893,205.64407259454,222.41338983893,20.1365571117386,232.411527864901,240.012108997377,261.703713786989,0.0916676774174551,31,"CbDRC2_3_A",-53.8989886296754,276.312378468605,7.58865955144181,36.4112234309032,6.55193527240559e-80,67.546811591988,-121.445800221663
"CbDRC2_p038_F11","CbDRC2_3_A_ED3102_0.015","CbDRC2","p038","F11",20250424,"p038_F11","m2x","20250424-CbDRC2-p038-m2x_F11.TIF",1.08695652173913,"48h",10,"15hHB101","DMSO",1,"IVERMECTIN",0.015,NA,NA,"ED3102","3_A",NA,NA,NA,"/vast/eande106/projects/Amanda/projects/cellprofiler-nf/projects/20250424_Cbriggsae_DRC2_IVM/Analysis-20250506/processed_images/","IVERMECTIN_ED3102",208.13867216535,149.291202374577,178.503853670619,197.428085049318,214.087364033912,24.3513773095604,224.907904207765,233.594651011991,245.894144875465,0.116995928993989,25,"CbDRC2_3_A",-62.2250144346933,276.312378468605,7.58865955144181,36.4112234309032,6.55193527240559e-80,67.546811591988,-129.771826026681
"CbDRC2_p038_F12","CbDRC2_3_A_ED3102_0.03","CbDRC2","p038","F12",20250424,"p038_F12","m2x","20250424-CbDRC2-p038-m2x_F12.TIF",1.21329639889197,"48h",10,"15hHB101","DMSO",1,"IVERMECTIN",0.03,NA,NA,"ED3102","3_A",NA,NA,NA,"/vast/eande106/projects/Amanda/projects/cellprofiler-nf/projects/20250424_Cbriggsae_DRC2_IVM/Analysis-20250506/processed_images/","IVERMECTIN_ED3102",210.662188021105,157.104499418153,177.300363723103,192.835189285314,212.138577206862,22.5967936756051,229.896932945436,237.950290796852,241.610480259706,0.107265541518733,29,"CbDRC2_3_A",-64.1738012617433,276.312378468605,7.58865955144181,36.4112234309032,6.55193527240559e-80,67.546811591988,-131.720612853731
"CbDRC2_p039_A03","CbDRC2_1_N_VX34_5.8e-05","CbDRC2","p039","A03",20250424,"p039_A03","m2x","20250424-CbDRC2-p039-m2x_A03.TIF",0.22,"48h",10,"15hHB101","DMSO",1,"IVERMECTIN",5.8e-05,NA,NA,"VX34","1_N",NA,NA,NA,"/vast/eande106/projects/Amanda/projects/cellprofiler-nf/projects/20250424_Cbriggsae_DRC2_IVM/Analysis-20250506/processed_images/","IVERMECTIN_VX34",286.760620100372,105.492221509253,109.536898740514,112.163656406555,301.296201704835,145.393830066404,376.555222784365,420.30629982505,501.21439957226,0.507021605740403,9,"CbDRC2_1_N",5.64820376019119,295.647997944643,9.22869425594786,32.0357343894126,3.99535273195856e-67,71.1068038124399,-65.4586000522487
"CbDRC2_p039_A08","CbDRC2_1_N_VX34_0.0018","CbDRC2","p039","A08",20250424,"p039_A08","m2x","20250424-CbDRC2-p039-m2x_A08.TIF",1.08638743455497,"48h",10,"15hHB101","DMSO",1,"IVERMECTIN",0.0018,NA,NA,"VX34","1_N",NA,NA,NA,"/vast/eande106/projects/Amanda/projects/cellprofiler-nf/projects/20250424_Cbriggsae_DRC2_IVM/Analysis-20250506/processed_images/","IVERMECTIN_VX34",262.430427220978,230.59916110126,243.953189722561,253.372506311648,257.182837153201,20.8414686301067,274.818776047555,287.539724583841,292.848427573977,0.0794171196183638,7,"CbDRC2_1_N",-38.4651607914426,295.647997944643,9.22869425594786,32.0357343894126,3.99535273195856e-67,71.1068038124399,-109.571964603883
"CbDRC2_p039_A09","CbDRC2_1_N_VX34_0.0037","CbDRC2","p039","A09",20250424,"p039_A09","m2x","20250424-CbDRC2-p039-m2x_A09.TIF",1.10204081632653,"48h",10,"15hHB101","DMSO",1,"IVERMECTIN",0.0037,NA,NA,"VX34","1_N",NA,NA,NA,"/vast/eande106/projects/Amanda/projects/cellprofiler-nf/projects/20250424_Cbriggsae_DRC2_IVM/Analysis-20250506/processed_images/","IVERMECTIN_VX34",230.75220557029,224.01176110126,225.900579161376,228.733806251552,233.455851401844,5.8753312954286,234.122427804805,234.522373646581,234.789004207765,0.0254616474018443,3,"CbDRC2_1_N",-62.1921465427993,295.647997944643,9.22869425594786,32.0357343894126,3.99535273195856e-67,71.1068038124399,-133.298950355239
"CbDRC2_p039_B01","CbDRC2_1_N_JU3237_0","CbDRC2","p039","B01",20250424,"p039_B01","m2x","20250424-CbDRC2-p039-m2x_B01.TIF",0.219034608378871,"48h",10,"15hHB101","DMSO",1,"IVERMECTIN",0,NA,NA,"JU3237","1_N",NA,NA,NA,"/vast/eande106/projects/Amanda/projects/cellprofiler-nf/projects/20250424_Cbriggsae_DRC2_IVM/Analysis-20250506/processed_images/","IVERMECTIN_JU3237",286.840081055034,249.272973648311,254.487712096823,262.309819769591,275.346665890871,44.4427779620733,305.623634758395,323.789816078909,335.900603625918,0.154939218391681,3,"CbDRC2_1_N",10.6670178248456,264.679648066026,7.66333315233897,34.5384498891636,1.28800366813287e-76,28.6810563137571,-18.0140384889115
"CbDRC2_p039_B03","CbDRC2_1_N_JU3237_5.8e-05","CbDRC2","p039","B03",20250424,"p039_B03","m2x","20250424-CbDRC2-p039-m2x_B03.TIF",0.257575757575758,"48h",10,"15hHB101","DMSO",1,"IVERMECTIN",5.8e-05,NA,NA,"JU3237","1_N",NA,NA,NA,"/vast/eande106/projects/Amanda/projects/cellprofiler-nf/projects/20250424_Cbriggsae_DRC2_IVM/Analysis-20250506/processed_images/","IVERMECTIN_JU3237",303.94249716851,242.17558983893,271.184324461997,296.504251913388,313.292775179171,29.5970445464936,319.356677002855,327.232156888057,337.264898836307,0.097377118442521,8,"CbDRC2_1_N",48.6131271131457,264.679648066026,7.66333315233897,34.5384498891636,1.28800366813287e-76,28.6810563137571,19.9320707993886
"CbDRC2_p039_B04","CbDRC2_1_N_JU3237_0.00011","CbDRC2","p039","B04",20250424,"p039_B04","m2x","20250424-CbDRC2-p039-m2x_B04.TIF",0.241421568627451,"48h",10,"15hHB101","DMSO",1,"IVERMECTIN",0.00011,NA,NA,"JU3237","1_N",NA,NA,NA,"/vast/eande106/projects/Amanda/projects/cellprofiler-nf/projects/20250424_Cbriggsae_DRC2_IVM/Analysis-20250506/processed_images/","IVERMECTIN_JU3237",320.762764218958,315.008184467472,316.671699906016,319.166973063832,322.257651522036,3.82091719522613,322.394770098636,323.949653205142,324.986241942812,0.0119119724028127,5,"CbDRC2_1_N",57.5780034560103,264.679648066026,7.66333315233897,34.5384498891636,1.28800366813287e-76,28.6810563137571,28.8969471422531
"CbDRC2_p039_B07","CbDRC2_1_N_JU3237_0.00093","CbDRC2","p039","B07",20250424,"p039_B07","m2x","20250424-CbDRC2-p039-m2x_B07.TIF",1,"48h",10,"15hHB101","DMSO",1,"IVERMECTIN",0.00093,NA,NA,"JU3237","1_N",NA,NA,NA,"/vast/eande106/projects/Amanda/projects/cellprofiler-nf/projects/20250424_Cbriggsae_DRC2_IVM/Analysis-20250506/processed_images/","IVERMECTIN_JU3237",357.642892540417,333.640165309025,336.900761956296,343.135871586963,362.367241651889,16.7570272505098,369.272945494732,373.590892784366,380.179956311648,0.0468540759512399,8,"CbDRC2_1_N",97.6875935858636,264.679648066026,7.66333315233897,34.5384498891636,1.28800366813287e-76,28.6810563137571,69.0065372721065
"CbDRC2_p039_B08","CbDRC2_1_N_JU3237_0.0018","CbDRC2","p039","B08",20250424,"p039_B08","m2x","20250424-CbDRC2-p039-m2x_B08.TIF",1.12366737739872,"48h",10,"15hHB101","DMSO",1,"IVERMECTIN",0.0018,NA,NA,"JU3237","1_N",NA,NA,NA,"/vast/eande106/projects/Amanda/projects/cellprofiler-nf/projects/20250424_Cbriggsae_DRC2_IVM/Analysis-20250506/processed_images/","IVERMECTIN_JU3237",240.015469830011,177.665885049318,198.188487690347,216.128625179172,257.650989257083,38.34510335413,260.924608706454,273.717543858657,290.684946732424,0.159760966163088,7,"CbDRC2_1_N",-7.02865880894235,264.679648066026,7.66333315233897,34.5384498891636,1.28800366813287e-76,28.6810563137571,-35.7097151226995
"CbDRC2_p039_B09","CbDRC2_1_N_JU3237_0.0037","CbDRC2","p039","B09",20250424,"p039_B09","m2x","20250424-CbDRC2-p039-m2x_B09.TIF",1.17696629213483,"48h",10,"15hHB101","DMSO",1,"IVERMECTIN",0.0037,NA,NA,"JU3237","1_N",NA,NA,NA,"/vast/eande106/projects/Amanda/projects/cellprofiler-nf/projects/20250424_Cbriggsae_DRC2_IVM/Analysis-20250506/processed_images/","IVERMECTIN_JU3237",217.038125090452,200.95586110126,205.726878227492,209.787770403675,216.391099418153,10.8329527249048,226.058203916842,228.275843133474,230.227966472718,0.049912671888361,7,"CbDRC2_1_N",-48.2885486478722,264.679648066026,7.66333315233897,34.5384498891636,1.28800366813287e-76,28.6810563137571,-76.9696049616293
"CbDRC2_p039_B10","CbDRC2_1_N_JU3237_0.0075","CbDRC2","p039","B10",20250424,"p039_B10","m2x","20250424-CbDRC2-p039-m2x_B10.TIF",1.0814332247557,"48h",10,"15hHB101","DMSO",1,"IVERMECTIN",0.0075,NA,NA,"JU3237","1_N",NA,NA,NA,"/vast/eande106/projects/Amanda/projects/cellprofiler-nf/projects/20250424_Cbriggsae_DRC2_IVM/Analysis-20250506/processed_images/","IVERMECTIN_JU3237",176.108021657313,117.911132945436,128.677016777125,144.825842524659,181.130981996474,44.6840036465037,214.492837033009,219.104723085397,222.179313786989,0.253730654776498,5,"CbDRC2_1_N",-83.5486660695519,264.679648066026,7.66333315233897,34.5384498891636,1.28800366813287e-76,28.6810563137571,-112.229722383309
"CbDRC2_p039_B11","CbDRC2_1_N_JU3237_0.015","CbDRC2","p039","B11",20250424,"p039_B11","m2x","20250424-CbDRC2-p039-m2x_B11.TIF",1.13030303030303,"48h",10,"15hHB101","DMSO",1,"IVERMECTIN",0.015,NA,NA,"JU3237","1_N",NA,NA,NA,"/vast/eande106/projects/Amanda/projects/cellprofiler-nf/projects/20250424_Cbriggsae_DRC2_IVM/Analysis-20250506/processed_images/","IVERMECTIN_JU3237",178.781671851983,150.283023366212,156.870423366212,166.751523366212,183.220023366212,26.5590833806263,193.030996094868,198.917579732061,202.841968823524,0.148555962730985,3,"CbDRC2_1_N",-81.4596246998135,264.679648066026,7.66333315233897,34.5384498891636,1.28800366813287e-76,28.6810563137571,-110.140681013571
"CbDRC2_p039_B12","CbDRC2_1_N_JU3237_0.03","CbDRC2","p039","B12",20250424,"p039_B12","m2x","20250424-CbDRC2-p039-m2x_B12.TIF",1.1438127090301,"48h",10,"15hHB101","DMSO",1,"IVERMECTIN",0.03,NA,NA,"JU3237","1_N",NA,NA,NA,"/vast/eande106/projects/Amanda/projects/cellprofiler-nf/projects/20250424_Cbriggsae_DRC2_IVM/Analysis-20250506/processed_images/","IVERMECTIN_JU3237",182.892281947225,164.8221185766,166.234674472289,167.51375263874,185.383504207765,16.4865312182686,194.699494628542,201.380525049318,205.613856311648,0.0901433950232297,7,"CbDRC2_1_N",-79.2961438582605,264.679648066026,7.66333315233897,34.5384498891636,1.28800366813287e-76,28.6810563137571,-107.977200172018
"CbDRC2_p039_C01","CbDRC2_1_N_ED3102_0","CbDRC2","p039","C01",20250424,"p039_C01","m2x","20250424-CbDRC2-p039-m2x_C01.TIF",0.238733252131547,"48h",10,"15hHB101","DMSO",1,"IVERMECTIN",0,NA,NA,"ED3102","1_N",NA,NA,NA,"/vast/eande106/projects/Amanda/projects/cellprofiler-nf/projects/20250424_Cbriggsae_DRC2_IVM/Analysis-20250506/processed_images/","IVERMECTIN_ED3102",343.154623273846,301.399510734144,310.240494395803,335.008619337618,344.817001231113,23.9356744261049,354.571022929827,360.420108894491,395.249932108084,0.0697518634537052,14,"CbDRC2_1_N",70.16885898366,274.648142247453,7.44940626157245,36.8684607341416,1.07731667091468e-80,71.4019380917064,-1.23307910804634
"CbDRC2_p039_C02","CbDRC2_1_N_ED3102_2.9e-05","CbDRC2","p039","C02",20250424,"p039_C02","m2x","20250424-CbDRC2-p039-m2x_C02.TIF",1.07361963190184,"48h",10,"15hHB101","DMSO",1,"IVERMECTIN",2.9e-05,NA,NA,"ED3102","1_N",NA,NA,NA,"/vast/eande106/projects/Amanda/projects/cellprofiler-nf/projects/20250424_Cbriggsae_DRC2_IVM/Analysis-20250506/processed_images/","IVERMECTIN_ED3102",312.734187473836,197.66216110126,226.617913449173,283.697953916842,328.514017994754,62.5483953853155,345.664665599948,355.850064467471,447.555370098636,0.200004981516606,15,"CbDRC2_1_N",53.8658757473011,274.648142247453,7.44940626157245,36.8684607341416,1.07731667091468e-80,71.4019380917064,-17.5360623444052
"CbDRC2_p039_C03","CbDRC2_1_N_ED3102_5.8e-05","CbDRC2","p039","C03",20250424,"p039_C03","m2x","20250424-CbDRC2-p039-m2x_C03.TIF",0.118047922620356,"48h",10,"15hHB101","DMSO",1,"IVERMECTIN",5.8e-05,NA,NA,"ED3102","1_N",NA,NA,NA,"/vast/eande106/projects/Amanda/projects/cellprofiler-nf/projects/20250424_Cbriggsae_DRC2_IVM/Analysis-20250506/processed_images/","IVERMECTIN_ED3102",296.918772669647,192.204980259706,240.584005198933,251.433061246721,295.274382654512,51.8499295755597,333.303250324633,361.829555787986,389.302031781742,0.17462664657195,24,"CbDRC2_1_N",20.6262404070597,274.648142247453,7.44940626157245,36.8684607341416,1.07731667091468e-80,71.4019380917064,-50.7756976846467
"CbDRC2_p039_C04","CbDRC2_1_N_ED3102_0.00011","CbDRC2","p039","C04",20250424,"p039_C04","m2x","20250424-CbDRC2-p039-m2x_C04.TIF",0.225713104588673,"48h",10,"15hHB101","DMSO",1,"IVERMECTIN",0.00011,NA,NA,"ED3102","1_N",NA,NA,NA,"/vast/eande106/projects/Amanda/projects/cellprofiler-nf/projects/20250424_Cbriggsae_DRC2_IVM/Analysis-20250506/processed_images/","IVERMECTIN_ED3102",342.897062503848,286.220866472718,303.15017541191,318.881193140215,348.889806311648,33.0909411931279,364.282447347981,374.564316454985,399.845198836307,0.0965040089626216,12,"CbDRC2_1_N",74.241664064195,274.648142247453,7.44940626157245,36.8684607341416,1.07731667091468e-80,71.4019380917064,2.83972597248864
"CbDRC2_p039_C05","CbDRC2_1_N_ED3102_0.00023","CbDRC2","p039","C05",20250424,"p039_C05","m2x","20250424-CbDRC2-p039-m2x_C05.TIF",0.171532846715328,"48h",10,"15hHB101","DMSO",1,"IVERMECTIN",0.00023,NA,NA,"ED3102","1_N",NA,NA,NA,"/vast/eande106/projects/Amanda/projects/cellprofiler-nf/projects/20250424_Cbriggsae_DRC2_IVM/Analysis-20250506/processed_images/","IVERMECTIN_ED3102",273.294184025792,140.401923366212,161.251055933818,246.266143756148,265.597599775491,76.8279485712243,324.65520841553,347.192814046695,408.73319825446,0.281118124943243,13,"CbDRC2_1_N",-9.05054247196186,274.648142247453,7.44940626157245,36.8684607341416,1.07731667091468e-80,71.4019380917064,-80.4524805636682
"CbDRC2_p039_C06","CbDRC2_1_N_ED3102_0.00046","CbDRC2","p039","C06",20250424,"p039_C06","m2x","20250424-CbDRC2-p039-m2x_C06.TIF",0.172797262617622,"48h",10,"15hHB101","DMSO",1,"IVERMECTIN",0.00046,NA,NA,"ED3102","1_N",NA,NA,NA,"/vast/eande106/projects/Amanda/projects/cellprofiler-nf/projects/20250424_Cbriggsae_DRC2_IVM/Analysis-20250506/processed_images/","IVERMECTIN_ED3102",227.726440273418,113.892686786086,127.699734402962,152.745050950687,219.653562578712,89.2418313521194,281.451714693468,360.347533496065,423.934360519413,0.391881729872789,24,"CbDRC2_1_N",-54.9945796687412,274.648142247453,7.44940626157245,36.8684607341416,1.07731667091468e-80,71.4019380917064,-126.396517760448
"CbDRC2_p039_C09","CbDRC2_1_N_ED3102_0.0037","CbDRC2","p039","C09",20250424,"p039_C09","m2x","20250424-CbDRC2-p039-m2x_C09.TIF",1.10579345088161,"48h",10,"15hHB101","DMSO",1,"IVERMECTIN",0.0037,NA,NA,"ED3102","1_N",NA,NA,NA,"/vast/eande106/projects/Amanda/projects/cellprofiler-nf/projects/20250424_Cbriggsae_DRC2_IVM/Analysis-20250506/processed_images/","IVERMECTIN_ED3102",231.881639032035,186.18268983893,210.261605057787,217.5213185766,235.822265890871,17.6781544816935,244.752862589586,249.184465071271,265.796599418153,0.0762378364905864,28,"CbDRC2_1_N",-38.8258763565814,274.648142247453,7.44940626157245,36.8684607341416,1.07731667091468e-80,71.4019380917064,-110.227814448288
"CbDRC2_p039_C10","CbDRC2_1_N_ED3102_0.0075","CbDRC2","p039","C10",20250424,"p039_C10","m2x","20250424-CbDRC2-p039-m2x_C10.TIF",1.14161849710983,"48h",10,"15hHB101","DMSO",1,"IVERMECTIN",0.0075,NA,NA,"ED3102","1_N",NA,NA,NA,"/vast/eande106/projects/Amanda/projects/cellprofiler-nf/projects/20250424_Cbriggsae_DRC2_IVM/Analysis-20250506/processed_images/","IVERMECTIN_ED3102",207.239213529667,148.918728155824,173.880625340242,189.710465890871,213.448513496065,28.11958355286,220.84929822075,234.906042233736,263.961016137795,0.135686596537072,28,"CbDRC2_1_N",-61.1996287513873,274.648142247453,7.44940626157245,36.8684607341416,1.07731667091468e-80,71.4019380917064,-132.601566843094
"CbDRC2_p039_C11","CbDRC2_1_N_ED3102_0.015","CbDRC2","p039","C11",20250424,"p039_C11","m2x","20250424-CbDRC2-p039-m2x_C11.TIF",1.15772870662461,"48h",10,"15hHB101","DMSO",1,"IVERMECTIN",0.015,NA,NA,"ED3102","1_N",NA,NA,NA,"/vast/eande106/projects/Amanda/projects/cellprofiler-nf/projects/20250424_Cbriggsae_DRC2_IVM/Analysis-20250506/processed_images/","IVERMECTIN_ED3102",196.208976463288,153.576723366212,172.251503308028,189.417870825945,197.028492233736,18.8612484701377,209.521144628542,213.111834013269,229.799975470095,0.0961283668571952,24,"CbDRC2_1_N",-77.6196500137169,274.648142247453,7.44940626157245,36.8684607341416,1.07731667091468e-80,71.4019380917064,-149.021588105423
"CbDRC2_p039_C12","CbDRC2_1_N_ED3102_0.03","CbDRC2","p039","C12",20250424,"p039_C12","m2x","20250424-CbDRC2-p039-m2x_C12.TIF",1.12745098039216,"48h",10,"15hHB101","DMSO",1,"IVERMECTIN",0.03,NA,NA,"ED3102","1_N",NA,NA,NA,"/vast/eande106/projects/Amanda/projects/cellprofiler-nf/projects/20250424_Cbriggsae_DRC2_IVM/Analysis-20250506/processed_images/","IVERMECTIN_ED3102",197.626865274368,157.669608997377,178.418255470095,184.90036901884,197.357957777974,19.708301432607,209.8494887467,226.913211450367,231.398346732424,0.0997248092016523,28,"CbDRC2_1_N",-77.2901844694787,274.648142247453,7.44940626157245,36.8684607341416,1.07731667091468e-80,71.4019380917064,-148.692122561185
"CbDRC2_p039_D01","CbDRC2_1_N_ECA2666_0","CbDRC2","p039","D01",20250424,"p039_D01","m2x","20250424-CbDRC2-p039-m2x_D01.TIF",0.255622600109709,"48h",10,"15hHB101","DMSO",1,"IVERMECTIN",0,NA,NA,"ECA2666","1_N",NA,NA,NA,"/vast/eande106/projects/Amanda/projects/cellprofiler-nf/projects/20250424_Cbriggsae_DRC2_IVM/Analysis-20250506/processed_images/","IVERMECTIN_ECA2666",337.146880355219,244.978619731521,253.058611969643,267.102375615556,291.464051812959,102.187159170518,424.445109903857,466.917977283054,467.220612623296,0.303093889116973,6,"CbDRC2_1_N",34.5165636956904,256.947488117269,11.2012874336268,22.9391031736139,9.32577811032747e-53,20.2234501228379,14.2931135728525
"CbDRC2_p039_D02","CbDRC2_1_N_ECA2666_2.9e-05","CbDRC2","p039","D02",20250424,"p039_D02","m2x","20250424-CbDRC2-p039-m2x_D02.TIF",0.275500476644423,"48h",10,"15hHB101","DMSO",1,"IVERMECTIN",2.9e-05,NA,NA,"ECA2666","1_N",NA,NA,NA,"/vast/eande106/projects/Amanda/projects/cellprofiler-nf/projects/20250424_Cbriggsae_DRC2_IVM/Analysis-20250506/processed_images/","IVERMECTIN_ECA2666",320.210396222155,300.469089257083,303.922626383316,309.102932072666,317.736774888248,21.0872122685939,330.08104970469,337.487614594556,342.425324521133,0.0658542399540459,3,"CbDRC2_1_N",60.7892867709793,256.947488117269,11.2012874336268,22.9391031736139,9.32577811032747e-53,20.2234501228379,40.5658366481414
"CbDRC2_p039_D04","CbDRC2_1_N_ECA2666_0.00011","CbDRC2","p039","D04",20250424,"p039_D04","m2x","20250424-CbDRC2-p039-m2x_D04.TIF",0.289502164502164,"48h",10,"15hHB101","DMSO",1,"IVERMECTIN",0.00011,NA,NA,"ECA2666","1_N",NA,NA,NA,"/vast/eande106/projects/Amanda/projects/cellprofiler-nf/projects/20250424_Cbriggsae_DRC2_IVM/Analysis-20250506/processed_images/","IVERMECTIN_ECA2666",303.703267651593,227.496240085853,242.326767551693,251.129931082497,281.368956311648,80.4444594790976,301.268274888248,399.83383956149,483.358079096014,0.26487847859241,9,"CbDRC2_1_N",24.4214681943789,256.947488117269,11.2012874336268,22.9391031736139,9.32577811032747e-53,20.2234501228379,4.19801807154099
"CbDRC2_p039_D05","CbDRC2_1_N_ECA2666_0.00023","CbDRC2","p039","D05",20250424,"p039_D05","m2x","20250424-CbDRC2-p039-m2x_D05.TIF",0.305828421741978,"48h",10,"15hHB101","DMSO",1,"IVERMECTIN",0.00023,NA,NA,"ECA2666","1_N",NA,NA,NA,"/vast/eande106/projects/Amanda/projects/cellprofiler-nf/projects/20250424_Cbriggsae_DRC2_IVM/Analysis-20250506/processed_images/","IVERMECTIN_ECA2666",260.799446109561,219.544544875465,229.790688863408,237.954407180031,256.383651522036,31.6974278577046,286.005302988362,299.797234853129,301.748506032636,0.121539475372922,7,"CbDRC2_1_N",-0.563836595232832,256.947488117269,11.2012874336268,22.9391031736139,9.32577811032747e-53,20.2234501228379,-20.7872867180707
"CbDRC2_p039_D06","CbDRC2_1_N_ECA2666_0.00046","CbDRC2","p039","D06",20250424,"p039_D06","m2x","20250424-CbDRC2-p039-m2x_D06.TIF",1.10761904761905,"48h",10,"15hHB101","DMSO",1,"IVERMECTIN",0.00046,NA,NA,"ECA2666","1_N",NA,NA,NA,"/vast/eande106/projects/Amanda/projects/cellprofiler-nf/projects/20250424_Cbriggsae_DRC2_IVM/Analysis-20250506/processed_images/","IVERMECTIN_ECA2666",456.990772568458,400.41030841553,427.777382335827,449.117731795858,457.105436571354,36.6240994718024,458.837985044932,486.103707919576,525.508229310745,0.0801418795963019,7,"CbDRC2_1_N",200.157948454085,256.947488117269,11.2012874336268,22.9391031736139,9.32577811032747e-53,20.2234501228379,179.934498331248
"CbDRC2_p039_D07","CbDRC2_1_N_ECA2666_0.00093","CbDRC2","p039","D07",20250424,"p039_D07","m2x","20250424-CbDRC2-p039-m2x_D07.TIF",1.14638447971781,"48h",10,"15hHB101","DMSO",1,"IVERMECTIN",0.00093,NA,NA,"ECA2666","1_N",NA,NA,NA,"/vast/eande106/projects/Amanda/projects/cellprofiler-nf/projects/20250424_Cbriggsae_DRC2_IVM/Analysis-20250506/processed_images/","IVERMECTIN_ECA2666",347.518755700202,257.279794628542,301.570221172928,324.255615599948,363.711456311648,41.987464880912,369.877964218987,386.247498179146,390.198174888248,0.120820715982115,10,"CbDRC2_1_N",106.763968194379,256.947488117269,11.2012874336268,22.9391031736139,9.32577811032747e-53,20.2234501228379,86.540518071541
"CbDRC2_p039_D08","CbDRC2_1_N_ECA2666_0.0018","CbDRC2","p039","D08",20250424,"p039_D08","m2x","20250424-CbDRC2-p039-m2x_D08.TIF",1.19407008086253,"48h",10,"15hHB101","DMSO",1,"IVERMECTIN",0.0018,NA,NA,"ECA2666","1_N",NA,NA,NA,"/vast/eande106/projects/Amanda/projects/cellprofiler-nf/projects/20250424_Cbriggsae_DRC2_IVM/Analysis-20250506/processed_images/","IVERMECTIN_ECA2666",258.817024319068,239.446999418153,247.492325049318,255.019356311648,261.372680259706,10.5613925264451,264.851977573977,269.461494046695,271.156822784366,0.0408064058159677,7,"CbDRC2_1_N",4.42519214243754,256.947488117269,11.2012874336268,22.9391031736139,9.32577811032747e-53,20.2234501228379,-15.7982579804003
"CbDRC2_p039_D09","CbDRC2_1_N_ECA2666_0.0037","CbDRC2","p039","D09",20250424,"p039_D09","m2x","20250424-CbDRC2-p039-m2x_D09.TIF",1.14285714285714,"48h",10,"15hHB101","DMSO",1,"IVERMECTIN",0.0037,NA,NA,"ECA2666","1_N",NA,NA,NA,"/vast/eande106/projects/Amanda/projects/cellprofiler-nf/projects/20250424_Cbriggsae_DRC2_IVM/Analysis-20250506/processed_images/","IVERMECTIN_ECA2666",219.289536048324,195.829713786989,197.244066146601,204.039724418153,220.201430259707,18.1935874806992,227.129904062303,244.489212059182,253.420985049318,0.0829660539602309,14,"CbDRC2_1_N",-36.7460578575623,256.947488117269,11.2012874336268,22.9391031736139,9.32577811032747e-53,20.2234501228379,-56.9695079804002
"CbDRC2_p039_D10","CbDRC2_1_N_ECA2666_0.0075","CbDRC2","p039","D10",20250424,"p039_D10","m2x","20250424-CbDRC2-p039-m2x_D10.TIF",1.33877551020408,"48h",10,"15hHB101","DMSO",1,"IVERMECTIN",0.0075,NA,NA,"ECA2666","1_N",NA,NA,NA,"/vast/eande106/projects/Amanda/projects/cellprofiler-nf/projects/20250424_Cbriggsae_DRC2_IVM/Analysis-20250506/processed_images/","IVERMECTIN_ECA2666",185.215118794034,130.18978983893,156.671803249843,175.843478010362,186.630761392183,24.6438446937359,202.534151812959,214.411552363589,216.722132945436,0.133055254096944,14,"CbDRC2_1_N",-70.3167267250861,256.947488117269,11.2012874336268,22.9391031736139,9.32577811032747e-53,20.2234501228379,-90.5401768479239
"CbDRC2_p039_D11","CbDRC2_1_N_ECA2666_0.015","CbDRC2","p039","D11",20250424,"p039_D11","m2x","20250424-CbDRC2-p039-m2x_D11.TIF",1.0976430976431,"48h",10,"15hHB101","DMSO",1,"IVERMECTIN",0.015,NA,NA,"ECA2666","1_N",NA,NA,NA,"/vast/eande106/projects/Amanda/projects/cellprofiler-nf/projects/20250424_Cbriggsae_DRC2_IVM/Analysis-20250506/processed_images/","IVERMECTIN_ECA2666",181.79665180094,150.283023366212,163.0138676867,171.536596877886,182.420837735047,17.7236611841653,193.983067379198,198.911586498045,208.439404207765,0.09749168099956,10,"CbDRC2_1_N",-74.5266503822215,256.947488117269,11.2012874336268,22.9391031736139,9.32577811032747e-53,20.2234501228379,-94.7501005050594
"CbDRC2_p039_D12","CbDRC2_1_N_ECA2666_0.03","CbDRC2","p039","D12",20250424,"p039_D12","m2x","20250424-CbDRC2-p039-m2x_D12.TIF",1.18272425249169,"48h",10,"15hHB101","DMSO",1,"IVERMECTIN",0.03,NA,NA,"ECA2666","1_N",NA,NA,NA,"/vast/eande106/projects/Amanda/projects/cellprofiler-nf/projects/20250424_Cbriggsae_DRC2_IVM/Analysis-20250506/processed_images/","IVERMECTIN_ECA2666",184.296454115496,164.8221185766,165.786820971406,171.966663648585,188.544237167316,15.1685385723971,193.993107654512,198.558304207765,201.617928155824,0.0823051026412653,6,"CbDRC2_1_N",-68.4032509499527,256.947488117269,11.2012874336268,22.9391031736139,9.32577811032747e-53,20.2234501228379,-88.6267010727906
"CbDRC2_p039_E03","CbDRC2_1_N_PB420_5.8e-05","CbDRC2","p039","E03",20250424,"p039_E03","m2x","20250424-CbDRC2-p039-m2x_E03.TIF",0.197863078749505,"48h",10,"15hHB101","DMSO",1,"IVERMECTIN",5.8e-05,NA,NA,"PB420","1_N",NA,NA,NA,"/vast/eande106/projects/Amanda/projects/cellprofiler-nf/projects/20250424_Cbriggsae_DRC2_IVM/Analysis-20250506/processed_images/","IVERMECTIN_PB420",295.232543317881,197.214807666674,244.654662109157,280.480855959232,308.283665890871,46.7046916628948,327.551122443587,333.152621710074,340.792674888248,0.158196285335005,8,"CbDRC2_1_N",46.000742066717,262.282923824154,7.76814462787253,33.7639084219762,5.974251175802e-75,63.1425783827141,-17.1418363159971
"CbDRC2_p039_E04","CbDRC2_1_N_PB420_0.00011","CbDRC2","p039","E04",20250424,"p039_E04","m2x","20250424-CbDRC2-p039-m2x_E04.TIF",0.0875890736342043,"48h",10,"15hHB101","DMSO",1,"IVERMECTIN",0.00011,NA,NA,"PB420","1_N",NA,NA,NA,"/vast/eande106/projects/Amanda/projects/cellprofiler-nf/projects/20250424_Cbriggsae_DRC2_IVM/Analysis-20250506/processed_images/","IVERMECTIN_PB420",252.882150944013,157.435532945436,183.76211523965,223.251988680971,289.068444416507,83.4604420836013,300.605459943301,307.527669259377,312.142475470095,0.330036903640855,3,"CbDRC2_1_N",26.7855205923529,262.282923824154,7.76814462787253,33.7639084219762,5.974251175802e-75,63.1425783827141,-36.3570577903612
"CbDRC2_p039_E07","CbDRC2_1_N_PB420_0.00093","CbDRC2","p039","E07",20250424,"p039_E07","m2x","20250424-CbDRC2-p039-m2x_E07.TIF",0.994197292069632,"48h",10,"15hHB101","DMSO",1,"IVERMECTIN",0.00093,NA,NA,"PB420","1_N",NA,NA,NA,"/vast/eande106/projects/Amanda/projects/cellprofiler-nf/projects/20250424_Cbriggsae_DRC2_IVM/Analysis-20250506/processed_images/","IVERMECTIN_PB420",303.959605634094,282.496039504007,288.061816500994,296.410481996474,297.369304207765,17.2840048468665,321.595584467472,321.794204583841,321.926617994754,0.0568628348191535,5,"CbDRC2_1_N",35.0863803836109,262.282923824154,7.76814462787253,33.7639084219762,5.974251175802e-75,63.1425783827141,-28.0561979991032
"CbDRC2_p039_E08","CbDRC2_1_N_PB420_0.0018","CbDRC2","p039","E08",20250424,"p039_E08","m2x","20250424-CbDRC2-p039-m2x_E08.TIF",1.01966292134831,"48h",10,"15hHB101","DMSO",1,"IVERMECTIN",0.0018,NA,NA,"PB420","1_N",NA,NA,NA,"/vast/eande106/projects/Amanda/projects/cellprofiler-nf/projects/20250424_Cbriggsae_DRC2_IVM/Analysis-20250506/processed_images/","IVERMECTIN_PB420",225.198491217629,200.487708997377,204.97783486128,219.036931457109,222.998579968783,16.2656662534285,231.281308706454,249.410370564114,251.023428155824,0.0722281315717588,10,"CbDRC2_1_N",-39.2843438553711,262.282923824154,7.76814462787253,33.7639084219762,5.974251175802e-75,63.1425783827141,-102.426922238085
"CbDRC2_p039_E09","CbDRC2_1_N_PB420_0.0037","CbDRC2","p039","E09",20250424,"p039_E09","m2x","20250424-CbDRC2-p039-m2x_E09.TIF",1.19871794871795,"48h",10,"15hHB101","DMSO",1,"IVERMECTIN",0.0037,NA,NA,"PB420","1_N",NA,NA,NA,"/vast/eande106/projects/Amanda/projects/cellprofiler-nf/projects/20250424_Cbriggsae_DRC2_IVM/Analysis-20250506/processed_images/","IVERMECTIN_PB420",214.806115189577,184.019208997377,194.182863786989,208.239607799974,221.166132654512,17.7242035602969,224.88366483893,229.06934912723,232.43160841553,0.0825125650852836,6,"CbDRC2_1_N",-41.1167911696419,262.282923824154,7.76814462787253,33.7639084219762,5.974251175802e-75,63.1425783827141,-104.259369552356
"CbDRC2_p039_E10","CbDRC2_1_N_PB420_0.0075","CbDRC2","p039","E10",20250424,"p039_E10","m2x","20250424-CbDRC2-p039-m2x_E10.TIF",1.06969696969697,"48h",10,"15hHB101","DMSO",1,"IVERMECTIN",0.0075,NA,NA,"PB420","1_N",NA,NA,NA,"/vast/eande106/projects/Amanda/projects/cellprofiler-nf/projects/20250424_Cbriggsae_DRC2_IVM/Analysis-20250506/processed_images/","IVERMECTIN_PB420",185.916294628542,156.870423366212,160.680754207765,167.726266036333,187.595463786989,23.0575362867268,203.47461483893,209.472665890871,213.565551522036,0.124021061912811,6,"CbDRC2_1_N",-74.6874600371656,262.282923824154,7.76814462787253,33.7639084219762,5.974251175802e-75,63.1425783827141,-137.83003841988
"CbDRC2_p039_E11","CbDRC2_1_N_PB420_0.015","CbDRC2","p039","E11",20250424,"p039_E11","m2x","20250424-CbDRC2-p039-m2x_E11.TIF",1.19444444444444,"48h",10,"15hHB101","DMSO",1,"IVERMECTIN",0.015,NA,NA,"PB420","1_N",NA,NA,NA,"/vast/eande106/projects/Amanda/projects/cellprofiler-nf/projects/20250424_Cbriggsae_DRC2_IVM/Analysis-20250506/processed_images/","IVERMECTIN_PB420",180.513763380521,167.176378402747,170.092134120839,173.173406602571,179.809285340242,10.6360236444372,188.770002864901,191.639870680483,193.569275470095,0.0589208459524307,6,"CbDRC2_1_N",-82.4736384839128,262.282923824154,7.76814462787253,33.7639084219762,5.974251175802e-75,63.1425783827141,-145.616216866627
"CbDRC2_p039_E12","CbDRC2_1_N_PB420_0.03","CbDRC2","p039","E12",20250424,"p039_E12","m2x","20250424-CbDRC2-p039-m2x_E12.TIF",1.16842105263158,"48h",10,"15hHB101","DMSO",1,"IVERMECTIN",0.03,NA,NA,"PB420","1_N",NA,NA,NA,"/vast/eande106/projects/Amanda/projects/cellprofiler-nf/projects/20250424_Cbriggsae_DRC2_IVM/Analysis-20250506/processed_images/","IVERMECTIN_PB420",171.064491526929,156.071237735047,157.349934744911,161.859452103883,168.01886110126,14.1464688926963,181.758770680483,186.65175122264,198.461346732424,0.0826966997441976,9,"CbDRC2_1_N",-94.2640627228947,262.282923824154,7.76814462787253,33.7639084219762,5.974251175802e-75,63.1425783827141,-157.406641105609
"CbDRC2_p039_F01","CbDRC2_1_N_NIC1667_0","CbDRC2","p039","F01",20250424,"p039_F01","m2x","20250424-CbDRC2-p039-m2x_F01.TIF",0.139591439688716,"48h",10,"15hHB101","DMSO",1,"IVERMECTIN",0,NA,NA,"NIC1667","1_N",NA,NA,NA,"/vast/eande106/projects/Amanda/projects/cellprofiler-nf/projects/20250424_Cbriggsae_DRC2_IVM/Analysis-20250506/processed_images/","IVERMECTIN_NIC1667",335.001060430354,267.19398075671,281.433748022486,295.577017994754,316.800470680483,64.2686306392704,338.161041942812,408.584720403043,477.997855729801,0.191846051342968,9,"CbDRC2_1_N",43.1517178112609,273.648752869222,6.41929624076494,42.6290893278067,3.23814711507162e-88,39.1930100281419,3.95870778311901
"CbDRC2_p039_F02","CbDRC2_1_N_NIC1667_2.9e-05","CbDRC2","p039","F02",20250424,"p039_F02","m2x","20250424-CbDRC2-p039-m2x_F02.TIF",0.216446124763705,"48h",10,"15hHB101","DMSO",1,"IVERMECTIN",2.9e-05,NA,NA,"NIC1667","1_N",NA,NA,NA,"/vast/eande106/projects/Amanda/projects/cellprofiler-nf/projects/20250424_Cbriggsae_DRC2_IVM/Analysis-20250506/processed_images/","IVERMECTIN_NIC1667",310.453546697528,262.405941942812,277.482179155219,295.062706480433,304.093822784365,30.8328522074352,331.690679968783,343.006297994754,353.168289257083,0.0993155096323489,7,"CbDRC2_1_N",30.4450699151435,273.648752869222,6.41929624076494,42.6290893278067,3.23814711507162e-88,39.1930100281419,-8.74794011299842
"CbDRC2_p039_F03","CbDRC2_1_N_NIC1667_5.8e-05","CbDRC2","p039","F03",20250424,"p039_F03","m2x","20250424-CbDRC2-p039-m2x_F03.TIF",0.232509426057813,"48h",10,"15hHB101","DMSO",1,"IVERMECTIN",5.8e-05,NA,NA,"NIC1667","1_N",NA,NA,NA,"/vast/eande106/projects/Amanda/projects/cellprofiler-nf/projects/20250424_Cbriggsae_DRC2_IVM/Analysis-20250506/processed_images/","IVERMECTIN_NIC1667",300.437461760333,279.108517994754,280.12169912723,285.458720617151,301.992658579791,18.4577231213719,309.472404062303,319.198027573977,327.617874888248,0.0614361571730232,6,"CbDRC2_1_N",28.3439057105686,273.648752869222,6.41929624076494,42.6290893278067,3.23814711507162e-88,39.1930100281419,-10.8491043175733
"CbDRC2_p039_F05","CbDRC2_1_N_NIC1667_0.00023","CbDRC2","p039","F05",20250424,"p039_F05","m2x","20250424-CbDRC2-p039-m2x_F05.TIF",0.252347897100857,"48h",10,"15hHB101","DMSO",1,"IVERMECTIN",0.00023,NA,NA,"NIC1667","1_N",NA,NA,NA,"/vast/eande106/projects/Amanda/projects/cellprofiler-nf/projects/20250424_Cbriggsae_DRC2_IVM/Analysis-20250506/processed_images/","IVERMECTIN_NIC1667",299.703967838894,227.262164033912,249.325495101045,265.465911737989,311.41184912723,43.8574454991595,333.527286101259,340.909023858657,352.369103625919,0.146335885425231,8,"CbDRC2_1_N",37.7630962580081,273.648752869222,6.41929624076494,42.6290893278067,3.23814711507162e-88,39.1930100281419,-1.42991377013384
"CbDRC2_p039_F06","CbDRC2_1_N_NIC1667_0.00046","CbDRC2","p039","F06",20250424,"p039_F06","m2x","20250424-CbDRC2-p039-m2x_F06.TIF",0.132847533632287,"48h",10,"15hHB101","DMSO",1,"IVERMECTIN",0.00046,NA,NA,"NIC1667","1_N",NA,NA,NA,"/vast/eande106/projects/Amanda/projects/cellprofiler-nf/projects/20250424_Cbriggsae_DRC2_IVM/Analysis-20250506/processed_images/","IVERMECTIN_NIC1667",231.175696804001,124.104820313368,155.670669428868,203.01944310212,281.934065890871,92.7676751754898,284.711135049318,286.377376544386,287.488204207765,0.401286452070874,3,"CbDRC2_1_N",8.28531302164925,273.648752869222,6.41929624076494,42.6290893278067,3.23814711507162e-88,39.1930100281419,-30.9076970064927
"CbDRC2_p039_F07","CbDRC2_1_N_NIC1667_0.00093","CbDRC2","p039","F07",20250424,"p039_F07","m2x","20250424-CbDRC2-p039-m2x_F07.TIF",0.934980494148244,"48h",10,"15hHB101","DMSO",1,"IVERMECTIN",0.00093,NA,NA,"NIC1667","1_N",NA,NA,NA,"/vast/eande106/projects/Amanda/projects/cellprofiler-nf/projects/20250424_Cbriggsae_DRC2_IVM/Analysis-20250506/processed_images/","IVERMECTIN_NIC1667",345.648973648654,282.733251522036,316.959046081383,329.634196877886,353.079649418153,26.5171593381539,361.757812153201,362.716003146957,388.131651522036,0.0767170203291509,14,"CbDRC2_1_N",79.4308965489314,273.648752869222,6.41929624076494,42.6290893278067,3.23814711507162e-88,39.1930100281419,40.2378865207895
"CbDRC2_p039_F08","CbDRC2_1_N_NIC1667_0.0018","CbDRC2","p039","F08",20250424,"p039_F08","m2x","20250424-CbDRC2-p039-m2x_F08.TIF",1.02004454342984,"48h",10,"15hHB101","DMSO",1,"IVERMECTIN",0.0018,NA,NA,"NIC1667","1_N",NA,NA,NA,"/vast/eande106/projects/Amanda/projects/cellprofiler-nf/projects/20250424_Cbriggsae_DRC2_IVM/Analysis-20250506/processed_images/","IVERMECTIN_NIC1667",277.132569042115,247.20477967786,251.637391931671,254.677498517529,270.17203983893,27.1147718927347,293.064498843364,311.936653440704,329.079127573977,0.0978404378325312,12,"CbDRC2_1_N",-3.4767130302921,273.648752869222,6.41929624076494,42.6290893278067,3.23814711507162e-88,39.1930100281419,-42.669723058434
"CbDRC2_p039_F09","CbDRC2_1_N_NIC1667_0.0037","CbDRC2","p039","F09",20250424,"p039_F09","m2x","20250424-CbDRC2-p039-m2x_F09.TIF",1.02122641509434,"48h",10,"15hHB101","DMSO",1,"IVERMECTIN",0.0037,NA,NA,"NIC1667","1_N",NA,NA,NA,"/vast/eande106/projects/Amanda/projects/cellprofiler-nf/projects/20250424_Cbriggsae_DRC2_IVM/Analysis-20250506/processed_images/","IVERMECTIN_NIC1667",258.043140148473,229.937094046695,244.056515890871,251.209025470095,257.283946164693,13.1941933146513,267.984319628542,275.298187153201,278.54340841553,0.0511317344342487,16,"CbDRC2_1_N",-16.364806704529,273.648752869222,6.41929624076494,42.6290893278067,3.23814711507162e-88,39.1930100281419,-55.5578167326709
"CbDRC2_p039_F10","CbDRC2_1_N_NIC1667_0.0075","CbDRC2","p039","F10",20250424,"p039_F10","m2x","20250424-CbDRC2-p039-m2x_F10.TIF",1.14285714285714,"48h",10,"15hHB101","DMSO",1,"IVERMECTIN",0.0075,NA,NA,"NIC1667","1_N",NA,NA,NA,"/vast/eande106/projects/Amanda/projects/cellprofiler-nf/projects/20250424_Cbriggsae_DRC2_IVM/Analysis-20250506/processed_images/","IVERMECTIN_NIC1667",214.885179117638,186.247789285314,200.800181336821,207.525256318705,212.649327864901,15.4267697919733,224.234576877843,231.674532829066,240.480261101259,0.0717907575353441,10,"CbDRC2_1_N",-60.9994250043214,273.648752869222,6.41929624076494,42.6290893278067,3.23814711507162e-88,39.1930100281419,-100.192435032463
"CbDRC2_p039_F11","CbDRC2_1_N_NIC1667_0.015","CbDRC2","p039","F11",20250424,"p039_F11","m2x","20250424-CbDRC2-p039-m2x_F11.TIF",0.997354497354497,"48h",10,"15hHB101","DMSO",1,"IVERMECTIN",0.015,NA,NA,"NIC1667","1_N",NA,NA,NA,"/vast/eande106/projects/Amanda/projects/cellprofiler-nf/projects/20250424_Cbriggsae_DRC2_IVM/Analysis-20250506/processed_images/","IVERMECTIN_NIC1667",204.21702190904,175.736480259707,188.881503961543,195.532959903857,202.768227864901,15.9141400028596,214.861287444124,223.262717735047,232.528565890871,0.0779275882788456,12,"CbDRC2_1_N",-70.8805250043213,273.648752869222,6.41929624076494,42.6290893278067,3.23814711507162e-88,39.1930100281419,-110.073535032463
"CbDRC2_p039_F12","CbDRC2_1_N_NIC1667_0.03","CbDRC2","p039","F12",20250424,"p039_F12","m2x","20250424-CbDRC2-p039-m2x_F12.TIF",1.14204545454545,"48h",10,"15hHB101","DMSO",1,"IVERMECTIN",0.03,NA,NA,"NIC1667","1_N",NA,NA,NA,"/vast/eande106/projects/Amanda/projects/cellprofiler-nf/projects/20250424_Cbriggsae_DRC2_IVM/Analysis-20250506/processed_images/","IVERMECTIN_NIC1667",186.338184589783,123.145998102076,145.976142233736,179.395493431139,186.913316181795,29.7357275408647,202.743988496065,215.170672437733,233.093675470095,0.159579356245887,16,"CbDRC2_1_N",-86.7354366874274,273.648752869222,6.41929624076494,42.6290893278067,3.23814711507162e-88,39.1930100281419,-125.928446715569
"CbDRC2_p040_A01","CbDRC2_3_A_PB420_0","CbDRC2","p040","A01",20250424,"p040_A01","m2x","20250424-CbDRC2-p040-m2x_A01.TIF",0.244981564932405,"48h",10,"15hHB101","DMSO",1,"IVERMECTIN",0,NA,NA,"PB420","3_A",NA,NA,NA,"/vast/eande106/projects/Amanda/projects/cellprofiler-nf/projects/20250424_Cbriggsae_DRC2_IVM/Analysis-20250506/processed_images/","IVERMECTIN_PB420",311.386038598068,271.427362954138,280.221832633763,293.413537153201,307.484480259706,32.0221621989444,331.008532363589,344.561181101259,353.596280259706,0.102837501459974,5,"CbDRC2_3_A",42.9603982630796,264.524081996627,7.41961800914913,35.6519812300906,2.61774154318137e-78,51.7157282168457,-8.75532995376618
"CbDRC2_p040_A02","CbDRC2_3_A_PB420_2.9e-05","CbDRC2","p040","A02",20250424,"p040_A02","m2x","20250424-CbDRC2-p040-m2x_A02.TIF",0.270930837233489,"48h",10,"15hHB101","DMSO",1,"IVERMECTIN",2.9e-05,NA,NA,"PB420","3_A",NA,NA,NA,"/vast/eande106/projects/Amanda/projects/cellprofiler-nf/projects/20250424_Cbriggsae_DRC2_IVM/Analysis-20250506/processed_images/","IVERMECTIN_PB420",328.538120122263,286.026951522036,287.157170680483,288.61613809512,317.575005218833,48.079057865592,356.627506020724,380.882184467472,401.443570098636,0.146342402664567,6,"CbDRC2_3_A",53.0509232222065,264.524081996627,7.41961800914913,35.6519812300906,2.61774154318137e-78,51.7157282168457,1.33519500536075
"CbDRC2_p040_A03","CbDRC2_3_A_PB420_5.8e-05","CbDRC2","p040","A03",20250424,"p040_A03","m2x","20250424-CbDRC2-p040-m2x_A03.TIF",0.242650103519669,"48h",10,"15hHB101","DMSO",1,"IVERMECTIN",5.8e-05,NA,NA,"PB420","3_A",NA,NA,NA,"/vast/eande106/projects/Amanda/projects/cellprofiler-nf/projects/20250424_Cbriggsae_DRC2_IVM/Analysis-20250506/processed_images/","IVERMECTIN_PB420",273.942593741551,126.524895210388,168.828371474002,196.18521946547,285.558799418153,87.5623685621547,323.773264402545,378.203037651114,434.3108636694,0.319637656073172,18,"CbDRC2_3_A",21.0347174215266,264.524081996627,7.41961800914913,35.6519812300906,2.61774154318137e-78,51.7157282168457,-30.6810107953192
"CbDRC2_p040_A04","CbDRC2_3_A_PB420_0.00011","CbDRC2","p040","A04",20250424,"p040_A04","m2x","20250424-CbDRC2-p040-m2x_A04.TIF",0.237174427782163,"48h",10,"15hHB101","DMSO",1,"IVERMECTIN",0.00011,NA,NA,"PB420","3_A",NA,NA,NA,"/vast/eande106/projects/Amanda/projects/cellprofiler-nf/projects/20250424_Cbriggsae_DRC2_IVM/Analysis-20250506/processed_images/","IVERMECTIN_PB420",217.136114259223,112.784985631165,126.336200606917,136.539385450788,178.895653419473,97.1418060348015,313.105609881857,327.319037605762,328.982170098636,0.447377472725844,7,"CbDRC2_3_A",-85.6284285771541,264.524081996627,7.41961800914913,35.6519812300906,2.61774154318137e-78,51.7157282168457,-137.344156794
"CbDRC2_p040_A06","CbDRC2_3_A_PB420_0.00046","CbDRC2","p040","A06",20250424,"p040_A06","m2x","20250424-CbDRC2-p040-m2x_A06.TIF",0.0987241798298906,"48h",10,"15hHB101","DMSO",1,"IVERMECTIN",0.00046,NA,NA,"PB420","3_A",NA,NA,NA,"/vast/eande106/projects/Amanda/projects/cellprofiler-nf/projects/20250424_Cbriggsae_DRC2_IVM/Analysis-20250506/processed_images/","IVERMECTIN_PB420",250.302842088274,174.7032185766,197.780862654512,232.39732877138,265.417087153201,53.5753765952793,283.322600470095,290.733425470095,295.673975470095,0.214042222406667,4,"CbDRC2_3_A",0.89300515657394,264.524081996627,7.41961800914913,35.6519812300906,2.61774154318137e-78,51.7157282168457,-50.8227230602718
"CbDRC2_p040_A07","CbDRC2_3_A_PB420_0.00093","CbDRC2","p040","A07",20250424,"p040_A07","m2x","20250424-CbDRC2-p040-m2x_A07.TIF",0.925233644859813,"48h",10,"15hHB101","DMSO",1,"IVERMECTIN",0.00093,NA,NA,"PB420","3_A",NA,NA,NA,"/vast/eande106/projects/Amanda/projects/cellprofiler-nf/projects/20250424_Cbriggsae_DRC2_IVM/Analysis-20250506/processed_images/","IVERMECTIN_PB420",332.735632392865,226.974427573977,281.690769313964,325.641721920049,337.665701822688,43.9187249671996,361.813641757062,380.676981825139,383.009140399469,0.131992851656309,22,"CbDRC2_3_A",73.1416198260615,264.524081996627,7.41961800914913,35.6519812300906,2.61774154318137e-78,51.7157282168457,21.4258916092157
"CbDRC2_p040_A08","CbDRC2_3_A_PB420_0.0018","CbDRC2","p040","A08",20250424,"p040_A08","m2x","20250424-CbDRC2-p040-m2x_A08.TIF",0.928846153846154,"48h",10,"15hHB101","DMSO",1,"IVERMECTIN",0.0018,NA,NA,"PB420","3_A",NA,NA,NA,"/vast/eande106/projects/Amanda/projects/cellprofiler-nf/projects/20250424_Cbriggsae_DRC2_IVM/Analysis-20250506/processed_images/","IVERMECTIN_PB420",235.275716413858,188.112094628542,211.035581217629,220.014264962392,237.517594628542,21.6813824702635,250.339712567586,261.160347776239,269.164738889968,0.0921530823526437,19,"CbDRC2_3_A",-27.0064873680851,264.524081996627,7.41961800914913,35.6519812300906,2.61774154318137e-78,51.7157282168457,-78.7222155849309
"CbDRC2_p040_A09","CbDRC2_3_A_PB420_0.0037","CbDRC2","p040","A09",20250424,"p040_A09","m2x","20250424-CbDRC2-p040-m2x_A09.TIF",1.20606060606061,"48h",10,"15hHB101","DMSO",1,"IVERMECTIN",0.0037,NA,NA,"PB420","3_A",NA,NA,NA,"/vast/eande106/projects/Amanda/projects/cellprofiler-nf/projects/20250424_Cbriggsae_DRC2_IVM/Analysis-20250506/processed_images/","IVERMECTIN_PB420",228.63075835874,173.572999418154,212.977068019513,214.500336379111,229.330255383168,21.9357912293464,242.986280719261,254.07404541191,267.726004207765,0.0959441826061186,18,"CbDRC2_3_A",-35.1938266134587,264.524081996627,7.41961800914913,35.6519812300906,2.61774154318137e-78,51.7157282168457,-86.9095548303044
"CbDRC2_p040_A10","CbDRC2_3_A_PB420_0.0075","CbDRC2","p040","A10",20250424,"p040_A10","m2x","20250424-CbDRC2-p040-m2x_A10.TIF",1.06763285024155,"48h",10,"15hHB101","DMSO",1,"IVERMECTIN",0.0075,NA,NA,"PB420","3_A",NA,NA,NA,"/vast/eande106/projects/Amanda/projects/cellprofiler-nf/projects/20250424_Cbriggsae_DRC2_IVM/Analysis-20250506/processed_images/","IVERMECTIN_PB420",209.20568894427,176.866699418153,192.017719418153,202.086080259706,205.613856311648,16.394629634204,218.086428155824,230.936729376342,240.5772185766,0.0783660794165655,17,"CbDRC2_3_A",-58.910225684979,264.524081996627,7.41961800914913,35.6519812300906,2.61774154318137e-78,51.7157282168457,-110.625953901825
"CbDRC2_p040_A11","CbDRC2_3_A_PB420_0.015","CbDRC2","p040","A11",20250424,"p040_A11","m2x","20250424-CbDRC2-p040-m2x_A11.TIF",1.05120481927711,"48h",10,"15hHB101","DMSO",1,"IVERMECTIN",0.015,NA,NA,"PB420","3_A",NA,NA,NA,"/vast/eande106/projects/Amanda/projects/cellprofiler-nf/projects/20250424_Cbriggsae_DRC2_IVM/Analysis-20250506/processed_images/","IVERMECTIN_PB420",199.845169344106,161.294342524659,172.105378039455,191.030441181795,199.191973075289,18.5870160677886,216.381059142839,222.085876117561,228.213364574794,0.0930070820765465,24,"CbDRC2_3_A",-65.3321089213379,264.524081996627,7.41961800914913,35.6519812300906,2.61774154318137e-78,51.7157282168457,-117.047837138184
"CbDRC2_p040_A12","CbDRC2_3_A_PB420_0.03","CbDRC2","p040","A12",20250424,"p040_A12","m2x","20250424-CbDRC2-p040-m2x_A12.TIF",1.11076923076923,"48h",10,"15hHB101","DMSO",1,"IVERMECTIN",0.03,NA,NA,"PB420","3_A",NA,NA,NA,"/vast/eande106/projects/Amanda/projects/cellprofiler-nf/projects/20250424_Cbriggsae_DRC2_IVM/Analysis-20250506/processed_images/","IVERMECTIN_PB420",197.266179691144,167.219675470095,179.803318248922,186.11413055063,197.835978390013,15.1194691039957,206.887943700062,212.787133459311,226.837308997377,0.0766450139991964,19,"CbDRC2_3_A",-66.6881036066134,264.524081996627,7.41961800914913,35.6519812300906,2.61774154318137e-78,51.7157282168457,-118.403831823459
"CbDRC2_p040_B01","CbDRC2_3_A_JU3237_0","CbDRC2","p040","B01",20250424,"p040_B01","m2x","20250424-CbDRC2-p040-m2x_B01.TIF",0.239966201943388,"48h",10,"15hHB101","DMSO",1,"IVERMECTIN",0,NA,NA,"JU3237","3_A",NA,NA,NA,"/vast/eande106/projects/Amanda/projects/cellprofiler-nf/projects/20250424_Cbriggsae_DRC2_IVM/Analysis-20250506/processed_images/","IVERMECTIN_JU3237",337.225681036947,272.846492737121,274.079451332894,316.706472093378,322.140613496065,52.2035236059923,372.496616797351,403.980983331349,429.488498836307,0.154802930326866,10,"CbDRC2_3_A",48.8315611765158,273.30905231955,7.45894076742548,36.6418048944884,2.63044682985628e-80,40.3370856202998,8.49447555621598
"CbDRC2_p040_B02","CbDRC2_3_A_JU3237_2.9e-05","CbDRC2","p040","B02",20250424,"p040_B02","m2x","20250424-CbDRC2-p040-m2x_B02.TIF",0.241582491582492,"48h",10,"15hHB101","DMSO",1,"IVERMECTIN",2.9e-05,NA,NA,"JU3237","3_A",NA,NA,NA,"/vast/eande106/projects/Amanda/projects/cellprofiler-nf/projects/20250424_Cbriggsae_DRC2_IVM/Analysis-20250506/processed_images/","IVERMECTIN_JU3237",303.526813195508,146.65828983893,179.597710180528,263.798635340242,319.52906110126,89.2776267497438,339.343891375081,377.961802252759,468.106534881618,0.294134234171392,11,"CbDRC2_3_A",46.2200087817099,273.30905231955,7.45894076742548,36.6418048944884,2.63044682985628e-80,40.3370856202998,5.88292316141011
"CbDRC2_p040_B03","CbDRC2_3_A_JU3237_5.8e-05","CbDRC2","p040","B03",20250424,"p040_B03","m2x","20250424-CbDRC2-p040-m2x_B03.TIF",0.325800376647834,"48h",10,"15hHB101","DMSO",1,"IVERMECTIN",5.8e-05,NA,NA,"JU3237","3_A",NA,NA,NA,"/vast/eande106/projects/Amanda/projects/cellprofiler-nf/projects/20250424_Cbriggsae_DRC2_IVM/Analysis-20250506/processed_images/","IVERMECTIN_JU3237",318.832418717341,211.499028155824,274.412543265356,286.373708314867,325.054801231113,47.6448738537505,344.017815599948,384.595557833684,389.164913205142,0.149435474740697,16,"CbDRC2_3_A",51.745748911563,273.30905231955,7.45894076742548,36.6418048944884,2.63044682985628e-80,40.3370856202998,11.4086632912633
"CbDRC2_p040_B04","CbDRC2_3_A_JU3237_0.00011","CbDRC2","p040","B04",20250424,"p040_B04","m2x","20250424-CbDRC2-p040-m2x_B04.TIF",0.196646341463415,"48h",10,"15hHB101","DMSO",1,"IVERMECTIN",0.00011,NA,NA,"JU3237","3_A",NA,NA,NA,"/vast/eande106/projects/Amanda/projects/cellprofiler-nf/projects/20250424_Cbriggsae_DRC2_IVM/Analysis-20250506/processed_images/","IVERMECTIN_JU3237",314.582513492527,277.607104207765,286.175429373453,299.201751522036,315.339217994754,22.9364064911413,326.818689257083,339.980751871144,367.941460519413,0.072910621243689,17,"CbDRC2_3_A",42.0301656752041,273.30905231955,7.45894076742548,36.6418048944884,2.63044682985628e-80,40.3370856202998,1.69308005490431
"CbDRC2_p040_B05","CbDRC2_3_A_JU3237_0.00023","CbDRC2","p040","B05",20250424,"p040_B05","m2x","20250424-CbDRC2-p040-m2x_B05.TIF",0.258572752548656,"48h",10,"15hHB101","DMSO",1,"IVERMECTIN",0.00023,NA,NA,"JU3237","3_A",NA,NA,NA,"/vast/eande106/projects/Amanda/projects/cellprofiler-nf/projects/20250424_Cbriggsae_DRC2_IVM/Analysis-20250506/processed_images/","IVERMECTIN_JU3237",318.202854384371,276.242808997377,295.829796486202,301.058438205142,311.4603278649,24.1541133173657,331.900516651889,345.438621768258,371.332117994754,0.0759079090101086,18,"CbDRC2_3_A",38.1512755453509,273.30905231955,7.45894076742548,36.6418048944884,2.63044682985628e-80,40.3370856202998,-2.18581007494893
"CbDRC2_p040_B06","CbDRC2_3_A_JU3237_0.00046","CbDRC2","p040","B06",20250424,"p040_B06","m2x","20250424-CbDRC2-p040-m2x_B06.TIF",0.263797942001871,"48h",10,"15hHB101","DMSO",1,"IVERMECTIN",0.00046,NA,NA,"JU3237","3_A",NA,NA,NA,"/vast/eande106/projects/Amanda/projects/cellprofiler-nf/projects/20250424_Cbriggsae_DRC2_IVM/Analysis-20250506/processed_images/","IVERMECTIN_JU3237",276.315433982346,180.394475470095,203.631956164802,264.689415044261,289.651685049318,44.8245271099958,309.433965599948,314.021737994754,317.599656311648,0.162222306817866,15,"CbDRC2_3_A",16.3426327297686,273.30905231955,7.45894076742548,36.6418048944884,2.63044682985628e-80,40.3370856202998,-23.9944528905312
"CbDRC2_p040_B07","CbDRC2_3_A_JU3237_0.00093","CbDRC2","p040","B07",20250424,"p040_B07","m2x","20250424-CbDRC2-p040-m2x_B07.TIF",0.994957983193277,"48h",10,"15hHB101","DMSO",1,"IVERMECTIN",0.00093,NA,NA,"JU3237","3_A",NA,NA,NA,"/vast/eande106/projects/Amanda/projects/cellprofiler-nf/projects/20250424_Cbriggsae_DRC2_IVM/Analysis-20250506/processed_images/","IVERMECTIN_JU3237",375.095054532864,323.462310152298,337.663802596328,356.110875179171,379.917482072666,28.7406762516223,387.294027428516,404.70583027319,447.224336571354,0.0766223811919232,22,"CbDRC2_3_A",106.608429753116,273.30905231955,7.45894076742548,36.6418048944884,2.63044682985628e-80,40.3370856202998,66.2713441328163
"CbDRC2_p040_B08","CbDRC2_3_A_JU3237_0.0018","CbDRC2","p040","B08",20250424,"p040_B08","m2x","20250424-CbDRC2-p040-m2x_B08.TIF",1.06995884773663,"48h",10,"15hHB101","DMSO",1,"IVERMECTIN",0.0018,NA,NA,"JU3237","3_A",NA,NA,NA,"/vast/eande106/projects/Amanda/projects/cellprofiler-nf/projects/20250424_Cbriggsae_DRC2_IVM/Analysis-20250506/processed_images/","IVERMECTIN_JU3237",268.099705859578,220.580942524659,233.561827573977,257.08587967786,267.394970680483,26.1234473784907,279.205475470095,292.848427573977,321.692541942812,0.0974392989158046,21,"CbDRC2_3_A",-5.91408163906665,273.30905231955,7.45894076742548,36.6418048944884,2.63044682985628e-80,40.3370856202998,-46.2511672593664
"CbDRC2_p040_B09","CbDRC2_3_A_JU3237_0.0037","CbDRC2","p040","B09",20250424,"p040_B09","m2x","20250424-CbDRC2-p040-m2x_B09.TIF",1.09090909090909,"48h",10,"15hHB101","DMSO",1,"IVERMECTIN",0.0037,NA,NA,"JU3237","3_A",NA,NA,NA,"/vast/eande106/projects/Amanda/projects/cellprofiler-nf/projects/20250424_Cbriggsae_DRC2_IVM/Analysis-20250506/processed_images/","IVERMECTIN_JU3237",231.012816787195,193.004165890871,200.71610541191,211.577627719439,234.292453916842,23.0997848319836,247.257417233736,256.818011217629,272.852151522036,0.099993520503508,18,"CbDRC2_3_A",-39.0165984027077,273.30905231955,7.45894076742548,36.6418048944884,2.63044682985628e-80,40.3370856202998,-79.3536840230075
"CbDRC2_p040_B10","CbDRC2_3_A_JU3237_0.0075","CbDRC2","p040","B10",20250424,"p040_B10","m2x","20250424-CbDRC2-p040-m2x_B10.TIF",1.2876254180602,"48h",10,"15hHB101","DMSO",1,"IVERMECTIN",0.0075,NA,NA,"JU3237","3_A",NA,NA,NA,"/vast/eande106/projects/Amanda/projects/cellprofiler-nf/projects/20250424_Cbriggsae_DRC2_IVM/Analysis-20250506/processed_images/","IVERMECTIN_JU3237",218.286223107204,176.931798864537,194.668054803096,207.016589984392,218.788656311648,20.3896934585149,229.965492233736,245.387707748531,255.019356311648,0.0934080638176653,20,"CbDRC2_3_A",-54.5203960079019,273.30905231955,7.45894076742548,36.6418048944884,2.63044682985628e-80,40.3370856202998,-94.8574816282017
"CbDRC2_p040_B11","CbDRC2_3_A_JU3237_0.015","CbDRC2","p040","B11",20250424,"p040_B11","m2x","20250424-CbDRC2-p040-m2x_B11.TIF",1.08571428571429,"48h",10,"15hHB101","DMSO",1,"IVERMECTIN",0.015,NA,NA,"JU3237","3_A",NA,NA,NA,"/vast/eande106/projects/Amanda/projects/cellprofiler-nf/projects/20250424_Cbriggsae_DRC2_IVM/Analysis-20250506/processed_images/","IVERMECTIN_JU3237",202.498104691495,148.3536185766,188.328442712697,194.235753299092,207.656839285314,22.2657753919708,216.849211246721,220.132870971406,226.272199418153,0.109955475513672,10,"CbDRC2_3_A",-65.6522130342356,273.30905231955,7.45894076742548,36.6418048944884,2.63044682985628e-80,40.3370856202998,-105.989298654535
"CbDRC2_p040_B12","CbDRC2_3_A_JU3237_0.03","CbDRC2","p040","B12",20250424,"p040_B12","m2x","20250424-CbDRC2-p040-m2x_B12.TIF",1.14915254237288,"48h",10,"15hHB101","DMSO",1,"IVERMECTIN",0.03,NA,NA,"JU3237","3_A",NA,NA,NA,"/vast/eande106/projects/Amanda/projects/cellprofiler-nf/projects/20250424_Cbriggsae_DRC2_IVM/Analysis-20250506/processed_images/","IVERMECTIN_JU3237",185.62405374281,129.955713786989,138.416007618678,173.938312589586,194.017347023348,30.0785487462313,199.956879062304,220.06666426595,227.30546110126,0.162040145874125,12,"CbDRC2_3_A",-79.2917052962021,273.30905231955,7.45894076742548,36.6418048944884,2.63044682985628e-80,40.3370856202998,-119.628790916502
"CbDRC2_p040_C01","CbDRC2_3_A_NIC1667_0","CbDRC2","p040","C01",20250424,"p040_C01","m2x","20250424-CbDRC2-p040-m2x_C01.TIF",0.238144329896907,"48h",10,"15hHB101","DMSO",1,"IVERMECTIN",0,NA,NA,"NIC1667","3_A",NA,NA,NA,"/vast/eande106/projects/Amanda/projects/cellprofiler-nf/projects/20250424_Cbriggsae_DRC2_IVM/Analysis-20250506/processed_images/","IVERMECTIN_NIC1667",316.327728105172,234.253431077233,238.208551902043,284.662656311648,316.820551231113,56.9978624803902,340.865392994754,393.603993349485,414.944972879997,0.180186108950397,14,"CbDRC2_3_A",39.5985990419121,277.221952189201,6.54157953790999,42.3784424820694,7.59339074031086e-88,39.0658086211356,0.532790420776507
"CbDRC2_p040_C02","CbDRC2_3_A_NIC1667_2.9e-05","CbDRC2","p040","C02",20250424,"p040_C02","m2x","20250424-CbDRC2-p040-m2x_C02.TIF",0.123510607381575,"48h",10,"15hHB101","DMSO",1,"IVERMECTIN",2.9e-05,NA,NA,"NIC1667","3_A",NA,NA,NA,"/vast/eande106/projects/Amanda/projects/cellprofiler-nf/projects/20250424_Cbriggsae_DRC2_IVM/Analysis-20250506/processed_images/","IVERMECTIN_NIC1667",278.338778295821,114.617432945436,124.585704510053,163.504734120839,296.804194628542,132.882452900643,340.868640326985,425.532731781742,525.567772449443,0.477412646970142,11,"CbDRC2_3_A",19.5822424393411,277.221952189201,6.54157953790999,42.3784424820694,7.59339074031086e-88,39.0658086211356,-19.4835661817945
"CbDRC2_p040_C03","CbDRC2_3_A_NIC1667_5.8e-05","CbDRC2","p040","C03",20250424,"p040_C03","m2x","20250424-CbDRC2-p040-m2x_C03.TIF",0.251764705882353,"48h",10,"15hHB101","DMSO",1,"IVERMECTIN",5.8e-05,NA,NA,"NIC1667","3_A",NA,NA,NA,"/vast/eande106/projects/Amanda/projects/cellprofiler-nf/projects/20250424_Cbriggsae_DRC2_IVM/Analysis-20250506/processed_images/","IVERMECTIN_NIC1667",312.918824847533,170.376256893494,269.411614192548,281.697747905412,304.307818285677,71.5491404940666,359.093622202519,380.170267219746,436.390363647093,0.228650802740706,10,"CbDRC2_3_A",27.0858660964765,277.221952189201,6.54157953790999,42.3784424820694,7.59339074031086e-88,39.0658086211356,-11.9799425246591
"CbDRC2_p040_C04","CbDRC2_3_A_NIC1667_0.00011","CbDRC2","p040","C04",20250424,"p040_C04","m2x","20250424-CbDRC2-p040-m2x_C04.TIF",1.16719242902208,"48h",10,"15hHB101","DMSO",1,"IVERMECTIN",0.00011,NA,NA,"NIC1667","3_A",NA,NA,NA,"/vast/eande106/projects/Amanda/projects/cellprofiler-nf/projects/20250424_Cbriggsae_DRC2_IVM/Analysis-20250506/processed_images/","IVERMECTIN_NIC1667",287.452462539724,200.156675470095,233.287164792541,242.078632363589,292.614351522036,53.3147048088531,307.998423726398,327.237813452142,408.699867304413,0.185473119060461,13,"CbDRC2_3_A",15.3923993328354,277.221952189201,6.54157953790999,42.3784424820694,7.59339074031086e-88,39.0658086211356,-23.6734092883001
"CbDRC2_p040_C05","CbDRC2_3_A_NIC1667_0.00023","CbDRC2","p040","C05",20250424,"p040_C05","m2x","20250424-CbDRC2-p040-m2x_C05.TIF",0.299706170421156,"48h",10,"15hHB101","DMSO",1,"IVERMECTIN",0.00023,NA,NA,"NIC1667","3_A",NA,NA,NA,"/vast/eande106/projects/Amanda/projects/cellprofiler-nf/projects/20250424_Cbriggsae_DRC2_IVM/Analysis-20250506/processed_images/","IVERMECTIN_NIC1667",316.135979826416,275.677699418153,280.335694628542,302.446972784366,308.751817994754,27.1639670207201,335.527841014333,342.72207967786,364.744717994754,0.0859249460805925,11,"CbDRC2_3_A",31.5298658055533,277.221952189201,6.54157953790999,42.3784424820694,7.59339074031086e-88,39.0658086211356,-7.5359428155823
"CbDRC2_p040_C06","CbDRC2_3_A_NIC1667_0.00046","CbDRC2","p040","C06",20250424,"p040_C06","m2x","20250424-CbDRC2-p040-m2x_C06.TIF",0.126723571897571,"48h",10,"15hHB101","DMSO",1,"IVERMECTIN",0.00046,NA,NA,"NIC1667","3_A",NA,NA,NA,"/vast/eande106/projects/Amanda/projects/cellprofiler-nf/projects/20250424_Cbriggsae_DRC2_IVM/Analysis-20250506/processed_images/","IVERMECTIN_NIC1667",310.305275485561,132.950204560437,192.122418845888,246.7740827941,328.182984467472,102.580771221534,390.916039563707,428.065304295849,436.544050940189,0.330580171610094,9,"CbDRC2_3_A",50.961032278271,277.221952189201,6.54157953790999,42.3784424820694,7.59339074031086e-88,39.0658086211356,11.8952236571354
"CbDRC2_p040_C07","CbDRC2_3_A_NIC1667_0.00093","CbDRC2","p040","C07",20250424,"p040_C07","m2x","20250424-CbDRC2-p040-m2x_C07.TIF",1.31660231660232,"48h",10,"15hHB101","DMSO",1,"IVERMECTIN",0.00093,NA,NA,"NIC1667","3_A",NA,NA,NA,"/vast/eande106/projects/Amanda/projects/cellprofiler-nf/projects/20250424_Cbriggsae_DRC2_IVM/Analysis-20250506/processed_images/","IVERMECTIN_NIC1667",361.990213612247,323.387870680483,336.278452363589,348.558772784365,356.861582072666,21.5487797717585,378.270632072666,393.248792144334,400.313350940189,0.0595286252540542,24,"CbDRC2_3_A",79.6396298834651,277.221952189201,6.54157953790999,42.3784424820694,7.59339074031086e-88,39.0658086211356,40.5738212623295
"CbDRC2_p040_C08","CbDRC2_3_A_NIC1667_0.0018","CbDRC2","p040","C08",20250424,"p040_C08","m2x","20250424-CbDRC2-p040-m2x_C08.TIF",1.05633802816901,"48h",10,"15hHB101","DMSO",1,"IVERMECTIN",0.0018,NA,NA,"NIC1667","3_A",NA,NA,NA,"/vast/eande106/projects/Amanda/projects/cellprofiler-nf/projects/20250424_Cbriggsae_DRC2_IVM/Analysis-20250506/processed_images/","IVERMECTIN_NIC1667",274.935130316964,245.041298836307,257.116630447744,262.971051522036,273.788455729801,15.8854337813212,286.357985049318,293.592765774502,309.551003625919,0.0577788431875088,37,"CbDRC2_3_A",-3.43349645939931,277.221952189201,6.54157953790999,42.3784424820694,7.59339074031086e-88,39.0658086211356,-42.4993050805349
"CbDRC2_p040_C09","CbDRC2_3_A_NIC1667_0.0037","CbDRC2","p040","C09",20250424,"p040_C09","m2x","20250424-CbDRC2-p040-m2x_C09.TIF",0.542857142857143,"48h",10,"15hHB101","DMSO",1,"IVERMECTIN",0.0037,NA,NA,"NIC1667","3_A",NA,NA,NA,"/vast/eande106/projects/Amanda/projects/cellprofiler-nf/projects/20250424_Cbriggsae_DRC2_IVM/Analysis-20250506/processed_images/","IVERMECTIN_NIC1667",252.840542755793,225.610132363589,232.166494340093,239.84243341553,256.266613496065,15.3897282753002,261.21720377138,274.389995716317,281.934065890871,0.060867328109497,34,"CbDRC2_3_A",-20.9553386931352,277.221952189201,6.54157953790999,42.3784424820694,7.59339074031086e-88,39.0658086211356,-60.0211473142708
"CbDRC2_p040_C11","CbDRC2_3_A_NIC1667_0.015","CbDRC2","p040","C11",20250424,"p040_C11","m2x","20250424-CbDRC2-p040-m2x_C11.TIF",1.15885416666667,"48h",10,"15hHB101","DMSO",1,"IVERMECTIN",0.015,NA,NA,"NIC1667","3_A",NA,NA,NA,"/vast/eande106/projects/Amanda/projects/cellprofiler-nf/projects/20250424_Cbriggsae_DRC2_IVM/Analysis-20250506/processed_images/","IVERMECTIN_NIC1667",218.595791224986,189.944541942813,199.129782479958,207.012431166186,221.283170680483,14.7193813508034,227.244045447166,239.556005223872,245.041298836307,0.0673360693191649,34,"CbDRC2_3_A",-55.9387815087175,277.221952189201,6.54157953790999,42.3784424820694,7.59339074031086e-88,39.0658086211356,-95.0045901298531
"CbDRC2_p040_C12","CbDRC2_3_A_NIC1667_0.03","CbDRC2","p040","C12",20250424,"p040_C12","m2x","20250424-CbDRC2-p040-m2x_C12.TIF",1.03800475059382,"48h",10,"15hHB101","DMSO",1,"IVERMECTIN",0.03,NA,NA,"NIC1667","3_A",NA,NA,NA,"/vast/eande106/projects/Amanda/projects/cellprofiler-nf/projects/20250424_Cbriggsae_DRC2_IVM/Analysis-20250506/processed_images/","IVERMECTIN_NIC1667",201.862881255904,159.599013786989,177.897608518416,188.454567129687,202.064431726033,20.8036483310725,214.203379207765,231.592362465597,238.316780259707,0.103058314642301,30,"CbDRC2_3_A",-75.1575204631678,277.221952189201,6.54157953790999,42.3784424820694,7.59339074031086e-88,39.0658086211356,-114.223329084303
"CbDRC2_p040_D03","CbDRC2_3_A_VX34_5.8e-05","CbDRC2","p040","D03",20250424,"p040_D03","m2x","20250424-CbDRC2-p040-m2x_D03.TIF",0.261449693472773,"48h",10,"15hHB101","DMSO",1,"IVERMECTIN",5.8e-05,NA,NA,"VX34","3_A",NA,NA,NA,"/vast/eande106/projects/Amanda/projects/cellprofiler-nf/projects/20250424_Cbriggsae_DRC2_IVM/Analysis-20250506/processed_images/","IVERMECTIN_VX34",335.162909423301,207.617031908226,252.025939069046,279.765075140691,355.525685049318,65.1484567639477,373.164565309025,409.559056839762,429.625617412907,0.194378479635606,17,"CbDRC2_3_A",65.5809667843743,289.944718264944,9.1320560509839,31.7502122902219,1.22881238642783e-66,68.0584332547042,-2.47746647032986
"CbDRC2_p040_D04","CbDRC2_3_A_VX34_0.00011","CbDRC2","p040","D04",20250424,"p040_D04","m2x","20250424-CbDRC2-p040-m2x_D04.TIF",0.139477401129944,"48h",10,"15hHB101","DMSO",1,"IVERMECTIN",0.00011,NA,NA,"VX34","3_A",NA,NA,NA,"/vast/eande106/projects/Amanda/projects/cellprofiler-nf/projects/20250424_Cbriggsae_DRC2_IVM/Analysis-20250506/processed_images/","IVERMECTIN_VX34",339.265837244139,233.453708695563,265.93904472467,302.626688641527,349.829085336683,55.8397498515603,364.129761398889,408.265046150578,433.070748830695,0.164589957848828,16,"CbDRC2_3_A",59.8843670717389,289.944718264944,9.1320560509839,31.7502122902219,1.22881238642783e-66,68.0584332547042,-8.17406618296528
"CbDRC2_p040_D05","CbDRC2_3_A_VX34_0.00023","CbDRC2","p040","D05",20250424,"p040_D05","m2x","20250424-CbDRC2-p040-m2x_D05.TIF",0.157765500306937,"48h",10,"15hHB101","DMSO",1,"IVERMECTIN",0.00023,NA,NA,"VX34","3_A",NA,NA,NA,"/vast/eande106/projects/Amanda/projects/cellprofiler-nf/projects/20250424_Cbriggsae_DRC2_IVM/Analysis-20250506/processed_images/","IVERMECTIN_VX34",264.52960716573,116.223586254904,130.296335943951,218.554580259706,275.580741942812,99.6006543672017,310.343498637838,384.316330098636,415.748589257083,0.376519874029832,9,"CbDRC2_3_A",-14.3639763221314,289.944718264944,9.1320560509839,31.7502122902219,1.22881238642783e-66,68.0584332547042,-82.4224095768356
"CbDRC2_p040_D06","CbDRC2_3_A_VX34_0.00046","CbDRC2","p040","D06",20250424,"p040_D06","m2x","20250424-CbDRC2-p040-m2x_D06.TIF",0.247887323943662,"48h",10,"15hHB101","DMSO",1,"IVERMECTIN",0.00046,NA,NA,"VX34","3_A",NA,NA,NA,"/vast/eande106/projects/Amanda/projects/cellprofiler-nf/projects/20250424_Cbriggsae_DRC2_IVM/Analysis-20250506/processed_images/","IVERMECTIN_VX34",277.857470819046,150.283023366212,188.014270358907,225.668432833468,248.431956311648,81.9134233041932,350.135743015893,377.186539069045,444.027594046695,0.294803746189496,19,"CbDRC2_3_A",-41.5127619532961,289.944718264944,9.1320560509839,31.7502122902219,1.22881238642783e-66,68.0584332547042,-109.571195208
"CbDRC2_p040_D08","CbDRC2_3_A_VX34_0.0018","CbDRC2","p040","D08",20250424,"p040_D08","m2x","20250424-CbDRC2-p040-m2x_D08.TIF",1.03636363636364,"48h",10,"15hHB101","DMSO",1,"IVERMECTIN",0.0018,NA,NA,"VX34","3_A",NA,NA,NA,"/vast/eande106/projects/Amanda/projects/cellprofiler-nf/projects/20250424_Cbriggsae_DRC2_IVM/Analysis-20250506/processed_images/","IVERMECTIN_VX34",270.088804347595,151.6473185766,220.764876311648,248.928506602571,268.66230841553,47.9607277328638,314.72562967786,322.242965192655,345.450670098636,0.177573919987961,27,"CbDRC2_3_A",-21.2824098494135,289.944718264944,9.1320560509839,31.7502122902219,1.22881238642783e-66,68.0584332547042,-89.3408431041177
"CbDRC2_p040_D09","CbDRC2_3_A_VX34_0.0037","CbDRC2","p040","D09",20250424,"p040_D09","m2x","20250424-CbDRC2-p040-m2x_D09.TIF",1.15025906735751,"48h",10,"15hHB101","DMSO",1,"IVERMECTIN",0.0037,NA,NA,"VX34","3_A",NA,NA,NA,"/vast/eande106/projects/Amanda/projects/cellprofiler-nf/projects/20250424_Cbriggsae_DRC2_IVM/Analysis-20250506/processed_images/","IVERMECTIN_VX34",236.101074200666,191.308837153201,208.306990796852,227.4024185766,239.01900841553,20.4896477810804,252.290765890871,257.849609373453,270.123561101259,0.0867833738175456,33,"CbDRC2_3_A",-50.9257098494135,289.944718264944,9.1320560509839,31.7502122902219,1.22881238642783e-66,68.0584332547042,-118.984143104118
"CbDRC2_p040_D10","CbDRC2_3_A_VX34_0.0075","CbDRC2","p040","D10",20250424,"p040_D10","m2x","20250424-CbDRC2-p040-m2x_D10.TIF",1.1,"48h",10,"15hHB101","DMSO",1,"IVERMECTIN",0.0075,NA,NA,"VX34","3_A",NA,NA,NA,"/vast/eande106/projects/Amanda/projects/cellprofiler-nf/projects/20250424_Cbriggsae_DRC2_IVM/Analysis-20250506/processed_images/","IVERMECTIN_VX34",216.376468236208,182.544250046206,192.439056311648,206.872175349903,215.260880259706,18.6734847197078,230.034051522036,236.718408997377,247.1646185766,0.0863009035683257,21,"CbDRC2_3_A",-74.6838380052373,289.944718264944,9.1320560509839,31.7502122902219,1.22881238642783e-66,68.0584332547042,-142.742271259942
"CbDRC2_p040_D11","CbDRC2_3_A_VX34_0.015","CbDRC2","p040","D11",20250424,"p040_D11","m2x","20250424-CbDRC2-p040-m2x_D11.TIF",1.12941176470588,"48h",10,"15hHB101","DMSO",1,"IVERMECTIN",0.015,NA,NA,"VX34","3_A",NA,NA,NA,"/vast/eande106/projects/Amanda/projects/cellprofiler-nf/projects/20250424_Cbriggsae_DRC2_IVM/Analysis-20250506/processed_images/","IVERMECTIN_VX34",206.357214713254,161.762494628542,181.690211392183,196.088029207765,205.779373075289,19.6767392044576,217.390081457109,229.117827864901,251.257504207765,0.095352804755577,26,"CbDRC2_3_A",-84.1653451896549,289.944718264944,9.1320560509839,31.7502122902219,1.22881238642783e-66,68.0584332547042,-152.223778444359
"CbDRC2_p040_D12","CbDRC2_3_A_VX34_0.03","CbDRC2","p040","D12",20250424,"p040_D12","m2x","20250424-CbDRC2-p040-m2x_D12.TIF",1.07446808510638,"48h",10,"15hHB101","DMSO",1,"IVERMECTIN",0.03,NA,NA,"VX34","3_A",NA,NA,NA,"/vast/eande106/projects/Amanda/projects/cellprofiler-nf/projects/20250424_Cbriggsae_DRC2_IVM/Analysis-20250506/processed_images/","IVERMECTIN_VX34",209.848733597581,146.814964255566,178.244806249817,199.39176948308,215.943027864901,24.7454274815655,226.423517088274,237.876740926706,245.519814280835,0.117920308868858,22,"CbDRC2_3_A",-74.0016904000432,289.944718264944,9.1320560509839,31.7502122902219,1.22881238642783e-66,68.0584332547042,-142.060123654747
"CbDRC2_p040_E01","CbDRC2_3_A_ECA2666_0","CbDRC2","p040","E01",20250424,"p040_E01","m2x","20250424-CbDRC2-p040-m2x_E01.TIF",0.482110091743119,"48h",10,"15hHB101","DMSO",1,"IVERMECTIN",0,NA,NA,"ECA2666","3_A",NA,NA,NA,"/vast/eande106/projects/Amanda/projects/cellprofiler-nf/projects/20250424_Cbriggsae_DRC2_IVM/Analysis-20250506/processed_images/","IVERMECTIN_ECA2666",376.628579195146,234.223894628542,248.768669476338,289.813042994754,385.167417066274,118.064184151883,423.238013820698,532.813469626702,623.017613205142,0.313476434539795,14,"CbDRC2_3_A",69.7489490435875,315.418468022687,11.4106754131697,27.6424012253162,3.22882775009558e-63,77.2951652609918,-7.54621621740425
"CbDRC2_p040_E02","CbDRC2_3_A_ECA2666_2.9e-05","CbDRC2","p040","E02",20250424,"p040_E02","m2x","20250424-CbDRC2-p040-m2x_E02.TIF",0.235123367198839,"48h",10,"15hHB101","DMSO",1,"IVERMECTIN",2.9e-05,NA,NA,"ECA2666","3_A",NA,NA,NA,"/vast/eande106/projects/Amanda/projects/cellprofiler-nf/projects/20250424_Cbriggsae_DRC2_IVM/Analysis-20250506/processed_images/","IVERMECTIN_ECA2666",469.295839713398,112.377880051703,283.355594796638,363.223475613363,492.047684853553,172.626739676695,590.07363308868,637.233421692342,726.663888093391,0.367842041348842,14,"CbDRC2_3_A",176.629216830866,315.418468022687,11.4106754131697,27.6424012253162,3.22882775009558e-63,77.2951652609918,99.3340515698742
"CbDRC2_p040_E03","CbDRC2_3_A_ECA2666_5.8e-05","CbDRC2","p040","E03",20250424,"p040_E03","m2x","20250424-CbDRC2-p040-m2x_E03.TIF",1.26074660633484,"48h",10,"15hHB101","DMSO",1,"IVERMECTIN",5.8e-05,NA,NA,"ECA2666","3_A",NA,NA,NA,"/vast/eande106/projects/Amanda/projects/cellprofiler-nf/projects/20250424_Cbriggsae_DRC2_IVM/Analysis-20250506/processed_images/","IVERMECTIN_ECA2666",392.290827708603,128.357342524659,185.329845883722,267.207805383168,321.36150841553,177.128542412413,555.065830837167,593.711430009236,682.296308692603,0.451523537899248,15,"CbDRC2_3_A",5.94304039284368,315.418468022687,11.4106754131697,27.6424012253162,3.22882775009558e-63,77.2951652609918,-71.3521248681481
"CbDRC2_p040_E04","CbDRC2_3_A_ECA2666_0.00011","CbDRC2","p040","E04",20250424,"p040_E04","m2x","20250424-CbDRC2-p040-m2x_E04.TIF",1.104997900042,"48h",10,"15hHB101","DMSO",1,"IVERMECTIN",0.00011,NA,NA,"ECA2666","3_A",NA,NA,NA,"/vast/eande106/projects/Amanda/projects/cellprofiler-nf/projects/20250424_Cbriggsae_DRC2_IVM/Analysis-20250506/processed_images/","IVERMECTIN_ECA2666",457.891180331815,232.859599418153,244.459048543492,278.464808851915,433.338990779119,190.320233237387,592.145053521225,719.762241744069,741.29994077912,0.41564511703298,18,"CbDRC2_3_A",117.920522756433,315.418468022687,11.4106754131697,27.6424012253162,3.22882775009558e-63,77.2951652609918,40.6253574954408
"CbDRC2_p040_E05","CbDRC2_3_A_ECA2666_0.00023","CbDRC2","p040","E05",20250424,"p040_E05","m2x","20250424-CbDRC2-p040-m2x_E05.TIF",0.160181582360571,"48h",10,"15hHB101","DMSO",1,"IVERMECTIN",0.00023,NA,NA,"ECA2666","3_A",NA,NA,NA,"/vast/eande106/projects/Amanda/projects/cellprofiler-nf/projects/20250424_Cbriggsae_DRC2_IVM/Analysis-20250506/processed_images/","IVERMECTIN_ECA2666",432.821600502509,128.930767939158,263.943785627656,281.752218705618,518.749432363589,155.674364489772,569.240824320518,579.550183536518,588.191369516791,0.359673279496757,15,"CbDRC2_3_A",203.330964340903,315.418468022687,11.4106754131697,27.6424012253162,3.22882775009558e-63,77.2951652609918,126.035799079911
"CbDRC2_p040_E06","CbDRC2_3_A_ECA2666_0.00046","CbDRC2","p040","E06",20250424,"p040_E06","m2x","20250424-CbDRC2-p040-m2x_E06.TIF",0.355177993527508,"48h",10,"15hHB101","DMSO",1,"IVERMECTIN",0.00046,NA,NA,"ECA2666","3_A",NA,NA,NA,"/vast/eande106/projects/Amanda/projects/cellprofiler-nf/projects/20250424_Cbriggsae_DRC2_IVM/Analysis-20250506/processed_images/","IVERMECTIN_ECA2666",372.491179856004,222.253753258803,235.581426554916,261.921860824452,370.863965890871,118.023508602692,479.664786280431,532.030600170305,537.221776625016,0.316849136262279,19,"CbDRC2_3_A",55.4454978681845,315.418468022687,11.4106754131697,27.6424012253162,3.22882775009558e-63,77.2951652609918,-21.8496673928073
"CbDRC2_p040_E07","CbDRC2_3_A_ECA2666_0.00093","CbDRC2","p040","E07",20250424,"p040_E07","m2x","20250424-CbDRC2-p040-m2x_E07.TIF",1.23431952662722,"48h",10,"15hHB101","DMSO",1,"IVERMECTIN",0.00093,NA,NA,"ECA2666","3_A",NA,NA,NA,"/vast/eande106/projects/Amanda/projects/cellprofiler-nf/projects/20250424_Cbriggsae_DRC2_IVM/Analysis-20250506/processed_images/","IVERMECTIN_ECA2666",351.360992976845,273.885413205142,318.313243742288,338.819973031289,359.287537153201,30.2291592220265,363.017531228126,378.271320109351,409.492222784366,0.0860344768664136,17,"CbDRC2_3_A",43.8690691305141,315.418468022687,11.4106754131697,27.6424012253162,3.22882775009558e-63,77.2951652609918,-33.4260961304777
"CbDRC2_p040_E08","CbDRC2_3_A_ECA2666_0.0018","CbDRC2","p040","E08",20250424,"p040_E08","m2x","20250424-CbDRC2-p040-m2x_E08.TIF",1.17149758454106,"48h",10,"15hHB101","DMSO",1,"IVERMECTIN",0.0018,NA,NA,"ECA2666","3_A",NA,NA,NA,"/vast/eande106/projects/Amanda/projects/cellprofiler-nf/projects/20250424_Cbriggsae_DRC2_IVM/Analysis-20250506/processed_images/","IVERMECTIN_ECA2666",271.468464476954,229.234865890871,249.807610796852,261.95787038956,268.291113786989,21.762601866177,285.393282654512,292.945385049318,320.105931047512,0.0801662244935433,15,"CbDRC2_3_A",-47.127354235698,315.418468022687,11.4106754131697,27.6424012253162,3.22882775009558e-63,77.2951652609918,-124.42251949669
"CbDRC2_p040_E09","CbDRC2_3_A_ECA2666_0.0037","CbDRC2","p040","E09",20250424,"p040_E09","m2x","20250424-CbDRC2-p040-m2x_E09.TIF",1.25714285714286,"48h",10,"15hHB101","DMSO",1,"IVERMECTIN",0.0037,NA,NA,"ECA2666","3_A",NA,NA,NA,"/vast/eande106/projects/Amanda/projects/cellprofiler-nf/projects/20250424_Cbriggsae_DRC2_IVM/Analysis-20250506/processed_images/","IVERMECTIN_ECA2666",223.73816010559,195.030528155824,213.5688785766,216.108544628542,225.062161969643,12.3834547730964,230.535012587393,233.967100026968,247.963804207765,0.0553479780438535,14,"CbDRC2_3_A",-90.3563060530435,315.418468022687,11.4106754131697,27.6424012253162,3.22882775009558e-63,77.2951652609918,-167.651471314035
"CbDRC2_p040_E10","CbDRC2_3_A_ECA2666_0.0075","CbDRC2","p040","E10",20250424,"p040_E10","m2x","20250424-CbDRC2-p040-m2x_E10.TIF",1.14121037463977,"48h",10,"15hHB101","DMSO",1,"IVERMECTIN",0.0075,NA,NA,"ECA2666","3_A",NA,NA,NA,"/vast/eande106/projects/Amanda/projects/cellprofiler-nf/projects/20250424_Cbriggsae_DRC2_IVM/Analysis-20250506/processed_images/","IVERMECTIN_ECA2666",203.375546784672,171.078485049318,185.984069722561,194.299901812959,206.978151522036,14.3648129830848,213.592381726033,218.472500202223,220.8150185766,0.0706319575297511,15,"CbDRC2_3_A",-108.440316500651,315.418468022687,11.4106754131697,27.6424012253162,3.22882775009558e-63,77.2951652609918,-185.735481761642
"CbDRC2_p040_E11","CbDRC2_3_A_ECA2666_0.015","CbDRC2","p040","E11",20250424,"p040_E11","m2x","20250424-CbDRC2-p040-m2x_E11.TIF",1.23859649122807,"48h",10,"15hHB101","DMSO",1,"IVERMECTIN",0.015,NA,NA,"ECA2666","3_A",NA,NA,NA,"/vast/eande106/projects/Amanda/projects/cellprofiler-nf/projects/20250424_Cbriggsae_DRC2_IVM/Analysis-20250506/processed_images/","IVERMECTIN_ECA2666",188.630917835037,143.929699418154,160.398199418153,176.398547314271,184.253285049318,22.556063478188,204.015485049318,220.908840085853,222.647465890871,0.119577764541834,21,"CbDRC2_3_A",-131.165182973368,315.418468022687,11.4106754131697,27.6424012253162,3.22882775009558e-63,77.2951652609918,-208.46034823436
"CbDRC2_p040_E12","CbDRC2_3_A_ECA2666_0.03","CbDRC2","p040","E12",20250424,"p040_E12","m2x","20250424-CbDRC2-p040-m2x_E12.TIF",1.159375,"48h",10,"15hHB101","DMSO",1,"IVERMECTIN",0.03,NA,NA,"ECA2666","3_A",NA,NA,NA,"/vast/eande106/projects/Amanda/projects/cellprofiler-nf/projects/20250424_Cbriggsae_DRC2_IVM/Analysis-20250506/processed_images/","IVERMECTIN_ECA2666",199.62843455963,176.30158983893,185.110645165688,192.935606602571,200.721785049318,10.9332538531222,206.344482654512,213.59630229192,218.788656311648,0.0547680187806933,19,"CbDRC2_3_A",-114.696682973368,315.418468022687,11.4106754131697,27.6424012253162,3.22882775009558e-63,77.2951652609918,-191.99184823436
"CbDRC2_p040_F01","CbDRC2_3_A_ED3102_0","CbDRC2","p040","F01",20250424,"p040_F01","m2x","20250424-CbDRC2-p040-m2x_F01.TIF",0.27063339731286,"48h",10,"15hHB101","DMSO",1,"IVERMECTIN",0,NA,NA,"ED3102","3_A",NA,NA,NA,"/vast/eande106/projects/Amanda/projects/cellprofiler-nf/projects/20250424_Cbriggsae_DRC2_IVM/Analysis-20250506/processed_images/","IVERMECTIN_ED3102",334.322069138421,286.592061101259,298.100619606191,303.036321732424,336.582751231113,35.237832768992,348.934126231113,377.035054733944,410.950339504007,0.105400857501879,14,"CbDRC2_3_A",60.2703727625073,276.312378468605,7.58865955144181,36.4112234309032,6.55193527240559e-80,67.546811591988,-7.27643882948072
"CbDRC2_p040_F02","CbDRC2_3_A_ED3102_2.9e-05","CbDRC2","p040","F02",20250424,"p040_F02","m2x","20250424-CbDRC2-p040-m2x_F02.TIF",0.144862155388471,"48h",10,"15hHB101","DMSO",1,"IVERMECTIN",2.9e-05,NA,NA,"ED3102","3_A",NA,NA,NA,"/vast/eande106/projects/Amanda/projects/cellprofiler-nf/projects/20250424_Cbriggsae_DRC2_IVM/Analysis-20250506/processed_images/","IVERMECTIN_ED3102",305.159553188489,168.034433473453,195.019168881008,261.778717392579,316.730343409139,74.4416838636266,364.155369046695,387.619237846153,393.063883885625,0.243943481650224,14,"CbDRC2_3_A",40.4179649405334,276.312378468605,7.58865955144181,36.4112234309032,6.55193527240559e-80,67.546811591988,-27.1288466514546
"CbDRC2_p040_F03","CbDRC2_3_A_ED3102_5.8e-05","CbDRC2","p040","F03",20250424,"p040_F03","m2x","20250424-CbDRC2-p040-m2x_F03.TIF",0.203014753046825,"48h",10,"15hHB101","DMSO",1,"IVERMECTIN",5.8e-05,NA,NA,"ED3102","3_A",NA,NA,NA,"/vast/eande106/projects/Amanda/projects/cellprofiler-nf/projects/20250424_Cbriggsae_DRC2_IVM/Analysis-20250506/processed_images/","IVERMECTIN_ED3102",334.670262479651,159.182313187269,258.83569738772,295.153185810336,341.454741942812,80.9823589811269,371.036833520703,435.362059671402,473.808012623295,0.24197656039443,14,"CbDRC2_3_A",65.1423634742071,276.312378468605,7.58865955144181,36.4112234309032,6.55193527240559e-80,67.546811591988,-2.40444811778089
"CbDRC2_p040_F06","CbDRC2_3_A_ED3102_0.00046","CbDRC2","p040","F06",20250424,"p040_F06","m2x","20250424-CbDRC2-p040-m2x_F06.TIF",0.668727915194346,"48h",10,"15hHB101","DMSO",1,"IVERMECTIN",0.00046,NA,NA,"ED3102","3_A",NA,NA,NA,"/vast/eande106/projects/Amanda/projects/cellprofiler-nf/projects/20250424_Cbriggsae_DRC2_IVM/Analysis-20250506/processed_images/","IVERMECTIN_ED3102",273.958948718878,141.916286432646,158.886625430952,199.922599418153,223.746148349,115.38560737053,398.620442544117,430.175480833321,432.548122784366,0.421178457247378,9,"CbDRC2_3_A",-52.5662301196056,276.312378468605,7.58865955144181,36.4112234309032,6.55193527240559e-80,67.546811591988,-120.113041711594
"CbDRC2_p040_F07","CbDRC2_3_A_ED3102_0.00093","CbDRC2","p040","F07",20250424,"p040_F07","m2x","20250424-CbDRC2-p040-m2x_F07.TIF",1.11036036036036,"48h",10,"15hHB101","DMSO",1,"IVERMECTIN",0.00093,NA,NA,"ED3102","3_A",NA,NA,NA,"/vast/eande106/projects/Amanda/projects/cellprofiler-nf/projects/20250424_Cbriggsae_DRC2_IVM/Analysis-20250506/processed_images/","IVERMECTIN_ED3102",349.846929526937,269.954584495702,312.296632958919,328.986328916842,353.781877573977,31.1405062642327,371.911426667498,380.392977341239,405.399337153201,0.0890118038375837,28,"CbDRC2_3_A",77.469499105372,276.312378468605,7.58865955144181,36.4112234309032,6.55193527240559e-80,67.546811591988,9.92268751338399
"CbDRC2_p040_F08","CbDRC2_3_A_ED3102_0.0018","CbDRC2","p040","F08",20250424,"p040_F08","m2x","20250424-CbDRC2-p040-m2x_F08.TIF",1.02966101694915,"48h",10,"15hHB101","DMSO",1,"IVERMECTIN",0.0018,NA,NA,"ED3102","3_A",NA,NA,NA,"/vast/eande106/projects/Amanda/projects/cellprofiler-nf/projects/20250424_Cbriggsae_DRC2_IVM/Analysis-20250506/processed_images/","IVERMECTIN_ED3102",267.570592557989,224.479913205142,231.479928822823,249.796251522036,267.980160810336,25.4436711326048,282.21540068044,289.51417976463,324.752165890871,0.0950914332152945,24,"CbDRC2_3_A",-8.33221765826916,276.312378468605,7.58865955144181,36.4112234309032,6.55193527240559e-80,67.546811591988,-75.8790292502571
"CbDRC2_p040_F09","CbDRC2_3_A_ED3102_0.0037","CbDRC2","p040","F09",20250424,"p040_F09","m2x","20250424-CbDRC2-p040-m2x_F09.TIF",1.03826530612245,"48h",10,"15hHB101","DMSO",1,"IVERMECTIN",0.0037,NA,NA,"ED3102","3_A",NA,NA,NA,"/vast/eande106/projects/Amanda/projects/cellprofiler-nf/projects/20250424_Cbriggsae_DRC2_IVM/Analysis-20250506/processed_images/","IVERMECTIN_ED3102",241.050042680143,184.818394628542,201.864052538143,225.69289074541,248.431956311648,23.8656952323561,259.597967966899,264.105286790609,281.091583192359,0.0990072225957841,34,"CbDRC2_3_A",-27.8804221569576,276.312378468605,7.58865955144181,36.4112234309032,6.55193527240559e-80,67.546811591988,-95.4272337489456
"CbDRC2_p040_F11","CbDRC2_3_A_ED3102_0.015","CbDRC2","p040","F11",20250424,"p040_F11","m2x","20250424-CbDRC2-p040-m2x_F11.TIF",1.11661807580175,"48h",10,"15hHB101","DMSO",1,"IVERMECTIN",0.015,NA,NA,"ED3102","3_A",NA,NA,NA,"/vast/eande106/projects/Amanda/projects/cellprofiler-nf/projects/20250424_Cbriggsae_DRC2_IVM/Analysis-20250506/processed_images/","IVERMECTIN_ED3102",215.982657228699,190.275575470095,199.745823143311,208.931795680483,216.225582654512,12.1851587243574,226.072403010362,229.656018413889,233.061817441138,0.0564173016514694,20,"CbDRC2_3_A",-60.086795814093,276.312378468605,7.58865955144181,36.4112234309032,6.55193527240559e-80,67.546811591988,-127.633607406081
"CbDRC2_p040_F12","CbDRC2_3_A_ED3102_0.03","CbDRC2","p040","F12",20250424,"p040_F12","m2x","20250424-CbDRC2-p040-m2x_F12.TIF",1.0625,"48h",10,"15hHB101","DMSO",1,"IVERMECTIN",0.03,NA,NA,"ED3102","3_A",NA,NA,NA,"/vast/eande106/projects/Amanda/projects/cellprofiler-nf/projects/20250424_Cbriggsae_DRC2_IVM/Analysis-20250506/processed_images/","IVERMECTIN_ED3102",218.454258519017,192.439056311648,202.34287486128,210.271851522036,218.788656311648,12.8945348512465,227.96596017278,234.683935653002,241.610480259706,0.0590262462204367,35,"CbDRC2_3_A",-57.5237221569576,276.312378468605,7.58865955144181,36.4112234309032,6.55193527240559e-80,67.546811591988,-125.070533748946
"CbDRC2_p041_A01","CbDRC2_1_N_VX34_0","CbDRC2","p041","A01",20250424,"p041_A01","m2x","20250424-CbDRC2-p041-m2x_A01.TIF",0.252043010752688,"48h",10,"15hHB101","DMSO",1,"IVERMECTIN",0,NA,NA,"VX34","1_N",NA,NA,NA,"/vast/eande106/projects/Amanda/projects/cellprofiler-nf/projects/20250424_Cbriggsae_DRC2_IVM/Analysis-20250506/processed_images/","IVERMECTIN_VX34",526.885428301102,278.212374888248,295.6817717071,320.683614589776,370.484453625919,278.677529493786,783.524533012857,907.459922253826,920.170484458701,0.528914854207221,8,"CbDRC2_1_N",74.8364556812751,295.647997944643,9.22869425594786,32.0357343894126,3.99535273195856e-67,71.1068038124399,3.72965186883519
"CbDRC2_p041_A02","CbDRC2_1_N_VX34_2.9e-05","CbDRC2","p041","A02",20250424,"p041_A02","m2x","20250424-CbDRC2-p041-m2x_A02.TIF",0.293024886084823,"48h",10,"15hHB101","DMSO",1,"IVERMECTIN",2.9e-05,NA,NA,"VX34","1_N",NA,NA,NA,"/vast/eande106/projects/Amanda/projects/cellprofiler-nf/projects/20250424_Cbriggsae_DRC2_IVM/Analysis-20250506/processed_images/","IVERMECTIN_VX34",387.808002786608,270.123561101259,326.387656616055,332.334389111622,382.928627283054,74.9676286841693,419.430333049067,478.913040949161,538.180598836307,0.193311195605781,12,"CbDRC2_1_N",87.2806293384104,295.647997944643,9.22869425594786,32.0357343894126,3.99535273195856e-67,71.1068038124399,16.1738255259705
"CbDRC2_p041_A03","CbDRC2_1_N_VX34_5.8e-05","CbDRC2","p041","A03",20250424,"p041_A03","m2x","20250424-CbDRC2-p041-m2x_A03.TIF",0.204153605015674,"48h",10,"15hHB101","DMSO",1,"IVERMECTIN",5.8e-05,NA,NA,"VX34","1_N",NA,NA,NA,"/vast/eande106/projects/Amanda/projects/cellprofiler-nf/projects/20250424_Cbriggsae_DRC2_IVM/Analysis-20250506/processed_images/","IVERMECTIN_VX34",339.379483380049,240.68741363354,253.027071871144,287.722280259706,323.621946732424,84.5643770916007,392.361655729801,410.161505026353,546.97164077912,0.249173509987646,13,"CbDRC2_1_N",27.9739487877808,295.647997944643,9.22869425594786,32.0357343894126,3.99535273195856e-67,71.1068038124399,-43.1328550246592
"CbDRC2_p041_A04","CbDRC2_1_N_VX34_0.00011","CbDRC2","p041","A04",20250424,"p041_A04","m2x","20250424-CbDRC2-p041-m2x_A04.TIF",0.070090559483935,"48h",10,"15hHB101","DMSO",1,"IVERMECTIN",0.00011,NA,NA,"VX34","1_N",NA,NA,NA,"/vast/eande106/projects/Amanda/projects/cellprofiler-nf/projects/20250424_Cbriggsae_DRC2_IVM/Analysis-20250506/processed_images/","IVERMECTIN_VX34",364.479844523418,168.349894628542,228.035867670372,314.480978699531,367.804341942812,110.700853555814,398.597941651889,499.641366219451,588.288326992131,0.303722840149262,14,"CbDRC2_1_N",72.156343998169,295.647997944643,9.22869425594786,32.0357343894126,3.99535273195856e-67,71.1068038124399,1.04954018572911
"CbDRC2_p041_A05","CbDRC2_1_N_VX34_0.00023","CbDRC2","p041","A05",20250424,"p041_A05","m2x","20250424-CbDRC2-p041-m2x_A05.TIF",0.363733905579399,"48h",10,"15hHB101","DMSO",1,"IVERMECTIN",0.00023,NA,NA,"VX34","1_N",NA,NA,NA,"/vast/eande106/projects/Amanda/projects/cellprofiler-nf/projects/20250424_Cbriggsae_DRC2_IVM/Analysis-20250506/processed_images/","IVERMECTIN_VX34",331.066008221095,241.485157875488,274.713198078892,288.28738983893,340.227565309025,55.9032181548142,375.562122202519,398.301675004617,429.157465309025,0.168858223939078,17,"CbDRC2_1_N",44.5795673643811,295.647997944643,9.22869425594786,32.0357343894126,3.99535273195856e-67,71.1068038124399,-26.5272364480588
"CbDRC2_p041_A06","CbDRC2_1_N_VX34_0.00046","CbDRC2","p041","A06",20250424,"p041_A06","m2x","20250424-CbDRC2-p041-m2x_A06.TIF",0.36369886558955,"48h",10,"15hHB101","DMSO",1,"IVERMECTIN",0.00046,NA,NA,"VX34","1_N",NA,NA,NA,"/vast/eande106/projects/Amanda/projects/cellprofiler-nf/projects/20250424_Cbriggsae_DRC2_IVM/Analysis-20250506/processed_images/","IVERMECTIN_VX34",308.501432280332,211.88027565596,240.582633647483,272.976131734302,308.235187153201,62.8878325668503,342.114723019438,373.484826815685,413.351032363589,0.203849402260489,8,"CbDRC2_1_N",12.5871892085574,295.647997944643,9.22869425594786,32.0357343894126,3.99535273195856e-67,71.1068038124399,-58.5196146038826
"CbDRC2_p041_A08","CbDRC2_1_N_VX34_0.0018","CbDRC2","p041","A08",20250424,"p041_A08","m2x","20250424-CbDRC2-p041-m2x_A08.TIF",1.12910798122066,"48h",10,"15hHB101","DMSO",1,"IVERMECTIN",0.0018,NA,NA,"VX34","1_N",NA,NA,NA,"/vast/eande106/projects/Amanda/projects/cellprofiler-nf/projects/20250424_Cbriggsae_DRC2_IVM/Analysis-20250506/processed_images/","IVERMECTIN_VX34",261.785147606427,156.305313786989,234.414482524659,253.820577864901,267.085739532237,32.4105502008411,280.787917717946,294.111060143337,299.925782056896,0.123805916787792,23,"CbDRC2_1_N",-28.5622584124061,295.647997944643,9.22869425594786,32.0357343894126,3.99535273195856e-67,71.1068038124399,-99.669062224846
"CbDRC2_p041_A09","CbDRC2_1_N_VX34_0.0037","CbDRC2","p041","A09",20250424,"p041_A09","m2x","20250424-CbDRC2-p041-m2x_A09.TIF",1.04093567251462,"48h",10,"15hHB101","DMSO",1,"IVERMECTIN",0.0037,NA,NA,"VX34","1_N",NA,NA,NA,"/vast/eande106/projects/Amanda/projects/cellprofiler-nf/projects/20250424_Cbriggsae_DRC2_IVM/Analysis-20250506/processed_images/","IVERMECTIN_VX34",232.203184422238,193.569275470095,205.537264803096,220.108631602571,236.056341942813,20.0226898006404,243.01909538956,258.764555701956,270.2205185766,0.086229178339911,22,"CbDRC2_1_N",-59.5916560018309,295.647997944643,9.22869425594786,32.0357343894126,3.99535273195856e-67,71.1068038124399,-130.698459814271
"CbDRC2_p041_A10","CbDRC2_1_N_VX34_0.0075","CbDRC2","p041","A10",20250424,"p041_A10","m2x","20250424-CbDRC2-p041-m2x_A10.TIF",1.1328903654485,"48h",10,"15hHB101","DMSO",1,"IVERMECTIN",0.0075,NA,NA,"VX34","1_N",NA,NA,NA,"/vast/eande106/projects/Amanda/projects/cellprofiler-nf/projects/20250424_Cbriggsae_DRC2_IVM/Analysis-20250506/processed_images/","IVERMECTIN_VX34",209.220526432367,189.242313786989,190.655776790609,198.285789693468,210.10322943077,14.0423202350966,221.059134903857,224.40969038956,227.773613205142,0.0671173162334812,12,"CbDRC2_1_N",-85.5447685138732,295.647997944643,9.22869425594786,32.0357343894126,3.99535273195856e-67,71.1068038124399,-156.651572326313
"CbDRC2_p041_B01","CbDRC2_1_N_JU3237_0","CbDRC2","p041","B01",20250424,"p041_B01","m2x","20250424-CbDRC2-p041-m2x_B01.TIF",0.202078521939954,"48h",10,"15hHB101","DMSO",1,"IVERMECTIN",0,NA,NA,"JU3237","1_N",NA,NA,NA,"/vast/eande106/projects/Amanda/projects/cellprofiler-nf/projects/20250424_Cbriggsae_DRC2_IVM/Analysis-20250506/processed_images/","IVERMECTIN_JU3237",310.894425076055,259.953051825186,263.809623973385,269.594482195683,303.620160771856,54.0854048526719,326.042787489815,367.574100854566,395.261643097733,0.173967110666075,5,"CbDRC2_1_N",38.9405127058305,264.679648066026,7.66333315233897,34.5384498891636,1.28800366813287e-76,28.6810563137571,10.2594563920734
"CbDRC2_p041_B02","CbDRC2_1_N_JU3237_2.9e-05","CbDRC2","p041","B02",20250424,"p041_B02","m2x","20250424-CbDRC2-p041-m2x_B02.TIF",0.298184627269216,"48h",10,"15hHB101","DMSO",1,"IVERMECTIN",2.9e-05,NA,NA,"JU3237","1_N",NA,NA,NA,"/vast/eande106/projects/Amanda/projects/cellprofiler-nf/projects/20250424_Cbriggsae_DRC2_IVM/Analysis-20250506/processed_images/","IVERMECTIN_JU3237",335.473079247276,251.959732363589,261.659262354388,276.208557340586,335.794813595492,79.8901030023887,395.059335502181,409.02950866159,418.34295743453,0.238141621323665,4,"CbDRC2_1_N",71.1151655294661,264.679648066026,7.66333315233897,34.5384498891636,1.28800366813287e-76,28.6810563137571,42.434109215709
"CbDRC2_p041_B03","CbDRC2_1_N_JU3237_5.8e-05","CbDRC2","p041","B03",20250424,"p041_B03","m2x","20250424-CbDRC2-p041-m2x_B03.TIF",0.24376848331221,"48h",10,"15hHB101","DMSO",1,"IVERMECTIN",5.8e-05,NA,NA,"JU3237","1_N",NA,NA,NA,"/vast/eande106/projects/Amanda/projects/cellprofiler-nf/projects/20250424_Cbriggsae_DRC2_IVM/Analysis-20250506/processed_images/","IVERMECTIN_JU3237",320.519816256356,283.298361101259,289.78924644866,311.766338031826,326.504794915079,21.7301748753185,336.524232218127,340.921072189035,341.220665890871,0.0677966658321632,8,"CbDRC2_1_N",61.825146849053,264.679648066026,7.66333315233897,34.5384498891636,1.28800366813287e-76,28.6810563137571,33.1440905352959
"CbDRC2_p041_B04","CbDRC2_1_N_JU3237_0.00011","CbDRC2","p041","B04",20250424,"p041_B04","m2x","20250424-CbDRC2-p041-m2x_B04.TIF",0.239379386775028,"48h",10,"15hHB101","DMSO",1,"IVERMECTIN",0.00011,NA,NA,"JU3237","1_N",NA,NA,NA,"/vast/eande106/projects/Amanda/projects/cellprofiler-nf/projects/20250424_Cbriggsae_DRC2_IVM/Analysis-20250506/processed_images/","IVERMECTIN_JU3237",285.638924784273,168.349894628542,185.876176080505,233.110585257116,293.137945614648,81.629886598754,347.004721441501,366.653067762015,390.432250940189,0.285779981353747,8,"CbDRC2_1_N",28.4582975486226,264.679648066026,7.66333315233897,34.5384498891636,1.28800366813287e-76,28.6810563137571,-0.222758765134497
"CbDRC2_p041_B05","CbDRC2_1_N_JU3237_0.00023","CbDRC2","p041","B05",20250424,"p041_B05","m2x","20250424-CbDRC2-p041-m2x_B05.TIF",0.268255578093306,"48h",10,"15hHB101","DMSO",1,"IVERMECTIN",0.00023,NA,NA,"JU3237","1_N",NA,NA,NA,"/vast/eande106/projects/Amanda/projects/cellprofiler-nf/projects/20250424_Cbriggsae_DRC2_IVM/Analysis-20250506/processed_images/","IVERMECTIN_JU3237",306.890381755855,194.134385049318,250.54039384375,294.520739983206,315.573294046695,57.7704334422634,338.042435933798,361.515343120557,373.398641360966,0.188244522724151,7,"CbDRC2_1_N",50.8936459806693,264.679648066026,7.66333315233897,34.5384498891636,1.28800366813287e-76,28.6810563137571,22.2125896669122
"CbDRC2_p041_B06","CbDRC2_1_N_JU3237_0.00046","CbDRC2","p041","B06",20250424,"p041_B06","m2x","20250424-CbDRC2-p041-m2x_B06.TIF",0.13089842708611,"48h",10,"15hHB101","DMSO",1,"IVERMECTIN",0.00046,NA,NA,"JU3237","1_N",NA,NA,NA,"/vast/eande106/projects/Amanda/projects/cellprofiler-nf/projects/20250424_Cbriggsae_DRC2_IVM/Analysis-20250506/processed_images/","IVERMECTIN_JU3237",271.671470840197,258.803137951773,261.600522538325,265.796599418153,272.287041942813,9.61084316730619,279.205475470095,281.04124983893,282.265099418153,0.0353767112077789,5,"CbDRC2_1_N",7.60739387678688,264.679648066026,7.66333315233897,34.5384498891636,1.28800366813287e-76,28.6810563137571,-21.0736624369702
"CbDRC2_p041_B07","CbDRC2_1_N_JU3237_0.00093","CbDRC2","p041","B07",20250424,"p041_B07","m2x","20250424-CbDRC2-p041-m2x_B07.TIF",1.11895910780669,"48h",10,"15hHB101","DMSO",1,"IVERMECTIN",0.00093,NA,NA,"JU3237","1_N",NA,NA,NA,"/vast/eande106/projects/Amanda/projects/cellprofiler-nf/projects/20250424_Cbriggsae_DRC2_IVM/Analysis-20250506/processed_images/","IVERMECTIN_JU3237",352.110031866914,318.06780841553,327.418077206862,342.867515890871,349.503394628542,22.7005074480166,357.192615599948,378.013339504007,401.605627020361,0.0644699252891397,11,"CbDRC2_1_N",84.823746562516,264.679648066026,7.66333315233897,34.5384498891636,1.28800366813287e-76,28.6810563137571,56.1426902487589
"CbDRC2_p041_B08","CbDRC2_1_N_JU3237_0.0018","CbDRC2","p041","B08",20250424,"p041_B08","m2x","20250424-CbDRC2-p041-m2x_B08.TIF",1.15437788018433,"48h",10,"15hHB101","DMSO",1,"IVERMECTIN",0.0018,NA,NA,"JU3237","1_N",NA,NA,NA,"/vast/eande106/projects/Amanda/projects/cellprofiler-nf/projects/20250424_Cbriggsae_DRC2_IVM/Analysis-20250506/processed_images/","IVERMECTIN_JU3237",262.481146792492,235.72530841553,242.252837352288,245.118175761018,260.667316137795,21.4060126344858,271.770411101259,288.521465890871,305.789151522036,0.0815525720459026,11,"CbDRC2_1_N",-4.012331928231,264.679648066026,7.66333315233897,34.5384498891636,1.28800366813287e-76,28.6810563137571,-32.6933882419881
"CbDRC2_p041_B09","CbDRC2_1_N_JU3237_0.0037","CbDRC2","p041","B09",20250424,"p041_B09","m2x","20250424-CbDRC2-p041-m2x_B09.TIF",1.14583333333333,"48h",10,"15hHB101","DMSO",1,"IVERMECTIN",0.0037,NA,NA,"JU3237","1_N",NA,NA,NA,"/vast/eande106/projects/Amanda/projects/cellprofiler-nf/projects/20250424_Cbriggsae_DRC2_IVM/Analysis-20250506/processed_images/","IVERMECTIN_JU3237",232.404146997868,202.65118983893,214.224291522036,226.369156893494,231.120973613136,15.905245914251,245.372332363589,247.811999301784,257.41933354674,0.0684378747957405,13,"CbDRC2_1_N",-33.5586744528901,264.679648066026,7.66333315233897,34.5384498891636,1.28800366813287e-76,28.6810563137571,-62.2397307666472
"CbDRC2_p041_B10","CbDRC2_1_N_JU3237_0.0075","CbDRC2","p041","B10",20250424,"p041_B10","m2x","20250424-CbDRC2-p041-m2x_B10.TIF",1.11209439528024,"48h",10,"15hHB101","DMSO",1,"IVERMECTIN",0.0075,NA,NA,"JU3237","1_N",NA,NA,NA,"/vast/eande106/projects/Amanda/projects/cellprofiler-nf/projects/20250424_Cbriggsae_DRC2_IVM/Analysis-20250506/processed_images/","IVERMECTIN_JU3237",184.046108992779,115.373321509253,134.864408670853,165.855380259707,198.227270680483,32.022895133967,205.476737735047,206.934036172995,210.368808997377,0.173993872020535,13,"CbDRC2_1_N",-66.4523773855427,264.679648066026,7.66333315233897,34.5384498891636,1.28800366813287e-76,28.6810563137571,-95.1334336992998
"CbDRC2_p041_B11","CbDRC2_1_N_JU3237_0.015","CbDRC2","p041","B11",20250424,"p041_B11","m2x","20250424-CbDRC2-p041-m2x_B11.TIF",1.15105740181269,"48h",10,"15hHB101","DMSO",1,"IVERMECTIN",0.015,NA,NA,"JU3237","1_N",NA,NA,NA,"/vast/eande106/projects/Amanda/projects/cellprofiler-nf/projects/20250424_Cbriggsae_DRC2_IVM/Analysis-20250506/processed_images/","IVERMECTIN_JU3237",183.936346665525,161.593518022984,162.762794210588,167.268154207765,186.945865904987,17.2873995918175,200.404950615556,203.821956297287,204.186881996474,0.0939857722805242,10,"CbDRC2_1_N",-77.7337821610391,264.679648066026,7.66333315233897,34.5384498891636,1.28800366813287e-76,28.6810563137571,-106.414838474796
"CbDRC2_p041_B12","CbDRC2_1_N_JU3237_0.03","CbDRC2","p041","B12",20250424,"p041_B12","m2x","20250424-CbDRC2-p041-m2x_B12.TIF",1.07272727272727,"48h",10,"15hHB101","DMSO",1,"IVERMECTIN",0.03,NA,NA,"JU3237","1_N",NA,NA,NA,"/vast/eande106/projects/Amanda/projects/cellprofiler-nf/projects/20250424_Cbriggsae_DRC2_IVM/Analysis-20250506/processed_images/","IVERMECTIN_JU3237",177.842401717584,128.357342524659,160.943917502309,163.12678983893,180.160399418153,21.9989696668382,189.47638983893,205.008787196147,212.863323366212,0.123699238507659,13,"CbDRC2_1_N",-84.5192486478722,264.679648066026,7.66333315233897,34.5384498891636,1.28800366813287e-76,28.6810563137571,-113.200304961629
"CbDRC2_p041_C01","CbDRC2_1_N_ED3102_0","CbDRC2","p041","C01",20250424,"p041_C01","m2x","20250424-CbDRC2-p041-m2x_C01.TIF",0.241085271317829,"48h",10,"15hHB101","DMSO",1,"IVERMECTIN",0,NA,NA,"ED3102","1_N",NA,NA,NA,"/vast/eande106/projects/Amanda/projects/cellprofiler-nf/projects/20250424_Cbriggsae_DRC2_IVM/Analysis-20250506/processed_images/","IVERMECTIN_ED3102",359.260538159022,332.372827573977,340.546550505929,343.676741797351,355.89687967786,20.7585038682325,370.567212007739,378.950115251916,401.911722202519,0.0577811968289266,10,"CbDRC2_1_N",81.2487374304071,274.648142247453,7.44940626157245,36.8684607341416,1.07731667091468e-80,71.4019380917064,9.84679933870076
"CbDRC2_p041_C02","CbDRC2_1_N_ED3102_2.9e-05","CbDRC2","p041","C02",20250424,"p041_C02","m2x","20250424-CbDRC2-p041-m2x_C02.TIF",0.156512605042017,"48h",10,"15hHB101","DMSO",1,"IVERMECTIN",2.9e-05,NA,NA,"ED3102","1_N",NA,NA,NA,"/vast/eande106/projects/Amanda/projects/cellprofiler-nf/projects/20250424_Cbriggsae_DRC2_IVM/Analysis-20250506/processed_images/","IVERMECTIN_ED3102",307.465399659702,240.885734100356,244.820718511255,253.00272603964,316.534536599585,55.7707346212518,344.023695783462,363.264073813956,416.547774888248,0.181388652781673,13,"CbDRC2_1_N",41.8863943521321,274.648142247453,7.44940626157245,36.8684607341416,1.07731667091468e-80,71.4019380917064,-29.5155437395742
"CbDRC2_p041_C03","CbDRC2_1_N_ED3102_5.8e-05","CbDRC2","p041","C03",20250424,"p041_C03","m2x","20250424-CbDRC2-p041-m2x_C03.TIF",0.189903846153846,"48h",10,"15hHB101","DMSO",1,"IVERMECTIN",5.8e-05,NA,NA,"ED3102","1_N",NA,NA,NA,"/vast/eande106/projects/Amanda/projects/cellprofiler-nf/projects/20250424_Cbriggsae_DRC2_IVM/Analysis-20250506/processed_images/","IVERMECTIN_ED3102",283.744643110574,129.390604207765,199.723979301784,238.378419864174,281.368956311648,71.2443764351527,343.452706020724,359.915526383316,362.250203625919,0.251086243088611,15,"CbDRC2_1_N",6.72081406419513,274.648142247453,7.44940626157245,36.8684607341416,1.07731667091468e-80,71.4019380917064,-64.6811240275112
"CbDRC2_p041_C04","CbDRC2_1_N_ED3102_0.00011","CbDRC2","p041","C04",20250424,"p041_C04","m2x","20250424-CbDRC2-p041-m2x_C04.TIF",0.250991705733862,"48h",10,"15hHB101","DMSO",1,"IVERMECTIN",0.00011,NA,NA,"ED3102","1_N",NA,NA,NA,"/vast/eande106/projects/Amanda/projects/cellprofiler-nf/projects/20250424_Cbriggsae_DRC2_IVM/Analysis-20250506/processed_images/","IVERMECTIN_ED3102",291.142968896264,149.95198983893,201.969042233736,233.423925005855,299.194284550845,81.582648129792,356.018076522036,381.281777283054,441.767155729801,0.280215072474789,16,"CbDRC2_1_N",24.5461423033921,274.648142247453,7.44940626157245,36.8684607341416,1.07731667091468e-80,71.4019380917064,-46.8557957883143
"CbDRC2_p041_C05","CbDRC2_1_N_ED3102_0.00023","CbDRC2","p041","C05",20250424,"p041_C05","m2x","20250424-CbDRC2-p041-m2x_C05.TIF",0.110316428261812,"48h",10,"15hHB101","DMSO",1,"IVERMECTIN",0.00023,NA,NA,"ED3102","1_N",NA,NA,NA,"/vast/eande106/projects/Amanda/projects/cellprofiler-nf/projects/20250424_Cbriggsae_DRC2_IVM/Analysis-20250506/processed_images/","IVERMECTIN_ED3102",246.022369768275,109.927239246104,125.451602026405,164.432566036333,217.589877864901,107.725188505563,310.198287209709,370.65814386148,467.051636017738,0.437867453301211,20,"CbDRC2_1_N",-57.058264382552,274.648142247453,7.44940626157245,36.8684607341416,1.07731667091468e-80,71.4019380917064,-128.460202474258
"CbDRC2_p041_C06","CbDRC2_1_N_ED3102_0.00046","CbDRC2","p041","C06",20250424,"p041_C06","m2x","20250424-CbDRC2-p041-m2x_C06.TIF",0.362431800467654,"48h",10,"15hHB101","DMSO",1,"IVERMECTIN",0.00046,NA,NA,"ED3102","1_N",NA,NA,NA,"/vast/eande106/projects/Amanda/projects/cellprofiler-nf/projects/20250424_Cbriggsae_DRC2_IVM/Analysis-20250506/processed_images/","IVERMECTIN_ED3102",275.343749334473,123.134237735047,173.649938205209,197.116512553336,240.91304529986,108.540867549644,372.530896441501,424.425231172928,472.243919731521,0.394201313129481,15,"CbDRC2_1_N",-33.7350969475925,274.648142247453,7.44940626157245,36.8684607341416,1.07731667091468e-80,71.4019380917064,-105.137035039299
"CbDRC2_p041_C07","CbDRC2_1_N_ED3102_0.00093","CbDRC2","p041","C07",20250424,"p041_C07","m2x","20250424-CbDRC2-p041-m2x_C07.TIF",0.987786259541985,"48h",10,"15hHB101","DMSO",1,"IVERMECTIN",0.00093,NA,NA,"ED3102","1_N",NA,NA,NA,"/vast/eande106/projects/Amanda/projects/cellprofiler-nf/projects/20250424_Cbriggsae_DRC2_IVM/Analysis-20250506/processed_images/","IVERMECTIN_ED3102",318.014481219465,220.249908997377,271.419297023348,297.920214693468,325.241769380502,37.7680543919561,346.239815454486,358.037927385939,379.614846732424,0.118762058404164,32,"CbDRC2_1_N",50.5936271330493,274.648142247453,7.44940626157245,36.8684607341416,1.07731667091468e-80,71.4019380917064,-20.8083109586571
"CbDRC2_p041_C08","CbDRC2_1_N_ED3102_0.0018","CbDRC2","p041","C08",20250424,"p041_C08","m2x","20250424-CbDRC2-p041-m2x_C08.TIF",1.2175,"48h",10,"15hHB101","DMSO",1,"IVERMECTIN",0.0018,NA,NA,"ED3102","1_N",NA,NA,NA,"/vast/eande106/projects/Amanda/projects/cellprofiler-nf/projects/20250424_Cbriggsae_DRC2_IVM/Analysis-20250506/processed_images/","IVERMECTIN_ED3102",249.824201728631,199.825641942813,229.36395224722,237.634632654512,249.796251522036,21.046767891635,261.93778983893,274.621719185415,291.153098836307,0.0842463129913123,39,"CbDRC2_1_N",-24.8518907254167,274.648142247453,7.44940626157245,36.8684607341416,1.07731667091468e-80,71.4019380917064,-96.2538288171231
"CbDRC2_p041_C09","CbDRC2_1_N_ED3102_0.0037","CbDRC2","p041","C09",20250424,"p041_C09","m2x","20250424-CbDRC2-p041-m2x_C09.TIF",1.16393442622951,"48h",10,"15hHB101","DMSO",1,"IVERMECTIN",0.0037,NA,NA,"ED3102","1_N",NA,NA,NA,"/vast/eande106/projects/Amanda/projects/cellprofiler-nf/projects/20250424_Cbriggsae_DRC2_IVM/Analysis-20250506/processed_images/","IVERMECTIN_ED3102",228.680100232447,192.439056311648,203.497190680483,213.081470403675,234.126937153201,18.8268648218807,240.032189548007,247.858814512172,271.487856311648,0.0823283915073661,27,"CbDRC2_1_N",-40.5212050942519,274.648142247453,7.44940626157245,36.8684607341416,1.07731667091468e-80,71.4019380917064,-111.923143185958
"CbDRC2_p041_C10","CbDRC2_1_N_ED3102_0.0075","CbDRC2","p041","C10",20250424,"p041_C10","m2x","20250424-CbDRC2-p041-m2x_C10.TIF",1.06077348066298,"48h",10,"15hHB101","DMSO",1,"IVERMECTIN",0.0075,NA,NA,"ED3102","1_N",NA,NA,NA,"/vast/eande106/projects/Amanda/projects/cellprofiler-nf/projects/20250424_Cbriggsae_DRC2_IVM/Analysis-20250506/processed_images/","IVERMECTIN_ED3102",203.797728866622,162.658637735047,178.965637081532,193.218161392183,205.712631882841,18.8168318198149,217.400121732424,224.222463229901,247.632770680483,0.0923309200964149,34,"CbDRC2_1_N",-68.9355103646121,274.648142247453,7.44940626157245,36.8684607341416,1.07731667091468e-80,71.4019380917064,-140.337448456318
"CbDRC2_p041_C11","CbDRC2_1_N_ED3102_0.015","CbDRC2","p041","C11",20250424,"p041_C11","m2x","20250424-CbDRC2-p041-m2x_C11.TIF",1.11974110032362,"48h",10,"15hHB101","DMSO",1,"IVERMECTIN",0.015,NA,NA,"ED3102","1_N",NA,NA,NA,"/vast/eande106/projects/Amanda/projects/cellprofiler-nf/projects/20250424_Cbriggsae_DRC2_IVM/Analysis-20250506/processed_images/","IVERMECTIN_ED3102",196.101741065425,166.985599418154,168.324134440504,186.2311685766,196.06378983893,17.9629236825722,204.614874272692,220.840778764638,234.126937153201,0.0916000214224475,20,"CbDRC2_1_N",-78.5843524085227,274.648142247453,7.44940626157245,36.8684607341416,1.07731667091468e-80,71.4019380917064,-149.986290500229
"CbDRC2_p041_C12","CbDRC2_1_N_ED3102_0.03","CbDRC2","p041","C12",20250424,"p041_C12","m2x","20250424-CbDRC2-p041-m2x_C12.TIF",1.05757575757576,"48h",10,"15hHB101","DMSO",1,"IVERMECTIN",0.03,NA,NA,"ED3102","1_N",NA,NA,NA,"/vast/eande106/projects/Amanda/projects/cellprofiler-nf/projects/20250424_Cbriggsae_DRC2_IVM/Analysis-20250506/processed_images/","IVERMECTIN_ED3102",198.220666049885,169.480113786989,172.379900608814,187.927789090825,199.805561392183,16.8899562702893,208.343916141505,220.770555949056,226.837308997377,0.0852078474301902,22,"CbDRC2_1_N",-74.8425808552699,274.648142247453,7.44940626157245,36.8684607341416,1.07731667091468e-80,71.4019380917064,-146.244518946976
"CbDRC2_p041_D03","CbDRC2_1_N_ECA2666_5.8e-05","CbDRC2","p041","D03",20250424,"p041_D03","m2x","20250424-CbDRC2-p041-m2x_D03.TIF",0.237087214225233,"48h",10,"15hHB101","DMSO",1,"IVERMECTIN",5.8e-05,NA,NA,"ECA2666","1_N",NA,NA,NA,"/vast/eande106/projects/Amanda/projects/cellprofiler-nf/projects/20250424_Cbriggsae_DRC2_IVM/Analysis-20250506/processed_images/","IVERMECTIN_ECA2666",277.580529020857,211.167994628542,232.368728764638,252.61054041639,294.87478983893,39.6447736064671,306.652019213797,313.883471910596,318.495799418153,0.142822602674297,7,"CbDRC2_1_N",37.9273017216611,256.947488117269,11.2012874336268,22.9391031736139,9.32577811032747e-53,20.2234501228379,17.7038515988232
"CbDRC2_p041_D04","CbDRC2_1_N_ECA2666_0.00011","CbDRC2","p041","D04",20250424,"p041_D04","m2x","20250424-CbDRC2-p041-m2x_D04.TIF",0.191145168156662,"48h",10,"15hHB101","DMSO",1,"IVERMECTIN",0.00011,NA,NA,"ECA2666","1_N",NA,NA,NA,"/vast/eande106/projects/Amanda/projects/cellprofiler-nf/projects/20250424_Cbriggsae_DRC2_IVM/Analysis-20250506/processed_images/","IVERMECTIN_ECA2666",289.238633196891,195.498680259707,201.286894628542,226.554754207765,276.710961101259,82.9312096239484,338.587464962392,385.460260605305,422.176352676957,0.286722450273423,7,"CbDRC2_1_N",19.7634729839906,256.947488117269,11.2012874336268,22.9391031736139,9.32577811032747e-53,20.2234501228379,-0.459977138847218
"CbDRC2_p041_D05","CbDRC2_1_N_ECA2666_0.00023","CbDRC2","p041","D05",20250424,"p041_D05","m2x","20250424-CbDRC2-p041-m2x_D05.TIF",0.195004029008864,"48h",10,"15hHB101","DMSO",1,"IVERMECTIN",0.00023,NA,NA,"ECA2666","1_N",NA,NA,NA,"/vast/eande106/projects/Amanda/projects/cellprofiler-nf/projects/20250424_Cbriggsae_DRC2_IVM/Analysis-20250506/processed_images/","IVERMECTIN_ECA2666",378.31241729346,264.900456311648,266.595785049318,291.240016036333,375.356444337618,111.031184265265,414.656808560992,492.985022493442,563.303022202519,0.293490721397963,6,"CbDRC2_1_N",118.408956220349,256.947488117269,11.2012874336268,22.9391031736139,9.32577811032747e-53,20.2234501228379,98.1855060975116
"CbDRC2_p041_D06","CbDRC2_1_N_ECA2666_0.00046","CbDRC2","p041","D06",20250424,"p041_D06","m2x","20250424-CbDRC2-p041-m2x_D06.TIF",0.786324786324786,"48h",10,"15hHB101","DMSO",1,"IVERMECTIN",0.00046,NA,NA,"ECA2666","1_N",NA,NA,NA,"/vast/eande106/projects/Amanda/projects/cellprofiler-nf/projects/20250424_Cbriggsae_DRC2_IVM/Analysis-20250506/processed_images/","IVERMECTIN_ECA2666",272.026912264602,105.208147769947,123.288761495935,144.986309381877,221.855727651745,167.103828190808,353.796076667498,453.583540702927,629.953689830158,0.614291530200752,10,"CbDRC2_1_N",-35.0917604655236,256.947488117269,11.2012874336268,22.9391031736139,9.32577811032747e-53,20.2234501228379,-55.3152105883615
"CbDRC2_p041_D07","CbDRC2_1_N_ECA2666_0.00093","CbDRC2","p041","D07",20250424,"p041_D07","m2x","20250424-CbDRC2-p041-m2x_D07.TIF",1.03426791277259,"48h",10,"15hHB101","DMSO",1,"IVERMECTIN",0.00093,NA,NA,"ECA2666","1_N",NA,NA,NA,"/vast/eande106/projects/Amanda/projects/cellprofiler-nf/projects/20250424_Cbriggsae_DRC2_IVM/Analysis-20250506/processed_images/","IVERMECTIN_ECA2666",356.641536447888,258.741047314271,315.972886862277,339.677346517557,361.899089548007,40.7373552553992,382.250638496065,403.67561022849,418.574137153201,0.114224932017563,16,"CbDRC2_1_N",104.951601430738,256.947488117269,11.2012874336268,22.9391031736139,9.32577811032747e-53,20.2234501228379,84.7281513078999
"CbDRC2_p041_D08","CbDRC2_1_N_ECA2666_0.0018","CbDRC2","p041","D08",20250424,"p041_D08","m2x","20250424-CbDRC2-p041-m2x_D08.TIF",1.19377990430622,"48h",10,"15hHB101","DMSO",1,"IVERMECTIN",0.0018,NA,NA,"ECA2666","1_N",NA,NA,NA,"/vast/eande106/projects/Amanda/projects/cellprofiler-nf/projects/20250424_Cbriggsae_DRC2_IVM/Analysis-20250506/processed_images/","IVERMECTIN_ECA2666",259.542578061955,153.665343546654,185.882407081532,232.3429685766,280.404253916842,51.6688797533073,299.176041470525,308.504030085152,317.405741360966,0.1990766992419,14,"CbDRC2_1_N",23.456765799573,256.947488117269,11.2012874336268,22.9391031736139,9.32577811032747e-53,20.2234501228379,3.23331567673515
"CbDRC2_p041_D09","CbDRC2_1_N_ECA2666_0.0037","CbDRC2","p041","D09",20250424,"p041_D09","m2x","20250424-CbDRC2-p041-m2x_D09.TIF",1.25,"48h",10,"15hHB101","DMSO",1,"IVERMECTIN",0.0037,NA,NA,"ECA2666","1_N",NA,NA,NA,"/vast/eande106/projects/Amanda/projects/cellprofiler-nf/projects/20250424_Cbriggsae_DRC2_IVM/Analysis-20250506/processed_images/","IVERMECTIN_ECA2666",221.54782598159,184.5843185766,187.82953983893,208.907556311648,225.393195496925,23.7203371259644,232.494286246721,253.586501812959,254.688322784366,0.107066440489177,16,"CbDRC2_1_N",-31.5542926203435,256.947488117269,11.2012874336268,22.9391031736139,9.32577811032747e-53,20.2234501228379,-51.7777427431814
"CbDRC2_p041_D10","CbDRC2_1_N_ECA2666_0.0075","CbDRC2","p041","D10",20250424,"p041_D10","m2x","20250424-CbDRC2-p041-m2x_D10.TIF",0.916149068322981,"48h",10,"15hHB101","DMSO",1,"IVERMECTIN",0.0075,NA,NA,"ECA2666","1_N",NA,NA,NA,"/vast/eande106/projects/Amanda/projects/cellprofiler-nf/projects/20250424_Cbriggsae_DRC2_IVM/Analysis-20250506/processed_images/","IVERMECTIN_ECA2666",192.101069207617,160.164123366212,171.249881996474,177.548847023348,189.807423366212,19.607442098141,205.061215904987,215.591913786989,223.777685049318,0.102068365256988,11,"CbDRC2_1_N",-67.1400647510567,256.947488117269,11.2012874336268,22.9391031736139,9.32577811032747e-53,20.2234501228379,-87.3635148738946
"CbDRC2_p041_D11","CbDRC2_1_N_ECA2666_0.015","CbDRC2","p041","D11",20250424,"p041_D11","m2x","20250424-CbDRC2-p041-m2x_D11.TIF",1.09574468085106,"48h",10,"15hHB101","DMSO",1,"IVERMECTIN",0.015,NA,NA,"ECA2666","1_N",NA,NA,NA,"/vast/eande106/projects/Amanda/projects/cellprofiler-nf/projects/20250424_Cbriggsae_DRC2_IVM/Analysis-20250506/processed_images/","IVERMECTIN_ECA2666",183.294262291921,154.9410185766,159.797633903358,171.478077864901,180.160399418153,18.5580483900939,198.957897023348,206.104726965163,215.591913786989,0.101247295785712,15,"CbDRC2_1_N",-76.7870886991154,256.947488117269,11.2012874336268,22.9391031736139,9.32577811032747e-53,20.2234501228379,-97.0105388219532
"CbDRC2_p041_D12","CbDRC2_1_N_ECA2666_0.03","CbDRC2","p041","D12",20250424,"p041_D12","m2x","20250424-CbDRC2-p041-m2x_D12.TIF",1.26637554585153,"48h",10,"15hHB101","DMSO",1,"IVERMECTIN",0.03,NA,NA,"ECA2666","1_N",NA,NA,NA,"/vast/eande106/projects/Amanda/projects/cellprofiler-nf/projects/20250424_Cbriggsae_DRC2_IVM/Analysis-20250506/processed_images/","IVERMECTIN_ECA2666",183.950007777314,156.53938983893,167.950301812959,179.886414221181,185.447554147669,15.8812274729742,193.207337125346,198.452167371313,202.438916166025,0.0863344756810212,6,"CbDRC2_1_N",-71.4999339695996,256.947488117269,11.2012874336268,22.9391031736139,9.32577811032747e-53,20.2234501228379,-91.7233840924374
"CbDRC2_p041_E01","CbDRC2_1_N_PB420_0","CbDRC2","p041","E01",20250424,"p041_E01","m2x","20250424-CbDRC2-p041-m2x_E01.TIF",0.0879136900422802,"48h",10,"15hHB101","DMSO",1,"IVERMECTIN",0,NA,NA,"PB420","1_N",NA,NA,NA,"/vast/eande106/projects/Amanda/projects/cellprofiler-nf/projects/20250424_Cbriggsae_DRC2_IVM/Analysis-20250506/processed_images/","IVERMECTIN_PB420",316.175773280501,297.506422784365,301.684906616055,307.952632363589,308.847184366905,16.7307835338733,327.617874888248,334.420001154937,338.954751999396,0.0529160832289017,5,"CbDRC2_1_N",46.564260542751,262.282923824154,7.76814462787253,33.7639084219762,5.974251175802e-75,63.1425783827141,-16.5783178399631
"CbDRC2_p041_E02","CbDRC2_1_N_PB420_2.9e-05","CbDRC2","p041","E02",20250424,"p041_E02","m2x","20250424-CbDRC2-p041-m2x_E02.TIF",0.798353909465021,"48h",10,"15hHB101","DMSO",1,"IVERMECTIN",2.9e-05,NA,NA,"PB420","1_N",NA,NA,NA,"/vast/eande106/projects/Amanda/projects/cellprofiler-nf/projects/20250424_Cbriggsae_DRC2_IVM/Analysis-20250506/processed_images/","IVERMECTIN_PB420",254.58337983193,103.437137181431,117.928933314924,176.491691818524,301.674617357198,96.5558918402864,315.270658706454,320.66163284255,411.766491454728,0.379270209642241,12,"CbDRC2_1_N",39.3916935330433,262.282923824154,7.76814462787253,33.7639084219762,5.974251175802e-75,63.1425783827141,-23.7508848496709
"CbDRC2_p041_E03","CbDRC2_1_N_PB420_5.8e-05","CbDRC2","p041","E03",20250424,"p041_E03","m2x","20250424-CbDRC2-p041-m2x_E03.TIF",0.239165985282093,"48h",10,"15hHB101","DMSO",1,"IVERMECTIN",5.8e-05,NA,NA,"PB420","1_N",NA,NA,NA,"/vast/eande106/projects/Amanda/projects/cellprofiler-nf/projects/20250424_Cbriggsae_DRC2_IVM/Analysis-20250506/processed_images/","IVERMECTIN_PB420",312.569383726362,278.640365890871,285.266548881008,297.506422784366,318.963951522036,22.2173851149484,321.030474888248,332.485849489822,351.569917994754,0.07107985065613,9,"CbDRC2_1_N",56.6810276978817,262.282923824154,7.76814462787253,33.7639084219762,5.974251175802e-75,63.1425783827141,-6.46155068483245
"CbDRC2_p041_E04","CbDRC2_1_N_PB420_0.00011","CbDRC2","p041","E04",20250424,"p041_E04","m2x","20250424-CbDRC2-p041-m2x_E04.TIF",0.267821977156361,"48h",10,"15hHB101","DMSO",1,"IVERMECTIN",0.00011,NA,NA,"PB420","1_N",NA,NA,NA,"/vast/eande106/projects/Amanda/projects/cellprofiler-nf/projects/20250424_Cbriggsae_DRC2_IVM/Analysis-20250506/processed_images/","IVERMECTIN_PB420",316.764723051691,258.943265337255,278.666405669425,294.147862299592,314.305956311648,38.6288498020715,340.474110533528,357.791105209594,374.859894046695,0.121948080044784,7,"CbDRC2_1_N",52.0230324874935,262.282923824154,7.76814462787253,33.7639084219762,5.974251175802e-75,63.1425783827141,-11.1195458952207
"CbDRC2_p041_E05","CbDRC2_1_N_PB420_0.00023","CbDRC2","p041","E05",20250424,"p041_E05","m2x","20250424-CbDRC2-p041-m2x_E05.TIF",0.187094448449892,"48h",10,"15hHB101","DMSO",1,"IVERMECTIN",0.00023,NA,NA,"PB420","1_N",NA,NA,NA,"/vast/eande106/projects/Amanda/projects/cellprofiler-nf/projects/20250424_Cbriggsae_DRC2_IVM/Analysis-20250506/processed_images/","IVERMECTIN_PB420",296.217168282442,203.885627437276,207.433087202124,251.390632769599,298.519603916842,63.7620874427667,325.32731574541,374.185065242417,403.372974888248,0.215254530358516,12,"CbDRC2_1_N",36.2366800926875,262.282923824154,7.76814462787253,33.7639084219762,5.974251175802e-75,63.1425783827141,-26.9058982900266
"CbDRC2_p041_E06","CbDRC2_1_N_PB420_0.00046","CbDRC2","p041","E06",20250424,"p041_E06","m2x","20250424-CbDRC2-p041-m2x_E06.TIF",0.115931461903026,"48h",10,"15hHB101","DMSO",1,"IVERMECTIN",0.00046,NA,NA,"PB420","1_N",NA,NA,NA,"/vast/eande106/projects/Amanda/projects/cellprofiler-nf/projects/20250424_Cbriggsae_DRC2_IVM/Analysis-20250506/processed_images/","IVERMECTIN_PB420",291.862605646838,166.856297219214,207.032510443221,252.972913496065,294.777832363589,65.6357891703333,340.59806015078,363.734545941379,398.327609610254,0.22488591515473,16,"CbDRC2_1_N",32.4949085394348,262.282923824154,7.76814462787253,33.7639084219762,5.974251175802e-75,63.1425783827141,-30.6476698432794
"CbDRC2_p041_E07","CbDRC2_1_N_PB420_0.00093","CbDRC2","p041","E07",20250424,"p041_E07","m2x","20250424-CbDRC2-p041-m2x_E07.TIF",0.963549920760697,"48h",10,"15hHB101","DMSO",1,"IVERMECTIN",0.00093,NA,NA,"PB420","1_N",NA,NA,NA,"/vast/eande106/projects/Amanda/projects/cellprofiler-nf/projects/20250424_Cbriggsae_DRC2_IVM/Analysis-20250506/processed_images/","IVERMECTIN_PB420",321.172811737417,278.075256311648,289.476472538143,307.090768901233,317.454220098636,25.4816332844041,336.241677428516,355.590228227493,369.402713205142,0.0793393224867279,18,"CbDRC2_1_N",55.1712962744821,262.282923824154,7.76814462787253,33.7639084219762,5.974251175802e-75,63.1425783827141,-7.97128210823201
"CbDRC2_p041_E08","CbDRC2_1_N_PB420_0.0018","CbDRC2","p041","E08",20250424,"p041_E08","m2x","20250424-CbDRC2-p041-m2x_E08.TIF",1.17220543806647,"48h",10,"15hHB101","DMSO",1,"IVERMECTIN",0.0018,NA,NA,"PB420","1_N",NA,NA,NA,"/vast/eande106/projects/Amanda/projects/cellprofiler-nf/projects/20250424_Cbriggsae_DRC2_IVM/Analysis-20250506/processed_images/","IVERMECTIN_PB420",212.059134017285,159.69597126233,173.686021333998,202.110319628542,216.859251522036,26.4116469509961,229.224825615556,235.56076612361,253.889137153201,0.124548499518268,18,"CbDRC2_1_N",-45.4236723021182,262.282923824154,7.76814462787253,33.7639084219762,5.974251175802e-75,63.1425783827141,-108.566250684832
"CbDRC2_p041_E09","CbDRC2_1_N_PB420_0.0037","CbDRC2","p041","E09",20250424,"p041_E09","m2x","20250424-CbDRC2-p041-m2x_E09.TIF",1.14364640883978,"48h",10,"15hHB101","DMSO",1,"IVERMECTIN",0.0037,NA,NA,"PB420","1_N",NA,NA,NA,"/vast/eande106/projects/Amanda/projects/cellprofiler-nf/projects/20250424_Cbriggsae_DRC2_IVM/Analysis-20250506/processed_images/","IVERMECTIN_PB420",212.90376032365,186.981875470095,192.945302350105,205.014467088274,215.708951812959,13.6332116502215,222.152385009029,227.866554570357,232.197532363589,0.0640346212274347,14,"CbDRC2_1_N",-46.573972011195,262.282923824154,7.76814462787253,33.7639084219762,5.974251175802e-75,63.1425783827141,-109.716550393909
"CbDRC2_p041_E10","CbDRC2_1_N_PB420_0.0075","CbDRC2","p041","E10",20250424,"p041_E10","m2x","20250424-CbDRC2-p041-m2x_E10.TIF",1.23754789272031,"48h",10,"15hHB101","DMSO",1,"IVERMECTIN",0.0075,NA,NA,"PB420","1_N",NA,NA,NA,"/vast/eande106/projects/Amanda/projects/cellprofiler-nf/projects/20250424_Cbriggsae_DRC2_IVM/Analysis-20250506/processed_images/","IVERMECTIN_PB420",172.753777423747,157.860387981971,163.33551484368,167.550708997377,174.138108997377,9.22388428019696,179.195697023348,183.247447081532,183.785132945436,0.0533932422072121,7,"CbDRC2_1_N",-88.1448148267773,262.282923824154,7.76814462787253,33.7639084219762,5.974251175802e-75,63.1425783827141,-151.287393209491
"CbDRC2_p041_E11","CbDRC2_1_N_PB420_0.015","CbDRC2","p041","E11",20250424,"p041_E11","m2x","20250424-CbDRC2-p041-m2x_E11.TIF",1.092,"48h",10,"15hHB101","DMSO",1,"IVERMECTIN",0.015,NA,NA,"PB420","1_N",NA,NA,NA,"/vast/eande106/projects/Amanda/projects/cellprofiler-nf/projects/20250424_Cbriggsae_DRC2_IVM/Analysis-20250506/processed_images/","IVERMECTIN_PB420",182.094535479194,148.587694628542,158.753012945436,180.959585049318,182.88898983893,18.4794261586219,191.405794628542,197.145803005703,212.766365890871,0.101482595894446,9,"CbDRC2_1_N",-79.3939339852242,262.282923824154,7.76814462787253,33.7639084219762,5.974251175802e-75,63.1425783827141,-142.536512367938
"CbDRC2_p041_E12","CbDRC2_1_N_PB420_0.03","CbDRC2","p041","E12",20250424,"p041_E12","m2x","20250424-CbDRC2-p041-m2x_E12.TIF",1.09965635738832,"48h",10,"15hHB101","DMSO",1,"IVERMECTIN",0.03,NA,NA,"PB420","1_N",NA,NA,NA,"/vast/eande106/projects/Amanda/projects/cellprofiler-nf/projects/20250424_Cbriggsae_DRC2_IVM/Analysis-20250506/processed_images/","IVERMECTIN_PB420",178.565255093855,167.219675470095,168.447647641059,170.068678743525,175.024397122891,9.71948380106252,188.603015418583,191.255754032334,192.791892217967,0.0544309910455643,12,"CbDRC2_1_N",-87.2585267012633,262.282923824154,7.76814462787253,33.7639084219762,5.974251175802e-75,63.1425783827141,-150.401105083977
"CbDRC2_p041_F02","CbDRC2_1_N_NIC1667_2.9e-05","CbDRC2","p041","F02",20250424,"p041_F02","m2x","20250424-CbDRC2-p041-m2x_F02.TIF",0.508833922261484,"48h",10,"15hHB101","DMSO",1,"IVERMECTIN",2.9e-05,NA,NA,"NIC1667","1_N",NA,NA,NA,"/vast/eande106/projects/Amanda/projects/cellprofiler-nf/projects/20250424_Cbriggsae_DRC2_IVM/Analysis-20250506/processed_images/","IVERMECTIN_NIC1667",251.307805755962,110.355570708714,116.084423783568,165.72670514947,259.487778963639,96.7372334934578,326.057942088274,367.237568836307,386.670398836307,0.38493525182181,12,"CbDRC2_1_N",-14.1609739055825,273.648752869222,6.41929624076494,42.6290893278067,3.23814711507162e-88,39.1930100281419,-53.3539839337245
"CbDRC2_p041_F03","CbDRC2_1_N_NIC1667_5.8e-05","CbDRC2","p041","F03",20250424,"p041_F03","m2x","20250424-CbDRC2-p041-m2x_F03.TIF",0.265689418231791,"48h",10,"15hHB101","DMSO",1,"IVERMECTIN",5.8e-05,NA,NA,"NIC1667","1_N",NA,NA,NA,"/vast/eande106/projects/Amanda/projects/cellprofiler-nf/projects/20250424_Cbriggsae_DRC2_IVM/Analysis-20250506/processed_images/","IVERMECTIN_NIC1667",322.639265846974,285.13080841553,288.560248881008,306.120185049318,325.083199418153,26.7990496262316,330.540380259706,355.395190254115,367.111706865536,0.0830619594793594,9,"CbDRC2_1_N",51.4344465489315,273.648752869222,6.41929624076494,42.6290893278067,3.23814711507162e-88,39.1930100281419,12.2414365207895
"CbDRC2_p041_F04","CbDRC2_1_N_NIC1667_0.00011","CbDRC2","p041","F04",20250424,"p041_F04","m2x","20250424-CbDRC2-p041-m2x_F04.TIF",0.274560274560275,"48h",10,"15hHB101","DMSO",1,"IVERMECTIN",0.00011,NA,NA,"NIC1667","1_N",NA,NA,NA,"/vast/eande106/projects/Amanda/projects/cellprofiler-nf/projects/20250424_Cbriggsae_DRC2_IVM/Analysis-20250506/processed_images/","IVERMECTIN_NIC1667",326.348531381325,218.320504207765,278.582681254409,294.006944288829,322.297812623295,56.0863052987198,363.102979132689,385.168985049318,417.74375527919,0.171860143084833,11,"CbDRC2_1_N",48.6490597540735,273.648752869222,6.41929624076494,42.6290893278067,3.23814711507162e-88,39.1930100281419,9.45604972593152
"CbDRC2_p041_F05","CbDRC2_1_N_NIC1667_0.00023","CbDRC2","p041","F05",20250424,"p041_F05","m2x","20250424-CbDRC2-p041-m2x_F05.TIF",0.217391304347826,"48h",10,"15hHB101","DMSO",1,"IVERMECTIN",0.00023,NA,NA,"NIC1667","1_N",NA,NA,NA,"/vast/eande106/projects/Amanda/projects/cellprofiler-nf/projects/20250424_Cbriggsae_DRC2_IVM/Analysis-20250506/processed_images/","IVERMECTIN_NIC1667",279.439937162991,192.108022784366,246.488893235745,270.474675179171,281.934065890871,36.6909938779086,307.504560810336,310.681222784366,322.491727573977,0.131301897110389,11,"CbDRC2_1_N",8.28531302164925,273.648752869222,6.41929624076494,42.6290893278067,3.23814711507162e-88,39.1930100281419,-30.9076970064927
"CbDRC2_p041_F06","CbDRC2_1_N_NIC1667_0.00046","CbDRC2","p041","F06",20250424,"p041_F06","m2x","20250424-CbDRC2-p041-m2x_F06.TIF",0.128973895063324,"48h",10,"15hHB101","DMSO",1,"IVERMECTIN",0.00046,NA,NA,"NIC1667","1_N",NA,NA,NA,"/vast/eande106/projects/Amanda/projects/cellprofiler-nf/projects/20250424_Cbriggsae_DRC2_IVM/Analysis-20250506/processed_images/","IVERMECTIN_NIC1667",235.838639754729,123.699347314271,148.053335819203,184.5843185766,266.104618930688,82.9004857827998,266.974905536553,309.487967263939,337.83000841553,0.351513585174236,5,"CbDRC2_1_N",-7.54413393853394,273.648752869222,6.41929624076494,42.6290893278067,3.23814711507162e-88,39.1930100281419,-46.7371439666759
"CbDRC2_p041_F07","CbDRC2_1_N_NIC1667_0.00093","CbDRC2","p041","F07",20250424,"p041_F07","m2x","20250424-CbDRC2-p041-m2x_F07.TIF",0.949286846275753,"48h",10,"15hHB101","DMSO",1,"IVERMECTIN",0.00093,NA,NA,"NIC1667","1_N",NA,NA,NA,"/vast/eande106/projects/Amanda/projects/cellprofiler-nf/projects/20250424_Cbriggsae_DRC2_IVM/Analysis-20250506/processed_images/","IVERMECTIN_NIC1667",345.763869251074,303.391594628542,324.191761477335,336.324435810336,348.578853334995,20.0226330598142,358.468522927634,368.625271651889,377.023374888248,0.0579084017748394,20,"CbDRC2_1_N",74.9301004657733,273.648752869222,6.41929624076494,42.6290893278067,3.23814711507162e-88,39.1930100281419,35.7370904376314
"CbDRC2_p041_F08","CbDRC2_1_N_NIC1667_0.0018","CbDRC2","p041","F08",20250424,"p041_F08","m2x","20250424-CbDRC2-p041-m2x_F08.TIF",1.02448979591837,"48h",10,"15hHB101","DMSO",1,"IVERMECTIN",0.0018,NA,NA,"NIC1667","1_N",NA,NA,NA,"/vast/eande106/projects/Amanda/projects/cellprofiler-nf/projects/20250424_Cbriggsae_DRC2_IVM/Analysis-20250506/processed_images/","IVERMECTIN_NIC1667",263.826292416765,230.268127573977,240.016814163064,245.138256311648,259.209199418153,22.2706779532409,278.40628983893,292.220438343862,310.213070680483,0.0844141717234918,17,"CbDRC2_1_N",-14.4395534510686,273.648752869222,6.41929624076494,42.6290893278067,3.23814711507162e-88,39.1930100281419,-53.6325634792105
"CbDRC2_p041_F09","CbDRC2_1_N_NIC1667_0.0037","CbDRC2","p041","F09",20250424,"p041_F09","m2x","20250424-CbDRC2-p041-m2x_F09.TIF",1.03603603603604,"48h",10,"15hHB101","DMSO",1,"IVERMECTIN",0.0037,NA,NA,"NIC1667","1_N",NA,NA,NA,"/vast/eande106/projects/Amanda/projects/cellprofiler-nf/projects/20250424_Cbriggsae_DRC2_IVM/Analysis-20250506/processed_images/","IVERMECTIN_NIC1667",246.017188160989,221.380128155824,236.535853321511,240.353182799974,245.735915614063,11.768132151136,255.267631457109,259.074119827788,259.965087981971,0.0478345933432716,10,"CbDRC2_1_N",-27.9128372551588,273.648752869222,6.41929624076494,42.6290893278067,3.23814711507162e-88,39.1930100281419,-67.1058472833007
"CbDRC2_p041_F10","CbDRC2_1_N_NIC1667_0.0075","CbDRC2","p041","F10",20250424,"p041_F10","m2x","20250424-CbDRC2-p041-m2x_F10.TIF",1.10796915167095,"48h",10,"15hHB101","DMSO",1,"IVERMECTIN",0.0075,NA,NA,"NIC1667","1_N",NA,NA,NA,"/vast/eande106/projects/Amanda/projects/cellprofiler-nf/projects/20250424_Cbriggsae_DRC2_IVM/Analysis-20250506/processed_images/","IVERMECTIN_NIC1667",214.395100968511,176.632623366212,197.154118748168,203.452989661665,214.929846732424,16.1971322965155,224.362875179171,232.859599418153,239.287362838027,0.0755480522798628,19,"CbDRC2_1_N",-58.7189061367977,273.648752869222,6.41929624076494,42.6290893278067,3.23814711507162e-88,39.1930100281419,-97.9119161649396
"CbDRC2_p041_F12","CbDRC2_1_N_NIC1667_0.03","CbDRC2","p041","F12",20250424,"p041_F12","m2x","20250424-CbDRC2-p041-m2x_F12.TIF",1.10277777777778,"48h",10,"15hHB101","DMSO",1,"IVERMECTIN",0.03,NA,NA,"NIC1667","1_N",NA,NA,NA,"/vast/eande106/projects/Amanda/projects/cellprofiler-nf/projects/20250424_Cbriggsae_DRC2_IVM/Analysis-20250506/processed_images/","IVERMECTIN_NIC1667",200.687475172687,170.279299418153,177.282703952743,190.041499418153,202.417113786989,18.2583566508704,210.368808997377,224.775490796852,230.045811889065,0.0909790540498826,13,"CbDRC2_1_N",-71.2316390822333,273.648752869222,6.41929624076494,42.6290893278067,3.23814711507162e-88,39.1930100281419,-110.424649110375
"CbDRC2_p042_A01","CbDRC2_2_M_JU3237_0","CbDRC2","p042","A01",20250424,"p042_A01","m2x","20250424-CbDRC2-p042-m2x_A01.TIF",0.0816226783968719,"48h",10,"15hHB101","DMSO",1,"IVERMECTIN",0,NA,NA,"JU3237","2_M",NA,NA,NA,"/vast/eande106/projects/Amanda/projects/cellprofiler-nf/projects/20250424_Cbriggsae_DRC2_IVM/Analysis-20250506/processed_images/","IVERMECTIN_JU3237",318.014397284512,234.337650208769,257.037309083569,279.677420605864,317.268622784365,49.8332063260714,346.298334467472,374.82914327681,412.462930475632,0.156701101433115,15,"CbDRC2_2_M",46.794554520363,270.474068264002,7.66333315233897,35.2945725948832,5.80687863474336e-78,37.6027016723173,9.19185284804564
"CbDRC2_p042_A02","CbDRC2_2_M_JU3237_2.9e-05","CbDRC2","p042","A02",20250424,"p042_A02","m2x","20250424-CbDRC2-p042-m2x_A02.TIF",0.259466437177281,"48h",10,"15hHB101","DMSO",1,"IVERMECTIN",2.9e-05,NA,NA,"JU3237","2_M",NA,NA,NA,"/vast/eande106/projects/Amanda/projects/cellprofiler-nf/projects/20250424_Cbriggsae_DRC2_IVM/Analysis-20250506/processed_images/","IVERMECTIN_JU3237",304.81386631688,193.335199418153,256.261271418789,269.324375470095,302.027299418153,52.8919267205059,332.372827573977,349.011777970871,430.287684467472,0.173522049241422,17,"CbDRC2_2_M",31.5532311541509,270.474068264002,7.66333315233897,35.2945725948832,5.80687863474336e-78,37.6027016723173,-6.0494705181664
"CbDRC2_p042_A03","CbDRC2_2_M_JU3237_5.8e-05","CbDRC2","p042","A03",20250424,"p042_A03","m2x","20250424-CbDRC2-p042-m2x_A03.TIF",0.229638958858102,"48h",10,"15hHB101","DMSO",1,"IVERMECTIN",5.8e-05,NA,NA,"JU3237","2_M",NA,NA,NA,"/vast/eande106/projects/Amanda/projects/cellprofiler-nf/projects/20250424_Cbriggsae_DRC2_IVM/Analysis-20250506/processed_images/","IVERMECTIN_JU3237",308.504464908698,260.573494628542,271.632032413623,296.804194628542,308.517741942812,31.5708770319048,316.703513205142,351.398721593704,368.918654514692,0.102335235379003,13,"CbDRC2_2_M",38.04367367881,270.474068264002,7.66333315233897,35.2945725948832,5.80687863474336e-78,37.6027016723173,0.440972006492643
"CbDRC2_p042_A04","CbDRC2_2_M_JU3237_0.00011","CbDRC2","p042","A04",20250424,"p042_A04","m2x","20250424-CbDRC2-p042-m2x_A04.TIF",0.182250396196513,"48h",10,"15hHB101","DMSO",1,"IVERMECTIN",0.00011,NA,NA,"JU3237","2_M",NA,NA,NA,"/vast/eande106/projects/Amanda/projects/cellprofiler-nf/projects/20250424_Cbriggsae_DRC2_IVM/Analysis-20250506/processed_images/","IVERMECTIN_JU3237",302.122381784764,234.008073173403,240.002168405169,271.935927864901,307.313820493524,44.3425360973196,326.584613205142,353.934371026082,376.458265309025,0.146770112943535,15,"CbDRC2_2_M",36.8397522295216,270.474068264002,7.66333315233897,35.2945725948832,5.80687863474336e-78,37.6027016723173,-0.76294944279573
"CbDRC2_p042_A05","CbDRC2_2_M_JU3237_0.00023","CbDRC2","p042","A05",20250424,"p042_A05","m2x","20250424-CbDRC2-p042-m2x_A05.TIF",0.238602471239881,"48h",10,"15hHB101","DMSO",1,"IVERMECTIN",0.00023,NA,NA,"JU3237","2_M",NA,NA,NA,"/vast/eande106/projects/Amanda/projects/cellprofiler-nf/projects/20250424_Cbriggsae_DRC2_IVM/Analysis-20250506/processed_images/","IVERMECTIN_JU3237",314.202950889966,196.88851204507,248.282028692157,290.491635783658,306.120185049318,55.758989614293,350.832438519168,383.076416078909,424.168436571354,0.177461699377292,19,"CbDRC2_2_M",35.6461167853157,270.474068264002,7.66333315233897,35.2945725948832,5.80687863474336e-78,37.6027016723173,-1.95658488700161
"CbDRC2_p042_A06","CbDRC2_2_M_JU3237_0.00046","CbDRC2","p042","A06",20250424,"p042_A06","m2x","20250424-CbDRC2-p042-m2x_A06.TIF",0.108889934148636,"48h",10,"15hHB101","DMSO",1,"IVERMECTIN",0.00046,NA,NA,"JU3237","2_M",NA,NA,NA,"/vast/eande106/projects/Amanda/projects/cellprofiler-nf/projects/20250424_Cbriggsae_DRC2_IVM/Analysis-20250506/processed_images/","IVERMECTIN_JU3237",268.229889550326,141.201108997377,160.741281275814,196.213150351771,273.251744337618,81.7121632951365,314.963864548007,378.641986498096,404.242964999738,0.30463481691814,18,"CbDRC2_2_M",2.77767607361591,270.474068264002,7.66333315233897,35.2945725948832,5.80687863474336e-78,37.6027016723173,-34.8250255987014
"CbDRC2_p042_A07","CbDRC2_2_M_JU3237_0.00093","CbDRC2","p042","A07",20250424,"p042_A07","m2x","20250424-CbDRC2-p042-m2x_A07.TIF",1.01990049751244,"48h",10,"15hHB101","DMSO",1,"IVERMECTIN",0.00093,NA,NA,"JU3237","2_M",NA,NA,NA,"/vast/eande106/projects/Amanda/projects/cellprofiler-nf/projects/20250424_Cbriggsae_DRC2_IVM/Analysis-20250506/processed_images/","IVERMECTIN_JU3237",354.447219119722,278.777484467472,318.44767916235,336.865306020724,357.59220841553,29.8237981946024,371.897227573977,382.593577645646,413.58510841553,0.0841417186701886,23,"CbDRC2_2_M",87.1181401515279,270.474068264002,7.66333315233897,35.2945725948832,5.80687863474336e-78,37.6027016723173,49.5154384792106
"CbDRC2_p042_A08","CbDRC2_2_M_JU3237_0.0018","CbDRC2","p042","A08",20250424,"p042_A08","m2x","20250424-CbDRC2-p042-m2x_A08.TIF",1.1037037037037,"48h",10,"15hHB101","DMSO",1,"IVERMECTIN",0.0018,NA,NA,"JU3237","2_M",NA,NA,NA,"/vast/eande106/projects/Amanda/projects/cellprofiler-nf/projects/20250424_Cbriggsae_DRC2_IVM/Analysis-20250506/processed_images/","IVERMECTIN_JU3237",259.847107229787,219.652941389197,230.945945472437,250.351320825945,261.207163496065,18.691726452819,274.605999272692,279.152980622298,298.648402309841,0.071933556051827,40,"CbDRC2_2_M",-9.26690476793709,270.474068264002,7.66333315233897,35.2945725948832,5.80687863474336e-78,37.6027016723173,-46.8696064402544
"CbDRC2_p042_A09","CbDRC2_2_M_JU3237_0.0037","CbDRC2","p042","A09",20250424,"p042_A09","m2x","20250424-CbDRC2-p042-m2x_A09.TIF",1.10194174757282,"48h",10,"15hHB101","DMSO",1,"IVERMECTIN",0.0037,NA,NA,"JU3237","2_M",NA,NA,NA,"/vast/eande106/projects/Amanda/projects/cellprofiler-nf/projects/20250424_Cbriggsae_DRC2_IVM/Analysis-20250506/processed_images/","IVERMECTIN_JU3237",233.042441193312,190.275575470095,206.479248648269,219.587841942813,234.457970680483,18.9026918627876,246.599508997377,255.08132834517,271.81888983893,0.0811126581321192,37,"CbDRC2_2_M",-36.0160975835194,270.474068264002,7.66333315233897,35.2945725948832,5.80687863474336e-78,37.6027016723173,-73.6187992558368
"CbDRC2_p042_A10","CbDRC2_2_M_JU3237_0.0075","CbDRC2","p042","A10",20250424,"p042_A10","m2x","20250424-CbDRC2-p042-m2x_A10.TIF",1.19692307692308,"48h",10,"15hHB101","DMSO",1,"IVERMECTIN",0.0075,NA,NA,"JU3237","2_M",NA,NA,NA,"/vast/eande106/projects/Amanda/projects/cellprofiler-nf/projects/20250424_Cbriggsae_DRC2_IVM/Analysis-20250506/processed_images/","IVERMECTIN_JU3237",206.738315562032,159.364937735047,182.771951812959,193.391029022015,208.721958997377,20.8072633626654,223.264244982155,231.563863496065,243.508027020361,0.100645414015779,36,"CbDRC2_2_M",-61.7521092666256,270.474068264002,7.66333315233897,35.2945725948832,5.80687863474336e-78,37.6027016723173,-99.3548109389429
"CbDRC2_p042_A12","CbDRC2_2_M_JU3237_0.03","CbDRC2","p042","A12",20250424,"p042_A12","m2x","20250424-CbDRC2-p042-m2x_A12.TIF",0.951070336391437,"48h",10,"15hHB101","DMSO",1,"IVERMECTIN",0.03,NA,NA,"JU3237","2_M",NA,NA,NA,"/vast/eande106/projects/Amanda/projects/cellprofiler-nf/projects/20250424_Cbriggsae_DRC2_IVM/Analysis-20250506/processed_images/","IVERMECTIN_JU3237",189.253449762057,133.771226298865,160.690449955299,171.784872023348,186.040192444081,26.7439251846618,207.932813641527,225.494757864901,245.198526928957,0.141312748688524,30,"CbDRC2_2_M",-84.4338758199215,270.474068264002,7.66333315233897,35.2945725948832,5.80687863474336e-78,37.6027016723173,-122.036577492239
"CbDRC2_p042_B01","CbDRC2_2_M_ED3102_0","CbDRC2","p042","B01",20250424,"p042_B01","m2x","20250424-CbDRC2-p042-m2x_B01.TIF",0.396156688839616,"48h",10,"15hHB101","DMSO",1,"IVERMECTIN",0,NA,NA,"ED3102","2_M",NA,NA,NA,"/vast/eande106/projects/Amanda/projects/cellprofiler-nf/projects/20250424_Cbriggsae_DRC2_IVM/Analysis-20250506/processed_images/","IVERMECTIN_ED3102",344.882189681984,293.961357444884,306.184251395602,334.53630841553,335.666527573977,34.7227421866141,353.499322784366,386.402353977877,408.567511154925,0.100680009653824,9,"CbDRC2_2_M",67.2590905790194,268.407436994958,7.31754794366604,36.6799697195407,2.26265402559745e-80,55.9039306810422,11.3551598979772
"CbDRC2_p042_B02","CbDRC2_2_M_ED3102_2.9e-05","CbDRC2","p042","B02",20250424,"p042_B02","m2x","20250424-CbDRC2-p042-m2x_B02.TIF",0.273624288425047,"48h",10,"15hHB101","DMSO",1,"IVERMECTIN",2.9e-05,NA,NA,"ED3102","2_M",NA,NA,NA,"/vast/eande106/projects/Amanda/projects/cellprofiler-nf/projects/20250424_Cbriggsae_DRC2_IVM/Analysis-20250506/processed_images/","IVERMECTIN_ED3102",309.274488220043,136.431632543727,169.086401154921,306.94719896838,355.428727573977,81.0734128525691,356.393429968783,358.722427573977,376.949282920421,0.262140641858849,11,"CbDRC2_2_M",87.0212905790194,268.407436994958,7.31754794366604,36.6799697195407,2.26265402559745e-80,55.9039306810422,31.1173598979772
"CbDRC2_p042_B03","CbDRC2_2_M_ED3102_5.8e-05","CbDRC2","p042","B03",20250424,"p042_B03","m2x","20250424-CbDRC2-p042-m2x_B03.TIF",0.259244372990354,"48h",10,"15hHB101","DMSO",1,"IVERMECTIN",5.8e-05,NA,NA,"ED3102","2_M",NA,NA,NA,"/vast/eande106/projects/Amanda/projects/cellprofiler-nf/projects/20250424_Cbriggsae_DRC2_IVM/Analysis-20250506/processed_images/","IVERMECTIN_ED3102",301.70393571033,208.108370680483,255.339030564114,279.386880995425,303.593357741449,49.0095038787654,342.278166942813,347.245308894491,357.027098836307,0.162442375050155,8,"CbDRC2_2_M",35.1859207464913,268.407436994958,7.31754794366604,36.6799697195407,2.26265402559745e-80,55.9039306810422,-20.7180099345509
"CbDRC2_p042_B04","CbDRC2_2_M_ED3102_0.00011","CbDRC2","p042","B04",20250424,"p042_B04","m2x","20250424-CbDRC2-p042-m2x_B04.TIF",0.243290043290043,"48h",10,"15hHB101","DMSO",1,"IVERMECTIN",0.00011,NA,NA,"ED3102","2_M",NA,NA,NA,"/vast/eande106/projects/Amanda/projects/cellprofiler-nf/projects/20250424_Cbriggsae_DRC2_IVM/Analysis-20250506/processed_images/","IVERMECTIN_ED3102",326.101023074331,205.604240811362,258.388221205247,306.424289798641,324.986241942812,61.4376957381704,368.825367458906,379.455385065144,423.794105976724,0.188400806470841,10,"CbDRC2_2_M",56.5788049478546,268.407436994958,7.31754794366604,36.6799697195407,2.26265402559745e-80,55.9039306810422,0.674874266812381
"CbDRC2_p042_B05","CbDRC2_2_M_ED3102_0.00023","CbDRC2","p042","B05",20250424,"p042_B05","m2x","20250424-CbDRC2-p042-m2x_B05.TIF",0.12549240292628,"48h",10,"15hHB101","DMSO",1,"IVERMECTIN",0.00023,NA,NA,"ED3102","2_M",NA,NA,NA,"/vast/eande106/projects/Amanda/projects/cellprofiler-nf/projects/20250424_Cbriggsae_DRC2_IVM/Analysis-20250506/processed_images/","IVERMECTIN_ED3102",235.492517572698,116.15312510298,136.283532610681,167.054158706454,245.703365890871,86.1700578855512,314.023401522036,337.926965890871,358.294436571354,0.365914207269663,11,"CbDRC2_2_M",-22.7040711040866,268.407436994958,7.31754794366604,36.6799697195407,2.26265402559745e-80,55.9039306810422,-78.6080017851288
"CbDRC2_p042_B06","CbDRC2_2_M_ED3102_0.00046","CbDRC2","p042","B06",20250424,"p042_B06","m2x","20250424-CbDRC2-p042-m2x_B06.TIF",0.792880258899676,"48h",10,"15hHB101","DMSO",1,"IVERMECTIN",0.00046,NA,NA,"ED3102","2_M",NA,NA,NA,"/vast/eande106/projects/Amanda/projects/cellprofiler-nf/projects/20250424_Cbriggsae_DRC2_IVM/Analysis-20250506/processed_images/","IVERMECTIN_ED3102",294.763144533946,161.5284185766,170.416209585252,195.104967627639,258.313056311648,120.019445745162,407.699936571354,446.631803276811,549.329036571355,0.407172497548586,17,"CbDRC2_2_M",-10.09438068331,268.407436994958,7.31754794366604,36.6799697195407,2.26265402559745e-80,55.9039306810422,-65.9983113643523
"CbDRC2_p042_B07","CbDRC2_2_M_ED3102_0.00093","CbDRC2","p042","B07",20250424,"p042_B07","m2x","20250424-CbDRC2-p042-m2x_B07.TIF",1.28219178082192,"48h",10,"15hHB101","DMSO",1,"IVERMECTIN",0.00093,NA,NA,"ED3102","2_M",NA,NA,NA,"/vast/eande106/projects/Amanda/projects/cellprofiler-nf/projects/20250424_Cbriggsae_DRC2_IVM/Analysis-20250506/processed_images/","IVERMECTIN_ED3102",342.073541199657,283.3953185766,318.923505004617,328.138664548007,341.805856020724,24.6612207977348,361.182662298662,371.739154757518,401.01763797946,0.072093330315018,32,"CbDRC2_2_M",73.3984190257666,268.407436994958,7.31754794366604,36.6799697195407,2.26265402559745e-80,55.9039306810422,17.4944883447244
"CbDRC2_p042_B08","CbDRC2_2_M_ED3102_0.0018","CbDRC2","p042","B08",20250424,"p042_B08","m2x","20250424-CbDRC2-p042-m2x_B08.TIF",1.01279317697228,"48h",10,"15hHB101","DMSO",1,"IVERMECTIN",0.0018,NA,NA,"ED3102","2_M",NA,NA,NA,"/vast/eande106/projects/Amanda/projects/cellprofiler-nf/projects/20250424_Cbriggsae_DRC2_IVM/Analysis-20250506/processed_images/","IVERMECTIN_ED3102",253.879155777017,221.517246732424,225.800720259707,240.948413205142,262.502899418153,18.2516446355377,267.063937153201,273.588457502309,285.364884467472,0.071891071875031,29,"CbDRC2_2_M",-5.90453757680446,268.407436994958,7.31754794366604,36.6799697195407,2.26265402559745e-80,55.9039306810422,-61.8084682578467
"CbDRC2_p042_B09","CbDRC2_2_M_ED3102_0.0037","CbDRC2","p042","B09",20250424,"p042_B09","m2x","20250424-CbDRC2-p042-m2x_B09.TIF",1.18406593406593,"48h",10,"15hHB101","DMSO",1,"IVERMECTIN",0.0037,NA,NA,"ED3102","2_M",NA,NA,NA,"/vast/eande106/projects/Amanda/projects/cellprofiler-nf/projects/20250424_Cbriggsae_DRC2_IVM/Analysis-20250506/processed_images/","IVERMECTIN_ED3102",219.586121538679,149.483837735047,183.095642175551,200.556268285677,223.309532945436,29.6774892009057,237.566073366212,255.330998343862,272.949108997377,0.135151934889829,35,"CbDRC2_2_M",-45.0979040495223,268.407436994958,7.31754794366604,36.6799697195407,2.26265402559745e-80,55.9039306810422,-101.001834730564
"CbDRC2_p042_B11","CbDRC2_2_M_ED3102_0.015","CbDRC2","p042","B11",20250424,"p042_B11","m2x","20250424-CbDRC2-p042-m2x_B11.TIF",1.1958041958042,"48h",10,"15hHB101","DMSO",1,"IVERMECTIN",0.015,NA,NA,"ED3102","2_M",NA,NA,NA,"/vast/eande106/projects/Amanda/projects/cellprofiler-nf/projects/20250424_Cbriggsae_DRC2_IVM/Analysis-20250506/processed_images/","IVERMECTIN_ED3102",202.725411104352,167.488029892591,180.593095586464,191.491493102119,200.390751522036,20.3826927311652,215.943027864901,228.237060143337,246.736627573977,0.100543353791367,23,"CbDRC2_2_M",-68.0166854729218,268.407436994958,7.31754794366604,36.6799697195407,2.26265402559745e-80,55.9039306810422,-123.920616153964
"CbDRC2_p042_B12","CbDRC2_2_M_ED3102_0.03","CbDRC2","p042","B12",20250424,"p042_B12","m2x","20250424-CbDRC2-p042-m2x_B12.TIF",1.26262626262626,"48h",10,"15hHB101","DMSO",1,"IVERMECTIN",0.03,NA,NA,"ED3102","2_M",NA,NA,NA,"/vast/eande106/projects/Amanda/projects/cellprofiler-nf/projects/20250424_Cbriggsae_DRC2_IVM/Analysis-20250506/processed_images/","IVERMECTIN_ED3102",204.075019123364,177.369129892591,187.030354207765,194.006522756511,204.697632654512,15.4734173272721,212.649327864901,225.141980259706,231.666701154921,0.0758222020203186,16,"CbDRC2_2_M",-63.7098043404455,268.407436994958,7.31754794366604,36.6799697195407,2.26265402559745e-80,55.9039306810422,-119.613735021488
"CbDRC2_p042_C01","CbDRC2_2_M_NIC1667_0","CbDRC2","p042","C01",20250424,"p042_C01","m2x","20250424-CbDRC2-p042-m2x_C01.TIF",0.269907795473596,"48h",10,"15hHB101","DMSO",1,"IVERMECTIN",0,NA,NA,"NIC1667","2_M",NA,NA,NA,"/vast/eande106/projects/Amanda/projects/cellprofiler-nf/projects/20250424_Cbriggsae_DRC2_IVM/Analysis-20250506/processed_images/","IVERMECTIN_NIC1667",308.739278741909,243.717800173346,269.565794686726,291.71033979755,307.153446732424,31.9365116574546,322.822761101259,344.242195904355,376.886256311648,0.103441686420962,20,"CbDRC2_2_M",33.7606733401254,273.392773392299,6.41929624076494,42.5892127638778,3.70732816825189e-88,35.0543298531108,-1.29365651298539
"CbDRC2_p042_C02","CbDRC2_2_M_NIC1667_2.9e-05","CbDRC2","p042","C02",20250424,"p042_C02","m2x","20250424-CbDRC2-p042-m2x_C02.TIF",0.125059665871122,"48h",10,"15hHB101","DMSO",1,"IVERMECTIN",2.9e-05,NA,NA,"NIC1667","2_M",NA,NA,NA,"/vast/eande106/projects/Amanda/projects/cellprofiler-nf/projects/20250424_Cbriggsae_DRC2_IVM/Analysis-20250506/processed_images/","IVERMECTIN_NIC1667",293.302054400619,215.260880259706,262.94565172348,269.616970535021,296.52163983893,31.456144332934,313.341253916842,330.950357878384,342.72207967786,0.107248291858087,20,"CbDRC2_2_M",23.1288664466312,273.392773392299,6.41929624076494,42.5892127638778,3.70732816825189e-88,35.0543298531108,-11.9254634064796
"CbDRC2_p042_C03","CbDRC2_2_M_NIC1667_5.8e-05","CbDRC2","p042","C03",20250424,"p042_C03","m2x","20250424-CbDRC2-p042-m2x_C03.TIF",0.288644322161081,"48h",10,"15hHB101","DMSO",1,"IVERMECTIN",5.8e-05,NA,NA,"NIC1667","2_M",NA,NA,NA,"/vast/eande106/projects/Amanda/projects/cellprofiler-nf/projects/20250424_Cbriggsae_DRC2_IVM/Analysis-20250506/processed_images/","IVERMECTIN_NIC1667",297.677168743498,221.68864367958,262.942844568054,283.235377522404,305.999917431659,30.1533142407984,316.927548981769,321.701586459923,334.73106447665,0.101295354185463,14,"CbDRC2_2_M",32.6071440393601,273.392773392299,6.41929624076494,42.5892127638778,3.70732816825189e-88,35.0543298531108,-2.44718581375074
"CbDRC2_p042_C04","CbDRC2_2_M_NIC1667_0.00011","CbDRC2","p042","C04",20250424,"p042_C04","m2x","20250424-CbDRC2-p042-m2x_C04.TIF",0.21533203125,"48h",10,"15hHB101","DMSO",1,"IVERMECTIN",0.00011,NA,NA,"NIC1667","2_M",NA,NA,NA,"/vast/eande106/projects/Amanda/projects/cellprofiler-nf/projects/20250424_Cbriggsae_DRC2_IVM/Analysis-20250506/processed_images/","IVERMECTIN_NIC1667",299.565175387942,140.967032945436,192.586845107503,252.635560367269,299.649823075289,78.4794577647835,340.348762153201,398.761950387088,448.822707833684,0.261977907355724,24,"CbDRC2_2_M",26.2570496829901,273.392773392299,6.41929624076494,42.5892127638778,3.70732816825189e-88,35.0543298531108,-8.79728017012073
"CbDRC2_p042_C05","CbDRC2_2_M_NIC1667_0.00023","CbDRC2","p042","C05",20250424,"p042_C05","m2x","20250424-CbDRC2-p042-m2x_C05.TIF",0.275987525987526,"48h",10,"15hHB101","DMSO",1,"IVERMECTIN",0.00023,NA,NA,"NIC1667","2_M",NA,NA,NA,"/vast/eande106/projects/Amanda/projects/cellprofiler-nf/projects/20250424_Cbriggsae_DRC2_IVM/Analysis-20250506/processed_images/","IVERMECTIN_NIC1667",262.933983281166,148.449255571769,179.760806602571,235.495391181795,284.049067994754,55.0138580556931,300.073655259706,315.434607487051,320.659280259706,0.209230687373205,16,"CbDRC2_2_M",10.6562946024551,273.392773392299,6.41929624076494,42.5892127638778,3.70732816825189e-88,35.0543298531108,-24.3980352506557
"CbDRC2_p042_C07","CbDRC2_2_M_NIC1667_0.00093","CbDRC2","p042","C07",20250424,"p042_C07","m2x","20250424-CbDRC2-p042-m2x_C07.TIF",0.917510853835022,"48h",10,"15hHB101","DMSO",1,"IVERMECTIN",0.00093,NA,NA,"NIC1667","2_M",NA,NA,NA,"/vast/eande106/projects/Amanda/projects/cellprofiler-nf/projects/20250424_Cbriggsae_DRC2_IVM/Analysis-20250506/processed_images/","IVERMECTIN_NIC1667",353.312076402319,299.766861101259,335.832044337618,341.898904086898,350.722253625918,21.0215471577284,368.954641651889,371.780189548007,390.997360519413,0.059498524284211,16,"CbDRC2_2_M",77.3294802336197,273.392773392299,6.41929624076494,42.5892127638778,3.70732816825189e-88,35.0543298531108,42.2751503805089
"CbDRC2_p042_C08","CbDRC2_2_M_NIC1667_0.0018","CbDRC2","p042","C08",20250424,"p042_C08","m2x","20250424-CbDRC2-p042-m2x_C08.TIF",1.05613305613306,"48h",10,"15hHB101","DMSO",1,"IVERMECTIN",0.0018,NA,NA,"NIC1667","2_M",NA,NA,NA,"/vast/eande106/projects/Amanda/projects/cellprofiler-nf/projects/20250424_Cbriggsae_DRC2_IVM/Analysis-20250506/processed_images/","IVERMECTIN_NIC1667",279.778714083234,229.468941942813,255.0694985766,261.372680259706,278.874441942812,24.1153262008939,294.075604207765,306.954826616055,342.522281996474,0.086194284936629,25,"CbDRC2_2_M",5.48166855051373,273.392773392299,6.41929624076494,42.5892127638778,3.70732816825189e-88,35.0543298531108,-29.5726613025971
"CbDRC2_p042_C09","CbDRC2_2_M_NIC1667_0.0037","CbDRC2","p042","C09",20250424,"p042_C09","m2x","20250424-CbDRC2-p042-m2x_C09.TIF",1.16022099447514,"48h",10,"15hHB101","DMSO",1,"IVERMECTIN",0.0037,NA,NA,"NIC1667","2_M",NA,NA,NA,"/vast/eande106/projects/Amanda/projects/cellprofiler-nf/projects/20250424_Cbriggsae_DRC2_IVM/Analysis-20250506/processed_images/","IVERMECTIN_NIC1667",236.273576242613,206.978151522036,216.528217994754,228.387201522036,237.517594628542,14.9749480653142,246.268475470095,255.915499418153,262.405941942812,0.063379698667351,31,"CbDRC2_2_M",-35.8751787637571,273.392773392299,6.41929624076494,42.5892127638778,3.70732816825189e-88,35.0543298531108,-70.9295086168679
"CbDRC2_p042_C11","CbDRC2_2_M_NIC1667_0.015","CbDRC2","p042","C11",20250424,"p042_C11","m2x","20250424-CbDRC2-p042-m2x_C11.TIF",1.09319899244332,"48h",10,"15hHB101","DMSO",1,"IVERMECTIN",0.015,NA,NA,"NIC1667","2_M",NA,NA,NA,"/vast/eande106/projects/Amanda/projects/cellprofiler-nf/projects/20250424_Cbriggsae_DRC2_IVM/Analysis-20250506/processed_images/","IVERMECTIN_NIC1667",209.852876095962,178.465070680483,189.22292229192,200.039637444124,212.064137735047,17.5503481096831,220.932056602571,227.476657502309,250.127285049318,0.0836316777553128,27,"CbDRC2_2_M",-61.3286356572514,273.392773392299,6.41929624076494,42.5892127638778,3.70732816825189e-88,35.0543298531108,-96.3829655103623
"CbDRC2_p042_C12","CbDRC2_2_M_NIC1667_0.03","CbDRC2","p042","C12",20250424,"p042_C12","m2x","20250424-CbDRC2-p042-m2x_C12.TIF",1.10461538461538,"48h",10,"15hHB101","DMSO",1,"IVERMECTIN",0.03,NA,NA,"NIC1667","2_M",NA,NA,NA,"/vast/eande106/projects/Amanda/projects/cellprofiler-nf/projects/20250424_Cbriggsae_DRC2_IVM/Analysis-20250506/processed_images/","IVERMECTIN_NIC1667",208.224578822033,181.992846732424,194.196575644649,201.476996608136,207.6402185766,11.8392178586729,213.224477719439,223.737354471145,229.565899418153,0.0568579267906299,22,"CbDRC2_2_M",-65.7525548156983,273.392773392299,6.41929624076494,42.5892127638778,3.70732816825189e-88,35.0543298531108,-100.806884668809
"CbDRC2_p042_D01","CbDRC2_2_M_ECA2666_0","CbDRC2","p042","D01",20250424,"p042_D01","m2x","20250424-CbDRC2-p042-m2x_D01.TIF",0.959887403237157,"48h",10,"15hHB101","DMSO",1,"IVERMECTIN",0,NA,NA,"ECA2666","2_M",NA,NA,NA,"/vast/eande106/projects/Amanda/projects/cellprofiler-nf/projects/20250424_Cbriggsae_DRC2_IVM/Analysis-20250506/processed_images/","IVERMECTIN_ECA2666",515.036717658419,294.552607738658,296.360548788794,357.52364912723,570.009882856713,181.139864747994,617.728883080247,678.739721329751,735.317811459604,0.351702817561307,6,"CbDRC2_2_M",291.022331562173,278.98755129454,11.0030188914742,25.3555459684538,2.81906072448704e-58,107.89177140159,183.130560160584
"CbDRC2_p042_D02","CbDRC2_2_M_ECA2666_2.9e-05","CbDRC2","p042","D02",20250424,"p042_D02","m2x","20250424-CbDRC2-p042-m2x_D02.TIF",0.135578583765112,"48h",10,"15hHB101","DMSO",1,"IVERMECTIN",2.9e-05,NA,NA,"ECA2666","2_M",NA,NA,NA,"/vast/eande106/projects/Amanda/projects/cellprofiler-nf/projects/20250424_Cbriggsae_DRC2_IVM/Analysis-20250506/processed_images/","IVERMECTIN_ECA2666",302.882279304102,249.69572509511,253.743223096521,259.814470098636,284.194504207765,55.1399699100046,344.183332363589,363.587351798681,376.523364755409,0.18205082858163,5,"CbDRC2_2_M",5.20695291322522,278.98755129454,11.0030188914742,25.3555459684538,2.81906072448704e-58,107.89177140159,-102.684818488364
"CbDRC2_p042_D03","CbDRC2_2_M_ECA2666_5.8e-05","CbDRC2","p042","D03",20250424,"p042_D03","m2x","20250424-CbDRC2-p042-m2x_D03.TIF",0.980702963473467,"48h",10,"15hHB101","DMSO",1,"IVERMECTIN",5.8e-05,NA,NA,"ECA2666","2_M",NA,NA,NA,"/vast/eande106/projects/Amanda/projects/cellprofiler-nf/projects/20250424_Cbriggsae_DRC2_IVM/Analysis-20250506/processed_images/","IVERMECTIN_ECA2666",443.060131919521,238.832146621629,264.837576660756,314.645116387833,410.224059298029,165.192691773652,564.002995684146,679.016596481954,740.647991884428,0.372844857554591,14,"CbDRC2_2_M",131.236508003489,278.98755129454,11.0030188914742,25.3555459684538,2.81906072448704e-58,107.89177140159,23.3447366018998
"CbDRC2_p042_D04","CbDRC2_2_M_ECA2666_0.00011","CbDRC2","p042","D04",20250424,"p042_D04","m2x","20250424-CbDRC2-p042-m2x_D04.TIF",0.235709244883557,"48h",10,"15hHB101","DMSO",1,"IVERMECTIN",0.00011,NA,NA,"ECA2666","2_M",NA,NA,NA,"/vast/eande106/projects/Amanda/projects/cellprofiler-nf/projects/20250424_Cbriggsae_DRC2_IVM/Analysis-20250506/processed_images/","IVERMECTIN_ECA2666",396.032307251674,179.096522085121,244.333987912288,305.001471140037,347.584442380282,165.46134656306,477.979497818076,607.510203129225,685.872150358343,0.417797597653849,8,"CbDRC2_2_M",68.5968910857416,278.98755129454,11.0030188914742,25.3555459684538,2.81906072448704e-58,107.89177140159,-39.2948803158479
"CbDRC2_p042_D05","CbDRC2_2_M_ECA2666_0.00023","CbDRC2","p042","D05",20250424,"p042_D05","m2x","20250424-CbDRC2-p042-m2x_D05.TIF",0.323825503355705,"48h",10,"15hHB101","DMSO",1,"IVERMECTIN",0.00023,NA,NA,"ECA2666","2_M",NA,NA,NA,"/vast/eande106/projects/Amanda/projects/cellprofiler-nf/projects/20250424_Cbriggsae_DRC2_IVM/Analysis-20250506/processed_images/","IVERMECTIN_ECA2666",325.729139131171,233.190632945436,249.071505362686,254.535275193287,316.937589257083,90.075691345063,333.320547153926,456.871360519413,522.511284467472,0.276535564442669,11,"CbDRC2_2_M",37.9500379625434,278.98755129454,11.0030188914742,25.3555459684538,2.81906072448704e-58,107.89177140159,-69.9417334390461
"CbDRC2_p042_D06","CbDRC2_2_M_ECA2666_0.00046","CbDRC2","p042","D06",20250424,"p042_D06","m2x","20250424-CbDRC2-p042-m2x_D06.TIF",0.340397350993377,"48h",10,"15hHB101","DMSO",1,"IVERMECTIN",0.00046,NA,NA,"ECA2666","2_M",NA,NA,NA,"/vast/eande106/projects/Amanda/projects/cellprofiler-nf/projects/20250424_Cbriggsae_DRC2_IVM/Analysis-20250506/processed_images/","IVERMECTIN_ECA2666",287.95863216723,199.417922404715,206.991310914572,217.941510541756,262.363539134306,97.0122483549817,329.622588619527,412.587302667996,458.800765309025,0.336896475805742,7,"CbDRC2_2_M",-16.6240121602339,278.98755129454,11.0030188914742,25.3555459684538,2.81906072448704e-58,107.89177140159,-124.515783561823
"CbDRC2_p042_D07","CbDRC2_2_M_ECA2666_0.00093","CbDRC2","p042","D07",20250424,"p042_D07","m2x","20250424-CbDRC2-p042-m2x_D07.TIF",1.32288828337875,"48h",10,"15hHB101","DMSO",1,"IVERMECTIN",0.00093,NA,NA,"ECA2666","2_M",NA,NA,NA,"/vast/eande106/projects/Amanda/projects/cellprofiler-nf/projects/20250424_Cbriggsae_DRC2_IVM/Analysis-20250506/processed_images/","IVERMECTIN_ECA2666",368.201364828041,334.867341942812,350.688461217629,357.879944875465,365.075751522036,17.7537385180281,379.517889257083,388.541629140714,405.730370680483,0.0482174706938403,17,"CbDRC2_2_M",86.0882002274961,278.98755129454,11.0030188914742,25.3555459684538,2.81906072448704e-58,107.89177140159,-21.8035711740935
"CbDRC2_p042_D10","CbDRC2_2_M_ECA2666_0.0075","CbDRC2","p042","D10",20250424,"p042_D10","m2x","20250424-CbDRC2-p042-m2x_D10.TIF",1.20520231213873,"48h",10,"15hHB101","DMSO",1,"IVERMECTIN",0.0075,NA,NA,"ECA2666","2_M",NA,NA,NA,"/vast/eande106/projects/Amanda/projects/cellprofiler-nf/projects/20250424_Cbriggsae_DRC2_IVM/Analysis-20250506/processed_images/","IVERMECTIN_ECA2666",199.581525615556,167.784785049318,171.36103983893,186.747799418153,196.628899418153,21.2553787132486,212.356732799974,230.59916110126,234.223894628542,0.1064997306123,16,"CbDRC2_2_M",-82.3586518763864,278.98755129454,11.0030188914742,25.3555459684538,2.81906072448704e-58,107.89177140159,-190.250423277976
"CbDRC2_p042_D11","CbDRC2_2_M_ECA2666_0.015","CbDRC2","p042","D11",20250424,"p042_D11","m2x","20250424-CbDRC2-p042-m2x_D11.TIF",1.19713261648746,"48h",10,"15hHB101","DMSO",1,"IVERMECTIN",0.015,NA,NA,"ECA2666","2_M",NA,NA,NA,"/vast/eande106/projects/Amanda/projects/cellprofiler-nf/projects/20250424_Cbriggsae_DRC2_IVM/Analysis-20250506/processed_images/","IVERMECTIN_ECA2666",182.955196544386,134.847785049318,151.703829534523,159.282179353227,177.149254207765,30.7242323228968,209.121551812959,220.723740738668,222.881541942813,0.167933094567461,10,"CbDRC2_2_M",-101.838297086775,278.98755129454,11.0030188914742,25.3555459684538,2.81906072448704e-58,107.89177140159,-209.730068488364
"CbDRC2_p042_D12","CbDRC2_2_M_ECA2666_0.03","CbDRC2","p042","D12",20250424,"p042_D12","m2x","20250424-CbDRC2-p042-m2x_D12.TIF",1.11428571428571,"48h",10,"15hHB101","DMSO",1,"IVERMECTIN",0.03,NA,NA,"ECA2666","2_M",NA,NA,NA,"/vast/eande106/projects/Amanda/projects/cellprofiler-nf/projects/20250424_Cbriggsae_DRC2_IVM/Analysis-20250506/processed_images/","IVERMECTIN_ECA2666",185.368587673097,169.71418983893,175.701024324134,179.59528983893,184.48736110126,10.2243584677489,188.677204207765,198.624510913222,207.874294628542,0.0551569097876488,13,"CbDRC2_2_M",-94.5001901932804,278.98755129454,11.0030188914742,25.3555459684538,2.81906072448704e-58,107.89177140159,-202.39196159487
"CbDRC2_p042_E01","CbDRC2_2_M_VX34_0","CbDRC2","p042","E01",20250424,"p042_E01","m2x","20250424-CbDRC2-p042-m2x_E01.TIF",0.254530130636325,"48h",10,"15hHB101","DMSO",1,"IVERMECTIN",0,NA,NA,"VX34","2_M",NA,NA,NA,"/vast/eande106/projects/Amanda/projects/cellprofiler-nf/projects/20250424_Cbriggsae_DRC2_IVM/Analysis-20250506/processed_images/","IVERMECTIN_VX34",331.659427700781,261.587707804417,285.020630907368,310.536038905552,316.138403625919,49.2109216750141,346.911922784366,392.458613205142,425.20169825446,0.148377876715784,9,"CbDRC2_2_M",50.5117297970146,265.626673828904,8.85939568876882,29.9824822324668,1.53317162666117e-63,51.2454123449688,-0.733682547954245
"CbDRC2_p042_E02","CbDRC2_2_M_VX34_2.9e-05","CbDRC2","p042","E02",20250424,"p042_E02","m2x","20250424-CbDRC2-p042-m2x_E02.TIF",0.0635482180293501,"48h",10,"15hHB101","DMSO",1,"IVERMECTIN",2.9e-05,NA,NA,"VX34","2_M",NA,NA,NA,"/vast/eande106/projects/Amanda/projects/cellprofiler-nf/projects/20250424_Cbriggsae_DRC2_IVM/Analysis-20250506/processed_images/","IVERMECTIN_VX34",333.00606589325,249.287009158644,286.351556361264,300.800122784365,316.469437153201,57.4520932596337,361.119984467472,402.906483398826,440.177087539774,0.172525665877963,9,"CbDRC2_2_M",50.8427633242967,265.626673828904,8.85939568876882,29.9824822324668,1.53317162666117e-63,51.2454123449688,-0.402649020672143
"CbDRC2_p042_E04","CbDRC2_2_M_VX34_0.00011","CbDRC2","p042","E04",20250424,"p042_E04","m2x","20250424-CbDRC2-p042-m2x_E04.TIF",0.21875,"48h",10,"15hHB101","DMSO",1,"IVERMECTIN",0.00011,NA,NA,"VX34","2_M",NA,NA,NA,"/vast/eande106/projects/Amanda/projects/cellprofiler-nf/projects/20250424_Cbriggsae_DRC2_IVM/Analysis-20250506/processed_images/","IVERMECTIN_VX34",341.117351909138,286.169228127631,297.67295057946,311.199660469558,339.077265599948,44.6691170185337,364.803237007739,386.601839548007,407.094665890871,0.130949413064252,6,"CbDRC2_2_M",73.4505917710439,265.626673828904,8.85939568876882,29.9824822324668,1.53317162666117e-63,51.2454123449688,22.2051794260751
"CbDRC2_p042_E05","CbDRC2_2_M_VX34_0.00023","CbDRC2","p042","E05",20250424,"p042_E05","m2x","20250424-CbDRC2-p042-m2x_E05.TIF",0.090553895656171,"48h",10,"15hHB101","DMSO",1,"IVERMECTIN",0.00023,NA,NA,"VX34","2_M",NA,NA,NA,"/vast/eande106/projects/Amanda/projects/cellprofiler-nf/projects/20250424_Cbriggsae_DRC2_IVM/Analysis-20250506/processed_images/","IVERMECTIN_VX34",267.349776785116,162.093528155824,188.277611392183,219.602764922111,245.188182820874,84.3732146844139,337.237601097901,368.58353614229,372.633734100356,0.315591116996628,6,"CbDRC2_2_M",-20.4384910080296,265.626673828904,8.85939568876882,29.9824822324668,1.53317162666117e-63,51.2454123449688,-71.6839033529984
"CbDRC2_p042_E08","CbDRC2_2_M_VX34_0.0018","CbDRC2","p042","E08",20250424,"p042_E08","m2x","20250424-CbDRC2-p042-m2x_E08.TIF",1.1784140969163,"48h",10,"15hHB101","DMSO",1,"IVERMECTIN",0.0018,NA,NA,"VX34","2_M",NA,NA,NA,"/vast/eande106/projects/Amanda/projects/cellprofiler-nf/projects/20250424_Cbriggsae_DRC2_IVM/Analysis-20250506/processed_images/","IVERMECTIN_VX34",269.153179069046,231.261228155824,239.408216428017,251.628698836307,268.66230841553,28.7568374656621,296.142127573977,297.299770447744,298.071532363589,0.106841901571169,5,"CbDRC2_2_M",3.03563458662628,265.626673828904,8.85939568876882,29.9824822324668,1.53317162666117e-63,51.2454123449688,-48.2097777583425
"CbDRC2_p042_E09","CbDRC2_2_M_VX34_0.0037","CbDRC2","p042","E09",20250424,"p042_E09","m2x","20250424-CbDRC2-p042-m2x_E09.TIF",1.03757225433526,"48h",10,"15hHB101","DMSO",1,"IVERMECTIN",0.0037,NA,NA,"VX34","2_M",NA,NA,NA,"/vast/eande106/projects/Amanda/projects/cellprofiler-nf/projects/20250424_Cbriggsae_DRC2_IVM/Analysis-20250506/processed_images/","IVERMECTIN_VX34",206.666050119448,194.134385049318,195.179006007241,196.745937444124,199.35748983893,17.3794738811093,212.931882654512,221.076518343862,226.506275470095,0.0840944793354516,3,"CbDRC2_2_M",-66.2691839899741,265.626673828904,8.85939568876882,29.9824822324668,1.53317162666117e-63,51.2454123449688,-117.514596334943
"CbDRC2_p042_E11","CbDRC2_2_M_VX34_0.015","CbDRC2","p042","E11",20250424,"p042_E11","m2x","20250424-CbDRC2-p042-m2x_E11.TIF",1.2433234421365,"48h",10,"15hHB101","DMSO",1,"IVERMECTIN",0.015,NA,NA,"VX34","2_M",NA,NA,NA,"/vast/eande106/projects/Amanda/projects/cellprofiler-nf/projects/20250424_Cbriggsae_DRC2_IVM/Analysis-20250506/processed_images/","IVERMECTIN_VX34",199.220515237317,182.654913786989,183.953002291921,186.981875470095,192.610453258803,16.8240839792131,207.874294628542,216.89000229192,229.565899418153,0.0844495556051135,7,"CbDRC2_2_M",-73.0162205701007,265.626673828904,8.85939568876882,29.9824822324668,1.53317162666117e-63,51.2454123449688,-124.261632915069
"CbDRC2_p042_E12","CbDRC2_2_M_VX34_0.03","CbDRC2","p042","E12",20250424,"p042_E12","m2x","20250424-CbDRC2-p042-m2x_E12.TIF",1.10610932475884,"48h",10,"15hHB101","DMSO",1,"IVERMECTIN",0.03,NA,NA,"VX34","2_M",NA,NA,NA,"/vast/eande106/projects/Amanda/projects/cellprofiler-nf/projects/20250424_Cbriggsae_DRC2_IVM/Analysis-20250506/processed_images/","IVERMECTIN_VX34",205.346340823715,188.346170680483,188.404345165688,193.452237444124,206.744075470095,14.0701920628904,216.060065890871,220.398386848794,223.309532945436,0.0685193220704592,7,"CbDRC2_2_M",-58.8825983588093,265.626673828904,8.85939568876882,29.9824822324668,1.53317162666117e-63,51.2454123449688,-110.128010703778
"CbDRC2_p042_F02","CbDRC2_2_M_PB420_2.9e-05","CbDRC2","p042","F02",20250424,"p042_F02","m2x","20250424-CbDRC2-p042-m2x_F02.TIF",0.168476226132535,"48h",10,"15hHB101","DMSO",1,"IVERMECTIN",2.9e-05,NA,NA,"PB420","2_M",NA,NA,NA,"/vast/eande106/projects/Amanda/projects/cellprofiler-nf/projects/20250424_Cbriggsae_DRC2_IVM/Analysis-20250506/processed_images/","IVERMECTIN_PB420",274.982953033021,158.893649665077,166.366717407263,210.9339185766,248.135201154921,102.176457828006,323.387870680483,368.527380530758,487.183822259246,0.371573789214986,9,"CbDRC2_2_M",-3.23756597696869,251.372767131889,7.55331557529098,33.2797914539941,4.57416319600912e-74,72.6719520184893,-75.9095179954579
"CbDRC2_p042_F03","CbDRC2_2_M_PB420_5.8e-05","CbDRC2","p042","F03",20250424,"p042_F03","m2x","20250424-CbDRC2-p042-m2x_F03.TIF",0.13728813559322,"48h",10,"15hHB101","DMSO",1,"IVERMECTIN",5.8e-05,NA,NA,"PB420","2_M",NA,NA,NA,"/vast/eande106/projects/Amanda/projects/cellprofiler-nf/projects/20250424_Cbriggsae_DRC2_IVM/Analysis-20250506/processed_images/","IVERMECTIN_PB420",262.930634684705,175.736480259707,180.940912394901,221.250438728922,266.995377864901,60.4441311294549,311.212052719439,327.153738894492,348.144376766584,0.229886225323029,12,"CbDRC2_2_M",15.6226107330111,251.372767131889,7.55331557529098,33.2797914539941,4.57416319600912e-74,72.6719520184893,-57.0493412854782
"CbDRC2_p042_F04","CbDRC2_2_M_PB420_0.00011","CbDRC2","p042","F04",20250424,"p042_F04","m2x","20250424-CbDRC2-p042-m2x_F04.TIF",0.246628969117007,"48h",10,"15hHB101","DMSO",1,"IVERMECTIN",0.00011,NA,NA,"PB420","2_M",NA,NA,NA,"/vast/eande106/projects/Amanda/projects/cellprofiler-nf/projects/20250424_Cbriggsae_DRC2_IVM/Analysis-20250506/processed_images/","IVERMECTIN_PB420",298.110373525726,272.539379215323,274.188929973008,285.715379026054,307.037118056932,17.6429049283043,309.76499912723,313.639184091396,316.235361101259,0.0591824588981695,7,"CbDRC2_2_M",55.6643509250426,251.372767131889,7.55331557529098,33.2797914539941,4.57416319600912e-74,72.6719520184893,-17.0076010934466
"CbDRC2_p042_F06","CbDRC2_2_M_PB420_0.00046","CbDRC2","p042","F06",20250424,"p042_F06","m2x","20250424-CbDRC2-p042-m2x_F06.TIF",0.0786482334869432,"48h",10,"15hHB101","DMSO",1,"IVERMECTIN",0.00046,NA,NA,"PB420","2_M",NA,NA,NA,"/vast/eande106/projects/Amanda/projects/cellprofiler-nf/projects/20250424_Cbriggsae_DRC2_IVM/Analysis-20250506/processed_images/","IVERMECTIN_PB420",242.962110758629,133.645546760655,136.410700376076,175.137091036333,250.922837590977,83.0893315573581,315.977045680483,331.697048661753,348.825432719702,0.341984728803674,12,"CbDRC2_2_M",-0.449929540912144,251.372767131889,7.55331557529098,33.2797914539941,4.57416319600912e-74,72.6719520184893,-73.1218815594014
"CbDRC2_p042_F07","CbDRC2_2_M_PB420_0.00093","CbDRC2","p042","F07",20250424,"p042_F07","m2x","20250424-CbDRC2-p042-m2x_F07.TIF",1.03327787021631,"48h",10,"15hHB101","DMSO",1,"IVERMECTIN",0.00093,NA,NA,"PB420","2_M",NA,NA,NA,"/vast/eande106/projects/Amanda/projects/cellprofiler-nf/projects/20250424_Cbriggsae_DRC2_IVM/Analysis-20250506/processed_images/","IVERMECTIN_PB420",340.320666889593,297.272346732424,311.294323101242,318.319023652749,338.064084467472,26.9779244734606,357.806203916842,377.871318847599,385.774255729801,0.0792720721901172,15,"CbDRC2_2_M",86.6913173355821,251.372767131889,7.55331557529098,33.2797914539941,4.57416319600912e-74,72.6719520184893,14.0193653170928
"CbDRC2_p042_F08","CbDRC2_2_M_PB420_0.0018","CbDRC2","p042","F08",20250424,"p042_F08","m2x","20250424-CbDRC2-p042-m2x_F08.TIF",1.12539184952978,"48h",10,"15hHB101","DMSO",1,"IVERMECTIN",0.0018,NA,NA,"PB420","2_M",NA,NA,NA,"/vast/eande106/projects/Amanda/projects/cellprofiler-nf/projects/20250424_Cbriggsae_DRC2_IVM/Analysis-20250506/processed_images/","IVERMECTIN_PB420",232.324407388762,194.134385049318,200.630233172365,211.226513641527,238.482297023348,24.2929771314758,247.08186019478,260.298972059182,260.807570680483,0.104564894427235,10,"CbDRC2_2_M",-12.8904701085419,251.372767131889,7.55331557529098,33.2797914539941,4.57416319600912e-74,72.6719520184893,-85.5624221270311
"CbDRC2_p042_F09","CbDRC2_2_M_PB420_0.0037","CbDRC2","p042","F09",20250424,"p042_F09","m2x","20250424-CbDRC2-p042-m2x_F09.TIF",1.02676399026764,"48h",10,"15hHB101","DMSO",1,"IVERMECTIN",0.0037,NA,NA,"PB420","2_M",NA,NA,NA,"/vast/eande106/projects/Amanda/projects/cellprofiler-nf/projects/20250424_Cbriggsae_DRC2_IVM/Analysis-20250506/processed_images/","IVERMECTIN_PB420",216.821894554913,182.88898983893,193.503068764638,197.097051522036,210.602885049318,22.9935809807908,232.762641942813,248.450093420281,251.959732363589,0.106048243089064,17,"CbDRC2_2_M",-40.7698820825712,251.372767131889,7.55331557529098,33.2797914539941,4.57416319600912e-74,72.6719520184893,-113.44183410106
"CbDRC2_p042_F10","CbDRC2_2_M_PB420_0.0075","CbDRC2","p042","F10",20250424,"p042_F10","m2x","20250424-CbDRC2-p042-m2x_F10.TIF",1.13850415512465,"48h",10,"15hHB101","DMSO",1,"IVERMECTIN",0.0075,NA,NA,"PB420","2_M",NA,NA,NA,"/vast/eande106/projects/Amanda/projects/cellprofiler-nf/projects/20250424_Cbriggsae_DRC2_IVM/Analysis-20250506/processed_images/","IVERMECTIN_PB420",200.270229887031,184.5843185766,190.281255107503,192.614613350604,194.533977864901,12.3874560455877,211.791623220751,218.702369055562,221.517246732424,0.0618537066271669,12,"CbDRC2_2_M",-56.8387892669888,251.372767131889,7.55331557529098,33.2797914539941,4.57416319600912e-74,72.6719520184893,-129.510741285478
"CbDRC2_p042_F11","CbDRC2_2_M_PB420_0.015","CbDRC2","p042","F11",20250424,"p042_F11","m2x","20250424-CbDRC2-p042-m2x_F11.TIF",1.02402402402402,"48h",10,"15hHB101","DMSO",1,"IVERMECTIN",0.015,NA,NA,"PB420","2_M",NA,NA,NA,"/vast/eande106/projects/Amanda/projects/cellprofiler-nf/projects/20250424_Cbriggsae_DRC2_IVM/Analysis-20250506/processed_images/","IVERMECTIN_PB420",173.583242866235,113.989644261426,140.04346612361,157.669608997377,174.372185049318,28.4672413945209,194.4654185766,200.760568039455,225.238937735047,0.16399763551173,17,"CbDRC2_2_M",-77.0005820825712,251.372767131889,7.55331557529098,33.2797914539941,4.57416319600912e-74,72.6719520184893,-149.67253410106
"CbDRC2_p042_F12","CbDRC2_2_M_PB420_0.03","CbDRC2","p042","F12",20250424,"p042_F12","m2x","20250424-CbDRC2-p042-m2x_F12.TIF",1.25373134328358,"48h",10,"15hHB101","DMSO",1,"IVERMECTIN",0.03,NA,NA,"PB420","2_M",NA,NA,NA,"/vast/eande106/projects/Amanda/projects/cellprofiler-nf/projects/20250424_Cbriggsae_DRC2_IVM/Analysis-20250506/processed_images/","IVERMECTIN_PB420",176.328272141072,151.147308443761,158.763198079239,165.352948511674,176.114424541615,14.901480981197,187.581264693468,194.724704099865,205.157464574794,0.0845098792170718,18,"CbDRC2_2_M",-75.2583425902743,251.372767131889,7.55331557529098,33.2797914539941,4.57416319600912e-74,72.6719520184893,-147.930294608764
"CbDRC2_p043_A01","CbDRC2_2_M_JU3237_0","CbDRC2","p043","A01",20250424,"p043_A01","m2x","20250424-CbDRC2-p043-m2x_A01.TIF",0.200609059763989,"48h",10,"15hHB101","DMSO",1,"IVERMECTIN",0,NA,NA,"JU3237","2_M",NA,NA,NA,"/vast/eande106/projects/Amanda/projects/cellprofiler-nf/projects/20250424_Cbriggsae_DRC2_IVM/Analysis-20250506/processed_images/","IVERMECTIN_JU3237",320.332285413554,256.682827020361,290.811680505929,297.637659903857,310.281629968783,41.6529430713298,331.393926085651,358.994312144334,419.841474888248,0.130030424556036,12,"CbDRC2_2_M",39.8075617047807,270.474068264002,7.66333315233897,35.2945725948832,5.80687863474336e-78,37.6027016723173,2.20486003246339
"CbDRC2_p043_A02","CbDRC2_2_M_JU3237_2.9e-05","CbDRC2","p043","A02",20250424,"p043_A02","m2x","20250424-CbDRC2-p043-m2x_A02.TIF",0.131965811965812,"48h",10,"15hHB101","DMSO",1,"IVERMECTIN",2.9e-05,NA,NA,"JU3237","2_M",NA,NA,NA,"/vast/eande106/projects/Amanda/projects/cellprofiler-nf/projects/20250424_Cbriggsae_DRC2_IVM/Analysis-20250506/processed_images/","IVERMECTIN_JU3237",281.148979537796,142.097252103883,203.155772350105,242.327848262779,302.095858706454,60.0124893871171,326.760170244098,332.16215912723,368.243476340325,0.213454409422992,20,"CbDRC2_2_M",31.6217904424512,270.474068264002,7.66333315233897,35.2945725948832,5.80687863474336e-78,37.6027016723173,-5.98091122986613
"CbDRC2_p043_A04","CbDRC2_2_M_JU3237_0.00011","CbDRC2","p043","A04",20250424,"p043_A04","m2x","20250424-CbDRC2-p043-m2x_A04.TIF",0.133597332221759,"48h",10,"15hHB101","DMSO",1,"IVERMECTIN",0.00011,NA,NA,"JU3237","2_M",NA,NA,NA,"/vast/eande106/projects/Amanda/projects/cellprofiler-nf/projects/20250424_Cbriggsae_DRC2_IVM/Analysis-20250506/processed_images/","IVERMECTIN_JU3237",301.475132519251,171.974628155824,244.426067082643,270.439145720946,310.350189257083,53.024122195591,340.324522784366,352.838003591079,387.372626992131,0.175882241936506,23,"CbDRC2_2_M",39.8761209930809,270.474068264002,7.66333315233897,35.2945725948832,5.80687863474336e-78,37.6027016723173,2.27341932076354
"CbDRC2_p043_A05","CbDRC2_2_M_JU3237_0.00023","CbDRC2","p043","A05",20250424,"p043_A05","m2x","20250424-CbDRC2-p043-m2x_A05.TIF",0.254421768707483,"48h",10,"15hHB101","DMSO",1,"IVERMECTIN",0.00023,NA,NA,"JU3237","2_M",NA,NA,NA,"/vast/eande106/projects/Amanda/projects/cellprofiler-nf/projects/20250424_Cbriggsae_DRC2_IVM/Analysis-20250506/processed_images/","IVERMECTIN_JU3237",290.576678552086,179.127137735047,213.633421754775,268.075647603001,310.525506945071,49.2696248086572,327.644611938199,341.735633205142,349.075403625918,0.169558083787601,20,"CbDRC2_2_M",40.0514386810685,270.474068264002,7.66333315233897,35.2945725948832,5.80687863474336e-78,37.6027016723173,2.44873700875121
"CbDRC2_p043_A06","CbDRC2_2_M_JU3237_0.00046","CbDRC2","p043","A06",20250424,"p043_A06","m2x","20250424-CbDRC2-p043-m2x_A06.TIF",0.095512082853855,"48h",10,"15hHB101","DMSO",1,"IVERMECTIN",0.00046,NA,NA,"JU3237","2_M",NA,NA,NA,"/vast/eande106/projects/Amanda/projects/cellprofiler-nf/projects/20250424_Cbriggsae_DRC2_IVM/Analysis-20250506/processed_images/","IVERMECTIN_JU3237",293.794758215316,208.108370680483,233.19803797247,262.432772146809,292.945385049318,45.4277177328651,323.679215586417,343.824875120987,373.164565309025,0.154623989920107,19,"CbDRC2_2_M",22.4713167853157,270.474068264002,7.66333315233897,35.2945725948832,5.80687863474336e-78,37.6027016723173,-15.1313848870017
"CbDRC2_p043_A07","CbDRC2_2_M_JU3237_0.00093","CbDRC2","p043","A07",20250424,"p043_A07","m2x","20250424-CbDRC2-p043-m2x_A07.TIF",0.986531986531986,"48h",10,"15hHB101","DMSO",1,"IVERMECTIN",0.00093,NA,NA,"JU3237","2_M",NA,NA,NA,"/vast/eande106/projects/Amanda/projects/cellprofiler-nf/projects/20250424_Cbriggsae_DRC2_IVM/Analysis-20250506/processed_images/","IVERMECTIN_JU3237",307.49951077676,120.639723366212,154.141832945436,243.580399279749,349.075403625919,95.5755107471462,371.08305885777,390.880322493442,458.372774306402,0.310815163593976,36,"CbDRC2_2_M",78.601335361916,270.474068264002,7.66333315233897,35.2945725948832,5.80687863474336e-78,37.6027016723173,40.9986336895987
"CbDRC2_p043_A08","CbDRC2_2_M_JU3237_0.0018","CbDRC2","p043","A08",20250424,"p043_A08","m2x","20250424-CbDRC2-p043-m2x_A08.TIF",1.08482142857143,"48h",10,"15hHB101","DMSO",1,"IVERMECTIN",0.0018,NA,NA,"JU3237","2_M",NA,NA,NA,"/vast/eande106/projects/Amanda/projects/cellprofiler-nf/projects/20250424_Cbriggsae_DRC2_IVM/Analysis-20250506/processed_images/","IVERMECTIN_JU3237",267.96899576813,226.777437934134,238.712356965163,259.267718431139,270.737149418153,17.9051544753207,278.42637038956,286.568849136739,300.800122784366,0.0668180078967562,28,"CbDRC2_2_M",0.26308115415094,270.474068264002,7.66333315233897,35.2945725948832,5.80687863474336e-78,37.6027016723173,-37.3396205181664
"CbDRC2_p043_A09","CbDRC2_2_M_JU3237_0.0037","CbDRC2","p043","A09",20250424,"p043_A09","m2x","20250424-CbDRC2-p043-m2x_A09.TIF",1.16566265060241,"48h",10,"15hHB101","DMSO",1,"IVERMECTIN",0.0037,NA,NA,"JU3237","2_M",NA,NA,NA,"/vast/eande106/projects/Amanda/projects/cellprofiler-nf/projects/20250424_Cbriggsae_DRC2_IVM/Analysis-20250506/processed_images/","IVERMECTIN_JU3237",225.604638754453,194.36846110126,205.065785644649,211.474788786989,227.519456602571,16.3822815439733,235.188597023348,248.189848039455,257.650989257083,0.0726150031064019,40,"CbDRC2_2_M",-42.9546116614314,270.474068264002,7.66333315233897,35.2945725948832,5.80687863474336e-78,37.6027016723173,-80.5573133337488
"CbDRC2_p043_A10","CbDRC2_2_M_JU3237_0.0075","CbDRC2","p043","A10",20250424,"p043_A10","m2x","20250424-CbDRC2-p043-m2x_A10.TIF",1.11214953271028,"48h",10,"15hHB101","DMSO",1,"IVERMECTIN",0.0075,NA,NA,"JU3237","2_M",NA,NA,NA,"/vast/eande106/projects/Amanda/projects/cellprofiler-nf/projects/20250424_Cbriggsae_DRC2_IVM/Analysis-20250506/processed_images/","IVERMECTIN_JU3237",210.325535287492,188.015137153201,193.101123366212,198.887769752003,207.6402185766,13.8050883403333,221.448687444124,226.506275470095,239.681075470095,0.065636767886806,31,"CbDRC2_2_M",-62.8338496874021,270.474068264002,7.66333315233897,35.2945725948832,5.80687863474336e-78,37.6027016723173,-100.436551359719
"CbDRC2_p043_A11","CbDRC2_2_M_JU3237_0.015","CbDRC2","p043","A11",20250424,"p043_A11","m2x","20250424-CbDRC2-p043-m2x_A11.TIF",0.572538860103627,"48h",10,"15hHB101","DMSO",1,"IVERMECTIN",0.015,NA,NA,"JU3237","2_M",NA,NA,NA,"/vast/eande106/projects/Amanda/projects/cellprofiler-nf/projects/20250424_Cbriggsae_DRC2_IVM/Analysis-20250506/processed_images/","IVERMECTIN_JU3237",182.252203327779,110.524547314271,119.162406239979,159.257939984392,193.286720680483,36.1890045315565,206.685556457109,222.064628343862,229.331823366212,0.198565525523282,30,"CbDRC2_2_M",-77.1873475835195,270.474068264002,7.66333315233897,35.2945725948832,5.80687863474336e-78,37.6027016723173,-114.790049255837
"CbDRC2_p043_A12","CbDRC2_2_M_JU3237_0.03","CbDRC2","p043","A12",20250424,"p043_A12","m2x","20250424-CbDRC2-p043-m2x_A12.TIF",1.14492753623188,"48h",10,"15hHB101","DMSO",1,"IVERMECTIN",0.03,NA,NA,"JU3237","2_M",NA,NA,NA,"/vast/eande106/projects/Amanda/projects/cellprofiler-nf/projects/20250424_Cbriggsae_DRC2_IVM/Analysis-20250506/processed_images/","IVERMECTIN_JU3237",179.166654432394,113.658610734144,129.585208214009,162.244845825945,182.88898983893,31.4982253311991,198.509825470095,216.833691880105,242.506623366212,0.17580406036484,30,"CbDRC2_2_M",-87.5850784250725,270.474068264002,7.66333315233897,35.2945725948832,5.80687863474336e-78,37.6027016723173,-125.18778009739
"CbDRC2_p043_B01","CbDRC2_2_M_ED3102_0","CbDRC2","p043","B01",20250424,"p043_B01","m2x","20250424-CbDRC2-p043-m2x_B01.TIF",0.127759381898455,"48h",10,"15hHB101","DMSO",1,"IVERMECTIN",0,NA,NA,"ED3102","2_M",NA,NA,NA,"/vast/eande106/projects/Amanda/projects/cellprofiler-nf/projects/20250424_Cbriggsae_DRC2_IVM/Analysis-20250506/processed_images/","IVERMECTIN_ED3102",319.216220028451,235.049862015539,251.162535852446,270.067766522033,343.735260810336,53.1450822250006,352.702613242258,370.823519373453,383.610774888248,0.166486158567581,10,"CbDRC2_2_M",75.3278238153782,268.407436994958,7.31754794366604,36.6799697195407,2.26265402559745e-80,55.9039306810422,19.423893134336
"CbDRC2_p043_B02","CbDRC2_2_M_ED3102_2.9e-05","CbDRC2","p043","B02",20250424,"p043_B02","m2x","20250424-CbDRC2-p043-m2x_B02.TIF",0.127912998446401,"48h",10,"15hHB101","DMSO",1,"IVERMECTIN",2.9e-05,NA,NA,"ED3102","2_M",NA,NA,NA,"/vast/eande106/projects/Amanda/projects/cellprofiler-nf/projects/20250424_Cbriggsae_DRC2_IVM/Analysis-20250506/processed_images/","IVERMECTIN_ED3102",294.558409171345,157.841005944533,219.316691927084,254.017684863567,295.92362272427,66.3987312688324,330.235661869335,363.279449198899,441.064927573977,0.225417877071057,20,"CbDRC2_2_M",27.5161857293118,268.407436994958,7.31754794366604,36.6799697195407,2.26265402559745e-80,55.9039306810422,-28.3877449517304
"CbDRC2_p043_B03","CbDRC2_2_M_ED3102_5.8e-05","CbDRC2","p043","B03",20250424,"p043_B03","m2x","20250424-CbDRC2-p043-m2x_B03.TIF",0.120485249517508,"48h",10,"15hHB101","DMSO",1,"IVERMECTIN",5.8e-05,NA,NA,"ED3102","2_M",NA,NA,NA,"/vast/eande106/projects/Amanda/projects/cellprofiler-nf/projects/20250424_Cbriggsae_DRC2_IVM/Analysis-20250506/processed_images/","IVERMECTIN_ED3102",272.791256755329,160.729232945436,174.849343845173,234.331238226315,282.333658706454,65.6031190311166,335.374509887418,339.964501778096,344.183332363589,0.240488349265377,12,"CbDRC2_2_M",13.9262217114958,268.407436994958,7.31754794366604,36.6799697195407,2.26265402559745e-80,55.9039306810422,-41.9777089695464
"CbDRC2_p043_B04","CbDRC2_2_M_ED3102_0.00011","CbDRC2","p043","B04",20250424,"p043_B04","m2x","20250424-CbDRC2-p043-m2x_B04.TIF",0.116666666666667,"48h",10,"15hHB101","DMSO",1,"IVERMECTIN",0.00011,NA,NA,"ED3102","2_M",NA,NA,NA,"/vast/eande106/projects/Amanda/projects/cellprofiler-nf/projects/20250424_Cbriggsae_DRC2_IVM/Analysis-20250506/processed_images/","IVERMECTIN_ED3102",270.111489029357,118.821902239312,147.476531902067,178.551683151596,254.915224487718,115.887131395531,346.265821312074,444.806397569116,456.040316859291,0.429034439860259,12,"CbDRC2_2_M",-13.4922125072396,268.407436994958,7.31754794366604,36.6799697195407,2.26265402559745e-80,55.9039306810422,-69.3961431882818
"CbDRC2_p043_B05","CbDRC2_2_M_ED3102_0.00023","CbDRC2","p043","B05",20250424,"p043_B05","m2x","20250424-CbDRC2-p043-m2x_B05.TIF",0.0996181881291218,"48h",10,"15hHB101","DMSO",1,"IVERMECTIN",0.00023,NA,NA,"ED3102","2_M",NA,NA,NA,"/vast/eande106/projects/Amanda/projects/cellprofiler-nf/projects/20250424_Cbriggsae_DRC2_IVM/Analysis-20250506/processed_images/","IVERMECTIN_ED3102",283.816745148797,156.53938983893,204.364886339492,246.010160049318,289.231205316122,64.9058817739935,315.304938350604,338.543411475694,425.91636609162,0.228689402170281,20,"CbDRC2_2_M",20.8237683211641,268.407436994958,7.31754794366604,36.6799697195407,2.26265402559745e-80,55.9039306810422,-35.0801623598781
"CbDRC2_p043_B06","CbDRC2_2_M_ED3102_0.00046","CbDRC2","p043","B06",20250424,"p043_B06","m2x","20250424-CbDRC2-p043-m2x_B06.TIF",0.246132208157525,"48h",10,"15hHB101","DMSO",1,"IVERMECTIN",0.00046,NA,NA,"ED3102","2_M",NA,NA,NA,"/vast/eande106/projects/Amanda/projects/cellprofiler-nf/projects/20250424_Cbriggsae_DRC2_IVM/Analysis-20250506/processed_images/","IVERMECTIN_ED3102",250.557431978774,152.446504207765,167.897806965163,190.486427817369,242.305481021229,74.6950552994475,294.734535296242,330.766978213168,391.893503625919,0.29811550473496,13,"CbDRC2_2_M",-26.1019559737285,268.407436994958,7.31754794366604,36.6799697195407,2.26265402559745e-80,55.9039306810422,-82.0058866547707
"CbDRC2_p043_B07","CbDRC2_2_M_ED3102_0.00093","CbDRC2","p043","B07",20250424,"p043_B07","m2x","20250424-CbDRC2-p043-m2x_B07.TIF",0.987381703470032,"48h",10,"15hHB101","DMSO",1,"IVERMECTIN",0.00093,NA,NA,"ED3102","2_M",NA,NA,NA,"/vast/eande106/projects/Amanda/projects/cellprofiler-nf/projects/20250424_Cbriggsae_DRC2_IVM/Analysis-20250506/processed_images/","IVERMECTIN_ED3102",339.805094750795,282.031023366212,306.120185049318,325.124829928494,343.879129040304,23.3414879533701,351.743552661584,366.723705594139,380.979141942812,0.0686908122154208,30,"CbDRC2_2_M",75.4716920453458,268.407436994958,7.31754794366604,36.6799697195407,2.26265402559745e-80,55.9039306810422,19.5677613643035
"CbDRC2_p043_B08","CbDRC2_2_M_ED3102_0.0018","CbDRC2","p043","B08",20250424,"p043_B08","m2x","20250424-CbDRC2-p043-m2x_B08.TIF",1.13490364025696,"48h",10,"15hHB101","DMSO",1,"IVERMECTIN",0.0018,NA,NA,"ED3102","2_M",NA,NA,NA,"/vast/eande106/projects/Amanda/projects/cellprofiler-nf/projects/20250424_Cbriggsae_DRC2_IVM/Analysis-20250506/processed_images/","IVERMECTIN_ED3102",261.17403457012,200.059717994754,229.561883308027,241.119895630628,261.819183829915,28.1643221148528,275.273947784366,292.079461063718,323.056837153201,0.107837374267354,24,"CbDRC2_2_M",-6.5882531650425,268.407436994958,7.31754794366604,36.6799697195407,2.26265402559745e-80,55.9039306810422,-62.4921838460847
"CbDRC2_p043_B09","CbDRC2_2_M_ED3102_0.0037","CbDRC2","p043","B09",20250424,"p043_B09","m2x","20250424-CbDRC2-p043-m2x_B09.TIF",1.0650406504065,"48h",10,"15hHB101","DMSO",1,"IVERMECTIN",0.0037,NA,NA,"ED3102","2_M",NA,NA,NA,"/vast/eande106/projects/Amanda/projects/cellprofiler-nf/projects/20250424_Cbriggsae_DRC2_IVM/Analysis-20250506/processed_images/","IVERMECTIN_ED3102",225.86066712296,193.569275470095,207.353657193394,217.589877864901,225.045022784366,14.9552783984389,231.963456311648,250.502982259689,252.621799418153,0.0662146206727408,35,"CbDRC2_2_M",-43.3624142105923,268.407436994958,7.31754794366604,36.6799697195407,2.26265402559745e-80,55.9039306810422,-99.2663448916345
"CbDRC2_p043_B10","CbDRC2_2_M_ED3102_0.0075","CbDRC2","p043","B10",20250424,"p043_B10","m2x","20250424-CbDRC2-p043-m2x_B10.TIF",1.23420074349442,"48h",10,"15hHB101","DMSO",1,"IVERMECTIN",0.0075,NA,NA,"ED3102","2_M",NA,NA,NA,"/vast/eande106/projects/Amanda/projects/cellprofiler-nf/projects/20250424_Cbriggsae_DRC2_IVM/Analysis-20250506/processed_images/","IVERMECTIN_ED3102",209.22009419129,175.034252103883,188.108078518416,198.501860962856,210.106334758395,16.4297823359628,223.073104918928,229.815350855037,231.326327602208,0.0785287015545505,22,"CbDRC2_2_M",-58.3011022365629,268.407436994958,7.31754794366604,36.6799697195407,2.26265402559745e-80,55.9039306810422,-114.205032917605
"CbDRC2_p043_B11","CbDRC2_2_M_ED3102_0.015","CbDRC2","p043","B11",20250424,"p043_B11","m2x","20250424-CbDRC2-p043-m2x_B11.TIF",1.14963503649635,"48h",10,"15hHB101","DMSO",1,"IVERMECTIN",0.015,NA,NA,"ED3102","2_M",NA,NA,NA,"/vast/eande106/projects/Amanda/projects/cellprofiler-nf/projects/20250424_Cbriggsae_DRC2_IVM/Analysis-20250506/processed_images/","IVERMECTIN_ED3102",199.768632722651,162.892713786989,172.037782224876,185.008150761018,203.050782654512,21.037430833641,213.238676812959,227.361972059182,237.517594628542,0.105308979427458,20,"CbDRC2_2_M",-65.3566543404455,268.407436994958,7.31754794366604,36.6799697195407,2.26265402559745e-80,55.9039306810422,-121.260585021488
"CbDRC2_p043_B12","CbDRC2_2_M_ED3102_0.03","CbDRC2","p043","B12",20250424,"p043_B12","m2x","20250424-CbDRC2-p043-m2x_B12.TIF",1.09166666666667,"48h",10,"15hHB101","DMSO",1,"IVERMECTIN",0.03,NA,NA,"ED3102","2_M",NA,NA,NA,"/vast/eande106/projects/Amanda/projects/cellprofiler-nf/projects/20250424_Cbriggsae_DRC2_IVM/Analysis-20250506/processed_images/","IVERMECTIN_ED3102",206.234631516535,180.351178402747,194.933570680483,201.189937153201,206.413041942813,10.7155392919113,212.863323366212,216.956208997377,227.305461101259,0.0519580014913845,21,"CbDRC2_2_M",-61.9943950521453,268.407436994958,7.31754794366604,36.6799697195407,2.26265402559745e-80,55.9039306810422,-117.898325733188
"CbDRC2_p043_C01","CbDRC2_2_M_NIC1667_0","CbDRC2","p043","C01",20250424,"p043_C01","m2x","20250424-CbDRC2-p043-m2x_C01.TIF",0.279162512462612,"48h",10,"15hHB101","DMSO",1,"IVERMECTIN",0,NA,NA,"NIC1667","2_M",NA,NA,NA,"/vast/eande106/projects/Amanda/projects/cellprofiler-nf/projects/20250424_Cbriggsae_DRC2_IVM/Analysis-20250506/processed_images/","IVERMECTIN_NIC1667",309.56239606981,251.627742893834,280.571434207765,297.383908132281,310.398667994754,23.646023891747,327.208241797351,336.18315841553,351.376003044072,0.0763853239022432,20,"CbDRC2_2_M",37.0058946024551,273.392773392299,6.41929624076494,42.5892127638778,3.70732816825189e-88,35.0543298531108,1.95156474934427
"CbDRC2_p043_C02","CbDRC2_2_M_NIC1667_2.9e-05","CbDRC2","p043","C02",20250424,"p043_C02","m2x","20250424-CbDRC2-p043-m2x_C02.TIF",0.226582940868655,"48h",10,"15hHB101","DMSO",1,"IVERMECTIN",2.9e-05,NA,NA,"NIC1667","2_M",NA,NA,NA,"/vast/eande106/projects/Amanda/projects/cellprofiler-nf/projects/20250424_Cbriggsae_DRC2_IVM/Analysis-20250506/processed_images/","IVERMECTIN_NIC1667",269.535276784788,118.145208997377,144.628768314441,202.283403511382,287.157170680483,92.4121319649884,320.021452573977,362.193161019017,441.67019825446,0.342857280380317,14,"CbDRC2_2_M",13.7643972881842,273.392773392299,6.41929624076494,42.5892127638778,3.70732816825189e-88,35.0543298531108,-21.2899325649266
"CbDRC2_p043_C03","CbDRC2_2_M_NIC1667_5.8e-05","CbDRC2","p043","C03",20250424,"p043_C03","m2x","20250424-CbDRC2-p043-m2x_C03.TIF",0.247083775185578,"48h",10,"15hHB101","DMSO",1,"IVERMECTIN",5.8e-05,NA,NA,"NIC1667","2_M",NA,NA,NA,"/vast/eande106/projects/Amanda/projects/cellprofiler-nf/projects/20250424_Cbriggsae_DRC2_IVM/Analysis-20250506/processed_images/","IVERMECTIN_NIC1667",275.136423335637,193.569275470095,202.588999243599,241.269950070163,285.714645604815,48.85219030225,314.729788496065,333.310795309025,347.145998836307,0.17755624540723,22,"CbDRC2_2_M",12.3218722125165,273.392773392299,6.41929624076494,42.5892127638778,3.70732816825189e-88,35.0543298531108,-22.7324576405943
"CbDRC2_p043_C04","CbDRC2_2_M_NIC1667_0.00011","CbDRC2","p043","C04",20250424,"p043_C04","m2x","20250424-CbDRC2-p043-m2x_C04.TIF",0.298352941176471,"48h",10,"15hHB101","DMSO",1,"IVERMECTIN",0.00011,NA,NA,"NIC1667","2_M",NA,NA,NA,"/vast/eande106/projects/Amanda/projects/cellprofiler-nf/projects/20250424_Cbriggsae_DRC2_IVM/Analysis-20250506/processed_images/","IVERMECTIN_NIC1667",285.662612973589,131.365732780734,187.858627081532,215.432277206862,297.603380259707,73.1259661794054,331.008532363589,356.816327005181,439.038565309025,0.255987178084681,29,"CbDRC2_2_M",24.2106068674078,273.392773392299,6.41929624076494,42.5892127638778,3.70732816825189e-88,35.0543298531108,-10.8437229857031
"CbDRC2_p043_C05","CbDRC2_2_M_NIC1667_0.00023","CbDRC2","p043","C05",20250424,"p043_C05","m2x","20250424-CbDRC2-p043-m2x_C05.TIF",0.184013050570962,"48h",10,"15hHB101","DMSO",1,"IVERMECTIN",0.00023,NA,NA,"NIC1667","2_M",NA,NA,NA,"/vast/eande106/projects/Amanda/projects/cellprofiler-nf/projects/20250424_Cbriggsae_DRC2_IVM/Analysis-20250506/processed_images/","IVERMECTIN_NIC1667",328.910240941147,259.010158763289,260.875052677859,301.540789402545,327.783391651889,47.2743518975347,370.119140454486,375.673904818962,394.044591473455,0.143730252248344,10,"CbDRC2_2_M",54.3906182595904,273.392773392299,6.41929624076494,42.5892127638778,3.70732816825189e-88,35.0543298531108,19.3362884064796
"CbDRC2_p043_C06","CbDRC2_2_M_NIC1667_0.00046","CbDRC2","p043","C06",20250424,"p043_C06","m2x","20250424-CbDRC2-p043-m2x_C06.TIF",0.321758003255562,"48h",10,"15hHB101","DMSO",1,"IVERMECTIN",0.00046,NA,NA,"NIC1667","2_M",NA,NA,NA,"/vast/eande106/projects/Amanda/projects/cellprofiler-nf/projects/20250424_Cbriggsae_DRC2_IVM/Analysis-20250506/processed_images/","IVERMECTIN_NIC1667",288.467869553637,228.032627602208,237.086559074692,281.506074888248,294.212722784365,36.7244332543895,298.071532363589,329.92512841553,343.287189257083,0.127308574473876,9,"CbDRC2_2_M",20.8199493920667,273.392773392299,6.41929624076494,42.5892127638778,3.70732816825189e-88,35.0543298531108,-14.2343804610441
"CbDRC2_p043_C07","CbDRC2_2_M_NIC1667_0.00093","CbDRC2","p043","C07",20250424,"p043_C07","m2x","20250424-CbDRC2-p043-m2x_C07.TIF",1.06081081081081,"48h",10,"15hHB101","DMSO",1,"IVERMECTIN",0.00093,NA,NA,"NIC1667","2_M",NA,NA,NA,"/vast/eande106/projects/Amanda/projects/cellprofiler-nf/projects/20250424_Cbriggsae_DRC2_IVM/Analysis-20250506/processed_images/","IVERMECTIN_NIC1667",354.617483646883,312.844703625919,322.367346383316,342.584961101259,355.89687967786,24.4128015552374,369.07167967786,378.624446011924,421.39654908323,0.0688426337702709,29,"CbDRC2_2_M",82.5041062855611,273.392773392299,6.41929624076494,42.5892127638778,3.70732816825189e-88,35.0543298531108,47.4497764324502
"CbDRC2_p043_C08","CbDRC2_2_M_NIC1667_0.0018","CbDRC2","p043","C08",20250424,"p043_C08","m2x","20250424-CbDRC2-p043-m2x_C08.TIF",1.1036036036036,"48h",10,"15hHB101","DMSO",1,"IVERMECTIN",0.0018,NA,NA,"NIC1667","2_M",NA,NA,NA,"/vast/eande106/projects/Amanda/projects/cellprofiler-nf/projects/20250424_Cbriggsae_DRC2_IVM/Analysis-20250506/processed_images/","IVERMECTIN_NIC1667",275.721096405507,236.056341942813,248.294837735047,258.410013786989,274.781556311648,24.7165962333806,294.914950940189,308.985894046695,326.350537153201,0.0896434714485161,21,"CbDRC2_2_M",1.388782919349,273.392773392299,6.41929624076494,42.5892127638778,3.70732816825189e-88,35.0543298531108,-33.6655469337618
"CbDRC2_p043_C10","CbDRC2_2_M_NIC1667_0.0075","CbDRC2","p043","C10",20250424,"p043_C10","m2x","20250424-CbDRC2-p043-m2x_C10.TIF",1.16618075801749,"48h",10,"15hHB101","DMSO",1,"IVERMECTIN",0.0075,NA,NA,"NIC1667","2_M",NA,NA,NA,"/vast/eande106/projects/Amanda/projects/cellprofiler-nf/projects/20250424_Cbriggsae_DRC2_IVM/Analysis-20250506/processed_images/","IVERMECTIN_NIC1667",214.886111419099,196.531941942813,201.682880474845,204.675984120839,215.82598983893,11.3180428644323,223.356443700062,230.742933786989,233.561827573977,0.052669959867059,27,"CbDRC2_2_M",-57.5667835533688,273.392773392299,6.41929624076494,42.5892127638778,3.70732816825189e-88,35.0543298531108,-92.6211134064796
"CbDRC2_p043_C11","CbDRC2_2_M_NIC1667_0.015","CbDRC2","p043","C11",20250424,"p043_C11","m2x","20250424-CbDRC2-p043-m2x_C11.TIF",1.13774104683196,"48h",10,"15hHB101","DMSO",1,"IVERMECTIN",0.015,NA,NA,"NIC1667","2_M",NA,NA,NA,"/vast/eande106/projects/Amanda/projects/cellprofiler-nf/projects/20250424_Cbriggsae_DRC2_IVM/Analysis-20250506/processed_images/","IVERMECTIN_NIC1667",210.110316876932,183.688175470095,195.865169722561,204.449357509051,209.521144628542,12.0027604103249,219.791797168809,225.397111333998,226.837308997377,0.0571259926153713,24,"CbDRC2_2_M",-63.871628763757,273.392773392299,6.41929624076494,42.5892127638778,3.70732816825189e-88,35.0543298531108,-98.9259586168679
"CbDRC2_p043_C12","CbDRC2_2_M_NIC1667_0.03","CbDRC2","p043","C12",20250424,"p043_C12","m2x","20250424-CbDRC2-p043-m2x_C12.TIF",1.11974110032362,"48h",10,"15hHB101","DMSO",1,"IVERMECTIN",0.03,NA,NA,"NIC1667","2_M",NA,NA,NA,"/vast/eande106/projects/Amanda/projects/cellprofiler-nf/projects/20250424_Cbriggsae_DRC2_IVM/Analysis-20250506/processed_images/","IVERMECTIN_NIC1667",211.190430130567,183.123065890871,196.769400654533,200.113418088215,213.054800863998,13.347062378464,221.896758997377,228.845024428038,231.963456311648,0.0631991817537008,24,"CbDRC2_2_M",-60.3379725283013,273.392773392299,6.41929624076494,42.5892127638778,3.70732816825189e-88,35.0543298531108,-95.3923023814121
"CbDRC2_p043_D01","CbDRC2_2_M_ECA2666_0","CbDRC2","p043","D01",20250424,"p043_D01","m2x","20250424-CbDRC2-p043-m2x_D01.TIF",0.216152019002375,"48h",10,"15hHB101","DMSO",1,"IVERMECTIN",0,NA,NA,"ECA2666","2_M",NA,NA,NA,"/vast/eande106/projects/Amanda/projects/cellprofiler-nf/projects/20250424_Cbriggsae_DRC2_IVM/Analysis-20250506/processed_images/","IVERMECTIN_ECA2666",522.026764407905,297.274767074023,332.907912485796,350.93805597087,533.494205438878,182.704269616044,634.848198545384,745.646983012857,777.43368330378,0.349990234357565,8,"CbDRC2_2_M",254.506654144339,278.98755129454,11.0030188914742,25.3555459684538,2.81906072448704e-58,107.89177140159,146.614882742749
"CbDRC2_p043_D02","CbDRC2_2_M_ECA2666_2.9e-05","CbDRC2","p043","D02",20250424,"p043_D02","m2x","20250424-CbDRC2-p043-m2x_D02.TIF",1.15154749199573,"48h",10,"15hHB101","DMSO",1,"IVERMECTIN",2.9e-05,NA,NA,"ECA2666","2_M",NA,NA,NA,"/vast/eande106/projects/Amanda/projects/cellprofiler-nf/projects/20250424_Cbriggsae_DRC2_IVM/Analysis-20250506/processed_images/","IVERMECTIN_ECA2666",285.520751045985,126.809495704235,206.313352857271,252.324731688118,273.434400286537,79.9670081562883,334.850239590384,396.845412900735,416.119783885625,0.280074242811897,14,"CbDRC2_2_M",-5.55315100800283,278.98755129454,11.0030188914742,25.3555459684538,2.81906072448704e-58,107.89177140159,-113.444922409592
"CbDRC2_p043_D03","CbDRC2_2_M_ECA2666_5.8e-05","CbDRC2","p043","D03",20250424,"p043_D03","m2x","20250424-CbDRC2-p043-m2x_D03.TIF",0.276833156216791,"48h",10,"15hHB101","DMSO",1,"IVERMECTIN",5.8e-05,NA,NA,"ECA2666","2_M",NA,NA,NA,"/vast/eande106/projects/Amanda/projects/cellprofiler-nf/projects/20250424_Cbriggsae_DRC2_IVM/Analysis-20250506/processed_images/","IVERMECTIN_ECA2666",411.814278140989,251.023428155824,260.102206558571,284.828173075289,323.524989257083,175.790378633829,511.31914072042,708.896192329387,718.712192883003,0.426868100415026,11,"CbDRC2_2_M",44.5374379625434,278.98755129454,11.0030188914742,25.3555459684538,2.81906072448704e-58,107.89177140159,-63.3543334390462
"CbDRC2_p043_D04","CbDRC2_2_M_ECA2666_0.00011","CbDRC2","p043","D04",20250424,"p043_D04","m2x","20250424-CbDRC2-p043-m2x_D04.TIF",0.184470820969337,"48h",10,"15hHB101","DMSO",1,"IVERMECTIN",0.00011,NA,NA,"ECA2666","2_M",NA,NA,NA,"/vast/eande106/projects/Amanda/projects/cellprofiler-nf/projects/20250424_Cbriggsae_DRC2_IVM/Analysis-20250506/processed_images/","IVERMECTIN_ECA2666",439.464360754323,205.282822784366,264.685771754775,282.499175470095,352.700137153201,212.272016795054,693.25873598951,719.971497378922,736.173793464849,0.483024417340004,9,"CbDRC2_2_M",73.7125858586608,278.98755129454,11.0030188914742,25.3555459684538,2.81906072448704e-58,107.89177140159,-34.1791855429287
"CbDRC2_p043_D05","CbDRC2_2_M_ECA2666_0.00023","CbDRC2","p043","D05",20250424,"p043_D05","m2x","20250424-CbDRC2-p043-m2x_D05.TIF",1.1640365448505,"48h",10,"15hHB101","DMSO",1,"IVERMECTIN",0.00023,NA,NA,"ECA2666","2_M",NA,NA,NA,"/vast/eande106/projects/Amanda/projects/cellprofiler-nf/projects/20250424_Cbriggsae_DRC2_IVM/Analysis-20250506/processed_images/","IVERMECTIN_ECA2666",375.699250333695,148.3536185766,216.79657241725,255.551917387585,290.297792430848,190.292477190514,532.527285581186,562.543997672615,760.303116249216,0.506502147719211,11,"CbDRC2_2_M",11.3102411363085,278.98755129454,11.0030188914742,25.3555459684538,2.81906072448704e-58,107.89177140159,-96.581530265281
"CbDRC2_p043_D06","CbDRC2_2_M_ECA2666_0.00046","CbDRC2","p043","D06",20250424,"p043_D06","m2x","20250424-CbDRC2-p043-m2x_D06.TIF",0.796281951975213,"48h",10,"15hHB101","DMSO",1,"IVERMECTIN",0.00046,NA,NA,"ECA2666","2_M",NA,NA,NA,"/vast/eande106/projects/Amanda/projects/cellprofiler-nf/projects/20250424_Cbriggsae_DRC2_IVM/Analysis-20250506/processed_images/","IVERMECTIN_ECA2666",380.983430798382,239.755514941909,254.176873613136,268.47671110126,384.313003044072,119.75534356243,478.20059222935,515.067902462226,562.032548501384,0.314332156943079,11,"CbDRC2_2_M",105.325451749532,278.98755129454,11.0030188914742,25.3555459684538,2.81906072448704e-58,107.89177140159,-2.56631965205753
"CbDRC2_p043_D07","CbDRC2_2_M_ECA2666_0.00093","CbDRC2","p043","D07",20250424,"p043_D07","m2x","20250424-CbDRC2-p043-m2x_D07.TIF",1.0890756302521,"48h",10,"15hHB101","DMSO",1,"IVERMECTIN",0.00093,NA,NA,"ECA2666","2_M",NA,NA,NA,"/vast/eande106/projects/Amanda/projects/cellprofiler-nf/projects/20250424_Cbriggsae_DRC2_IVM/Analysis-20250506/processed_images/","IVERMECTIN_ECA2666",361.477307899215,310.818341360966,315.594349069045,349.816070244098,366.157491942812,30.5099933370329,382.105202283054,394.816698052938,408.362003625919,0.0844036200068734,14,"CbDRC2_2_M",87.1699406482726,278.98755129454,11.0030188914742,25.3555459684538,2.81906072448704e-58,107.89177140159,-20.721830753317
"CbDRC2_p043_D08","CbDRC2_2_M_ECA2666_0.0018","CbDRC2","p043","D08",20250424,"p043_D08","m2x","20250424-CbDRC2-p043-m2x_D08.TIF",1.05643340857788,"48h",10,"15hHB101","DMSO",1,"IVERMECTIN",0.0018,NA,NA,"ECA2666","2_M",NA,NA,NA,"/vast/eande106/projects/Amanda/projects/cellprofiler-nf/projects/20250424_Cbriggsae_DRC2_IVM/Analysis-20250506/processed_images/","IVERMECTIN_ECA2666",258.657647832634,226.272199418153,232.790065658133,244.690184758395,257.279794628542,21.4649421012833,268.311194337618,285.839690680483,305.555075470095,0.0829859170264021,19,"CbDRC2_2_M",-21.7077566659983,278.98755129454,11.0030188914742,25.3555459684538,2.81906072448704e-58,107.89177140159,-129.599528067588
"CbDRC2_p043_D09","CbDRC2_2_M_ECA2666_0.0037","CbDRC2","p043","D09",20250424,"p043_D09","m2x","20250424-CbDRC2-p043-m2x_D09.TIF",1.05097087378641,"48h",10,"15hHB101","DMSO",1,"IVERMECTIN",0.0037,NA,NA,"ECA2666","2_M",NA,NA,NA,"/vast/eande106/projects/Amanda/projects/cellprofiler-nf/projects/20250424_Cbriggsae_DRC2_IVM/Analysis-20250506/processed_images/","IVERMECTIN_ECA2666",229.752576412074,197.896237153201,210.770754395803,221.220491575697,227.30546110126,17.1096698993916,241.8012592443,248.934186239979,262.171865890871,0.0744699805616305,17,"CbDRC2_2_M",-51.6820901932804,278.98755129454,11.0030188914742,25.3555459684538,2.81906072448704e-58,107.89177140159,-159.57386159487
"CbDRC2_p043_D10","CbDRC2_2_M_ECA2666_0.0075","CbDRC2","p043","D10",20250424,"p043_D10","m2x","20250424-CbDRC2-p043-m2x_D10.TIF",1.18978102189781,"48h",10,"15hHB101","DMSO",1,"IVERMECTIN",0.0075,NA,NA,"ECA2666","2_M",NA,NA,NA,"/vast/eande106/projects/Amanda/projects/cellprofiler-nf/projects/20250424_Cbriggsae_DRC2_IVM/Analysis-20250506/processed_images/","IVERMECTIN_ECA2666",197.216306617084,168.915004207765,175.502404207765,178.562028155824,193.3896733606,21.3381389874836,211.967180259706,231.729380259706,233.424708997377,0.108196626098033,21,"CbDRC2_2_M",-85.5978779339399,278.98755129454,11.0030188914742,25.3555459684538,2.81906072448704e-58,107.89177140159,-193.489649335529
"CbDRC2_p043_D11","CbDRC2_2_M_ECA2666_0.015","CbDRC2","p043","D11",20250424,"p043_D11","m2x","20250424-CbDRC2-p043-m2x_D11.TIF",1.27797833935018,"48h",10,"15hHB101","DMSO",1,"IVERMECTIN",0.015,NA,NA,"ECA2666","2_M",NA,NA,NA,"/vast/eande106/projects/Amanda/projects/cellprofiler-nf/projects/20250424_Cbriggsae_DRC2_IVM/Analysis-20250506/processed_images/","IVERMECTIN_ECA2666",189.312010193027,170.909508443761,174.880783670619,180.581542193447,190.536481726033,12.6985162945563,193.510756457109,203.535973670619,217.755394628542,0.0670771826975405,14,"CbDRC2_2_M",-88.4510695685071,278.98755129454,11.0030188914742,25.3555459684538,2.81906072448704e-58,107.89177140159,-196.342840970097
"CbDRC2_p043_D12","CbDRC2_2_M_ECA2666_0.03","CbDRC2","p043","D12",20250424,"p043_D12","m2x","20250424-CbDRC2-p043-m2x_D12.TIF",1.13607594936709,"48h",10,"15hHB101","DMSO",1,"IVERMECTIN",0.03,NA,NA,"ECA2666","2_M",NA,NA,NA,"/vast/eande106/projects/Amanda/projects/cellprofiler-nf/projects/20250424_Cbriggsae_DRC2_IVM/Analysis-20250506/processed_images/","IVERMECTIN_ECA2666",186.609515440974,173.572999418153,173.572999418153,180.247501912503,185.383504207765,10.0273356396215,193.218161392183,194.134385049318,207.309185049318,0.0537343211889599,11,"CbDRC2_2_M",-93.6040470867747,278.98755129454,11.0030188914742,25.3555459684538,2.81906072448704e-58,107.89177140159,-201.495818488364
"CbDRC2_p043_E01","CbDRC2_2_M_VX34_0","CbDRC2","p043","E01",20250424,"p043_E01","m2x","20250424-CbDRC2-p043-m2x_E01.TIF",0.178388998035363,"48h",10,"15hHB101","DMSO",1,"IVERMECTIN",0,NA,NA,"VX34","2_M",NA,NA,NA,"/vast/eande106/projects/Amanda/projects/cellprofiler-nf/projects/20250424_Cbriggsae_DRC2_IVM/Analysis-20250506/processed_images/","IVERMECTIN_VX34",480.336319397343,251.491580259706,255.397205049318,261.255642233736,271.019704207765,379.58446520587,594.758688966161,789.002079821198,918.497673724557,0.790247270250391,3,"CbDRC2_2_M",5.39303037886107,265.626673828904,8.85939568876882,29.9824822324668,1.53317162666117e-63,51.2454123449688,-45.8523819661077
"CbDRC2_p043_E02","CbDRC2_2_M_VX34_2.9e-05","CbDRC2","p043","E02",20250424,"p043_E02","m2x","20250424-CbDRC2-p043-m2x_E02.TIF",0.234042553191489,"48h",10,"15hHB101","DMSO",1,"IVERMECTIN",2.9e-05,NA,NA,"VX34","2_M",NA,NA,NA,"/vast/eande106/projects/Amanda/projects/cellprofiler-nf/projects/20250424_Cbriggsae_DRC2_IVM/Analysis-20250506/processed_images/","IVERMECTIN_VX34",352.378047027251,309.507706558571,319.127900302633,331.301127428516,353.664839548007,31.2540975966733,378.777222638904,384.341401231113,386.436322784365,0.0886947920290174,6,"CbDRC2_2_M",88.0381657191025,265.626673828904,8.85939568876882,29.9824822324668,1.53317162666117e-63,51.2454123449688,36.7927533741337
"CbDRC2_p043_E03","CbDRC2_2_M_VX34_5.8e-05","CbDRC2","p043","E03",20250424,"p043_E03","m2x","20250424-CbDRC2-p043-m2x_E03.TIF",0.236951118475559,"48h",10,"15hHB101","DMSO",1,"IVERMECTIN",5.8e-05,NA,NA,"VX34","2_M",NA,NA,NA,"/vast/eande106/projects/Amanda/projects/cellprofiler-nf/projects/20250424_Cbriggsae_DRC2_IVM/Analysis-20250506/processed_images/","IVERMECTIN_VX34",343.496371341645,315.904327573977,319.350960540034,324.52090998912,333.137492404262,33.9771966639461,357.292393225478,371.785333718208,381.447294046695,0.0989157368132778,3,"CbDRC2_2_M",67.5108185753578,265.626673828904,8.85939568876882,29.9824822324668,1.53317162666117e-63,51.2454123449688,16.265406230389
"CbDRC2_p043_E05","CbDRC2_2_M_VX34_0.00023","CbDRC2","p043","E05",20250424,"p043_E05","m2x","20250424-CbDRC2-p043-m2x_E05.TIF",0.174441395531164,"48h",10,"15hHB101","DMSO",1,"IVERMECTIN",0.00023,NA,NA,"VX34","2_M",NA,NA,NA,"/vast/eande106/projects/Amanda/projects/cellprofiler-nf/projects/20250424_Cbriggsae_DRC2_IVM/Analysis-20250506/processed_images/","IVERMECTIN_VX34",338.837441312372,131.332813834805,187.581618053184,274.05899620236,381.253848783513,127.748157810304,413.474186690419,447.67685710042,476.642458471039,0.377019013351991,6,"CbDRC2_2_M",115.627174954609,265.626673828904,8.85939568876882,29.9824822324668,1.53317162666117e-63,51.2454123449688,64.3817626096404
"CbDRC2_p043_E06","CbDRC2_2_M_VX34_0.00046","CbDRC2","p043","E06",20250424,"p043_E06","m2x","20250424-CbDRC2-p043-m2x_E06.TIF",0.135566188197767,"48h",10,"15hHB101","DMSO",1,"IVERMECTIN",0.00046,NA,NA,"VX34","2_M",NA,NA,NA,"/vast/eande106/projects/Amanda/projects/cellprofiler-nf/projects/20250424_Cbriggsae_DRC2_IVM/Analysis-20250506/processed_images/","IVERMECTIN_VX34",279.54989603113,270.454594628542,272.590651754775,275.794737444124,281.134880259706,8.41550790692459,284.097546732424,285.875146616055,287.060213205142,0.0301037776311226,3,"CbDRC2_2_M",15.5082064308024,265.626673828904,8.85939568876882,29.9824822324668,1.53317162666117e-63,51.2454123449688,-35.7372059141664
"CbDRC2_p043_E07","CbDRC2_2_M_VX34_0.00093","CbDRC2","p043","E07",20250424,"p043_E07","m2x","20250424-CbDRC2-p043-m2x_E07.TIF",0.415748031496063,"48h",10,"15hHB101","DMSO",1,"IVERMECTIN",0.00093,NA,NA,"VX34","2_M",NA,NA,NA,"/vast/eande106/projects/Amanda/projects/cellprofiler-nf/projects/20250424_Cbriggsae_DRC2_IVM/Analysis-20250506/processed_images/","IVERMECTIN_VX34",312.507179278303,184.190605944533,196.717437965154,268.111397929827,311.460327864901,88.9488477406072,372.754932218127,408.314112651881,440.80833351851,0.284629773773594,8,"CbDRC2_2_M",45.8336540359965,265.626673828904,8.85939568876882,29.9824822324668,1.53317162666117e-63,51.2454123449688,-5.41175830897232
"CbDRC2_p043_E08","CbDRC2_2_M_VX34_0.0018","CbDRC2","p043","E08",20250424,"p043_E08","m2x","20250424-CbDRC2-p043-m2x_E08.TIF",1.17567567567568,"48h",10,"15hHB101","DMSO",1,"IVERMECTIN",0.0018,NA,NA,"VX34","2_M",NA,NA,NA,"/vast/eande106/projects/Amanda/projects/cellprofiler-nf/projects/20250424_Cbriggsae_DRC2_IVM/Analysis-20250506/processed_images/","IVERMECTIN_VX34",263.806476433991,238.413737735047,245.369979271307,255.804341575697,273.194945416347,22.238156146888,276.502845783462,278.487586003732,279.810746150578,0.0842972335156163,3,"CbDRC2_2_M",7.56827158744314,265.626673828904,8.85939568876882,29.9824822324668,1.53317162666117e-63,51.2454123449688,-43.6771407575257
"CbDRC2_p043_E09","CbDRC2_2_M_VX34_0.0037","CbDRC2","p043","E09",20250424,"p043_E09","m2x","20250424-CbDRC2-p043-m2x_E09.TIF",1.0467032967033,"48h",10,"15hHB101","DMSO",1,"IVERMECTIN",0.0037,NA,NA,"VX34","2_M",NA,NA,NA,"/vast/eande106/projects/Amanda/projects/cellprofiler-nf/projects/20250424_Cbriggsae_DRC2_IVM/Analysis-20250506/processed_images/","IVERMECTIN_VX34",202.930972083071,191.542913205142,194.902819910599,199.942679968783,208.342446732424,9.86639503387737,208.625001522036,208.794534395803,208.907556311648,0.0486194637151715,3,"CbDRC2_2_M",-57.2842270964798,265.626673828904,8.85939568876882,29.9824822324668,1.53317162666117e-63,51.2454123449688,-108.529639441449
"CbDRC2_p043_E10","CbDRC2_2_M_VX34_0.0075","CbDRC2","p043","E10",20250424,"p043_E10","m2x","20250424-CbDRC2-p043-m2x_E10.TIF",1.20058139534884,"48h",10,"15hHB101","DMSO",1,"IVERMECTIN",0.0075,NA,NA,"VX34","2_M",NA,NA,NA,"/vast/eande106/projects/Amanda/projects/cellprofiler-nf/projects/20250424_Cbriggsae_DRC2_IVM/Analysis-20250506/processed_images/","IVERMECTIN_VX34",200.362129090883,175.502404207765,180.585063366212,192.204980259706,197.194008997377,17.5526281900304,208.770437735047,222.7912385766,230.6961185766,0.0876045202238224,9,"CbDRC2_2_M",-68.4326648315271,265.626673828904,8.85939568876882,29.9824822324668,1.53317162666117e-63,51.2454123449688,-119.678077176496
"CbDRC2_p043_E11","CbDRC2_2_M_VX34_0.015","CbDRC2","p043","E11",20250424,"p043_E11","m2x","20250424-CbDRC2-p043-m2x_E11.TIF",1.27436823104693,"48h",10,"15hHB101","DMSO",1,"IVERMECTIN",0.015,NA,NA,"VX34","2_M",NA,NA,NA,"/vast/eande106/projects/Amanda/projects/cellprofiler-nf/projects/20250424_Cbriggsae_DRC2_IVM/Analysis-20250506/processed_images/","IVERMECTIN_VX34",191.932121217629,174.041151522036,176.902155353726,181.19366110126,193.004165890871,14.2870090146182,205.379780259706,205.777020492445,206.041847314271,0.07443782168394,5,"CbDRC2_2_M",-72.6225079380328,265.626673828904,8.85939568876882,29.9824822324668,1.53317162666117e-63,51.2454123449688,-123.867920283002
"CbDRC2_p043_E12","CbDRC2_2_M_VX34_0.03","CbDRC2","p043","E12",20250424,"p043_E12","m2x","20250424-CbDRC2-p043-m2x_E12.TIF",1.07278481012658,"48h",10,"15hHB101","DMSO",1,"IVERMECTIN",0.03,NA,NA,"VX34","2_M",NA,NA,NA,"/vast/eande106/projects/Amanda/projects/cellprofiler-nf/projects/20250424_Cbriggsae_DRC2_IVM/Analysis-20250506/processed_images/","IVERMECTIN_VX34",197.952044122417,189.47638983893,190.034156253463,194.406899563615,196.745937444124,6.53980508769037,200.920698891625,207.609467806716,209.569623366212,0.0330373203099941,12,"CbDRC2_2_M",-68.88073638478,265.626673828904,8.85939568876882,29.9824822324668,1.53317162666117e-63,51.2454123449688,-120.126148729749
"CbDRC2_p043_F02","CbDRC2_2_M_PB420_2.9e-05","CbDRC2","p043","F02",20250424,"p043_F02","m2x","20250424-CbDRC2-p043-m2x_F02.TIF",0.117886178861789,"48h",10,"15hHB101","DMSO",1,"IVERMECTIN",2.9e-05,NA,NA,"PB420","2_M",NA,NA,NA,"/vast/eande106/projects/Amanda/projects/cellprofiler-nf/projects/20250424_Cbriggsae_DRC2_IVM/Analysis-20250506/processed_images/","IVERMECTIN_PB420",237.06293608682,132.684304207765,142.522326633669,152.2951027367,201.55819041639,96.5398307478139,317.761014257083,349.705056383316,395.986389257083,0.407232916040733,12,"CbDRC2_2_M",-49.8145767154991,251.372767131889,7.55331557529098,33.2797914539941,4.57416319600912e-74,72.6719520184893,-122.486528733988
"CbDRC2_p043_F03","CbDRC2_2_M_PB420_5.8e-05","CbDRC2","p043","F03",20250424,"p043_F03","m2x","20250424-CbDRC2-p043-m2x_F03.TIF",0.13048128342246,"48h",10,"15hHB101","DMSO",1,"IVERMECTIN",5.8e-05,NA,NA,"PB420","2_M",NA,NA,NA,"/vast/eande106/projects/Amanda/projects/cellprofiler-nf/projects/20250424_Cbriggsae_DRC2_IVM/Analysis-20250506/processed_images/","IVERMECTIN_PB420",253.508464906669,139.911253258803,157.844334017973,179.75969477687,281.037922784366,82.9609742739798,329.410161101259,340.200141593705,348.744370098636,0.327251298312751,9,"CbDRC2_2_M",29.6651556524761,251.372767131889,7.55331557529098,33.2797914539941,4.57416319600912e-74,72.6719520184893,-43.0067963660132
"CbDRC2_p043_F05","CbDRC2_2_M_PB420_0.00023","CbDRC2","p043","F05",20250424,"p043_F05","m2x","20250424-CbDRC2-p043-m2x_F05.TIF",0.175283732660782,"48h",10,"15hHB101","DMSO",1,"IVERMECTIN",0.00023,NA,NA,"PB420","2_M",NA,NA,NA,"/vast/eande106/projects/Amanda/projects/cellprofiler-nf/projects/20250424_Cbriggsae_DRC2_IVM/Analysis-20250506/processed_images/","IVERMECTIN_PB420",271.962745136608,152.680580259707,158.799828155824,214.679841666005,308.848775470095,75.1337632376624,330.346465309025,339.42837967786,347.945184467472,0.276264909739466,11,"CbDRC2_2_M",57.4760083382053,251.372767131889,7.55331557529098,33.2797914539941,4.57416319600912e-74,72.6719520184893,-15.195943680284
"CbDRC2_p043_F06","CbDRC2_2_M_PB420_0.00046","CbDRC2","p043","F06",20250424,"p043_F06","m2x","20250424-CbDRC2-p043-m2x_F06.TIF",0.255616786774057,"48h",10,"15hHB101","DMSO",1,"IVERMECTIN",0.00046,NA,NA,"PB420","2_M",NA,NA,NA,"/vast/eande106/projects/Amanda/projects/cellprofiler-nf/projects/20250424_Cbriggsae_DRC2_IVM/Analysis-20250506/processed_images/","IVERMECTIN_PB420",308.448141129447,208.342446732424,249.843066732424,281.603032363589,321.761101231113,55.4795483264769,332.938283000318,352.242369852414,395.42127967786,0.179866696953747,8,"CbDRC2_2_M",70.3883340992233,251.372767131889,7.55331557529098,33.2797914539941,4.57416319600912e-74,72.6719520184893,-2.28361791926599
"CbDRC2_p043_F07","CbDRC2_2_M_PB420_0.00093","CbDRC2","p043","F07",20250424,"p043_F07","m2x","20250424-CbDRC2-p043-m2x_F07.TIF",1.05727554179567,"48h",10,"15hHB101","DMSO",1,"IVERMECTIN",0.00093,NA,NA,"PB420","2_M",NA,NA,NA,"/vast/eande106/projects/Amanda/projects/cellprofiler-nf/projects/20250424_Cbriggsae_DRC2_IVM/Analysis-20250506/processed_images/","IVERMECTIN_PB420",330.278769632445,262.736975470095,282.661365179171,310.398667994754,328.726445513021,41.4419041175523,351.065134272155,373.756409548007,416.781850940189,0.12547553136301,12,"CbDRC2_2_M",77.353678381132,251.372767131889,7.55331557529098,33.2797914539941,4.57416319600912e-74,72.6719520184893,4.68172636264271
"CbDRC2_p043_F08","CbDRC2_2_M_PB420_0.0018","CbDRC2","p043","F08",20250424,"p043_F08","m2x","20250424-CbDRC2-p043-m2x_F08.TIF",1.0453514739229,"48h",10,"15hHB101","DMSO",1,"IVERMECTIN",0.0018,NA,NA,"PB420","2_M",NA,NA,NA,"/vast/eande106/projects/Amanda/projects/cellprofiler-nf/projects/20250424_Cbriggsae_DRC2_IVM/Analysis-20250506/processed_images/","IVERMECTIN_PB420",237.326348608035,206.647117994754,221.642316978647,227.163399714932,233.705695803945,16.1315790168101,245.55204822075,260.474184570357,268.759265890871,0.0679721367282856,20,"CbDRC2_2_M",-17.6670713279448,251.372767131889,7.55331557529098,33.2797914539941,4.57416319600912e-74,72.6719520184893,-90.339023346434
"CbDRC2_p043_F09","CbDRC2_2_M_PB420_0.0037","CbDRC2","p043","F09",20250424,"p043_F09","m2x","20250424-CbDRC2-p043-m2x_F09.TIF",1.12130177514793,"48h",10,"15hHB101","DMSO",1,"IVERMECTIN",0.0037,NA,NA,"PB420","2_M",NA,NA,NA,"/vast/eande106/projects/Amanda/projects/cellprofiler-nf/projects/20250424_Cbriggsae_DRC2_IVM/Analysis-20250506/processed_images/","IVERMECTIN_PB420",215.023073953782,195.829713786989,202.80825909163,208.576522784366,211.071037153201,13.939076217502,216.625175470095,230.762325282057,250.127285049318,0.0648259554716349,13,"CbDRC2_2_M",-40.3017299786886,251.372767131889,7.55331557529098,33.2797914539941,4.57416319600912e-74,72.6719520184893,-112.973681997178
"CbDRC2_p043_F10","CbDRC2_2_M_PB420_0.0075","CbDRC2","p043","F10",20250424,"p043_F10","m2x","20250424-CbDRC2-p043-m2x_F10.TIF",1.12034383954155,"48h",10,"15hHB101","DMSO",1,"IVERMECTIN",0.0075,NA,NA,"PB420","2_M",NA,NA,NA,"/vast/eande106/projects/Amanda/projects/cellprofiler-nf/projects/20250424_Cbriggsae_DRC2_IVM/Analysis-20250506/processed_images/","IVERMECTIN_PB420",201.710063650751,174.138108997377,191.639870680483,194.346812567586,200.487708997377,13.2676767805355,212.249735049318,213.896585049318,219.918875470095,0.0657759783542961,11,"CbDRC2_2_M",-50.8850581345125,251.372767131889,7.55331557529098,33.2797914539941,4.57416319600912e-74,72.6719520184893,-123.557010153002
"CbDRC2_p043_F11","CbDRC2_2_M_PB420_0.015","CbDRC2","p043","F11",20250424,"p043_F11","m2x","20250424-CbDRC2-p043-m2x_F11.TIF",1.23591549295775,"48h",10,"15hHB101","DMSO",1,"IVERMECTIN",0.015,NA,NA,"PB420","2_M",NA,NA,NA,"/vast/eande106/projects/Amanda/projects/cellprofiler-nf/projects/20250424_Cbriggsae_DRC2_IVM/Analysis-20250506/processed_images/","IVERMECTIN_PB420",193.910914386771,162.327604207765,171.935845165688,186.443596094868,198.889337735047,15.2508975979755,203.13648112809,207.913077618678,217.093327573977,0.0786489901623399,19,"CbDRC2_2_M",-52.4834293968421,251.372767131889,7.55331557529098,33.2797914539941,4.57416319600912e-74,72.6719520184893,-125.155381415331
"CbDRC2_p043_F12","CbDRC2_2_M_PB420_0.03","CbDRC2","p043","F12",20250424,"p043_F12","m2x","20250424-CbDRC2-p043-m2x_F12.TIF",1.15686274509804,"48h",10,"15hHB101","DMSO",1,"IVERMECTIN",0.03,NA,NA,"PB420","2_M",NA,NA,NA,"/vast/eande106/projects/Amanda/projects/cellprofiler-nf/projects/20250424_Cbriggsae_DRC2_IVM/Analysis-20250506/processed_images/","IVERMECTIN_PB420",175.909615512127,151.978352103883,159.76453055063,165.469986537644,175.219849418153,14.34479730588,187.771020825945,193.900308997377,199.123413786989,0.0815464081603379,16,"CbDRC2_2_M",-76.152917713736,251.372767131889,7.55331557529098,33.2797914539941,4.57416319600912e-74,72.6719520184893,-148.824869732225
"CbDRC2_p044_A01","CbDRC2_3_A_PB420_0","CbDRC2","p044","A01",20250424,"p044_A01","m2x","20250424-CbDRC2-p044-m2x_A01.TIF",0.229911572472126,"48h",10,"15hHB101","DMSO",1,"IVERMECTIN",0,NA,NA,"PB420","3_A",NA,NA,NA,"/vast/eande106/projects/Amanda/projects/cellprofiler-nf/projects/20250424_Cbriggsae_DRC2_IVM/Analysis-20250506/processed_images/","IVERMECTIN_PB420",309.831157410153,261.375308901484,268.23153863868,297.839143311437,306.119339421541,31.3117221571281,330.546261716816,338.266123914318,364.641792722926,0.101060598355761,10,"CbDRC2_3_A",41.5952574249141,264.524081996627,7.41961800914913,35.6519812300906,2.61774154318137e-78,51.7157282168457,-10.1204707919316
"CbDRC2_p044_A02","CbDRC2_3_A_PB420_2.9e-05","CbDRC2","p044","A02",20250424,"p044_A02","m2x","20250424-CbDRC2-p044-m2x_A02.TIF",0.0921595598349381,"48h",10,"15hHB101","DMSO",1,"IVERMECTIN",2.9e-05,NA,NA,"PB420","3_A",NA,NA,NA,"/vast/eande106/projects/Amanda/projects/cellprofiler-nf/projects/20250424_Cbriggsae_DRC2_IVM/Analysis-20250506/processed_images/","IVERMECTIN_PB420",263.864071939412,102.007742524659,161.5284185766,205.379780259706,270.922746732424,79.6124968341419,318.301884467472,357.261174888248,409.227531082497,0.301717836191137,21,"CbDRC2_3_A",6.39866473579739,264.524081996627,7.41961800914913,35.6519812300906,2.61774154318137e-78,51.7157282168457,-45.3170634810484
"CbDRC2_p044_A03","CbDRC2_3_A_PB420_5.8e-05","CbDRC2","p044","A03",20250424,"p044_A03","m2x","20250424-CbDRC2-p044-m2x_A03.TIF",0.208380097268986,"48h",10,"15hHB101","DMSO",1,"IVERMECTIN",5.8e-05,NA,NA,"PB420","3_A",NA,NA,NA,"/vast/eande106/projects/Amanda/projects/cellprofiler-nf/projects/20250424_Cbriggsae_DRC2_IVM/Analysis-20250506/processed_images/","IVERMECTIN_PB420",325.027008227667,301.793223366212,310.689562416117,321.985137007739,323.407951231113,13.587340281536,325.337356020724,342.801998240976,353.967474888248,0.041803726882963,14,"CbDRC2_3_A",58.8838692344858,264.524081996627,7.41961800914913,35.6519812300906,2.61774154318137e-78,51.7157282168457,7.16814101764005
"CbDRC2_p044_A04","CbDRC2_3_A_PB420_0.00011","CbDRC2","p044","A04",20250424,"p044_A04","m2x","20250424-CbDRC2-p044-m2x_A04.TIF",0.206378986866792,"48h",10,"15hHB101","DMSO",1,"IVERMECTIN",0.00011,NA,NA,"PB420","3_A",NA,NA,NA,"/vast/eande106/projects/Amanda/projects/cellprofiler-nf/projects/20250424_Cbriggsae_DRC2_IVM/Analysis-20250506/processed_images/","IVERMECTIN_PB420",317.277270489384,291.541251184188,300.327458982706,313.506770680483,314.1951185408,21.7892768983847,315.105141942812,337.264898836307,352.038070098636,0.0686758205678454,5,"CbDRC2_3_A",49.6710365441733,264.524081996627,7.41961800914913,35.6519812300906,2.61774154318137e-78,51.7157282168457,-2.04469167267244
"CbDRC2_p044_A05","CbDRC2_3_A_PB420_0.00023","CbDRC2","p044","A05",20250424,"p044_A05","m2x","20250424-CbDRC2-p044-m2x_A05.TIF",0.265323257766583,"48h",10,"15hHB101","DMSO",1,"IVERMECTIN",0.00023,NA,NA,"PB420","3_A",NA,NA,NA,"/vast/eande106/projects/Amanda/projects/cellprofiler-nf/projects/20250424_Cbriggsae_DRC2_IVM/Analysis-20250506/processed_images/","IVERMECTIN_PB420",269.347680006892,136.77718983893,185.110645165688,200.487708997377,315.436175470095,81.3659525141393,330.443422784366,352.472270828585,355.533207857506,0.302085217559911,9,"CbDRC2_3_A",50.9120934734679,264.524081996627,7.41961800914913,35.6519812300906,2.61774154318137e-78,51.7157282168457,-0.803634743377856
"CbDRC2_p044_A06","CbDRC2_3_A_PB420_0.00046","CbDRC2","p044","A06",20250424,"p044_A06","m2x","20250424-CbDRC2-p044-m2x_A06.TIF",0.27175498298493,"48h",10,"15hHB101","DMSO",1,"IVERMECTIN",0.00046,NA,NA,"PB420","3_A",NA,NA,NA,"/vast/eande106/projects/Amanda/projects/cellprofiler-nf/projects/20250424_Cbriggsae_DRC2_IVM/Analysis-20250506/processed_images/","IVERMECTIN_PB420",290.746767910856,256.314377838459,258.58117575143,279.364508151445,299.619784143876,22.6313261033239,305.224041942813,308.677579069045,310.116113205142,0.0778386162843354,7,"CbDRC2_3_A",35.0957021472491,264.524081996627,7.41961800914913,35.6519812300906,2.61774154318137e-78,51.7157282168457,-16.6200260695967
"CbDRC2_p044_A07","CbDRC2_3_A_PB420_0.00093","CbDRC2","p044","A07",20250424,"p044_A07","m2x","20250424-CbDRC2-p044-m2x_A07.TIF",0.95389507154213,"48h",10,"15hHB101","DMSO",1,"IVERMECTIN",0.00093,NA,NA,"PB420","3_A",NA,NA,NA,"/vast/eande106/projects/Amanda/projects/cellprofiler-nf/projects/20250424_Cbriggsae_DRC2_IVM/Analysis-20250506/processed_images/","IVERMECTIN_PB420",345.994659154046,256.246532945436,280.007988155824,337.116521257943,347.283117412907,44.5838944459344,366.767944293618,402.387346697224,426.565993464849,0.128857175295542,19,"CbDRC2_3_A",82.7590354162803,264.524081996627,7.41961800914913,35.6519812300906,2.61774154318137e-78,51.7157282168457,31.0433071994346
"CbDRC2_p044_A08","CbDRC2_3_A_PB420_0.0018","CbDRC2","p044","A08",20250424,"p044_A08","m2x","20250424-CbDRC2-p044-m2x_A08.TIF",1.01846965699208,"48h",10,"15hHB101","DMSO",1,"IVERMECTIN",0.0018,NA,NA,"PB420","3_A",NA,NA,NA,"/vast/eande106/projects/Amanda/projects/cellprofiler-nf/projects/20250424_Cbriggsae_DRC2_IVM/Analysis-20250506/processed_images/","IVERMECTIN_PB420",240.828658237462,163.788856893494,195.857137502309,215.357837735047,244.904180259707,36.0295543091471,261.93778983893,290.432297467109,304.658932363589,0.149606589900199,29,"CbDRC2_3_A",-19.6199017369203,264.524081996627,7.41961800914913,35.6519812300906,2.61774154318137e-78,51.7157282168457,-71.3356299537661
"CbDRC2_p044_A09","CbDRC2_3_A_PB420_0.0037","CbDRC2","p044","A09",20250424,"p044_A09","m2x","20250424-CbDRC2-p044-m2x_A09.TIF",1.09536082474227,"48h",10,"15hHB101","DMSO",1,"IVERMECTIN",0.0037,NA,NA,"PB420","3_A",NA,NA,NA,"/vast/eande106/projects/Amanda/projects/cellprofiler-nf/projects/20250424_Cbriggsae_DRC2_IVM/Analysis-20250506/processed_images/","IVERMECTIN_PB420",221.44858187905,192.77008983893,205.881035716317,208.005531748033,216.956208997377,17.610313824796,238.375299272692,242.643509699649,255.584465890871,0.0795232630318415,22,"CbDRC2_3_A",-47.5678729992499,264.524081996627,7.41961800914913,35.6519812300906,2.61774154318137e-78,51.7157282168457,-99.2836012160957
"CbDRC2_p044_A10","CbDRC2_3_A_PB420_0.0075","CbDRC2","p044","A10",20250424,"p044_A10","m2x","20250424-CbDRC2-p044-m2x_A10.TIF",1.14860681114551,"48h",10,"15hHB101","DMSO",1,"IVERMECTIN",0.0075,NA,NA,"PB420","3_A",NA,NA,NA,"/vast/eande106/projects/Amanda/projects/cellprofiler-nf/projects/20250424_Cbriggsae_DRC2_IVM/Analysis-20250506/processed_images/","IVERMECTIN_PB420",204.486890193935,161.625376051941,180.918449476338,190.398064090825,211.967180259706,19.4150285798298,215.393924222837,228.517262350105,237.985746732424,0.0949451016709024,28,"CbDRC2_3_A",-52.5569017369204,264.524081996627,7.41961800914913,35.6519812300906,2.61774154318137e-78,51.7157282168457,-104.272629953766
"CbDRC2_p044_A11","CbDRC2_3_A_PB420_0.015","CbDRC2","p044","A11",20250424,"p044_A11","m2x","20250424-CbDRC2-p044-m2x_A11.TIF",1.14201183431953,"48h",10,"15hHB101","DMSO",1,"IVERMECTIN",0.015,NA,NA,"PB420","3_A",NA,NA,NA,"/vast/eande106/projects/Amanda/projects/cellprofiler-nf/projects/20250424_Cbriggsae_DRC2_IVM/Analysis-20250506/processed_images/","IVERMECTIN_PB420",197.624968789911,159.033904207765,176.926728519117,188.253372023348,197.593601812959,17.7098148138324,211.192233997377,218.521476906978,226.272199418153,0.0896132453417824,22,"CbDRC2_3_A",-66.9304801836675,264.524081996627,7.41961800914913,35.6519812300906,2.61774154318137e-78,51.7157282168457,-118.646208400513
"CbDRC2_p044_A12","CbDRC2_3_A_PB420_0.03","CbDRC2","p044","A12",20250424,"p044_A12","m2x","20250424-CbDRC2-p044-m2x_A12.TIF",1.12903225806452,"48h",10,"15hHB101","DMSO",1,"IVERMECTIN",0.03,NA,NA,"PB420","3_A",NA,NA,NA,"/vast/eande106/projects/Amanda/projects/cellprofiler-nf/projects/20250424_Cbriggsae_DRC2_IVM/Analysis-20250506/processed_images/","IVERMECTIN_PB420",190.863439425621,158.799828155824,173.717560923059,179.798461073405,189.791494351734,17.0657013595508,203.757169628542,210.505238518416,218.554580259706,0.089413150108307,20,"CbDRC2_3_A",-74.7325876448931,264.524081996627,7.41961800914913,35.6519812300906,2.61774154318137e-78,51.7157282168457,-126.448315861739
"CbDRC2_p044_B01","CbDRC2_3_A_JU3237_0","CbDRC2","p044","B01",20250424,"p044_B01","m2x","20250424-CbDRC2-p044-m2x_B01.TIF",0.368953880764904,"48h",10,"15hHB101","DMSO",1,"IVERMECTIN",0,NA,NA,"JU3237","3_A",NA,NA,NA,"/vast/eande106/projects/Amanda/projects/cellprofiler-nf/projects/20250424_Cbriggsae_DRC2_IVM/Analysis-20250506/processed_images/","IVERMECTIN_JU3237",317.56542922105,259.346317994754,295.189949792798,300.180653010362,310.681222784366,31.6561498159508,337.991366360966,350.272518545383,381.181359965797,0.0996838663880999,12,"CbDRC2_3_A",37.3721704648159,273.30905231955,7.45894076742548,36.6418048944884,2.63044682985628e-80,40.3370856202998,-2.96491515548391
"CbDRC2_p044_B02","CbDRC2_3_A_JU3237_2.9e-05","CbDRC2","p044","B02",20250424,"p044_B02","m2x","20250424-CbDRC2-p044-m2x_B02.TIF",0.26963141025641,"48h",10,"15hHB101","DMSO",1,"IVERMECTIN",2.9e-05,NA,NA,"JU3237","3_A",NA,NA,NA,"/vast/eande106/projects/Amanda/projects/cellprofiler-nf/projects/20250424_Cbriggsae_DRC2_IVM/Analysis-20250506/processed_images/","IVERMECTIN_JU3237",312.274441476716,247.40030030674,263.084898437575,275.217267954681,312.94166110126,42.9618713177681,334.653346441501,373.45681584617,396.688617412907,0.137577289753864,19,"CbDRC2_3_A",39.6326087817099,273.30905231955,7.45894076742548,36.6418048944884,2.63044682985628e-80,40.3370856202998,-0.704476838589891
"CbDRC2_p044_B03","CbDRC2_3_A_JU3237_5.8e-05","CbDRC2","p044","B03",20250424,"p044_B03","m2x","20250424-CbDRC2-p044-m2x_B03.TIF",0.272638753651412,"48h",10,"15hHB101","DMSO",1,"IVERMECTIN",5.8e-05,NA,NA,"JU3237","3_A",NA,NA,NA,"/vast/eande106/projects/Amanda/projects/cellprofiler-nf/projects/20250424_Cbriggsae_DRC2_IVM/Analysis-20250506/processed_images/","IVERMECTIN_JU3237",296.915439876122,250.030327573977,257.980219045007,289.360424311237,302.495451522036,23.7725020600556,311.811441942812,318.125982900735,324.558250940189,0.0800648900911784,13,"CbDRC2_3_A",29.1863992024863,273.30905231955,7.45894076742548,36.6418048944884,2.63044682985628e-80,40.3370856202998,-11.1506864178135
"CbDRC2_p044_B04","CbDRC2_3_A_JU3237_0.00011","CbDRC2","p044","B04",20250424,"p044_B04","m2x","20250424-CbDRC2-p044-m2x_B04.TIF",0.480401093892434,"48h",10,"15hHB101","DMSO",1,"IVERMECTIN",0.00011,NA,NA,"JU3237","3_A",NA,NA,NA,"/vast/eande106/projects/Amanda/projects/cellprofiler-nf/projects/20250424_Cbriggsae_DRC2_IVM/Analysis-20250506/processed_images/","IVERMECTIN_JU3237",293.520128661707,176.472986786086,201.182693752126,251.009229062304,313.575329968783,67.1154809700546,329.054888205142,340.967887399423,411.227712623295,0.228657166634755,12,"CbDRC2_3_A",40.2662776492336,273.30905231955,7.45894076742548,36.6418048944884,2.63044682985628e-80,40.3370856202998,-0.0708079710662091
"CbDRC2_p044_B05","CbDRC2_3_A_JU3237_0.00023","CbDRC2","p044","B05",20250424,"p044_B05","m2x","20250424-CbDRC2-p044-m2x_B05.TIF",0.111009593421654,"48h",10,"15hHB101","DMSO",1,"IVERMECTIN",0.00023,NA,NA,"JU3237","3_A",NA,NA,NA,"/vast/eande106/projects/Amanda/projects/cellprofiler-nf/projects/20250424_Cbriggsae_DRC2_IVM/Analysis-20250506/processed_images/","IVERMECTIN_JU3237",285.24665648811,129.32792510298,192.452801851202,233.317711246721,307.952632363589,75.625347584914,334.53630841553,346.656791710074,422.570065309025,0.265122643385186,18,"CbDRC2_3_A",34.6435800440394,273.30905231955,7.45894076742548,36.6418048944884,2.63044682985628e-80,40.3370856202998,-5.69350557626038
"CbDRC2_p044_B06","CbDRC2_3_A_JU3237_0.00046","CbDRC2","p044","B06",20250424,"p044_B06","m2x","20250424-CbDRC2-p044-m2x_B06.TIF",0.26707779886148,"48h",10,"15hHB101","DMSO",1,"IVERMECTIN",0.00046,NA,NA,"JU3237","3_A",NA,NA,NA,"/vast/eande106/projects/Amanda/projects/cellprofiler-nf/projects/20250424_Cbriggsae_DRC2_IVM/Analysis-20250506/processed_images/","IVERMECTIN_JU3237",293.576847407877,199.707679670985,252.750448822135,263.659054086964,304.093822784365,50.8113072532184,313.95068341553,329.686251767536,391.457667764023,0.173076684015972,10,"CbDRC2_3_A",30.7847704648158,273.30905231955,7.45894076742548,36.6418048944884,2.63044682985628e-80,40.3370856202998,-9.55231515548396
"CbDRC2_p044_B07","CbDRC2_3_A_JU3237_0.00093","CbDRC2","p044","B07",20250424,"p044_B07","m2x","20250424-CbDRC2-p044-m2x_B07.TIF",1.01383399209486,"48h",10,"15hHB101","DMSO",1,"IVERMECTIN",0.00093,NA,NA,"JU3237","3_A",NA,NA,NA,"/vast/eande106/projects/Amanda/projects/cellprofiler-nf/projects/20250424_Cbriggsae_DRC2_IVM/Analysis-20250506/processed_images/","IVERMECTIN_JU3237",328.87640338285,174.60626110126,192.616820932897,286.455194480887,368.206059833565,80.9144496979114,386.539161716816,396.853131524378,413.722226992131,0.246033004696046,22,"CbDRC2_3_A",94.8970075140151,273.30905231955,7.45894076742548,36.6418048944884,2.63044682985628e-80,40.3370856202998,54.5599218937153
"CbDRC2_p044_B08","CbDRC2_3_A_JU3237_0.0018","CbDRC2","p044","B08",20250424,"p044_B08","m2x","20250424-CbDRC2-p044-m2x_B08.TIF",1.11134903640257,"48h",10,"15hHB101","DMSO",1,"IVERMECTIN",0.0018,NA,NA,"JU3237","3_A",NA,NA,NA,"/vast/eande106/projects/Amanda/projects/cellprofiler-nf/projects/20250424_Cbriggsae_DRC2_IVM/Analysis-20250506/processed_images/","IVERMECTIN_JU3237",271.233597915082,222.41338983893,239.237020026968,252.481544875465,272.618075470095,26.2230044622798,284.331622784366,310.146863975026,324.324174888248,0.096680516956051,25,"CbDRC2_3_A",-0.690976849454911,273.30905231955,7.45894076742548,36.6418048944884,2.63044682985628e-80,40.3370856202998,-41.0280624697547
"CbDRC2_p044_B09","CbDRC2_3_A_JU3237_0.0037","CbDRC2","p044","B09",20250424,"p044_B09","m2x","20250424-CbDRC2-p044-m2x_B09.TIF",1.05489260143198,"48h",10,"15hHB101","DMSO",1,"IVERMECTIN",0.0037,NA,NA,"JU3237","3_A",NA,NA,NA,"/vast/eande106/projects/Amanda/projects/cellprofiler-nf/projects/20250424_Cbriggsae_DRC2_IVM/Analysis-20250506/processed_images/","IVERMECTIN_JU3237",231.427523965742,145.690127602208,199.451120259706,209.521144628542,236.621451522036,32.9409627852722,252.222206602571,268.384744207765,277.744222784366,0.142338137749546,19,"CbDRC2_3_A",-36.6876007975136,273.30905231955,7.45894076742548,36.6418048944884,2.63044682985628e-80,40.3370856202998,-77.0246864178134
"CbDRC2_p044_B10","CbDRC2_3_A_JU3237_0.0075","CbDRC2","p044","B10",20250424,"p044_B10","m2x","20250424-CbDRC2-p044-m2x_B10.TIF",1.18075801749271,"48h",10,"15hHB101","DMSO",1,"IVERMECTIN",0.0075,NA,NA,"JU3237","3_A",NA,NA,NA,"/vast/eande106/projects/Amanda/projects/cellprofiler-nf/projects/20250424_Cbriggsae_DRC2_IVM/Analysis-20250506/processed_images/","IVERMECTIN_JU3237",205.165977690897,166.942302350806,186.229505049318,193.676273220751,202.534151812959,17.6746065506671,221.824040890871,224.647093496065,230.930194628542,0.0861478435634961,18,"CbDRC2_3_A",-70.7749005065903,273.30905231955,7.45894076742548,36.6418048944884,2.63044682985628e-80,40.3370856202998,-111.11198612689
"CbDRC2_p044_B11","CbDRC2_3_A_JU3237_0.015","CbDRC2","p044","B11",20250424,"p044_B11","m2x","20250424-CbDRC2-p044-m2x_B11.TIF",1.05524861878453,"48h",10,"15hHB101","DMSO",1,"IVERMECTIN",0.015,NA,NA,"JU3237","3_A",NA,NA,NA,"/vast/eande106/projects/Amanda/projects/cellprofiler-nf/projects/20250424_Cbriggsae_DRC2_IVM/Analysis-20250506/processed_images/","IVERMECTIN_JU3237",192.515667218712,175.502404207765,176.017958776231,177.45222570897,197.993194628542,13.7756402099053,202.568431457109,205.342660796852,208.439404207765,0.0715559435183796,8,"CbDRC2_3_A",-75.3158576910079,273.30905231955,7.45894076742548,36.6418048944884,2.63044682985628e-80,40.3370856202998,-115.652943311308
"CbDRC2_p044_B12","CbDRC2_3_A_JU3237_0.03","CbDRC2","p044","B12",20250424,"p044_B12","m2x","20250424-CbDRC2-p044-m2x_B12.TIF",1.25423728813559,"48h",10,"15hHB101","DMSO",1,"IVERMECTIN",0.03,NA,NA,"JU3237","3_A",NA,NA,NA,"/vast/eande106/projects/Amanda/projects/cellprofiler-nf/projects/20250424_Cbriggsae_DRC2_IVM/Analysis-20250506/processed_images/","IVERMECTIN_JU3237",190.515012916195,122.715692062625,139.676976660756,185.714537735047,203.781408997377,32.2468561712569,211.402070680483,217.677828648269,224.907904207765,0.169261496391583,13,"CbDRC2_3_A",-69.5276433221727,273.30905231955,7.45894076742548,36.6418048944884,2.63044682985628e-80,40.3370856202998,-109.864728942473
"CbDRC2_p044_C04","CbDRC2_3_A_NIC1667_0.00011","CbDRC2","p044","C04",20250424,"p044_C04","m2x","20250424-CbDRC2-p044-m2x_C04.TIF",0.365992742353551,"48h",10,"15hHB101","DMSO",1,"IVERMECTIN",0.00011,NA,NA,"NIC1667","3_A",NA,NA,NA,"/vast/eande106/projects/Amanda/projects/cellprofiler-nf/projects/20250424_Cbriggsae_DRC2_IVM/Analysis-20250506/processed_images/","IVERMECTIN_NIC1667",278.390516036512,122.409491575697,203.576417275216,246.570739815414,297.934413786989,60.8993057281534,330.209346732424,338.251345309025,351.741314941909,0.218754958305283,23,"CbDRC2_3_A",20.7124615977881,277.221952189201,6.54157953790999,42.3784424820694,7.59339074031086e-88,39.0658086211356,-18.3533470233475
"CbDRC2_p044_C05","CbDRC2_3_A_NIC1667_0.00023","CbDRC2","p044","C05",20250424,"p044_C05","m2x","20250424-CbDRC2-p044-m2x_C05.TIF",0.211711711711712,"48h",10,"15hHB101","DMSO",1,"IVERMECTIN",0.00023,NA,NA,"NIC1667","3_A",NA,NA,NA,"/vast/eande106/projects/Amanda/projects/cellprofiler-nf/projects/20250424_Cbriggsae_DRC2_IVM/Analysis-20250506/processed_images/","IVERMECTIN_NIC1667",286.502555272162,207.874294628542,235.274884279434,266.080048507304,285.954789548518,39.6790421681887,316.176842088274,329.222900259706,345.450670098636,0.138494548959592,14,"CbDRC2_3_A",8.73283735931731,277.221952189201,6.54157953790999,42.3784424820694,7.59339074031086e-88,39.0658086211356,-30.3329712618183
"CbDRC2_p044_C06","CbDRC2_3_A_NIC1667_0.00046","CbDRC2","p044","C06",20250424,"p044_C06","m2x","20250424-CbDRC2-p044-m2x_C06.TIF",1.13559322033898,"48h",10,"15hHB101","DMSO",1,"IVERMECTIN",0.00046,NA,NA,"NIC1667","3_A",NA,NA,NA,"/vast/eande106/projects/Amanda/projects/cellprofiler-nf/projects/20250424_Cbriggsae_DRC2_IVM/Analysis-20250506/processed_images/","IVERMECTIN_NIC1667",273.103676667727,142.896437735047,156.476710734144,239.415659865761,290.684946732424,75.6994143751949,313.974922784366,322.491727573977,399.847619177905,0.27718196729843,11,"CbDRC2_3_A",13.4629945432237,277.221952189201,6.54157953790999,42.3784424820694,7.59339074031086e-88,39.0658086211356,-25.6028140779119
"CbDRC2_p044_C07","CbDRC2_3_A_NIC1667_0.00093","CbDRC2","p044","C07",20250424,"p044_C07","m2x","20250424-CbDRC2-p044-m2x_C07.TIF",0.974045801526718,"48h",10,"15hHB101","DMSO",1,"IVERMECTIN",0.00093,NA,NA,"NIC1667","3_A",NA,NA,NA,"/vast/eande106/projects/Amanda/projects/cellprofiler-nf/projects/20250424_Cbriggsae_DRC2_IVM/Analysis-20250506/processed_images/","IVERMECTIN_NIC1667",360.620101049135,293.744570680483,313.342222562919,345.431281242242,361.313899418153,34.1474110657185,381.047701231113,403.833094771879,426.2484592443,0.0946908144231978,27,"CbDRC2_3_A",84.0919472289529,277.221952189201,6.54157953790999,42.3784424820694,7.59339074031086e-88,39.0658086211356,45.0261386078173
"CbDRC2_p044_C08","CbDRC2_3_A_NIC1667_0.0018","CbDRC2","p044","C08",20250424,"p044_C08","m2x","20250424-CbDRC2-p044-m2x_C08.TIF",1.10189573459716,"48h",10,"15hHB101","DMSO",1,"IVERMECTIN",0.0018,NA,NA,"NIC1667","3_A",NA,NA,NA,"/vast/eande106/projects/Amanda/projects/cellprofiler-nf/projects/20250424_Cbriggsae_DRC2_IVM/Analysis-20250506/processed_images/","IVERMECTIN_NIC1667",270.662859429796,219.291086786086,252.295888985921,257.699467994754,273.768375179171,21.3943712289906,280.48622830714,292.359220447744,317.034546732424,0.0790443553063099,28,"CbDRC2_3_A",-3.45357701002913,277.221952189201,6.54157953790999,42.3784424820694,7.59339074031086e-88,39.0658086211356,-42.5193856311647
"CbDRC2_p044_C09","CbDRC2_3_A_NIC1667_0.0037","CbDRC2","p044","C09",20250424,"p044_C09","m2x","20250424-CbDRC2-p044-m2x_C09.TIF",1.09803921568627,"48h",10,"15hHB101","DMSO",1,"IVERMECTIN",0.0037,NA,NA,"NIC1667","3_A",NA,NA,NA,"/vast/eande106/projects/Amanda/projects/cellprofiler-nf/projects/20250424_Cbriggsae_DRC2_IVM/Analysis-20250506/processed_images/","IVERMECTIN_NIC1667",251.845681075032,215.026804207765,229.527393105711,242.973207487051,257.982022784366,15.4182870376812,262.306043102119,265.25891355425,281.540353258803,0.0612211691376499,27,"CbDRC2_3_A",-19.239929404835,277.221952189201,6.54157953790999,42.3784424820694,7.59339074031086e-88,39.0658086211356,-58.3057380259706
"CbDRC2_p044_C10","CbDRC2_3_A_NIC1667_0.0075","CbDRC2","p044","C10",20250424,"p044_C10","m2x","20250424-CbDRC2-p044-m2x_C10.TIF",1.07785888077859,"48h",10,"15hHB101","DMSO",1,"IVERMECTIN",0.0075,NA,NA,"NIC1667","3_A",NA,NA,NA,"/vast/eande106/projects/Amanda/projects/cellprofiler-nf/projects/20250424_Cbriggsae_DRC2_IVM/Analysis-20250506/processed_images/","IVERMECTIN_NIC1667",229.671845208231,188.346170680483,214.547292829066,221.167597628363,228.061989460183,15.5416418848835,242.268388496065,247.10879667424,255.17736031141,0.0676689033032879,28,"CbDRC2_3_A",-49.1599627290179,277.221952189201,6.54157953790999,42.3784424820694,7.59339074031086e-88,39.0658086211356,-88.2257713501535
"CbDRC2_p044_C11","CbDRC2_3_A_NIC1667_0.015","CbDRC2","p044","C11",20250424,"p044_C11","m2x","20250424-CbDRC2-p044-m2x_C11.TIF",1.11538461538462,"48h",10,"15hHB101","DMSO",1,"IVERMECTIN",0.015,NA,NA,"NIC1667","3_A",NA,NA,NA,"/vast/eande106/projects/Amanda/projects/cellprofiler-nf/projects/20250424_Cbriggsae_DRC2_IVM/Analysis-20250506/processed_images/","IVERMECTIN_NIC1667",213.531998538948,155.346491575697,186.609706369832,201.169856602571,221.049094628542,22.371556515941,230.365085049318,235.457439955299,243.208851522036,0.104769105656361,30,"CbDRC2_3_A",-56.1728575606588,277.221952189201,6.54157953790999,42.3784424820694,7.59339074031086e-88,39.0658086211356,-95.2386661817944
"CbDRC2_p044_C12","CbDRC2_3_A_NIC1667_0.03","CbDRC2","p044","C12",20250424,"p044_C12","m2x","20250424-CbDRC2-p044-m2x_C12.TIF",1.11627906976744,"48h",10,"15hHB101","DMSO",1,"IVERMECTIN",0.03,NA,NA,"NIC1667","3_A",NA,NA,NA,"/vast/eande106/projects/Amanda/projects/cellprofiler-nf/projects/20250424_Cbriggsae_DRC2_IVM/Analysis-20250506/processed_images/","IVERMECTIN_NIC1667",215.345022700471,184.48736110126,196.798432291921,205.922457313734,212.931882654512,14.5020830288781,226.506275470095,230.690438939192,245.703365890871,0.0673434790691655,34,"CbDRC2_3_A",-64.2900695346882,277.221952189201,6.54157953790999,42.3784424820694,7.59339074031086e-88,39.0658086211356,-103.355878155824
"CbDRC2_p044_D01","CbDRC2_3_A_VX34_0","CbDRC2","p044","D01",20250424,"p044_D01","m2x","20250424-CbDRC2-p044-m2x_D01.TIF",0.2882096069869,"48h",10,"15hHB101","DMSO",1,"IVERMECTIN",0,NA,NA,"VX34","3_A",NA,NA,NA,"/vast/eande106/projects/Amanda/projects/cellprofiler-nf/projects/20250424_Cbriggsae_DRC2_IVM/Analysis-20250506/processed_images/","IVERMECTIN_VX34",373.651954917947,310.097867362632,326.522345447489,351.159062574775,361.216941942812,49.8017295206706,409.258146732424,425.619912279224,436.52775597709,0.133283738691015,5,"CbDRC2_3_A",71.2722236778686,289.944718264944,9.1320560509839,31.7502122902219,1.22881238642783e-66,68.0584332547042,3.2137904231644
"CbDRC2_p044_D02","CbDRC2_3_A_VX34_2.9e-05","CbDRC2","p044","D02",20250424,"p044_D02","m2x","20250424-CbDRC2-p044-m2x_D02.TIF",0.16566158212132,"48h",10,"15hHB101","DMSO",1,"IVERMECTIN",2.9e-05,NA,NA,"VX34","3_A",NA,NA,NA,"/vast/eande106/projects/Amanda/projects/cellprofiler-nf/projects/20250424_Cbriggsae_DRC2_IVM/Analysis-20250506/processed_images/","IVERMECTIN_VX34",320.650741049573,224.907904207765,243.903526147013,288.39452680174,343.287189257083,59.8417894774679,349.075403625918,375.546057762015,414.618370098636,0.186626075715871,9,"CbDRC2_3_A",53.3424709921394,289.944718264944,9.1320560509839,31.7502122902219,1.22881238642783e-66,68.0584332547042,-14.7159622625648
"CbDRC2_p044_D04","CbDRC2_3_A_VX34_0.00011","CbDRC2","p044","D04",20250424,"p044_D04","m2x","20250424-CbDRC2-p044-m2x_D04.TIF",0.252127659574468,"48h",10,"15hHB101","DMSO",1,"IVERMECTIN",0.00011,NA,NA,"VX34","3_A",NA,NA,NA,"/vast/eande106/projects/Amanda/projects/cellprofiler-nf/projects/20250424_Cbriggsae_DRC2_IVM/Analysis-20250506/processed_images/","IVERMECTIN_VX34",337.178247542717,232.528565890871,274.436358729391,303.259490481774,350.864094447562,48.3258831763266,376.704936501269,389.447467994754,392.692689257083,0.143324439012645,16,"CbDRC2_3_A",60.9193761826177,289.944718264944,9.1320560509839,31.7502122902219,1.22881238642783e-66,68.0584332547042,-7.13905707208651
"CbDRC2_p044_D05","CbDRC2_3_A_VX34_0.00023","CbDRC2","p044","D05",20250424,"p044_D05","m2x","20250424-CbDRC2-p044-m2x_D05.TIF",0.139240506329114,"48h",10,"15hHB101","DMSO",1,"IVERMECTIN",0.00023,NA,NA,"VX34","3_A",NA,NA,NA,"/vast/eande106/projects/Amanda/projects/cellprofiler-nf/projects/20250424_Cbriggsae_DRC2_IVM/Analysis-20250506/processed_images/","IVERMECTIN_VX34",305.48829985298,131.320008997377,181.692563975027,234.018122789738,350.536656311648,101.35096871437,375.65907967786,391.328394046695,507.641155729801,0.331767104544254,17,"CbDRC2_3_A",60.5919380467039,289.944718264944,9.1320560509839,31.7502122902219,1.22881238642783e-66,68.0584332547042,-7.46649520800035
"CbDRC2_p044_D06","CbDRC2_3_A_VX34_0.00046","CbDRC2","p044","D06",20250424,"p044_D06","m2x","20250424-CbDRC2-p044-m2x_D06.TIF",0.21840490797546,"48h",10,"15hHB101","DMSO",1,"IVERMECTIN",0.00046,NA,NA,"VX34","3_A",NA,NA,NA,"/vast/eande106/projects/Amanda/projects/cellprofiler-nf/projects/20250424_Cbriggsae_DRC2_IVM/Analysis-20250506/processed_images/","IVERMECTIN_VX34",347.342611906399,239.681075470095,254.66422612361,290.919022784366,318.06780841553,85.2682327786885,421.108812623295,458.108920004121,467.580034576742,0.245487394450947,9,"CbDRC2_3_A",28.1230901505865,289.944718264944,9.1320560509839,31.7502122902219,1.22881238642783e-66,68.0584332547042,-39.9353431041177
"CbDRC2_p044_D07","CbDRC2_3_A_VX34_0.00093","CbDRC2","p044","D07",20250424,"p044_D07","m2x","20250424-CbDRC2-p044-m2x_D07.TIF",0.93732970027248,"48h",10,"15hHB101","DMSO",1,"IVERMECTIN",0.00093,NA,NA,"VX34","3_A",NA,NA,NA,"/vast/eande106/projects/Amanda/projects/cellprofiler-nf/projects/20250424_Cbriggsae_DRC2_IVM/Analysis-20250506/processed_images/","IVERMECTIN_VX34",298.058531823738,132.450228155824,170.247859592707,195.171021559108,342.039932072666,102.639549597129,380.389792994754,415.762301114743,457.969721648903,0.344360381060409,30,"CbDRC2_3_A",52.0952138077219,289.944718264944,9.1320560509839,31.7502122902219,1.22881238642783e-66,68.0584332547042,-15.9632194469823
"CbDRC2_p044_D08","CbDRC2_3_A_VX34_0.0018","CbDRC2","p044","D08",20250424,"p044_D08","m2x","20250424-CbDRC2-p044-m2x_D08.TIF",1.14723926380368,"48h",10,"15hHB101","DMSO",1,"IVERMECTIN",0.0018,NA,NA,"VX34","3_A",NA,NA,NA,"/vast/eande106/projects/Amanda/projects/cellprofiler-nf/projects/20250424_Cbriggsae_DRC2_IVM/Analysis-20250506/processed_images/","IVERMECTIN_VX34",276.721401439807,204.814670680483,236.949157994754,253.138430259706,267.160894628542,37.5967059813784,310.494057487051,320.893356311648,333.714604780839,0.135864829340121,19,"CbDRC2_3_A",-22.7838236364021,289.944718264944,9.1320560509839,31.7502122902219,1.22881238642783e-66,68.0584332547042,-90.8422568911063
"CbDRC2_p044_D09","CbDRC2_3_A_VX34_0.0037","CbDRC2","p044","D09",20250424,"p044_D09","m2x","20250424-CbDRC2-p044-m2x_D09.TIF",1.13548387096774,"48h",10,"15hHB101","DMSO",1,"IVERMECTIN",0.0037,NA,NA,"VX34","3_A",NA,NA,NA,"/vast/eande106/projects/Amanda/projects/cellprofiler-nf/projects/20250424_Cbriggsae_DRC2_IVM/Analysis-20250506/processed_images/","IVERMECTIN_VX34",232.006717154707,161.197385049318,193.210818227492,219.022732363589,235.919223366212,25.9781783973488,252.855875470095,257.400848764638,267.160894628542,0.111971664941175,29,"CbDRC2_3_A",-54.0254948987317,289.944718264944,9.1320560509839,31.7502122902219,1.22881238642783e-66,68.0584332547042,-122.083928153436
"CbDRC2_p044_D12","CbDRC2_3_A_VX34_0.03","CbDRC2","p044","D12",20250424,"p044_D12","m2x","20250424-CbDRC2-p044-m2x_D12.TIF",1.03448275862069,"48h",10,"15hHB101","DMSO",1,"IVERMECTIN",0.03,NA,NA,"VX34","3_A",NA,NA,NA,"/vast/eande106/projects/Amanda/projects/cellprofiler-nf/projects/20250424_Cbriggsae_DRC2_IVM/Analysis-20250506/processed_images/","IVERMECTIN_VX34",216.622072780303,180.628551522036,192.072566848794,205.94488983893,215.82598983893,17.7973041388755,228.532637735047,237.743766132149,252.758917994754,0.0821583133724577,33,"CbDRC2_3_A",-74.1187284260139,289.944718264944,9.1320560509839,31.7502122902219,1.22881238642783e-66,68.0584332547042,-142.177161680718
"CbDRC2_p044_E01","CbDRC2_3_A_ECA2666_0","CbDRC2","p044","E01",20250424,"p044_E01","m2x","20250424-CbDRC2-p044-m2x_E01.TIF",1.12431444241316,"48h",10,"15hHB101","DMSO",1,"IVERMECTIN",0,NA,NA,"ECA2666","3_A",NA,NA,NA,"/vast/eande106/projects/Amanda/projects/cellprofiler-nf/projects/20250424_Cbriggsae_DRC2_IVM/Analysis-20250506/processed_images/","IVERMECTIN_ECA2666",470.4115276138,239.84313239182,311.337057007627,321.870146510211,472.771614974102,172.446209843765,566.987997381691,725.162474306402,752.311259937567,0.366585850305395,11,"CbDRC2_3_A",157.353146951415,315.418468022687,11.4106754131697,27.6424012253162,3.22882775009558e-63,77.2951652609918,80.0579816904233
"CbDRC2_p044_E02","CbDRC2_3_A_ECA2666_2.9e-05","CbDRC2","p044","E02",20250424,"p044_E02","m2x","20250424-CbDRC2-p044-m2x_E02.TIF",1.18785975928833,"48h",10,"15hHB101","DMSO",1,"IVERMECTIN",2.9e-05,NA,NA,"ECA2666","3_A",NA,NA,NA,"/vast/eande106/projects/Amanda/projects/cellprofiler-nf/projects/20250424_Cbriggsae_DRC2_IVM/Analysis-20250506/processed_images/","IVERMECTIN_ECA2666",396.878581570266,241.941513786989,253.897587302815,273.97316535397,318.201985626779,177.15072992437,515.016984128796,649.023845931324,773.631670098638,0.446360015759645,18,"CbDRC2_3_A",2.78351760409187,315.418468022687,11.4106754131697,27.6424012253162,3.22882775009558e-63,77.2951652609918,-74.5116476568999
"CbDRC2_p044_E03","CbDRC2_3_A_ECA2666_5.8e-05","CbDRC2","p044","E03",20250424,"p044_E03","m2x","20250424-CbDRC2-p044-m2x_E03.TIF",0.924737816162862,"48h",10,"15hHB101","DMSO",1,"IVERMECTIN",5.8e-05,NA,NA,"ECA2666","3_A",NA,NA,NA,"/vast/eande106/projects/Amanda/projects/cellprofiler-nf/projects/20250424_Cbriggsae_DRC2_IVM/Analysis-20250506/processed_images/","IVERMECTIN_ECA2666",451.572312662662,182.578841734809,281.992963113532,310.991707808874,429.340429151828,172.95202549619,589.238830293417,663.459117006317,717.719092301157,0.382999622975979,14,"CbDRC2_3_A",113.921961129141,315.418468022687,11.4106754131697,27.6424012253162,3.22882775009558e-63,77.2951652609918,36.6267958681496
"CbDRC2_p044_E04","CbDRC2_3_A_ECA2666_0.00011","CbDRC2","p044","E04",20250424,"p044_E04","m2x","20250424-CbDRC2-p044-m2x_E04.TIF",0.22037037037037,"48h",10,"15hHB101","DMSO",1,"IVERMECTIN",0.00011,NA,NA,"ECA2666","3_A",NA,NA,NA,"/vast/eande106/projects/Amanda/projects/cellprofiler-nf/projects/20250424_Cbriggsae_DRC2_IVM/Analysis-20250506/processed_images/","IVERMECTIN_ECA2666",463.083893392857,213.288178402747,251.80685118452,317.692454968783,547.605309646644,163.692647879839,578.361258877943,599.180412948346,730.760641871087,0.353483786016652,14,"CbDRC2_3_A",232.186841623957,315.418468022687,11.4106754131697,27.6424012253162,3.22882775009558e-63,77.2951652609918,154.891676362965
"CbDRC2_p044_E05","CbDRC2_3_A_ECA2666_0.00023","CbDRC2","p044","E05",20250424,"p044_E05","m2x","20250424-CbDRC2-p044-m2x_E05.TIF",1.17190775681342,"48h",10,"15hHB101","DMSO",1,"IVERMECTIN",0.00023,NA,NA,"ECA2666","3_A",NA,NA,NA,"/vast/eande106/projects/Amanda/projects/cellprofiler-nf/projects/20250424_Cbriggsae_DRC2_IVM/Analysis-20250506/processed_images/","IVERMECTIN_ECA2666",310.601453641392,157.573931112248,181.583942046371,231.401808476877,287.456346178808,129.73841247606,358.254275470095,475.052366508155,540.078145596962,0.417700596552427,8,"CbDRC2_3_A",-27.9621218438785,315.418468022687,11.4106754131697,27.6424012253162,3.22882775009558e-63,77.2951652609918,-105.25728710487
"CbDRC2_p044_E07","CbDRC2_3_A_ECA2666_0.00093","CbDRC2","p044","E07",20250424,"p044_E07","m2x","20250424-CbDRC2-p044-m2x_E07.TIF",1.1003861003861,"48h",10,"15hHB101","DMSO",1,"IVERMECTIN",0.00093,NA,NA,"ECA2666","3_A",NA,NA,NA,"/vast/eande106/projects/Amanda/projects/cellprofiler-nf/projects/20250424_Cbriggsae_DRC2_IVM/Analysis-20250506/processed_images/","IVERMECTIN_ECA2666",355.275709583621,274.781556311648,301.59930841553,333.640165309025,359.989765309025,35.6313293940703,377.685441942812,389.398989257083,415.086522202519,0.100292050463652,21,"CbDRC2_3_A",44.5712972863379,315.418468022687,11.4106754131697,27.6424012253162,3.22882775009558e-63,77.2951652609918,-32.7238679746539
"CbDRC2_p044_E08","CbDRC2_3_A_ECA2666_0.0018","CbDRC2","p044","E08",20250424,"p044_E08","m2x","20250424-CbDRC2-p044-m2x_E08.TIF",0.982978723404255,"48h",10,"15hHB101","DMSO",1,"IVERMECTIN",0.0018,NA,NA,"ECA2666","3_A",NA,NA,NA,"/vast/eande106/projects/Amanda/projects/cellprofiler-nf/projects/20250424_Cbriggsae_DRC2_IVM/Analysis-20250506/processed_images/","IVERMECTIN_ECA2666",266.151335244532,221.942101768959,244.161505586464,251.812825467902,263.253606311648,20.4859625249675,280.579810955798,295.906526333601,310.350189257083,0.0769711055785071,28,"CbDRC2_3_A",-52.1648617110389,315.418468022687,11.4106754131697,27.6424012253162,3.22882775009558e-63,77.2951652609918,-129.460026972031
"CbDRC2_p044_E09","CbDRC2_3_A_ECA2666_0.0037","CbDRC2","p044","E09",20250424,"p044_E09","m2x","20250424-CbDRC2-p044-m2x_E09.TIF",1.12921348314607,"48h",10,"15hHB101","DMSO",1,"IVERMECTIN",0.0037,NA,NA,"ECA2666","3_A",NA,NA,NA,"/vast/eande106/projects/Amanda/projects/cellprofiler-nf/projects/20250424_Cbriggsae_DRC2_IVM/Analysis-20250506/processed_images/","IVERMECTIN_ECA2666",225.922369678634,185.617580259706,201.755046732424,211.402070680483,226.038123366212,20.5222176696071,241.142328155824,244.670104207765,257.610828155824,0.0908374752743571,21,"CbDRC2_3_A",-89.3803446564746,315.418468022687,11.4106754131697,27.6424012253162,3.22882775009558e-63,77.2951652609918,-166.675509917466
"CbDRC2_p044_E11","CbDRC2_3_A_ECA2666_0.015","CbDRC2","p044","E11",20250424,"p044_E11","m2x","20250424-CbDRC2-p044-m2x_E11.TIF",1.209375,"48h",10,"15hHB101","DMSO",1,"IVERMECTIN",0.015,NA,NA,"ECA2666","3_A",NA,NA,NA,"/vast/eande106/projects/Amanda/projects/cellprofiler-nf/projects/20250424_Cbriggsae_DRC2_IVM/Analysis-20250506/processed_images/","IVERMECTIN_ECA2666",205.310393656844,172.676856311648,190.419348155824,198.227270680483,203.781408997377,14.6665693286712,213.194356893494,221.543493901604,227.305461101259,0.0714360781616586,13,"CbDRC2_3_A",-111.63705902531,315.418468022687,11.4106754131697,27.6424012253162,3.22882775009558e-63,77.2951652609918,-188.932224286302
"CbDRC2_p044_E12","CbDRC2_3_A_ECA2666_0.03","CbDRC2","p044","E12",20250424,"p044_E12","m2x","20250424-CbDRC2-p044-m2x_E12.TIF",1.2433234421365,"48h",10,"15hHB101","DMSO",1,"IVERMECTIN",0.03,NA,NA,"ECA2666","3_A",NA,NA,NA,"/vast/eande106/projects/Amanda/projects/cellprofiler-nf/projects/20250424_Cbriggsae_DRC2_IVM/Analysis-20250506/processed_images/","IVERMECTIN_ECA2666",197.493539359852,146.989323366212,171.916453670619,183.656835917702,194.699494628542,24.1641006121702,219.402244628542,227.975560376076,228.766713786989,0.122353878969889,15,"CbDRC2_3_A",-120.718973394145,315.418468022687,11.4106754131697,27.6424012253162,3.22882775009558e-63,77.2951652609918,-198.014138655137
"CbDRC2_p044_F02","CbDRC2_3_A_ED3102_2.9e-05","CbDRC2","p044","F02",20250424,"p044_F02","m2x","20250424-CbDRC2-p044-m2x_F02.TIF",0.26144297905353,"48h",10,"15hHB101","DMSO",1,"IVERMECTIN",2.9e-05,NA,NA,"ED3102","3_A",NA,NA,NA,"/vast/eande106/projects/Amanda/projects/cellprofiler-nf/projects/20250424_Cbriggsae_DRC2_IVM/Analysis-20250506/processed_images/","IVERMECTIN_ED3102",334.568340359594,187.312908997377,218.487746361033,285.909913496065,339.034667045792,84.2235945628904,379.703486571354,438.975685658133,515.826926992131,0.25173808876347,19,"CbDRC2_3_A",62.7222885771866,276.312378468605,7.58865955144181,36.4112234309032,6.55193527240559e-80,67.546811591988,-4.82452301480142
"CbDRC2_p044_F03","CbDRC2_3_A_ED3102_5.8e-05","CbDRC2","p044","F03",20250424,"p044_F03","m2x","20250424-CbDRC2-p044-m2x_F03.TIF",0.238745980707395,"48h",10,"15hHB101","DMSO",1,"IVERMECTIN",5.8e-05,NA,NA,"ED3102","3_A",NA,NA,NA,"/vast/eande106/projects/Amanda/projects/cellprofiler-nf/projects/20250424_Cbriggsae_DRC2_IVM/Analysis-20250506/processed_images/","IVERMECTIN_ED3102",329.00647433478,264.666380259707,276.476885049318,318.729875470095,329.975270680483,39.9353130879689,339.028786862277,352.038070098636,418.61429825446,0.12138154171195,11,"CbDRC2_3_A",53.6628922118775,276.312378468605,7.58865955144181,36.4112234309032,6.55193527240559e-80,67.546811591988,-13.8839193801105
"CbDRC2_p044_F04","CbDRC2_3_A_ED3102_0.00011","CbDRC2","p044","F04",20250424,"p044_F04","m2x","20250424-CbDRC2-p044-m2x_F04.TIF",0.15791035915702,"48h",10,"15hHB101","DMSO",1,"IVERMECTIN",0.00011,NA,NA,"ED3102","3_A",NA,NA,NA,"/vast/eande106/projects/Amanda/projects/cellprofiler-nf/projects/20250424_Cbriggsae_DRC2_IVM/Analysis-20250506/processed_images/","IVERMECTIN_ED3102",315.215499199605,198.164591575697,223.458948808325,292.276822896596,326.036642811196,63.97982165454,340.234804422887,387.398285378802,429.164988117213,0.202971687042666,14,"CbDRC2_3_A",49.7242643425908,276.312378468605,7.58865955144181,36.4112234309032,6.55193527240559e-80,67.546811591988,-17.8225472493972
"CbDRC2_p044_F05","CbDRC2_3_A_ED3102_0.00023","CbDRC2","p044","F05",20250424,"p044_F05","m2x","20250424-CbDRC2-p044-m2x_F05.TIF",0.263681592039801,"48h",10,"15hHB101","DMSO",1,"IVERMECTIN",0.00023,NA,NA,"ED3102","3_A",NA,NA,NA,"/vast/eande106/projects/Amanda/projects/cellprofiler-nf/projects/20250424_Cbriggsae_DRC2_IVM/Analysis-20250506/processed_images/","IVERMECTIN_ED3102",287.369043023023,185.015221280117,223.938711282148,234.385909266831,262.171865890871,67.9962379186804,337.595932363589,370.532932363589,425.008337917568,0.236616433013743,21,"CbDRC2_3_A",-14.1405125777341,276.312378468605,7.58865955144181,36.4112234309032,6.55193527240559e-80,67.546811591988,-81.6873241697221
"CbDRC2_p044_F06","CbDRC2_3_A_ED3102_0.00046","CbDRC2","p044","F06",20250424,"p044_F06","m2x","20250424-CbDRC2-p044-m2x_F06.TIF",0.240434782608696,"48h",10,"15hHB101","DMSO",1,"IVERMECTIN",0.00046,NA,NA,"ED3102","3_A",NA,NA,NA,"/vast/eande106/projects/Amanda/projects/cellprofiler-nf/projects/20250424_Cbriggsae_DRC2_IVM/Analysis-20250506/processed_images/","IVERMECTIN_ED3102",245.16710248099,136.464792538644,180.725508997377,209.496234496561,236.833631649696,61.6816650976538,285.174453906584,329.074443910809,334.828183572085,0.251590300955801,11,"CbDRC2_3_A",-39.4787468189098,276.312378468605,7.58865955144181,36.4112234309032,6.55193527240559e-80,67.546811591988,-107.025558410898
"CbDRC2_p044_F07","CbDRC2_3_A_ED3102_0.00093","CbDRC2","p044","F07",20250424,"p044_F07","m2x","20250424-CbDRC2-p044-m2x_F07.TIF",1.00526315789474,"48h",10,"15hHB101","DMSO",1,"IVERMECTIN",0.00093,NA,NA,"ED3102","3_A",NA,NA,NA,"/vast/eande106/projects/Amanda/projects/cellprofiler-nf/projects/20250424_Cbriggsae_DRC2_IVM/Analysis-20250506/processed_images/","IVERMECTIN_ED3102",370.725606563861,315.008184467472,342.06333967786,352.466061101259,367.772483913856,24.9918326921344,388.268770098636,404.833051027836,409.064231781742,0.0674132896396768,23,"CbDRC2_3_A",91.4601054452503,276.312378468605,7.58865955144181,36.4112234309032,6.55193527240559e-80,67.546811591988,23.9132938532623
"CbDRC2_p044_F08","CbDRC2_3_A_ED3102_0.0018","CbDRC2","p044","F08",20250424,"p044_F08","m2x","20250424-CbDRC2-p044-m2x_F08.TIF",1.04365079365079,"48h",10,"15hHB101","DMSO",1,"IVERMECTIN",0.0018,NA,NA,"ED3102","3_A",NA,NA,NA,"/vast/eande106/projects/Amanda/projects/cellprofiler-nf/projects/20250424_Cbriggsae_DRC2_IVM/Analysis-20250506/processed_images/","IVERMECTIN_ED3102",270.801398293922,249.328099418153,252.6252838793,257.712883096752,270.757229968783,15.4713185708738,280.869509379617,293.361042305404,303.391594628542,0.0571316051849982,24,"CbDRC2_3_A",-5.55514849982219,276.312378468605,7.58865955144181,36.4112234309032,6.55193527240559e-80,67.546811591988,-73.1019600918102
"CbDRC2_p044_F09","CbDRC2_3_A_ED3102_0.0037","CbDRC2","p044","F09",20250424,"p044_F09","m2x","20250424-CbDRC2-p044-m2x_F09.TIF",1.08068459657702,"48h",10,"15hHB101","DMSO",1,"IVERMECTIN",0.0037,NA,NA,"ED3102","3_A",NA,NA,NA,"/vast/eande106/projects/Amanda/projects/cellprofiler-nf/projects/20250424_Cbriggsae_DRC2_IVM/Analysis-20250506/processed_images/","IVERMECTIN_ED3102",239.034448838007,193.335199418153,220.698669606191,226.974427573977,232.996717994754,22.2506100287876,251.822613786989,268.921175685233,284.054249665077,0.0930853696484006,17,"CbDRC2_3_A",-43.3156604738515,276.312378468605,7.58865955144181,36.4112234309032,6.55193527240559e-80,67.546811591988,-110.86247206584
"CbDRC2_p044_F10","CbDRC2_3_A_ED3102_0.0075","CbDRC2","p044","F10",20250424,"p044_F10","m2x","20250424-CbDRC2-p044-m2x_F10.TIF",1.00255102040816,"48h",10,"15hHB101","DMSO",1,"IVERMECTIN",0.0075,NA,NA,"ED3102","3_A",NA,NA,NA,"/vast/eande106/projects/Amanda/projects/cellprofiler-nf/projects/20250424_Cbriggsae_DRC2_IVM/Analysis-20250506/processed_images/","IVERMECTIN_ED3102",225.669097832952,193.666232945436,201.764742479958,213.803786392183,221.848280259706,19.8171409395304,239.105925615556,260.168222175551,265.636962838027,0.0878150403835962,32,"CbDRC2_3_A",-54.4640982088989,276.312378468605,7.58865955144181,36.4112234309032,6.55193527240559e-80,67.546811591988,-122.010909800887
"CbDRC2_p044_F11","CbDRC2_3_A_ED3102_0.015","CbDRC2","p044","F11",20250424,"p044_F11","m2x","20250424-CbDRC2-p044-m2x_F11.TIF",1.16,"48h",10,"15hHB101","DMSO",1,"IVERMECTIN",0.015,NA,NA,"ED3102","3_A",NA,NA,NA,"/vast/eande106/projects/Amanda/projects/cellprofiler-nf/projects/20250424_Cbriggsae_DRC2_IVM/Analysis-20250506/processed_images/","IVERMECTIN_ED3102",218.874686151465,191.1717185766,199.06925541191,204.639113641527,221.25183112809,15.5477041429386,230.753853598064,234.116165642017,248.528913786989,0.0710347295811963,18,"CbDRC2_3_A",-55.0605473405152,276.312378468605,7.58865955144181,36.4112234309032,6.55193527240559e-80,67.546811591988,-122.607358932503
"CbDRC2_p044_F12","CbDRC2_3_A_ED3102_0.03","CbDRC2","p044","F12",20250424,"p044_F12","m2x","20250424-CbDRC2-p044-m2x_F12.TIF",1.10153846153846,"48h",10,"15hHB101","DMSO",1,"IVERMECTIN",0.03,NA,NA,"ED3102","3_A",NA,NA,NA,"/vast/eande106/projects/Amanda/projects/cellprofiler-nf/projects/20250424_Cbriggsae_DRC2_IVM/Analysis-20250506/processed_images/","IVERMECTIN_ED3102",215.761085156354,177.837281996474,192.77008983893,205.496818285677,215.260880259706,16.1341445474693,228.791976007941,232.060413786989,240.012108997377,0.0747778244430757,31,"CbDRC2_3_A",-61.0514982088989,276.312378468605,7.58865955144181,36.4112234309032,6.55193527240559e-80,67.546811591988,-128.598309800887
"CbDRC2_p045_A01","CbDRC2_3_A_PB420_0","CbDRC2","p045","A01",20250424,"p045_A01","m2x","20250424-CbDRC2-p045-m2x_A01.TIF",0.15622913606623,"48h",10,"15hHB101","DMSO",1,"IVERMECTIN",0,NA,NA,"PB420","3_A",NA,NA,NA,"/vast/eande106/projects/Amanda/projects/cellprofiler-nf/projects/20250424_Cbriggsae_DRC2_IVM/Analysis-20250506/processed_images/","IVERMECTIN_PB420",327.434265083348,233.930136553605,260.846260616324,286.989436337192,339.245793001802,56.1667742887873,357.628861527379,370.552024734995,437.137915560898,0.171536031131287,12,"CbDRC2_3_A",74.7217110051753,264.524081996627,7.41961800914913,35.6519812300906,2.61774154318137e-78,51.7157282168457,23.0059827883295
"CbDRC2_p045_A02","CbDRC2_3_A_PB420_2.9e-05","CbDRC2","p045","A02",20250424,"p045_A02","m2x","20250424-CbDRC2-p045-m2x_A02.TIF",0.201780415430267,"48h",10,"15hHB101","DMSO",1,"IVERMECTIN",2.9e-05,NA,NA,"PB420","3_A",NA,NA,NA,"/vast/eande106/projects/Amanda/projects/cellprofiler-nf/projects/20250424_Cbriggsae_DRC2_IVM/Analysis-20250506/processed_images/","IVERMECTIN_PB420",262.929317883892,160.067165890871,199.195156962252,216.859251522036,271.659253258803,64.4983437204029,322.160694046695,340.32784983893,346.346813205142,0.245306777652255,9,"CbDRC2_3_A",7.1351712621765,264.524081996627,7.41961800914913,35.6519812300906,2.61774154318137e-78,51.7157282168457,-44.5805569546692
"CbDRC2_p045_A03","CbDRC2_3_A_PB420_5.8e-05","CbDRC2","p045","A03",20250424,"p045_A03","m2x","20250424-CbDRC2-p045-m2x_A03.TIF",0.236910508726328,"48h",10,"15hHB101","DMSO",1,"IVERMECTIN",5.8e-05,NA,NA,"PB420","3_A",NA,NA,NA,"/vast/eande106/projects/Amanda/projects/cellprofiler-nf/projects/20250424_Cbriggsae_DRC2_IVM/Analysis-20250506/processed_images/","IVERMECTIN_PB420",265.360750894464,108.435505944533,130.360986239979,236.414843596053,291.153098836307,82.4520429839333,333.454567994754,339.392923742288,355.799922202519,0.310716798569526,15,"CbDRC2_3_A",26.6290168396799,264.524081996627,7.41961800914913,35.6519812300906,2.61774154318137e-78,51.7157282168457,-25.0867113771658
"CbDRC2_p045_A04","CbDRC2_3_A_PB420_0.00011","CbDRC2","p045","A04",20250424,"p045_A04","m2x","20250424-CbDRC2-p045-m2x_A04.TIF",0.228691197019096,"48h",10,"15hHB101","DMSO",1,"IVERMECTIN",0.00011,NA,NA,"PB420","3_A",NA,NA,NA,"/vast/eande106/projects/Amanda/projects/cellprofiler-nf/projects/20250424_Cbriggsae_DRC2_IVM/Analysis-20250506/processed_images/","IVERMECTIN_PB420",270.712333213071,182.654913786989,216.49711214994,246.304356762719,257.085933311476,56.2455889500221,305.36791017278,335.611680143337,351.900951522036,0.20776884555811,7,"CbDRC2_3_A",-7.43814868515082,264.524081996627,7.41961800914913,35.6519812300906,2.61774154318137e-78,51.7157282168457,-59.1538769019966
"CbDRC2_p045_A05","CbDRC2_3_A_PB420_0.00023","CbDRC2","p045","A05",20250424,"p045_A05","m2x","20250424-CbDRC2-p045-m2x_A05.TIF",1.12888888888889,"48h",10,"15hHB101","DMSO",1,"IVERMECTIN",0.00023,NA,NA,"PB420","3_A",NA,NA,NA,"/vast/eande106/projects/Amanda/projects/cellprofiler-nf/projects/20250424_Cbriggsae_DRC2_IVM/Analysis-20250506/processed_images/","IVERMECTIN_PB420",285.579884724304,136.874147314271,189.346038830486,243.288789638293,295.839492233736,68.8226876834894,334.925860955798,369.028676489041,401.540527573977,0.240992770726587,22,"CbDRC2_3_A",31.3154102371089,264.524081996627,7.41961800914913,35.6519812300906,2.61774154318137e-78,51.7157282168457,-20.4003179797368
"CbDRC2_p045_A06","CbDRC2_3_A_PB420_0.00046","CbDRC2","p045","A06",20250424,"p045_A06","m2x","20250424-CbDRC2-p045-m2x_A06.TIF",0.13482719331561,"48h",10,"15hHB101","DMSO",1,"IVERMECTIN",0.00046,NA,NA,"PB420","3_A",NA,NA,NA,"/vast/eande106/projects/Amanda/projects/cellprofiler-nf/projects/20250424_Cbriggsae_DRC2_IVM/Analysis-20250506/processed_images/","IVERMECTIN_PB420",259.606525278946,131.177484707274,153.591514956258,222.274900766968,267.972694332843,69.9028114111305,309.502524888248,331.708407936569,353.402365309025,0.269264462193391,14,"CbDRC2_3_A",3.44861233621586,264.524081996627,7.41961800914913,35.6519812300906,2.61774154318137e-78,51.7157282168457,-48.2671158806299
"CbDRC2_p045_A07","CbDRC2_3_A_PB420_0.00093","CbDRC2","p045","A07",20250424,"p045_A07","m2x","20250424-CbDRC2-p045-m2x_A07.TIF",0.987519500780031,"48h",10,"15hHB101","DMSO",1,"IVERMECTIN",0.00093,NA,NA,"PB420","3_A",NA,NA,NA,"/vast/eande106/projects/Amanda/projects/cellprofiler-nf/projects/20250424_Cbriggsae_DRC2_IVM/Analysis-20250506/processed_images/","IVERMECTIN_PB420",284.665423389466,126.618716719641,157.943744349211,204.697632654512,343.000125119076,88.2387554506355,356.300977158765,367.721683579326,377.984617441138,0.309973562647653,24,"CbDRC2_3_A",78.4760431224487,264.524081996627,7.41961800914913,35.6519812300906,2.61774154318137e-78,51.7157282168457,26.7603149056029
"CbDRC2_p045_A08","CbDRC2_3_A_PB420_0.0018","CbDRC2","p045","A08",20250424,"p045_A08","m2x","20250424-CbDRC2-p045-m2x_A08.TIF",1.03118503118503,"48h",10,"15hHB101","DMSO",1,"IVERMECTIN",0.0018,NA,NA,"PB420","3_A",NA,NA,NA,"/vast/eande106/projects/Amanda/projects/cellprofiler-nf/projects/20250424_Cbriggsae_DRC2_IVM/Analysis-20250506/processed_images/","IVERMECTIN_PB420",246.454089477021,213.000441942813,221.716684111612,232.614264364449,237.888789257083,21.628755550693,264.815968008869,273.830565774502,286.123908997377,0.0877597754477905,19,"CbDRC2_3_A",-26.6352927395434,264.524081996627,7.41961800914913,35.6519812300906,2.61774154318137e-78,51.7157282168457,-78.3510209563891
"CbDRC2_p045_A09","CbDRC2_3_A_PB420_0.0037","CbDRC2","p045","A09",20250424,"p045_A09","m2x","20250424-CbDRC2-p045-m2x_A09.TIF",1.15,"48h",10,"15hHB101","DMSO",1,"IVERMECTIN",0.0037,NA,NA,"PB420","3_A",NA,NA,NA,"/vast/eande106/projects/Amanda/projects/cellprofiler-nf/projects/20250424_Cbriggsae_DRC2_IVM/Analysis-20250506/processed_images/","IVERMECTIN_PB420",224.252361157875,197.194008997377,200.29712110126,217.307323075289,225.566835296242,14.7240529777579,235.374194337618,239.483273635419,248.197880259706,0.065658407794387,19,"CbDRC2_3_A",-38.9572467003851,264.524081996627,7.41961800914913,35.6519812300906,2.61774154318137e-78,51.7157282168457,-90.6729749172309
"CbDRC2_p045_A10","CbDRC2_3_A_PB420_0.0075","CbDRC2","p045","A10",20250424,"p045_A10","m2x","20250424-CbDRC2-p045-m2x_A10.TIF",1.17150395778364,"48h",10,"15hHB101","DMSO",1,"IVERMECTIN",0.0075,NA,NA,"PB420","3_A",NA,NA,NA,"/vast/eande106/projects/Amanda/projects/cellprofiler-nf/projects/20250424_Cbriggsae_DRC2_IVM/Analysis-20250506/processed_images/","IVERMECTIN_PB420",214.609225089358,160.107348817088,182.420837735047,198.483149111461,213.896585049318,29.1746518315047,225.70708983893,248.226193252496,278.705465337255,0.135943139533527,17,"CbDRC2_3_A",-50.6274969473086,264.524081996627,7.41961800914913,35.6519812300906,2.61774154318137e-78,51.7157282168457,-102.343225164154
"CbDRC2_p045_A11","CbDRC2_3_A_PB420_0.015","CbDRC2","p045","A11",20250424,"p045_A11","m2x","20250424-CbDRC2-p045-m2x_A11.TIF",1.14741035856574,"48h",10,"15hHB101","DMSO",1,"IVERMECTIN",0.015,NA,NA,"PB420","3_A",NA,NA,NA,"/vast/eande106/projects/Amanda/projects/cellprofiler-nf/projects/20250424_Cbriggsae_DRC2_IVM/Analysis-20250506/processed_images/","IVERMECTIN_PB420",190.845866886194,153.810799418153,165.292691022081,180.725508997377,196.959932945436,16.4285052737693,203.216299418154,205.145704207765,211.701246178808,0.0860825835100009,21,"CbDRC2_3_A",-67.5641490511912,264.524081996627,7.41961800914913,35.6519812300906,2.61774154318137e-78,51.7157282168457,-119.279877268037
"CbDRC2_p045_A12","CbDRC2_3_A_PB420_0.03","CbDRC2","p045","A12",20250424,"p045_A12","m2x","20250424-CbDRC2-p045-m2x_A12.TIF",1.18390804597701,"48h",10,"15hHB101","DMSO",1,"IVERMECTIN",0.03,NA,NA,"PB420","3_A",NA,NA,NA,"/vast/eande106/projects/Amanda/projects/cellprofiler-nf/projects/20250424_Cbriggsae_DRC2_IVM/Analysis-20250506/processed_images/","IVERMECTIN_PB420",190.573740349338,159.83308983893,166.751523366212,178.796104207765,188.112094628542,16.6688670749915,201.798651490497,211.967180259706,221.848280259706,0.087466757195593,21,"CbDRC2_3_A",-76.4119873680851,264.524081996627,7.41961800914913,35.6519812300906,2.61774154318137e-78,51.7157282168457,-128.127715584931
"CbDRC2_p045_B01","CbDRC2_3_A_JU3237_0","CbDRC2","p045","B01",20250424,"p045_B01","m2x","20250424-CbDRC2-p045-m2x_B01.TIF",0.211256117455139,"48h",10,"15hHB101","DMSO",1,"IVERMECTIN",0,NA,NA,"JU3237","3_A",NA,NA,NA,"/vast/eande106/projects/Amanda/projects/cellprofiler-nf/projects/20250424_Cbriggsae_DRC2_IVM/Analysis-20250506/processed_images/","IVERMECTIN_JU3237",318.603165388258,269.484256639497,274.295779700796,296.598210735591,319.620626717609,31.9749726134968,332.504064693468,356.883326150578,374.859894046695,0.100359871109665,12,"CbDRC2_3_A",46.3115743980591,273.30905231955,7.45894076742548,36.6418048944884,2.63044682985628e-80,40.3370856202998,5.97448877775927
"CbDRC2_p045_B03","CbDRC2_3_A_JU3237_5.8e-05","CbDRC2","p045","B03",20250424,"p045_B03","m2x","20250424-CbDRC2-p045-m2x_B03.TIF",0.265007320644217,"48h",10,"15hHB101","DMSO",1,"IVERMECTIN",5.8e-05,NA,NA,"JU3237","3_A",NA,NA,NA,"/vast/eande106/projects/Amanda/projects/cellprofiler-nf/projects/20250424_Cbriggsae_DRC2_IVM/Analysis-20250506/processed_images/","IVERMECTIN_JU3237",329.413038792537,269.090299418153,301.547788039455,307.290565309025,333.057590869954,32.7325146707698,338.492075470095,376.711732856034,385.611689797132,0.0993661780685757,13,"CbDRC2_3_A",59.7485385504042,273.30905231955,7.45894076742548,36.6418048944884,2.63044682985628e-80,40.3370856202998,19.4114529301045
"CbDRC2_p045_B04","CbDRC2_3_A_JU3237_0.00011","CbDRC2","p045","B04",20250424,"p045_B04","m2x","20250424-CbDRC2-p045-m2x_B04.TIF",0.234710743801653,"48h",10,"15hHB101","DMSO",1,"IVERMECTIN",0.00011,NA,NA,"JU3237","3_A",NA,NA,NA,"/vast/eande106/projects/Amanda/projects/cellprofiler-nf/projects/20250424_Cbriggsae_DRC2_IVM/Analysis-20250506/processed_images/","IVERMECTIN_JU3237",319.855721309989,259.709956736005,281.593792307525,304.638851812959,316.166801812959,31.0293611828725,343.935057218127,351.868537224869,374.060092360717,0.0970104929053319,18,"CbDRC2_3_A",42.8577494934097,273.30905231955,7.45894076742548,36.6418048944884,2.63044682985628e-80,40.3370856202998,2.5206638731099
"CbDRC2_p045_B05","CbDRC2_3_A_JU3237_0.00023","CbDRC2","p045","B05",20250424,"p045_B05","m2x","20250424-CbDRC2-p045-m2x_B05.TIF",0.283051582141309,"48h",10,"15hHB101","DMSO",1,"IVERMECTIN",0.00023,NA,NA,"JU3237","3_A",NA,NA,NA,"/vast/eande106/projects/Amanda/projects/cellprofiler-nf/projects/20250424_Cbriggsae_DRC2_IVM/Analysis-20250506/processed_images/","IVERMECTIN_JU3237",315.083706558814,245.139945273673,267.711281704516,295.68401574541,316.330750593556,36.0796966428283,340.075463647382,360.935291960116,363.985693464848,0.11450829062814,16,"CbDRC2_3_A",43.0216982740067,273.30905231955,7.45894076742548,36.6418048944884,2.63044682985628e-80,40.3370856202998,2.68461265370693
"CbDRC2_p045_B06","CbDRC2_3_A_JU3237_0.00046","CbDRC2","p045","B06",20250424,"p045_B06","m2x","20250424-CbDRC2-p045-m2x_B06.TIF",0.140350877192982,"48h",10,"15hHB101","DMSO",1,"IVERMECTIN",0.00046,NA,NA,"JU3237","3_A",NA,NA,NA,"/vast/eande106/projects/Amanda/projects/cellprofiler-nf/projects/20250424_Cbriggsae_DRC2_IVM/Analysis-20250506/processed_images/","IVERMECTIN_JU3237",236.632519619726,132.450228155824,133.913544517767,160.001793745165,264.702152129507,73.1867609666206,279.639347929827,315.694348182792,331.170589285314,0.309284459651757,12,"CbDRC2_3_A",-8.60690019004239,273.30905231955,7.45894076742548,36.6418048944884,2.63044682985628e-80,40.3370856202998,-48.9439858103422
"CbDRC2_p045_B07","CbDRC2_3_A_JU3237_0.00093","CbDRC2","p045","B07",20250424,"p045_B07","m2x","20250424-CbDRC2-p045-m2x_B07.TIF",1.01294964028777,"48h",10,"15hHB101","DMSO",1,"IVERMECTIN",0.00093,NA,NA,"JU3237","3_A",NA,NA,NA,"/vast/eande106/projects/Amanda/projects/cellprofiler-nf/projects/20250424_Cbriggsae_DRC2_IVM/Analysis-20250506/processed_images/","IVERMECTIN_JU3237",372.501635509067,332.20385096842,356.207832654512,360.681953189534,377.422967703831,17.98354091067,384.424159612933,391.034479982267,394.856170098636,0.0482777502066357,12,"CbDRC2_3_A",104.113915384281,273.30905231955,7.45894076742548,36.6418048944884,2.63044682985628e-80,40.3370856202998,63.7768297639811
"CbDRC2_p045_B09","CbDRC2_3_A_JU3237_0.0037","CbDRC2","p045","B09",20250424,"p045_B09","m2x","20250424-CbDRC2-p045-m2x_B09.TIF",1.03883495145631,"48h",10,"15hHB101","DMSO",1,"IVERMECTIN",0.0037,NA,NA,"JU3237","3_A",NA,NA,NA,"/vast/eande106/projects/Amanda/projects/cellprofiler-nf/projects/20250424_Cbriggsae_DRC2_IVM/Analysis-20250506/processed_images/","IVERMECTIN_JU3237",231.165514257152,205.048746732424,208.725975107503,218.520646462674,232.24601110126,15.638948323706,243.824515607006,247.616706239979,259.209199418153,0.0676526010982285,22,"CbDRC2_3_A",-41.0630412182901,273.30905231955,7.45894076742548,36.6418048944884,2.63044682985628e-80,40.3370856202998,-81.4001268385899
"CbDRC2_p045_B10","CbDRC2_3_A_JU3237_0.0075","CbDRC2","p045","B10",20250424,"p045_B10","m2x","20250424-CbDRC2-p045-m2x_B10.TIF",1.15406162464986,"48h",10,"15hHB101","DMSO",1,"IVERMECTIN",0.0075,NA,NA,"JU3237","3_A",NA,NA,NA,"/vast/eande106/projects/Amanda/projects/cellprofiler-nf/projects/20250424_Cbriggsae_DRC2_IVM/Analysis-20250506/processed_images/","IVERMECTIN_JU3237",196.094035347262,113.487213786989,115.268240998237,170.152566963985,211.733104207765,44.0787641893409,229.624418431139,237.985746732424,250.692394628542,0.224783809009193,26,"CbDRC2_3_A",-61.5759481117845,273.30905231955,7.45894076742548,36.6418048944884,2.63044682985628e-80,40.3370856202998,-101.913033732084
"CbDRC2_p045_B11","CbDRC2_3_A_JU3237_0.015","CbDRC2","p045","B11",20250424,"p045_B11","m2x","20250424-CbDRC2-p045-m2x_B11.TIF",0.555555555555556,"48h",10,"15hHB101","DMSO",1,"IVERMECTIN",0.015,NA,NA,"JU3237","3_A",NA,NA,NA,"/vast/eande106/projects/Amanda/projects/cellprofiler-nf/projects/20250424_Cbriggsae_DRC2_IVM/Analysis-20250506/processed_images/","IVERMECTIN_JU3237",183.305066086702,113.253137735047,132.703695702833,163.090780273822,192.204980259706,35.0007881466289,208.838997023348,219.026059418153,222.978499418153,0.190942830407501,15,"CbDRC2_3_A",-81.1040720598432,273.30905231955,7.45894076742548,36.6418048944884,2.63044682985628e-80,40.3370856202998,-121.441157680143
"CbDRC2_p045_B12","CbDRC2_3_A_JU3237_0.03","CbDRC2","p045","B12",20250424,"p045_B12","m2x","20250424-CbDRC2-p045-m2x_B12.TIF",0.316793893129771,"48h",10,"15hHB101","DMSO",1,"IVERMECTIN",0.03,NA,NA,"JU3237","3_A",NA,NA,NA,"/vast/eande106/projects/Amanda/projects/cellprofiler-nf/projects/20250424_Cbriggsae_DRC2_IVM/Analysis-20250506/processed_images/","IVERMECTIN_JU3237",178.148067866146,110.524547314271,127.796839358104,141.377252879929,183.688175470095,38.3908007088596,202.6996685766,220.48543052423,252.142308208956,0.215499394232583,27,"CbDRC2_3_A",-89.6208768494548,273.30905231955,7.45894076742548,36.6418048944884,2.63044682985628e-80,40.3370856202998,-129.957962469755
"CbDRC2_p045_C01","CbDRC2_3_A_NIC1667_0","CbDRC2","p045","C01",20250424,"p045_C01","m2x","20250424-CbDRC2-p045-m2x_C01.TIF",0.133971291866029,"48h",10,"15hHB101","DMSO",1,"IVERMECTIN",0,NA,NA,"NIC1667","3_A",NA,NA,NA,"/vast/eande106/projects/Amanda/projects/cellprofiler-nf/projects/20250424_Cbriggsae_DRC2_IVM/Analysis-20250506/processed_images/","IVERMECTIN_NIC1667",314.391160610171,256.383651522036,278.166608066027,302.27734033536,317.833732363589,25.216509012437,331.944836571354,343.669743160441,355.074127490989,0.0802074363779716,25,"CbDRC2_3_A",40.6117801743884,277.221952189201,6.54157953790999,42.3784424820694,7.59339074031086e-88,39.0658086211356,1.54597155325286
"CbDRC2_p045_C02","CbDRC2_3_A_NIC1667_2.9e-05","CbDRC2","p045","C02",20250424,"p045_C02","m2x","20250424-CbDRC2-p045-m2x_C02.TIF",0.250219106047327,"48h",10,"15hHB101","DMSO",1,"IVERMECTIN",2.9e-05,NA,NA,"NIC1667","3_A",NA,NA,NA,"/vast/eande106/projects/Amanda/projects/cellprofiler-nf/projects/20250424_Cbriggsae_DRC2_IVM/Analysis-20250506/processed_images/","IVERMECTIN_NIC1667",320.484990604105,173.082329310745,205.749697559616,278.040976667498,316.166801812959,81.8999217311585,360.68928959787,434.844521721917,494.23227967786,0.255549945027939,22,"CbDRC2_3_A",38.9448496237588,277.221952189201,6.54157953790999,42.3784424820694,7.59339074031086e-88,39.0658086211356,-0.120958997376817
"CbDRC2_p045_C05","CbDRC2_3_A_NIC1667_0.00023","CbDRC2","p045","C05",20250424,"p045_C05","m2x","20250424-CbDRC2-p045-m2x_C05.TIF",0.282347282347282,"48h",10,"15hHB101","DMSO",1,"IVERMECTIN",0.00023,NA,NA,"NIC1667","3_A",NA,NA,NA,"/vast/eande106/projects/Amanda/projects/cellprofiler-nf/projects/20250424_Cbriggsae_DRC2_IVM/Analysis-20250506/processed_images/","IVERMECTIN_NIC1667",276.739862881929,143.804325856006,170.216620313368,235.822265890871,297.740498836307,69.0522962915108,319.432103625919,335.335494046695,372.131303625918,0.249520598776086,21,"CbDRC2_3_A",20.5185466471063,277.221952189201,6.54157953790999,42.3784424820694,7.59339074031086e-88,39.0658086211356,-18.5472619740293
"CbDRC2_p045_C06","CbDRC2_3_A_NIC1667_0.00046","CbDRC2","p045","C06",20250424,"p045_C06","m2x","20250424-CbDRC2-p045-m2x_C06.TIF",0.287663107947805,"48h",10,"15hHB101","DMSO",1,"IVERMECTIN",0.00046,NA,NA,"NIC1667","3_A",NA,NA,NA,"/vast/eande106/projects/Amanda/projects/cellprofiler-nf/projects/20250424_Cbriggsae_DRC2_IVM/Analysis-20250506/processed_images/","IVERMECTIN_NIC1667",294.382726784582,241.137324748768,247.395471553565,262.91146234903,298.120011101259,39.3182880449815,316.600674272692,322.294623252332,394.622094046695,0.133561803963291,16,"CbDRC2_3_A",20.8980589120589,277.221952189201,6.54157953790999,42.3784424820694,7.59339074031086e-88,39.0658086211356,-18.1677497090766
"CbDRC2_p045_C08","CbDRC2_3_A_NIC1667_0.0018","CbDRC2","p045","C08",20250424,"p045_C08","m2x","20250424-CbDRC2-p045-m2x_C08.TIF",1.15402843601896,"48h",10,"15hHB101","DMSO",1,"IVERMECTIN",0.0018,NA,NA,"NIC1667","3_A",NA,NA,NA,"/vast/eande106/projects/Amanda/projects/cellprofiler-nf/projects/20250424_Cbriggsae_DRC2_IVM/Analysis-20250506/processed_images/","IVERMECTIN_NIC1667",258.689084723732,188.580246732424,230.870356616055,241.38644448308,255.699935933798,32.622806857119,269.148818431139,302.476060026968,324.187056311648,0.126108169163607,20,"CbDRC2_3_A",-21.5220162554026,277.221952189201,6.54157953790999,42.3784424820694,7.59339074031086e-88,39.0658086211356,-60.5878248765382
"CbDRC2_p045_C09","CbDRC2_3_A_NIC1667_0.0037","CbDRC2","p045","C09",20250424,"p045_C09","m2x","20250424-CbDRC2-p045-m2x_C09.TIF",1.13098236775819,"48h",10,"15hHB101","DMSO",1,"IVERMECTIN",0.0037,NA,NA,"NIC1667","3_A",NA,NA,NA,"/vast/eande106/projects/Amanda/projects/cellprofiler-nf/projects/20250424_Cbriggsae_DRC2_IVM/Analysis-20250506/processed_images/","IVERMECTIN_NIC1667",246.082018043747,213.234517994754,226.175241942813,236.387375470095,244.807222784366,16.5236890729447,258.313056311648,265.134532363589,275.911775470095,0.0671470804908925,21,"CbDRC2_3_A",-32.414729404835,277.221952189201,6.54157953790999,42.3784424820694,7.59339074031086e-88,39.0658086211356,-71.4805380259706
"CbDRC2_p045_C10","CbDRC2_3_A_NIC1667_0.0075","CbDRC2","p045","C10",20250424,"p045_C10","m2x","20250424-CbDRC2-p045-m2x_C10.TIF",1.09823677581864,"48h",10,"15hHB101","DMSO",1,"IVERMECTIN",0.0075,NA,NA,"NIC1667","3_A",NA,NA,NA,"/vast/eande106/projects/Amanda/projects/cellprofiler-nf/projects/20250424_Cbriggsae_DRC2_IVM/Analysis-20250506/processed_images/","IVERMECTIN_NIC1667",227.920115917508,204.483637153201,210.782113670619,216.157875724766,230.833237153201,13.2173911313589,237.730022146809,241.886666356348,251.588537735047,0.0579913320864698,23,"CbDRC2_3_A",-46.3887150359997,277.221952189201,6.54157953790999,42.3784424820694,7.59339074031086e-88,39.0658086211356,-85.4545236571353
"CbDRC2_p045_C11","CbDRC2_3_A_NIC1667_0.015","CbDRC2","p045","C11",20250424,"p045_C11","m2x","20250424-CbDRC2-p045-m2x_C11.TIF",1.10982658959538,"48h",10,"15hHB101","DMSO",1,"IVERMECTIN",0.015,NA,NA,"NIC1667","3_A",NA,NA,NA,"/vast/eande106/projects/Amanda/projects/cellprofiler-nf/projects/20250424_Cbriggsae_DRC2_IVM/Analysis-20250506/processed_images/","IVERMECTIN_NIC1667",219.231502908724,197.428085049318,204.428789722561,210.437368285677,218.223546732424,13.3748488176724,226.009725179171,237.462120004684,247.632770680483,0.0610078781571869,23,"CbDRC2_3_A",-58.9984054567762,277.221952189201,6.54157953790999,42.3784424820694,7.59339074031086e-88,39.0658086211356,-98.0642140779118
"CbDRC2_p045_C12","CbDRC2_3_A_NIC1667_0.03","CbDRC2","p045","C12",20250424,"p045_C12","m2x","20250424-CbDRC2-p045-m2x_C12.TIF",1.14647887323944,"48h",10,"15hHB101","DMSO",1,"IVERMECTIN",0.03,NA,NA,"NIC1667","3_A",NA,NA,NA,"/vast/eande106/projects/Amanda/projects/cellprofiler-nf/projects/20250424_Cbriggsae_DRC2_IVM/Analysis-20250506/processed_images/","IVERMECTIN_NIC1667",215.532770530678,185.979756191456,197.29899869297,203.216299418153,213.353277849131,16.5485597167197,226.283959785182,232.555989606191,262.111994827628,0.0767797846980501,29,"CbDRC2_3_A",-63.8686743400692,277.221952189201,6.54157953790999,42.3784424820694,7.59339074031086e-88,39.0658086211356,-102.934482961205
"CbDRC2_p045_D01","CbDRC2_3_A_VX34_0","CbDRC2","p045","D01",20250424,"p045_D01","m2x","20250424-CbDRC2-p045-m2x_D01.TIF",0.170563961485557,"48h",10,"15hHB101","DMSO",1,"IVERMECTIN",0,NA,NA,"VX34","3_A",NA,NA,NA,"/vast/eande106/projects/Amanda/projects/cellprofiler-nf/projects/20250424_Cbriggsae_DRC2_IVM/Analysis-20250506/processed_images/","IVERMECTIN_VX34",349.725232132415,255.584465890871,265.041675292266,298.801870917289,355.662803625919,64.2898667686802,392.05902038956,426.826804176548,466.983400605267,0.183829649284037,18,"CbDRC2_3_A",65.7180853609747,289.944718264944,9.1320560509839,31.7502122902219,1.22881238642783e-66,68.0584332547042,-2.3403478937295
"CbDRC2_p045_D02","CbDRC2_3_A_VX34_2.9e-05","CbDRC2","p045","D02",20250424,"p045_D02","m2x","20250424-CbDRC2-p045-m2x_D02.TIF",0.216797541823148,"48h",10,"15hHB101","DMSO",1,"IVERMECTIN",2.9e-05,NA,NA,"VX34","3_A",NA,NA,NA,"/vast/eande106/projects/Amanda/projects/cellprofiler-nf/projects/20250424_Cbriggsae_DRC2_IVM/Analysis-20250506/processed_images/","IVERMECTIN_VX34",326.33984263695,202.086080259707,232.859599418153,264.801475371011,342.253927573977,79.7910066404793,364.296646441501,422.570065309025,458.13869825446,0.24450280418026,11,"CbDRC2_3_A",52.3092093090335,289.944718264944,9.1320560509839,31.7502122902219,1.22881238642783e-66,68.0584332547042,-15.7492239456707
"CbDRC2_p045_D03","CbDRC2_3_A_VX34_5.8e-05","CbDRC2","p045","D03",20250424,"p045_D03","m2x","20250424-CbDRC2-p045-m2x_D03.TIF",0.216236162361624,"48h",10,"15hHB101","DMSO",1,"IVERMECTIN",5.8e-05,NA,NA,"VX34","3_A",NA,NA,NA,"/vast/eande106/projects/Amanda/projects/cellprofiler-nf/projects/20250424_Cbriggsae_DRC2_IVM/Analysis-20250506/processed_images/","IVERMECTIN_VX34",365.935448091705,292.945385049318,300.183533011797,317.833732363589,369.402713205142,50.7674196167274,389.730022784365,430.349150114279,456.209065183133,0.138733265338112,13,"CbDRC2_3_A",79.4579949401982,289.944718264944,9.1320560509839,31.7502122902219,1.22881238642783e-66,68.0584332547042,11.399561685494
"CbDRC2_p045_D04","CbDRC2_3_A_VX34_0.00011","CbDRC2","p045","D04",20250424,"p045_D04","m2x","20250424-CbDRC2-p045-m2x_D04.TIF",0.159500183755972,"48h",10,"15hHB101","DMSO",1,"IVERMECTIN",0.00011,NA,NA,"VX34","3_A",NA,NA,NA,"/vast/eande106/projects/Amanda/projects/cellprofiler-nf/projects/20250424_Cbriggsae_DRC2_IVM/Analysis-20250506/processed_images/","IVERMECTIN_VX34",339.489400754917,238.082704207765,247.732560703788,303.305495010038,355.89687967786,60.9468248681566,388.542168650273,400.202687199407,409.492222784365,0.179524971126138,11,"CbDRC2_3_A",65.952161412916,289.944718264944,9.1320560509839,31.7502122902219,1.22881238642783e-66,68.0584332547042,-2.10627184178819
"CbDRC2_p045_D05","CbDRC2_3_A_VX34_0.00023","CbDRC2","p045","D05",20250424,"p045_D05","m2x","20250424-CbDRC2-p045-m2x_D05.TIF",0.228432108027007,"48h",10,"15hHB101","DMSO",1,"IVERMECTIN",0.00023,NA,NA,"VX34","3_A",NA,NA,NA,"/vast/eande106/projects/Amanda/projects/cellprofiler-nf/projects/20250424_Cbriggsae_DRC2_IVM/Analysis-20250506/processed_images/","IVERMECTIN_VX34",325.934720176941,147.255077629222,255.568432671642,284.632824210897,339.737565150497,76.6457232641834,377.188891651889,399.796720098636,462.756532363589,0.235156669478399,18,"CbDRC2_3_A",49.7928468855528,289.944718264944,9.1320560509839,31.7502122902219,1.22881238642783e-66,68.0584332547042,-18.2655863691514
"CbDRC2_p045_D06","CbDRC2_3_A_VX34_0.00046","CbDRC2","p045","D06",20250424,"p045_D06","m2x","20250424-CbDRC2-p045-m2x_D06.TIF",0.633689839572192,"48h",10,"15hHB101","DMSO",1,"IVERMECTIN",0.00046,NA,NA,"VX34","3_A",NA,NA,NA,"/vast/eande106/projects/Amanda/projects/cellprofiler-nf/projects/20250424_Cbriggsae_DRC2_IVM/Analysis-20250506/processed_images/","IVERMECTIN_VX34",297.098721970847,114.617432945436,122.832343016518,233.892861101259,345.878661101259,108.9654014472,374.742856020724,399.155197684221,436.309974888248,0.366764961910177,15,"CbDRC2_3_A",55.9339428363155,289.944718264944,9.1320560509839,31.7502122902219,1.22881238642783e-66,68.0584332547042,-12.1244904183887
"CbDRC2_p045_D07","CbDRC2_3_A_VX34_0.00093","CbDRC2","p045","D07",20250424,"p045_D07","m2x","20250424-CbDRC2-p045-m2x_D07.TIF",0.370616113744076,"48h",10,"15hHB101","DMSO",1,"IVERMECTIN",0.00093,NA,NA,"VX34","3_A",NA,NA,NA,"/vast/eande106/projects/Amanda/projects/cellprofiler-nf/projects/20250424_Cbriggsae_DRC2_IVM/Analysis-20250506/processed_images/","IVERMECTIN_VX34",316.722002640536,121.204832945436,174.724270686129,255.264954742622,335.666527573977,95.646397251135,389.350510519413,427.794872290827,448.25759825446,0.301988483445178,19,"CbDRC2_3_A",45.7218093090334,289.944718264944,9.1320560509839,31.7502122902219,1.22881238642783e-66,68.0584332547042,-22.3366239456708
"CbDRC2_p045_D08","CbDRC2_3_A_VX34_0.0018","CbDRC2","p045","D08",20250424,"p045_D08","m2x","20250424-CbDRC2-p045-m2x_D08.TIF",0.961538461538462,"48h",10,"15hHB101","DMSO",1,"IVERMECTIN",0.0018,NA,NA,"VX34","3_A",NA,NA,NA,"/vast/eande106/projects/Amanda/projects/cellprofiler-nf/projects/20250424_Cbriggsae_DRC2_IVM/Analysis-20250506/processed_images/","IVERMECTIN_VX34",270.665191183045,232.762641942813,242.20301355425,257.067268536311,273.518370112752,19.3196473074651,286.192468285677,293.214603440223,294.87478983893,0.0713783963982263,20,"CbDRC2_3_A",-16.4263481521922,289.944718264944,9.1320560509839,31.7502122902219,1.22881238642783e-66,68.0584332547042,-84.4847814068964
"CbDRC2_p045_D09","CbDRC2_3_A_VX34_0.0037","CbDRC2","p045","D09",20250424,"p045_D09","m2x","20250424-CbDRC2-p045-m2x_D09.TIF",1.12640449438202,"48h",10,"15hHB101","DMSO",1,"IVERMECTIN",0.0037,NA,NA,"VX34","3_A",NA,NA,NA,"/vast/eande106/projects/Amanda/projects/cellprofiler-nf/projects/20250424_Cbriggsae_DRC2_IVM/Analysis-20250506/processed_images/","IVERMECTIN_VX34",244.458445162704,201.286894628542,220.435506311648,231.037192379197,243.84252038956,19.3985554597923,263.182357614223,269.330055107503,273.651337153201,0.0793531818746586,28,"CbDRC2_3_A",-46.1021978753842,289.944718264944,9.1320560509839,31.7502122902219,1.22881238642783e-66,68.0584332547042,-114.160631130088
"CbDRC2_p045_D10","CbDRC2_3_A_VX34_0.0075","CbDRC2","p045","D10",20250424,"p045_D10","m2x","20250424-CbDRC2-p045-m2x_D10.TIF",1.10650887573965,"48h",10,"15hHB101","DMSO",1,"IVERMECTIN",0.0075,NA,NA,"VX34","3_A",NA,NA,NA,"/vast/eande106/projects/Amanda/projects/cellprofiler-nf/projects/20250424_Cbriggsae_DRC2_IVM/Analysis-20250506/processed_images/","IVERMECTIN_VX34",216.169359429282,166.985599418153,193.477997632162,203.87342366299,214.962396455616,19.8532738191621,231.129991036333,238.933225844529,245.075577206862,0.0918412945829952,22,"CbDRC2_3_A",-74.9823218093275,289.944718264944,9.1320560509839,31.7502122902219,1.22881238642783e-66,68.0584332547042,-143.040755064032
"CbDRC2_p045_D11","CbDRC2_3_A_VX34_0.015","CbDRC2","p045","D11",20250424,"p045_D11","m2x","20250424-CbDRC2-p045-m2x_D11.TIF",1.16320474777448,"48h",10,"15hHB101","DMSO",1,"IVERMECTIN",0.015,NA,NA,"VX34","3_A",NA,NA,NA,"/vast/eande106/projects/Amanda/projects/cellprofiler-nf/projects/20250424_Cbriggsae_DRC2_IVM/Analysis-20250506/processed_images/","IVERMECTIN_VX34",201.728152791459,161.762494628542,168.349894628542,181.2906185766,203.119341942813,24.4971639686433,219.450723366212,230.980719070447,238.5075592443,0.121436515576325,21,"CbDRC2_3_A",-86.8253763221312,289.944718264944,9.1320560509839,31.7502122902219,1.22881238642783e-66,68.0584332547042,-154.883809576835
"CbDRC2_p045_D12","CbDRC2_3_A_VX34_0.03","CbDRC2","p045","D12",20250424,"p045_D12","m2x","20250424-CbDRC2-p045-m2x_D12.TIF",1.14156626506024,"48h",10,"15hHB101","DMSO",1,"IVERMECTIN",0.03,NA,NA,"VX34","3_A",NA,NA,NA,"/vast/eande106/projects/Amanda/projects/cellprofiler-nf/projects/20250424_Cbriggsae_DRC2_IVM/Analysis-20250506/processed_images/","IVERMECTIN_VX34",211.118509996462,182.323880259706,190.022939506613,201.286894628542,213.412503930957,14.6997287784544,223.261054207765,227.58081397785,233.9898185766,0.0696278539418487,22,"CbDRC2_3_A",-76.5322143339866,289.944718264944,9.1320560509839,31.7502122902219,1.22881238642783e-66,68.0584332547042,-144.590647588691
"CbDRC2_p045_E01","CbDRC2_3_A_ECA2666_0","CbDRC2","p045","E01",20250424,"p045_E01","m2x","20250424-CbDRC2-p045-m2x_E01.TIF",0.239130434782609,"48h",10,"15hHB101","DMSO",1,"IVERMECTIN",0,NA,NA,"ECA2666","3_A",NA,NA,NA,"/vast/eande106/projects/Amanda/projects/cellprofiler-nf/projects/20250424_Cbriggsae_DRC2_IVM/Analysis-20250506/processed_images/","IVERMECTIN_ECA2666",350.219261326322,256.437311930029,262.143142946366,304.531854062304,337.783095095108,70.9876009084402,406.22864361031,415.241856365488,473.23388434728,0.202694736547618,10,"CbDRC2_3_A",22.3646270724211,315.418468022687,11.4106754131697,27.6424012253162,3.22882775009558e-63,77.2951652609918,-54.9305381885707
"CbDRC2_p045_E02","CbDRC2_3_A_ECA2666_2.9e-05","CbDRC2","p045","E02",20250424,"p045_E02","m2x","20250424-CbDRC2-p045-m2x_E02.TIF",0.878116343490305,"48h",10,"15hHB101","DMSO",1,"IVERMECTIN",2.9e-05,NA,NA,"ECA2666","3_A",NA,NA,NA,"/vast/eande106/projects/Amanda/projects/cellprofiler-nf/projects/20250424_Cbriggsae_DRC2_IVM/Analysis-20250506/processed_images/","IVERMECTIN_ECA2666",387.11347211795,174.109091291007,199.591565890871,289.885761101259,334.068156311648,169.655199796139,513.828962914219,606.08096110126,679.181910152298,0.438257028017994,11,"CbDRC2_3_A",18.649688288961,315.418468022687,11.4106754131697,27.6424012253162,3.22882775009558e-63,77.2951652609918,-58.6454769720308
"CbDRC2_p045_E04","CbDRC2_3_A_ECA2666_0.00011","CbDRC2","p045","E04",20250424,"p045_E04","m2x","20250424-CbDRC2-p045-m2x_E04.TIF",1.16479238754325,"48h",10,"15hHB101","DMSO",1,"IVERMECTIN",0.00011,NA,NA,"ECA2666","3_A",NA,NA,NA,"/vast/eande106/projects/Amanda/projects/cellprofiler-nf/projects/20250424_Cbriggsae_DRC2_IVM/Analysis-20250506/processed_images/","IVERMECTIN_ECA2666",517.021069953465,129.230967627639,327.102907573977,385.871213205142,486.514660519413,192.21496423278,698.094010877758,725.936173514401,758.932938308122,0.371773947723408,13,"CbDRC2_3_A",171.096192496726,315.418468022687,11.4106754131697,27.6424012253162,3.22882775009558e-63,77.2951652609918,93.8010272357346
"CbDRC2_p045_E05","CbDRC2_3_A_ECA2666_0.00023","CbDRC2","p045","E05",20250424,"p045_E05","m2x","20250424-CbDRC2-p045-m2x_E05.TIF",0.354325699745547,"48h",10,"15hHB101","DMSO",1,"IVERMECTIN",0.00023,NA,NA,"ECA2666","3_A",NA,NA,NA,"/vast/eande106/projects/Amanda/projects/cellprofiler-nf/projects/20250424_Cbriggsae_DRC2_IVM/Analysis-20250506/processed_images/","IVERMECTIN_ECA2666",445.649924486531,265.36860841553,295.254437629611,310.033354823322,457.964002129708,128.076583446377,550.935449263605,586.238714528567,623.800163563486,0.287392808590608,14,"CbDRC2_3_A",142.545534107021,315.418468022687,11.4106754131697,27.6424012253162,3.22882775009558e-63,77.2951652609918,65.2503688460294
"CbDRC2_p045_E07","CbDRC2_3_A_ECA2666_0.00093","CbDRC2","p045","E07",20250424,"p045_E07","m2x","20250424-CbDRC2-p045-m2x_E07.TIF",1.31137724550898,"48h",10,"15hHB101","DMSO",1,"IVERMECTIN",0.00093,NA,NA,"ECA2666","3_A",NA,NA,NA,"/vast/eande106/projects/Amanda/projects/cellprofiler-nf/projects/20250424_Cbriggsae_DRC2_IVM/Analysis-20250506/processed_images/","IVERMECTIN_ECA2666",368.13854941388,291.815165890871,318.138271972248,322.03689199813,371.215079968783,45.643907456287,411.348909467472,424.263830283028,448.023522202519,0.123985677481908,22,"CbDRC2_3_A",55.7966119460964,315.418468022687,11.4106754131697,27.6424012253162,3.22882775009558e-63,77.2951652609918,-21.4985533148954
"CbDRC2_p045_E08","CbDRC2_3_A_ECA2666_0.0018","CbDRC2","p045","E08",20250424,"p045_E08","m2x","20250424-CbDRC2-p045-m2x_E08.TIF",1.20427553444181,"48h",10,"15hHB101","DMSO",1,"IVERMECTIN",0.0018,NA,NA,"ECA2666","3_A",NA,NA,NA,"/vast/eande106/projects/Amanda/projects/cellprofiler-nf/projects/20250424_Cbriggsae_DRC2_IVM/Analysis-20250506/processed_images/","IVERMECTIN_ECA2666",283.068755321615,233.51853050663,246.92388841553,263.536161101259,280.771988703467,29.7340637322222,301.930341942812,324.693991405667,329.176085049318,0.105041842920598,25,"CbDRC2_3_A",-34.6464793192193,315.418468022687,11.4106754131697,27.6424012253162,3.22882775009558e-63,77.2951652609918,-111.941644580211
"CbDRC2_p045_E09","CbDRC2_3_A_ECA2666_0.0037","CbDRC2","p045","E09",20250424,"p045_E09","m2x","20250424-CbDRC2-p045-m2x_E09.TIF",1.13874345549738,"48h",10,"15hHB101","DMSO",1,"IVERMECTIN",0.0037,NA,NA,"ECA2666","3_A",NA,NA,NA,"/vast/eande106/projects/Amanda/projects/cellprofiler-nf/projects/20250424_Cbriggsae_DRC2_IVM/Analysis-20250506/processed_images/","IVERMECTIN_ECA2666",221.169998995372,168.446852103883,194.785092829066,204.697632654512,229.666493085198,23.5833316145807,236.855527573977,244.245440259706,256.32097241725,0.106629885254348,15,"CbDRC2_3_A",-85.7519749374885,315.418468022687,11.4106754131697,27.6424012253162,3.22882775009558e-63,77.2951652609918,-163.04714019848
"CbDRC2_p045_E11","CbDRC2_3_A_ECA2666_0.015","CbDRC2","p045","E11",20250424,"p045_E11","m2x","20250424-CbDRC2-p045-m2x_E11.TIF",1.15986394557823,"48h",10,"15hHB101","DMSO",1,"IVERMECTIN",0.015,NA,NA,"ECA2666","3_A",NA,NA,NA,"/vast/eande106/projects/Amanda/projects/cellprofiler-nf/projects/20250424_Cbriggsae_DRC2_IVM/Analysis-20250506/processed_images/","IVERMECTIN_ECA2666",198.820922421735,174.7032185766,182.122907560493,194.45121948308,201.569449418153,11.7191317334653,207.743057509051,210.85801612361,211.967180259707,0.0589431514084166,14,"CbDRC2_3_A",-113.849018604533,315.418468022687,11.4106754131697,27.6424012253162,3.22882775009558e-63,77.2951652609918,-191.144183865525
"CbDRC2_p045_E12","CbDRC2_3_A_ECA2666_0.03","CbDRC2","p045","E12",20250424,"p045_E12","m2x","20250424-CbDRC2-p045-m2x_E12.TIF",0.949333333333333,"48h",10,"15hHB101","DMSO",1,"IVERMECTIN",0.03,NA,NA,"ECA2666","3_A",NA,NA,NA,"/vast/eande106/projects/Amanda/projects/cellprofiler-nf/projects/20250424_Cbriggsae_DRC2_IVM/Analysis-20250506/processed_images/","IVERMECTIN_ECA2666",202.995072574505,179.361213786989,184.997623249843,195.987266043391,201.403932654512,13.1151835605359,211.967180259707,218.166447501431,228.107067074023,0.0646083838105097,20,"CbDRC2_3_A",-114.014535368174,315.418468022687,11.4106754131697,27.6424012253162,3.22882775009558e-63,77.2951652609918,-191.309700629166
"CbDRC2_p045_F01","CbDRC2_3_A_ED3102_0","CbDRC2","p045","F01",20250424,"p045_F01","m2x","20250424-CbDRC2-p045-m2x_F01.TIF",0.262793382070027,"48h",10,"15hHB101","DMSO",1,"IVERMECTIN",0,NA,NA,"ED3102","3_A",NA,NA,NA,"/vast/eande106/projects/Amanda/projects/cellprofiler-nf/projects/20250424_Cbriggsae_DRC2_IVM/Analysis-20250506/processed_images/","IVERMECTIN_ED3102",330.575772739954,243.539885049318,260.515320143337,303.060561101259,349.193176345039,47.5950426265879,355.525685049318,381.268065425394,401.209494046695,0.143976197142639,13,"CbDRC2_3_A",72.8807978764333,276.312378468605,7.58865955144181,36.4112234309032,6.55193527240559e-80,67.546811591988,5.33398628444534
"CbDRC2_p045_F02","CbDRC2_3_A_ED3102_2.9e-05","CbDRC2","p045","F02",20250424,"p045_F02","m2x","20250424-CbDRC2-p045-m2x_F02.TIF",0.257433489827856,"48h",10,"15hHB101","DMSO",1,"IVERMECTIN",2.9e-05,NA,NA,"ED3102","3_A",NA,NA,NA,"/vast/eande106/projects/Amanda/projects/cellprofiler-nf/projects/20250424_Cbriggsae_DRC2_IVM/Analysis-20250506/processed_images/","IVERMECTIN_ED3102",323.394239373453,239.115965890871,242.203702609812,285.554640599948,348.324696732424,51.9893840046579,358.518472347981,365.834490635782,366.343089257083,0.160761626754337,10,"CbDRC2_3_A",72.0123182638189,276.312378468605,7.58865955144181,36.4112234309032,6.55193527240559e-80,67.546811591988,4.46550667183094
"CbDRC2_p045_F03","CbDRC2_3_A_ED3102_5.8e-05","CbDRC2","p045","F03",20250424,"p045_F03","m2x","20250424-CbDRC2-p045-m2x_F03.TIF",0.26394344069128,"48h",10,"15hHB101","DMSO",1,"IVERMECTIN",5.8e-05,NA,NA,"ED3102","3_A",NA,NA,NA,"/vast/eande106/projects/Amanda/projects/cellprofiler-nf/projects/20250424_Cbriggsae_DRC2_IVM/Analysis-20250506/processed_images/","IVERMECTIN_ED3102",294.381589352399,160.164123366212,193.350087312516,262.990922707695,300.372131781743,69.1481478884391,350.907850940189,364.885163625919,376.458265309025,0.234892909031968,13,"CbDRC2_3_A",24.0597533131374,276.312378468605,7.58865955144181,36.4112234309032,6.55193527240559e-80,67.546811591988,-43.4870582788506
"CbDRC2_p045_F04","CbDRC2_3_A_ED3102_0.00011","CbDRC2","p045","F04",20250424,"p045_F04","m2x","20250424-CbDRC2-p045-m2x_F04.TIF",0.25625,"48h",10,"15hHB101","DMSO",1,"IVERMECTIN",0.00011,NA,NA,"ED3102","3_A",NA,NA,NA,"/vast/eande106/projects/Amanda/projects/cellprofiler-nf/projects/20250424_Cbriggsae_DRC2_IVM/Analysis-20250506/processed_images/","IVERMECTIN_ED3102",322.110947522423,228.529501768959,264.90206554437,286.754888455776,330.776076386169,45.9854505423706,354.556823836307,368.615575904355,390.860241942812,0.142762768220318,22,"CbDRC2_3_A",54.4636979175637,276.312378468605,7.58865955144181,36.4112234309032,6.55193527240559e-80,67.546811591988,-13.0831136744243
"CbDRC2_p045_F06","CbDRC2_3_A_ED3102_0.00046","CbDRC2","p045","F06",20250424,"p045_F06","m2x","20250424-CbDRC2-p045-m2x_F06.TIF",0.155656108597285,"48h",10,"15hHB101","DMSO",1,"IVERMECTIN",0.00046,NA,NA,"ED3102","3_A",NA,NA,NA,"/vast/eande106/projects/Amanda/projects/cellprofiler-nf/projects/20250424_Cbriggsae_DRC2_IVM/Analysis-20250506/processed_images/","IVERMECTIN_ED3102",259.68712249743,182.089804207765,182.993979534523,186.747799418153,268.930662838027,65.3447819093348,289.554727573977,309.862645658133,377.919517994754,0.251628888182476,9,"CbDRC2_3_A",-7.38171563057854,276.312378468605,7.58865955144181,36.4112234309032,6.55193527240559e-80,67.546811591988,-74.9285272225665
"CbDRC2_p045_F07","CbDRC2_3_A_ED3102_0.00093","CbDRC2","p045","F07",20250424,"p045_F07","m2x","20250424-CbDRC2-p045-m2x_F07.TIF",1.01528013582343,"48h",10,"15hHB101","DMSO",1,"IVERMECTIN",0.00093,NA,NA,"ED3102","3_A",NA,NA,NA,"/vast/eande106/projects/Amanda/projects/cellprofiler-nf/projects/20250424_Cbriggsae_DRC2_IVM/Analysis-20250506/processed_images/","IVERMECTIN_ED3102",355.714839155678,294.309680259706,329.028985309025,337.127780259706,360.788950940189,24.8347805139375,368.740646150578,388.775705192655,400.975417994754,0.0698165434224931,29,"CbDRC2_3_A",84.4765724715841,276.312378468605,7.58865955144181,36.4112234309032,6.55193527240559e-80,67.546811591988,16.9297608795961
"CbDRC2_p045_F08","CbDRC2_3_A_ED3102_0.0018","CbDRC2","p045","F08",20250424,"p045_F08","m2x","20250424-CbDRC2-p045-m2x_F08.TIF",1.05084745762712,"48h",10,"15hHB101","DMSO",1,"IVERMECTIN",0.0018,NA,NA,"ED3102","3_A",NA,NA,NA,"/vast/eande106/projects/Amanda/projects/cellprofiler-nf/projects/20250424_Cbriggsae_DRC2_IVM/Analysis-20250506/processed_images/","IVERMECTIN_ED3102",260.861411237872,203.781408997377,223.430587081532,252.014206306036,261.93778983893,23.3476552119587,278.811762838027,285.133508276877,299.298708997377,0.0895021425406178,29,"CbDRC2_3_A",-14.3745886296754,276.312378468605,7.58865955144181,36.4112234309032,6.55193527240559e-80,67.546811591988,-81.9214002216634
"CbDRC2_p045_F09","CbDRC2_3_A_ED3102_0.0037","CbDRC2","p045","F09",20250424,"p045_F09","m2x","20250424-CbDRC2-p045-m2x_F09.TIF",1.25705329153605,"48h",10,"15hHB101","DMSO",1,"IVERMECTIN",0.0037,NA,NA,"ED3102","3_A",NA,NA,NA,"/vast/eande106/projects/Amanda/projects/cellprofiler-nf/projects/20250424_Cbriggsae_DRC2_IVM/Analysis-20250506/processed_images/","IVERMECTIN_ED3102",239.296898167927,207.075108997377,221.368768881008,227.919049418153,241.45084367958,15.1143120229192,249.034285626779,258.757111754775,263.867194628542,0.0631613369777687,23,"CbDRC2_3_A",-34.8615347890255,276.312378468605,7.58865955144181,36.4112234309032,6.55193527240559e-80,67.546811591988,-102.408346381014
"CbDRC2_p045_F10","CbDRC2_3_A_ED3102_0.0075","CbDRC2","p045","F10",20250424,"p045_F10","m2x","20250424-CbDRC2-p045-m2x_F10.TIF",1.09138381201044,"48h",10,"15hHB101","DMSO",1,"IVERMECTIN",0.0075,NA,NA,"ED3102","3_A",NA,NA,NA,"/vast/eande106/projects/Amanda/projects/cellprofiler-nf/projects/20250424_Cbriggsae_DRC2_IVM/Analysis-20250506/processed_images/","IVERMECTIN_ED3102",219.541032129849,195.829713786989,210.057166965163,212.132697023348,220.249908997377,9.47864992992597,226.601664962392,229.262289606191,241.610480259706,0.0431748445289251,27,"CbDRC2_3_A",-56.0624694712284,276.312378468605,7.58865955144181,36.4112234309032,6.55193527240559e-80,67.546811591988,-123.609281063216
"CbDRC2_p045_F11","CbDRC2_3_A_ED3102_0.015","CbDRC2","p045","F11",20250424,"p045_F11","m2x","20250424-CbDRC2-p045-m2x_F11.TIF",1.09604519774011,"48h",10,"15hHB101","DMSO",1,"IVERMECTIN",0.015,NA,NA,"ED3102","3_A",NA,NA,NA,"/vast/eande106/projects/Amanda/projects/cellprofiler-nf/projects/20250424_Cbriggsae_DRC2_IVM/Analysis-20250506/processed_images/","IVERMECTIN_ED3102",219.01790684799,191.07476110126,203.789441217629,209.906538350604,216.993428733284,15.0328876662504,226.954347023348,240.551373272834,247.632770680483,0.0686377104164546,18,"CbDRC2_3_A",-59.3189497353211,276.312378468605,7.58865955144181,36.4112234309032,6.55193527240559e-80,67.546811591988,-126.865761327309
"CbDRC2_p045_F12","CbDRC2_3_A_ED3102_0.03","CbDRC2","p045","F12",20250424,"p045_F12","m2x","20250424-CbDRC2-p045-m2x_F12.TIF",1.15601023017903,"48h",10,"15hHB101","DMSO",1,"IVERMECTIN",0.03,NA,NA,"ED3102","3_A",NA,NA,NA,"/vast/eande106/projects/Amanda/projects/cellprofiler-nf/projects/20250424_Cbriggsae_DRC2_IVM/Analysis-20250506/processed_images/","IVERMECTIN_ED3102",215.399514787168,180.959585049318,194.500874512172,204.3465185766,215.82598983893,17.1448753738167,227.305461101259,238.08040082537,246.833585049318,0.0795957009966211,33,"CbDRC2_3_A",-60.4863886296754,276.312378468605,7.58865955144181,36.4112234309032,6.55193527240559e-80,67.546811591988,-128.033200221663
